[sprint11-grok-gpt6-20260907 3e736fb] Accept Sprint 11 finite-participant composition and evidence
 2640 files changed, 685176 insertions(+), 38 deletions(-)
 create mode 100644 review/semantic-kernel/program-loop-20260908/WORKSTATE.json
 create mode 100644 review/semantic-kernel/program-loop-20260908/agenda-review.json
 create mode 100644 review/semantic-kernel/program-loop-20260908/agenda-review.md
 create mode 100644 review/semantic-kernel/program-loop-20260908/checkpoint-final-adjudication-r1.json
 create mode 100644 review/semantic-kernel/program-loop-20260908/historical-lean-ed94-evidence/01-build.stderr
 create mode 100644 review/semantic-kernel/program-loop-20260908/historical-lean-ed94-evidence/01-build.stdout
 create mode 100644 review/semantic-kernel/program-loop-20260908/historical-lean-ed94-evidence/01-command.json
 create mode 100644 review/semantic-kernel/program-loop-20260908/historical-lean-ed94-evidence/02-command.json
 create mode 100644 review/semantic-kernel/program-loop-20260908/historical-lean-ed94-evidence/02-probe.lean.txt
 create mode 100644 review/semantic-kernel/program-loop-20260908/historical-lean-ed94-evidence/02-probe.stderr
 create mode 100644 review/semantic-kernel/program-loop-20260908/historical-lean-ed94-evidence/02-probe.stdout
 create mode 100644 review/semantic-kernel/program-loop-20260908/historical-lean-ed94-evidence/03-command.json
 create mode 100644 review/semantic-kernel/program-loop-20260908/historical-lean-ed94-evidence/03-probe.lean.txt
 create mode 100644 review/semantic-kernel/program-loop-20260908/historical-lean-ed94-evidence/03-probe.stderr
 create mode 100644 review/semantic-kernel/program-loop-20260908/historical-lean-ed94-evidence/03-probe.stdout
 create mode 100644 review/semantic-kernel/program-loop-20260908/historical-lean-ed94-evidence/actual-inventory.json
 create mode 100644 review/semantic-kernel/program-loop-20260908/historical-lean-ed94-evidence/committed-evidence/formal/v3/m5-convex.mjs
 create mode 100644 review/semantic-kernel/program-loop-20260908/historical-lean-ed94-evidence/committed-evidence/openspec/changes/historical-claim-reconciliation/.openspec.yaml
 create mode 100644 review/semantic-kernel/program-loop-20260908/historical-lean-ed94-evidence/committed-evidence/openspec/changes/historical-claim-reconciliation/additional-occurrences.json
 create mode 100644 review/semantic-kernel/program-loop-20260908/historical-lean-ed94-evidence/committed-evidence/openspec/changes/historical-claim-reconciliation/claim-disposition-map.json
 create mode 100644 review/semantic-kernel/program-loop-20260908/historical-lean-ed94-evidence/committed-evidence/openspec/changes/historical-claim-reconciliation/control-inventory.json
 create mode 100644 review/semantic-kernel/program-loop-20260908/historical-lean-ed94-evidence/committed-evidence/openspec/changes/historical-claim-reconciliation/design.md
 create mode 100644 review/semantic-kernel/program-loop-20260908/historical-lean-ed94-evidence/committed-evidence/openspec/changes/historical-claim-reconciliation/proposal.md
 create mode 100644 review/semantic-kernel/program-loop-20260908/historical-lean-ed94-evidence/committed-evidence/openspec/changes/historical-claim-reconciliation/revision-contracts.json
 create mode 100644 review/semantic-kernel/program-loop-20260908/historical-lean-ed94-evidence/committed-evidence/openspec/changes/historical-claim-reconciliation/scenario-map.json
 create mode 100644 review/semantic-kernel/program-loop-20260908/historical-lean-ed94-evidence/committed-evidence/openspec/changes/historical-claim-reconciliation/specs/historical-bounded-evidence/spec.md
 create mode 100644 review/semantic-kernel/program-loop-20260908/historical-lean-ed94-evidence/committed-evidence/openspec/changes/historical-claim-reconciliation/specs/historical-claim-dispositions/spec.md
 create mode 100644 review/semantic-kernel/program-loop-20260908/historical-lean-ed94-evidence/committed-evidence/openspec/changes/historical-claim-reconciliation/specs/historical-concrete-bridge/spec.md
 create mode 100644 review/semantic-kernel/program-loop-20260908/historical-lean-ed94-evidence/committed-evidence/openspec/changes/historical-claim-reconciliation/specs/historical-reconciliation-acceptance/spec.md
 create mode 100644 review/semantic-kernel/program-loop-20260908/historical-lean-ed94-evidence/committed-evidence/openspec/changes/historical-claim-reconciliation/tasks.md
 create mode 100644 review/semantic-kernel/program-loop-20260908/historical-lean-ed94-evidence/committed-evidence/review/semantic-kernel/claim-reconciliation/implementation/lean-bridge/REPORT.md
 create mode 100644 review/semantic-kernel/program-loop-20260908/historical-lean-ed94-evidence/committed-evidence/review/semantic-kernel/claim-reconciliation/implementation/lean-bridge/algorithm-correspondence.md
 create mode 100644 review/semantic-kernel/program-loop-20260908/historical-lean-ed94-evidence/committed-evidence/review/semantic-kernel/claim-reconciliation/implementation/lean-bridge/artifact-manifest.json
 create mode 100644 review/semantic-kernel/program-loop-20260908/historical-lean-ed94-evidence/committed-evidence/review/semantic-kernel/claim-reconciliation/implementation/lean-bridge/audit-build-r1.log
 create mode 100644 review/semantic-kernel/program-loop-20260908/historical-lean-ed94-evidence/committed-evidence/review/semantic-kernel/claim-reconciliation/implementation/lean-bridge/audit-build-r2.log
 create mode 100644 review/semantic-kernel/program-loop-20260908/historical-lean-ed94-evidence/committed-evidence/review/semantic-kernel/claim-reconciliation/implementation/lean-bridge/counterexamples-build-r1.log
 create mode 100644 review/semantic-kernel/program-loop-20260908/historical-lean-ed94-evidence/committed-evidence/review/semantic-kernel/claim-reconciliation/implementation/lean-bridge/development-diagnostics.json
 create mode 100644 review/semantic-kernel/program-loop-20260908/historical-lean-ed94-evidence/committed-evidence/review/semantic-kernel/claim-reconciliation/implementation/lean-bridge/final-execution.json
 create mode 100644 review/semantic-kernel/program-loop-20260908/historical-lean-ed94-evidence/committed-evidence/review/semantic-kernel/claim-reconciliation/implementation/lean-bridge/final-lsp.json
 create mode 100644 review/semantic-kernel/program-loop-20260908/historical-lean-ed94-evidence/committed-evidence/review/semantic-kernel/claim-reconciliation/implementation/lean-bridge/final-source-after.json
 create mode 100644 review/semantic-kernel/program-loop-20260908/historical-lean-ed94-evidence/committed-evidence/review/semantic-kernel/claim-reconciliation/implementation/lean-bridge/final-source-before.json
 create mode 100644 review/semantic-kernel/program-loop-20260908/historical-lean-ed94-evidence/committed-evidence/review/semantic-kernel/claim-reconciliation/implementation/lean-bridge/instances-build-r1.log
 create mode 100644 review/semantic-kernel/program-loop-20260908/historical-lean-ed94-evidence/committed-evidence/review/semantic-kernel/claim-reconciliation/implementation/lean-bridge/instances-build-r2.log
 create mode 100644 review/semantic-kernel/program-loop-20260908/historical-lean-ed94-evidence/committed-evidence/review/semantic-kernel/claim-reconciliation/implementation/lean-bridge/instances-build-r3.log
 create mode 100644 review/semantic-kernel/program-loop-20260908/historical-lean-ed94-evidence/committed-evidence/review/semantic-kernel/claim-reconciliation/implementation/lean-bridge/proof-inventory.json
 create mode 100644 review/semantic-kernel/program-loop-20260908/historical-lean-ed94-evidence/committed-evidence/review/semantic-kernel/claim-reconciliation/implementation/lean-bridge/root-build-r1.log
 create mode 100644 review/semantic-kernel/program-loop-20260908/historical-lean-ed94-evidence/committed-evidence/review/semantic-kernel/claim-reconciliation/implementation/lean-bridge/root.stderr.log
 create mode 100644 review/semantic-kernel/program-loop-20260908/historical-lean-ed94-evidence/committed-evidence/review/semantic-kernel/claim-reconciliation/implementation/lean-bridge/root.stdout.log
 create mode 100644 review/semantic-kernel/program-loop-20260908/historical-lean-ed94-evidence/committed-evidence/review/semantic-kernel/claim-reconciliation/implementation/lean-bridge/run-final.py
 create mode 100644 review/semantic-kernel/program-loop-20260908/historical-lean-ed94-evidence/committed-evidence/review/semantic-kernel/claim-reconciliation/implementation/lean-bridge/saturation-build-r1.log
 create mode 100644 review/semantic-kernel/program-loop-20260908/historical-lean-ed94-evidence/committed-evidence/review/semantic-kernel/claim-reconciliation/implementation/lean-bridge/saturation-build-r2.log
 create mode 100644 review/semantic-kernel/program-loop-20260908/historical-lean-ed94-evidence/committed-evidence/review/semantic-kernel/claim-reconciliation/implementation/lean-bridge/source-checks.json
 create mode 100644 review/semantic-kernel/program-loop-20260908/historical-lean-ed94-evidence/committed-evidence/review/semantic-kernel/claim-reconciliation/implementation/lean-bridge/verify-build.stderr.log
 create mode 100644 review/semantic-kernel/program-loop-20260908/historical-lean-ed94-evidence/committed-evidence/review/semantic-kernel/claim-reconciliation/implementation/lean-bridge/verify-build.stdout.log
 create mode 100644 review/semantic-kernel/program-loop-20260908/historical-lean-ed94-evidence/committed-evidence/review/semantic-kernel/claim-reconciliation/implementation/lean-bridge/verify-direct.stderr.log
 create mode 100644 review/semantic-kernel/program-loop-20260908/historical-lean-ed94-evidence/committed-evidence/review/semantic-kernel/claim-reconciliation/implementation/lean-bridge/verify-direct.stdout.log
 create mode 100644 review/semantic-kernel/program-loop-20260908/historical-lean-ed94-evidence/committed-evidence/review/semantic-kernel/claim-reconciliation/implementation/planning-review-disposition-r3.md
 create mode 100644 review/semantic-kernel/program-loop-20260908/historical-lean-ed94-evidence/committed-evidence/review/semantic-kernel/claim-reconciliation/planning/official-r3/gate-status.json
 create mode 100644 review/semantic-kernel/program-loop-20260908/historical-lean-ed94-evidence/committed-evidence/review/semantic-kernel/claim-reconciliation/planning/official-r3/gpt6-review/REPORT.md
 create mode 100644 review/semantic-kernel/program-loop-20260908/historical-lean-ed94-evidence/committed-evidence/review/semantic-kernel/claim-reconciliation/planning/official-r3/gpt6-review/artifact-manifest.json
 create mode 100644 review/semantic-kernel/program-loop-20260908/historical-lean-ed94-evidence/committed-evidence/review/semantic-kernel/claim-reconciliation/planning/official-r3/manifest.json
 create mode 100644 review/semantic-kernel/program-loop-20260908/historical-lean-ed94-evidence/committed-evidence/review/semantic-kernel/claim-reconciliation/planning/official-r3/review-fable.md
 create mode 100644 review/semantic-kernel/program-loop-20260908/historical-lean-ed94-evidence/committed-inputs.json
 create mode 100644 review/semantic-kernel/program-loop-20260908/historical-lean-ed94-evidence/introspection-comparison.json
 create mode 100644 review/semantic-kernel/program-loop-20260908/historical-lean-ed94-evidence/original-evidence-verification.json
 create mode 100644 review/semantic-kernel/program-loop-20260908/historical-lean-ed94-evidence/probe-after.json
 create mode 100644 review/semantic-kernel/program-loop-20260908/historical-lean-ed94-evidence/probe-before.json
 create mode 100644 review/semantic-kernel/program-loop-20260908/historical-lean-ed94-evidence/source-scan.json
 create mode 100644 review/semantic-kernel/program-loop-20260908/historical-lean-ed94-evidence/source/lean/DefiHistorical.lean
 create mode 100644 review/semantic-kernel/program-loop-20260908/historical-lean-ed94-evidence/source/lean/DefiHistorical/Convex/Audit.lean
 create mode 100644 review/semantic-kernel/program-loop-20260908/historical-lean-ed94-evidence/source/lean/DefiHistorical/Convex/Counterexamples.lean
 create mode 100644 review/semantic-kernel/program-loop-20260908/historical-lean-ed94-evidence/source/lean/DefiHistorical/Convex/Data.lean
 create mode 100644 review/semantic-kernel/program-loop-20260908/historical-lean-ed94-evidence/source/lean/DefiHistorical/Convex/Instances.lean
 create mode 100644 review/semantic-kernel/program-loop-20260908/historical-lean-ed94-evidence/source/lean/DefiHistorical/Convex/Saturation.lean
 create mode 100644 review/semantic-kernel/program-loop-20260908/historical-lean-ed94-evidence/source/lean/DefiHistorical/Convex/Verify.lean
 create mode 100644 review/semantic-kernel/program-loop-20260908/historical-lean-ed94-evidence/source/lean/DefiKernel/AxiomAudit.lean
 create mode 100644 review/semantic-kernel/program-loop-20260908/historical-lean-ed94-evidence/source/lean/Defialgebra/ConvexGeometry.lean
 create mode 100644 review/semantic-kernel/program-loop-20260908/historical-lean-ed94-evidence/source/lean/lake-manifest.json
 create mode 100644 review/semantic-kernel/program-loop-20260908/historical-lean-ed94-evidence/source/lean/lakefile.toml
 create mode 100644 review/semantic-kernel/program-loop-20260908/historical-lean-ed94-evidence/source/lean/lean-toolchain
 create mode 100644 review/semantic-kernel/program-loop-20260908/historical-lean-ed94-gpt6-acceptance.json
 create mode 100644 review/semantic-kernel/program-loop-20260908/historical-lean-ed94-gpt6-inputs.json
 create mode 100644 review/semantic-kernel/program-loop-20260908/historical-lean-ed94-gpt6-review.md
 create mode 100644 review/semantic-kernel/sprint11/implementation/WORKSTATE.json
 create mode 100644 review/semantic-kernel/sprint11/implementation/acceptance/grok-release-r1/MANIFEST.json
 create mode 100644 review/semantic-kernel/sprint11/implementation/acceptance/grok-release-r1/README.md
 create mode 100644 review/semantic-kernel/sprint11/implementation/acceptance/grok-release-r1/REPORT.md
 create mode 100644 review/semantic-kernel/sprint11/implementation/acceptance/grok-release-r1/STATUS.json
 create mode 100644 review/semantic-kernel/sprint11/implementation/acceptance/grok-release-r1/commands/git-identity.json
 create mode 100644 review/semantic-kernel/sprint11/implementation/acceptance/grok-release-r1/commands/integrated-r2-records.json
 create mode 100644 review/semantic-kernel/sprint11/implementation/acceptance/grok-release-r1/commands/this-pass.json
 create mode 100644 review/semantic-kernel/sprint11/implementation/acceptance/grok-release-r1/coverage-extract.json
 create mode 100644 review/semantic-kernel/sprint11/implementation/acceptance/grok-release-r1/evidence-links.json
 create mode 100644 review/semantic-kernel/sprint11/implementation/acceptance/grok-release-r1/git-identity.json
 create mode 100644 review/semantic-kernel/sprint11/implementation/acceptance/grok-release-r1/identity.json
 create mode 100644 review/semantic-kernel/sprint11/implementation/acceptance/grok-release-r1/link-check.json
 create mode 100644 review/semantic-kernel/sprint11/implementation/acceptance/grok-release-r1/native-author.json
 create mode 100644 review/semantic-kernel/sprint11/implementation/acceptance/grok-release-r1/pre-closure-check-after.json
 create mode 100644 review/semantic-kernel/sprint11/implementation/acceptance/grok-release-r1/pre-closure-check-before.json
 create mode 100644 review/semantic-kernel/sprint11/implementation/acceptance/grok-release-r1/sources-after.json
 create mode 100644 review/semantic-kernel/sprint11/implementation/acceptance/grok-release-r1/sources-before.json
 create mode 100644 review/semantic-kernel/sprint11/implementation/acceptance/grok-release-r1/task-closure.json
 create mode 100644 review/semantic-kernel/sprint11/implementation/acceptance/grok-release-r1/validation/openspec-strict.json
 create mode 100644 review/semantic-kernel/sprint11/implementation/acceptance/grok-release-r1/validation/openspec-strict.stderr.log
 create mode 100644 review/semantic-kernel/sprint11/implementation/acceptance/grok-release-r1/validation/openspec-strict.stdout.log
 create mode 100644 review/semantic-kernel/sprint11/implementation/acceptance/grok-release-r1/validation/openspec-version.stderr.log
 create mode 100644 review/semantic-kernel/sprint11/implementation/acceptance/grok-release-r1/validation/openspec-version.stdout.log
 create mode 100644 review/semantic-kernel/sprint11/implementation/acceptance/pre-closure-normative.json
 create mode 100644 review/semantic-kernel/sprint11/implementation/acceptance/pre-closure-normative.tar.gz
 create mode 100644 review/semantic-kernel/sprint11/implementation/acceptance/release-closure-gpt6-evidence/check-attempt1-failure.json
 create mode 100644 review/semantic-kernel/sprint11/implementation/acceptance/release-closure-gpt6-evidence/check-attempt1.py
 create mode 100644 review/semantic-kernel/sprint11/implementation/acceptance/release-closure-gpt6-evidence/check-results.json
 create mode 100644 review/semantic-kernel/sprint11/implementation/acceptance/release-closure-gpt6-evidence/check.py
 create mode 100644 review/semantic-kernel/sprint11/implementation/acceptance/release-closure-gpt6-evidence/pre-author-roadmap-reconstructed.md
 create mode 100644 review/semantic-kernel/sprint11/implementation/acceptance/release-closure-gpt6-inputs.json
 create mode 100644 review/semantic-kernel/sprint11/implementation/acceptance/release-closure-gpt6-review.md
 create mode 100644 review/semantic-kernel/sprint11/implementation/acceptance/release-readiness-gpt6.json
 create mode 100644 review/semantic-kernel/sprint11/implementation/acceptance/workstate-before-release.json
 create mode 100644 review/semantic-kernel/sprint11/implementation/baseline/00.stderr
 create mode 100644 review/semantic-kernel/sprint11/implementation/baseline/00.stdout
 create mode 100644 review/semantic-kernel/sprint11/implementation/baseline/01.stderr
 create mode 100644 review/semantic-kernel/sprint11/implementation/baseline/01.stdout
 create mode 100644 review/semantic-kernel/sprint11/implementation/baseline/02.stderr
 create mode 100644 review/semantic-kernel/sprint11/implementation/baseline/02.stdout
 create mode 100644 review/semantic-kernel/sprint11/implementation/baseline/baseline.json
 create mode 100644 review/semantic-kernel/sprint11/implementation/baseline/interim-source-preservation.json
 create mode 100644 review/semantic-kernel/sprint11/implementation/baseline/isolated-build.json
 create mode 100644 review/semantic-kernel/sprint11/implementation/baseline/isolated-build.stderr
 create mode 100644 review/semantic-kernel/sprint11/implementation/baseline/isolated-build.stdout
 create mode 100644 review/semantic-kernel/sprint11/implementation/baseline/runs.json
 create mode 100644 review/semantic-kernel/sprint11/implementation/baseline/sources-after.json
 create mode 100644 review/semantic-kernel/sprint11/implementation/baseline/sources-before.json
 create mode 100644 review/semantic-kernel/sprint11/implementation/binary-r1/REPORT.md
 create mode 100644 review/semantic-kernel/sprint11/implementation/binary-r1/api-names.md
 create mode 100644 review/semantic-kernel/sprint11/implementation/binary-r1/build-results.json
 create mode 100644 review/semantic-kernel/sprint11/implementation/binary-r1/f03-insertion.lean
 create mode 100644 review/semantic-kernel/sprint11/implementation/binary-r1/identity.json
 create mode 100644 review/semantic-kernel/sprint11/implementation/binary-r1/identity.txt
 create mode 100644 review/semantic-kernel/sprint11/implementation/binary-r1/logs/lake-build-BinaryCorrespondence.status
 create mode 100644 review/semantic-kernel/sprint11/implementation/binary-r1/logs/lake-build-BinaryCorrespondence.stderr
 create mode 100644 review/semantic-kernel/sprint11/implementation/binary-r1/logs/lake-build-BinaryCorrespondence.stdout
 create mode 100644 review/semantic-kernel/sprint11/implementation/binary-r1/logs/lake-build-Observation.status
 create mode 100644 review/semantic-kernel/sprint11/implementation/binary-r1/logs/lake-build-Observation.stderr
 create mode 100644 review/semantic-kernel/sprint11/implementation/binary-r1/logs/lake-build-Observation.stdout
 create mode 100644 review/semantic-kernel/sprint11/implementation/binary-r1/logs/lake-env-lean-BinaryCorrespondence.status
 create mode 100644 review/semantic-kernel/sprint11/implementation/binary-r1/logs/lake-env-lean-BinaryCorrespondence.stderr
 create mode 100644 review/semantic-kernel/sprint11/implementation/binary-r1/logs/lake-env-lean-BinaryCorrespondence.stdout
 create mode 100644 review/semantic-kernel/sprint11/implementation/binary-r1/logs/lake-env-lean-Observation.status
 create mode 100644 review/semantic-kernel/sprint11/implementation/binary-r1/logs/lake-env-lean-Observation.stderr
 create mode 100644 review/semantic-kernel/sprint11/implementation/binary-r1/logs/lake-env-lean-Observation.stdout
 create mode 100644 review/semantic-kernel/sprint11/implementation/binary-r1/source-hashes.json
 create mode 100644 review/semantic-kernel/sprint11/implementation/binary-r1/source-scan.json
 create mode 100644 review/semantic-kernel/sprint11/implementation/binary-r1/source-snapshot/BinaryCorrespondence.lean
 create mode 100644 review/semantic-kernel/sprint11/implementation/binary-r1/source-snapshot/Observation.lean
 create mode 100644 review/semantic-kernel/sprint11/implementation/binary-r1/statements.json
 create mode 100644 review/semantic-kernel/sprint11/implementation/briefs/binary-r1.md
 create mode 100644 review/semantic-kernel/sprint11/implementation/briefs/causal-generic-r1.md
 create mode 100644 review/semantic-kernel/sprint11/implementation/briefs/causal-r1.md
 create mode 100644 review/semantic-kernel/sprint11/implementation/briefs/core-r1.md
 create mode 100644 review/semantic-kernel/sprint11/implementation/briefs/core-r2-review.md
 create mode 100644 review/semantic-kernel/sprint11/implementation/briefs/core-r3-review.md
 create mode 100644 review/semantic-kernel/sprint11/implementation/briefs/fixtures-r1.md
 create mode 100644 review/semantic-kernel/sprint11/implementation/briefs/fixtures-r2-review.md
 create mode 100644 review/semantic-kernel/sprint11/implementation/briefs/fixtures-r3-f03.md
 create mode 100644 review/semantic-kernel/sprint11/implementation/briefs/fixtures-r4-three-chunks.md
 create mode 100644 review/semantic-kernel/sprint11/implementation/briefs/fixtures-r5-label-grammar.md
 create mode 100644 review/semantic-kernel/sprint11/implementation/briefs/funded-causal-r1.md
 create mode 100644 review/semantic-kernel/sprint11/implementation/briefs/funded-causal-r2-review.md
 create mode 100644 review/semantic-kernel/sprint11/implementation/briefs/funded-causal-r3-enabledness.md
 create mode 100644 review/semantic-kernel/sprint11/implementation/briefs/funded-companions-r1.md
 create mode 100644 review/semantic-kernel/sprint11/implementation/briefs/funded-enabledness-r1.md
 create mode 100644 review/semantic-kernel/sprint11/implementation/briefs/funded-enabledness-r2-finish.md
 create mode 100644 review/semantic-kernel/sprint11/implementation/briefs/interface-r1.md
 create mode 100644 review/semantic-kernel/sprint11/implementation/briefs/interface-r2-review.md
 create mode 100644 review/semantic-kernel/sprint11/implementation/briefs/inventory-r1.md
 create mode 100644 review/semantic-kernel/sprint11/implementation/briefs/inventory-r2-review.md
 create mode 100644 review/semantic-kernel/sprint11/implementation/briefs/inventory-r3-integration.md
 create mode 100644 review/semantic-kernel/sprint11/implementation/briefs/proofs-r1.md
 create mode 100644 review/semantic-kernel/sprint11/implementation/briefs/proofs-r2-compile.md
 create mode 100644 review/semantic-kernel/sprint11/implementation/briefs/proofs-r3-review.md
 create mode 100644 review/semantic-kernel/sprint11/implementation/briefs/runner-r1.md
 create mode 100644 review/semantic-kernel/sprint11/implementation/cache-copy-causal.stderr
 create mode 100644 review/semantic-kernel/sprint11/implementation/cache-copy-failure.json
 create mode 100644 review/semantic-kernel/sprint11/implementation/cache-copy-fixture.stderr
 create mode 100644 review/semantic-kernel/sprint11/implementation/cache-copy-proof.stderr
 create mode 100644 review/semantic-kernel/sprint11/implementation/candidate-source-freeze-r1.json
 create mode 100644 review/semantic-kernel/sprint11/implementation/candidate-source-freeze-r2.json
 create mode 100644 review/semantic-kernel/sprint11/implementation/causal-generic-r1/MANIFEST-REPAIR.md
 create mode 100644 review/semantic-kernel/sprint11/implementation/causal-generic-r1/REPORT.md
 create mode 100644 review/semantic-kernel/sprint11/implementation/causal-generic-r1/compile-status.json
 create mode 100644 review/semantic-kernel/sprint11/implementation/causal-generic-r1/final-artifacts.json
 create mode 100644 review/semantic-kernel/sprint11/implementation/causal-generic-r1/hash-mismatch-disposition.json
 create mode 100644 review/semantic-kernel/sprint11/implementation/causal-generic-r1/hashes/evidence-artifacts.partial.sha256
 create mode 100644 review/semantic-kernel/sprint11/implementation/causal-generic-r1/hashes/evidence-artifacts.sha256
 create mode 100644 review/semantic-kernel/sprint11/implementation/causal-generic-r1/hashes/logs.sha256
 create mode 100644 review/semantic-kernel/sprint11/implementation/causal-generic-r1/hashes/owned-module.sha256
 create mode 100644 review/semantic-kernel/sprint11/implementation/causal-generic-r1/hashes/pre-sync.diff
 create mode 100644 review/semantic-kernel/sprint11/implementation/causal-generic-r1/hashes/private-lean-sources.final.sha256
 create mode 100644 review/semantic-kernel/sprint11/implementation/causal-generic-r1/hashes/private-lean-sources.post-edit.sha256
 create mode 100644 review/semantic-kernel/sprint11/implementation/causal-generic-r1/hashes/private-lean-sources.pre-sync.sha256
 create mode 100644 review/semantic-kernel/sprint11/implementation/causal-generic-r1/hashes/private-lean-sources.sha256
 create mode 100644 review/semantic-kernel/sprint11/implementation/causal-generic-r1/hashes/source-hash-equality.txt
 create mode 100644 review/semantic-kernel/sprint11/implementation/causal-generic-r1/hashes/worktree-lean-sources.final.sha256
 create mode 100644 review/semantic-kernel/sprint11/implementation/causal-generic-r1/hashes/worktree-lean-sources.post-edit.sha256
 create mode 100644 review/semantic-kernel/sprint11/implementation/causal-generic-r1/hashes/worktree-lean-sources.pre-sync.sha256
 create mode 100644 review/semantic-kernel/sprint11/implementation/causal-generic-r1/hashes/worktree-lean-sources.sha256
 create mode 100644 review/semantic-kernel/sprint11/implementation/causal-generic-r1/identity.json
 create mode 100644 review/semantic-kernel/sprint11/implementation/causal-generic-r1/logs/00-pre-edit-lake-build-CausalRuntime.status
 create mode 100644 review/semantic-kernel/sprint11/implementation/causal-generic-r1/logs/00-pre-edit-lake-build-CausalRuntime.stderr
 create mode 100644 review/semantic-kernel/sprint11/implementation/causal-generic-r1/logs/00-pre-edit-lake-build-CausalRuntime.stdout
 create mode 100644 review/semantic-kernel/sprint11/implementation/causal-generic-r1/logs/00-pre-edit-toolchain.stderr
 create mode 100644 review/semantic-kernel/sprint11/implementation/causal-generic-r1/logs/00-pre-edit-toolchain.stdout
 create mode 100644 review/semantic-kernel/sprint11/implementation/causal-generic-r1/logs/01-lake-build-Causal.status
 create mode 100644 review/semantic-kernel/sprint11/implementation/causal-generic-r1/logs/01-lake-build-Causal.stderr
 create mode 100644 review/semantic-kernel/sprint11/implementation/causal-generic-r1/logs/01-lake-build-Causal.stdout
 create mode 100644 review/semantic-kernel/sprint11/implementation/causal-generic-r1/logs/02-lake-build-Causal.status
 create mode 100644 review/semantic-kernel/sprint11/implementation/causal-generic-r1/logs/02-lake-build-Causal.stderr
 create mode 100644 review/semantic-kernel/sprint11/implementation/causal-generic-r1/logs/02-lake-build-Causal.stdout
 create mode 100644 review/semantic-kernel/sprint11/implementation/causal-generic-r1/logs/03-lake-build-Causal.status
 create mode 100644 review/semantic-kernel/sprint11/implementation/causal-generic-r1/logs/03-lake-build-Causal.stderr
 create mode 100644 review/semantic-kernel/sprint11/implementation/causal-generic-r1/logs/03-lake-build-Causal.stdout
 create mode 100644 review/semantic-kernel/sprint11/implementation/causal-generic-r1/logs/04-lake-build-Causal.status
 create mode 100644 review/semantic-kernel/sprint11/implementation/causal-generic-r1/logs/04-lake-build-Causal.stderr
 create mode 100644 review/semantic-kernel/sprint11/implementation/causal-generic-r1/logs/04-lake-build-Causal.stdout
 create mode 100644 review/semantic-kernel/sprint11/implementation/causal-generic-r1/logs/05-lake-build-Causal.status
 create mode 100644 review/semantic-kernel/sprint11/implementation/causal-generic-r1/logs/05-lake-build-Causal.stderr
 create mode 100644 review/semantic-kernel/sprint11/implementation/causal-generic-r1/logs/05-lake-build-Causal.stdout
 create mode 100644 review/semantic-kernel/sprint11/implementation/causal-generic-r1/logs/05-lake-env-lean-Causal.status
 create mode 100644 review/semantic-kernel/sprint11/implementation/causal-generic-r1/logs/05-lake-env-lean-Causal.stderr
 create mode 100644 review/semantic-kernel/sprint11/implementation/causal-generic-r1/logs/05-lake-env-lean-Causal.stdout
 create mode 100644 review/semantic-kernel/sprint11/implementation/causal-generic-r1/logs/06-print-axioms.status
 create mode 100644 review/semantic-kernel/sprint11/implementation/causal-generic-r1/logs/06-print-axioms.stderr
 create mode 100644 review/semantic-kernel/sprint11/implementation/causal-generic-r1/logs/06-print-axioms.stdin
 create mode 100644 review/semantic-kernel/sprint11/implementation/causal-generic-r1/logs/06-print-axioms.stdout
 create mode 100644 review/semantic-kernel/sprint11/implementation/causal-generic-r1/root-source-snapshot/Causal.lean
 create mode 100644 review/semantic-kernel/sprint11/implementation/causal-generic-r1/sorry-analyzer.jsonl
 create mode 100644 review/semantic-kernel/sprint11/implementation/causal-generic-r1/source-scan.txt
 create mode 100644 review/semantic-kernel/sprint11/implementation/causal-generic-r1/source-snapshot/Causal.lean
 create mode 100644 review/semantic-kernel/sprint11/implementation/causal-generic-r1/statements.json
 create mode 100644 review/semantic-kernel/sprint11/implementation/core-r1/REPORT.md
 create mode 100644 review/semantic-kernel/sprint11/implementation/core-r1/build-results.json
 create mode 100644 review/semantic-kernel/sprint11/implementation/core-r1/identity.txt
 create mode 100644 review/semantic-kernel/sprint11/implementation/core-r1/lake-build-CausalRuntime.status
 create mode 100644 review/semantic-kernel/sprint11/implementation/core-r1/lake-build-CausalRuntime.stderr
 create mode 100644 review/semantic-kernel/sprint11/implementation/core-r1/lake-build-CausalRuntime.stdout
 create mode 100644 review/semantic-kernel/sprint11/implementation/core-r1/lake-build-Execution.status
 create mode 100644 review/semantic-kernel/sprint11/implementation/core-r1/lake-build-Execution.stderr
 create mode 100644 review/semantic-kernel/sprint11/implementation/core-r1/lake-build-Execution.stdout
 create mode 100644 review/semantic-kernel/sprint11/implementation/core-r1/lake-build-Observation.status
 create mode 100644 review/semantic-kernel/sprint11/implementation/core-r1/lake-build-Observation.stderr
 create mode 100644 review/semantic-kernel/sprint11/implementation/core-r1/lake-build-Observation.stdout
 create mode 100644 review/semantic-kernel/sprint11/implementation/core-r1/lake-build-Schedule.status
 create mode 100644 review/semantic-kernel/sprint11/implementation/core-r1/lake-build-Schedule.stderr
 create mode 100644 review/semantic-kernel/sprint11/implementation/core-r1/lake-build-Schedule.stdout
 create mode 100644 review/semantic-kernel/sprint11/implementation/core-r1/lake-env-lean-CausalRuntime.status
 create mode 100644 review/semantic-kernel/sprint11/implementation/core-r1/lake-env-lean-CausalRuntime.stderr
 create mode 100644 review/semantic-kernel/sprint11/implementation/core-r1/lake-env-lean-CausalRuntime.stdout
 create mode 100644 review/semantic-kernel/sprint11/implementation/core-r1/lake-env-lean-Execution.status
 create mode 100644 review/semantic-kernel/sprint11/implementation/core-r1/lake-env-lean-Execution.stderr
 create mode 100644 review/semantic-kernel/sprint11/implementation/core-r1/lake-env-lean-Execution.stdout
 create mode 100644 review/semantic-kernel/sprint11/implementation/core-r1/lake-env-lean-Observation.status
 create mode 100644 review/semantic-kernel/sprint11/implementation/core-r1/lake-env-lean-Observation.stderr
 create mode 100644 review/semantic-kernel/sprint11/implementation/core-r1/lake-env-lean-Observation.stdout
 create mode 100644 review/semantic-kernel/sprint11/implementation/core-r1/lake-env-lean-Schedule.status
 create mode 100644 review/semantic-kernel/sprint11/implementation/core-r1/lake-env-lean-Schedule.stderr
 create mode 100644 review/semantic-kernel/sprint11/implementation/core-r1/lake-env-lean-Schedule.stdout
 create mode 100644 review/semantic-kernel/sprint11/implementation/core-r1/lsp-status.txt
 create mode 100644 review/semantic-kernel/sprint11/implementation/core-r1/needle-check.json
 create mode 100644 review/semantic-kernel/sprint11/implementation/core-r1/sorry-analyzer.jsonl
 create mode 100644 review/semantic-kernel/sprint11/implementation/core-r1/source-hashes.json
 create mode 100644 review/semantic-kernel/sprint11/implementation/core-r1/source-scan.txt
 create mode 100644 review/semantic-kernel/sprint11/implementation/core-r1/source-snapshot/CausalRuntime.lean
 create mode 100644 review/semantic-kernel/sprint11/implementation/core-r1/source-snapshot/Execution.lean
 create mode 100644 review/semantic-kernel/sprint11/implementation/core-r1/source-snapshot/Observation.lean
 create mode 100644 review/semantic-kernel/sprint11/implementation/core-r1/source-snapshot/Schedule.lean
 create mode 100644 review/semantic-kernel/sprint11/implementation/core-r2-aborted-source/CausalRuntime.lean
 create mode 100644 review/semantic-kernel/sprint11/implementation/core-r2-aborted-source/Execution.lean
 create mode 100644 review/semantic-kernel/sprint11/implementation/core-r2-aborted-source/Observation.lean
 create mode 100644 review/semantic-kernel/sprint11/implementation/core-r2-aborted-source/Schedule.lean
 create mode 100644 review/semantic-kernel/sprint11/implementation/core-r3/REPORT.md
 create mode 100644 review/semantic-kernel/sprint11/implementation/core-r3/build-results.json
 create mode 100644 review/semantic-kernel/sprint11/implementation/core-r3/identity.txt
 create mode 100644 review/semantic-kernel/sprint11/implementation/core-r3/lake-build-CausalRuntime.status
 create mode 100644 review/semantic-kernel/sprint11/implementation/core-r3/lake-build-CausalRuntime.stderr
 create mode 100644 review/semantic-kernel/sprint11/implementation/core-r3/lake-build-CausalRuntime.stdout
 create mode 100644 review/semantic-kernel/sprint11/implementation/core-r3/lake-build-Execution.status
 create mode 100644 review/semantic-kernel/sprint11/implementation/core-r3/lake-build-Execution.stderr
 create mode 100644 review/semantic-kernel/sprint11/implementation/core-r3/lake-build-Execution.stdout
 create mode 100644 review/semantic-kernel/sprint11/implementation/core-r3/lake-build-Observation.status
 create mode 100644 review/semantic-kernel/sprint11/implementation/core-r3/lake-build-Observation.stderr
 create mode 100644 review/semantic-kernel/sprint11/implementation/core-r3/lake-build-Observation.stdout
 create mode 100644 review/semantic-kernel/sprint11/implementation/core-r3/lake-build-Schedule.status
 create mode 100644 review/semantic-kernel/sprint11/implementation/core-r3/lake-build-Schedule.stderr
 create mode 100644 review/semantic-kernel/sprint11/implementation/core-r3/lake-build-Schedule.stdout
 create mode 100644 review/semantic-kernel/sprint11/implementation/core-r3/lake-env-lean-CausalRuntime.status
 create mode 100644 review/semantic-kernel/sprint11/implementation/core-r3/lake-env-lean-CausalRuntime.stderr
 create mode 100644 review/semantic-kernel/sprint11/implementation/core-r3/lake-env-lean-CausalRuntime.stdout
 create mode 100644 review/semantic-kernel/sprint11/implementation/core-r3/lake-env-lean-Execution.status
 create mode 100644 review/semantic-kernel/sprint11/implementation/core-r3/lake-env-lean-Execution.stderr
 create mode 100644 review/semantic-kernel/sprint11/implementation/core-r3/lake-env-lean-Execution.stdout
 create mode 100644 review/semantic-kernel/sprint11/implementation/core-r3/lake-env-lean-Observation.status
 create mode 100644 review/semantic-kernel/sprint11/implementation/core-r3/lake-env-lean-Observation.stderr
 create mode 100644 review/semantic-kernel/sprint11/implementation/core-r3/lake-env-lean-Observation.stdout
 create mode 100644 review/semantic-kernel/sprint11/implementation/core-r3/lake-env-lean-Schedule.status
 create mode 100644 review/semantic-kernel/sprint11/implementation/core-r3/lake-env-lean-Schedule.stderr
 create mode 100644 review/semantic-kernel/sprint11/implementation/core-r3/lake-env-lean-Schedule.stdout
 create mode 100644 review/semantic-kernel/sprint11/implementation/core-r3/needle-check.json
 create mode 100644 review/semantic-kernel/sprint11/implementation/core-r3/sorry-analyzer.jsonl
 create mode 100644 review/semantic-kernel/sprint11/implementation/core-r3/source-hashes.json
 create mode 100644 review/semantic-kernel/sprint11/implementation/core-r3/source-scan.txt
 create mode 100644 review/semantic-kernel/sprint11/implementation/core-r3/source-snapshot/CausalRuntime.lean
 create mode 100644 review/semantic-kernel/sprint11/implementation/core-r3/source-snapshot/Execution.lean
 create mode 100644 review/semantic-kernel/sprint11/implementation/core-r3/source-snapshot/Observation.lean
 create mode 100644 review/semantic-kernel/sprint11/implementation/core-r3/source-snapshot/Schedule.lean
 create mode 100644 review/semantic-kernel/sprint11/implementation/delivery-preparation/primary-before.json
 create mode 100644 review/semantic-kernel/sprint11/implementation/delivery-preparation/primary-tracked-before.tar.gz
 create mode 100644 review/semantic-kernel/sprint11/implementation/delivery-preparation/primary-untracked-sprint11-equivalence.json
 create mode 100644 review/semantic-kernel/sprint11/implementation/delivery-preparation/release-file-manifest-r1.json
 create mode 100644 review/semantic-kernel/sprint11/implementation/delivery-preparation/release-inclusion-plan.json
 create mode 100644 review/semantic-kernel/sprint11/implementation/execution-contract.json
 create mode 100644 review/semantic-kernel/sprint11/implementation/fixtures-r1/REPORT.md
 create mode 100644 review/semantic-kernel/sprint11/implementation/fixtures-r1/identity.json
 create mode 100644 review/semantic-kernel/sprint11/implementation/fixtures-r1/source-hashes.json
 create mode 100644 review/semantic-kernel/sprint11/implementation/fixtures-r1/source-snapshot/Audit.lean
 create mode 100644 review/semantic-kernel/sprint11/implementation/fixtures-r1/source-snapshot/Examples.lean
 create mode 100644 review/semantic-kernel/sprint11/implementation/fixtures-r1/source-snapshot/Tests.lean
 create mode 100644 review/semantic-kernel/sprint11/implementation/fixtures-r1/unresolved-api.json
 create mode 100644 review/semantic-kernel/sprint11/implementation/fixtures-r1/validate_draft.py
 create mode 100644 review/semantic-kernel/sprint11/implementation/fixtures-r1/validation.json
 create mode 100644 review/semantic-kernel/sprint11/implementation/fixtures-r2/REPORT.md
 create mode 100644 review/semantic-kernel/sprint11/implementation/fixtures-r2/eval-Audit.attempt1.status
 create mode 100644 review/semantic-kernel/sprint11/implementation/fixtures-r2/eval-Audit.attempt1.stdout
 create mode 100644 review/semantic-kernel/sprint11/implementation/fixtures-r2/eval-Audit.diag.stderr
 create mode 100644 review/semantic-kernel/sprint11/implementation/fixtures-r2/eval-Audit.diag.stdout
 create mode 100644 review/semantic-kernel/sprint11/implementation/fixtures-r2/eval-Audit.final.status
 create mode 100644 review/semantic-kernel/sprint11/implementation/fixtures-r2/eval-Audit.final.stderr
 create mode 100644 review/semantic-kernel/sprint11/implementation/fixtures-r2/eval-Audit.final.stdout
 create mode 100644 review/semantic-kernel/sprint11/implementation/fixtures-r2/eval-Audit.status
 create mode 100644 review/semantic-kernel/sprint11/implementation/fixtures-r2/eval-Audit.stderr
 create mode 100644 review/semantic-kernel/sprint11/implementation/fixtures-r2/eval-Audit.stdout
 create mode 100644 review/semantic-kernel/sprint11/implementation/fixtures-r2/eval-f07debug.stderr
 create mode 100644 review/semantic-kernel/sprint11/implementation/fixtures-r2/eval-f07debug.stdout
 create mode 100644 review/semantic-kernel/sprint11/implementation/fixtures-r2/identity.json
 create mode 100644 review/semantic-kernel/sprint11/implementation/fixtures-r2/lake-build-Examples.status
 create mode 100644 review/semantic-kernel/sprint11/implementation/fixtures-r2/lake-build-Examples.stderr
 create mode 100644 review/semantic-kernel/sprint11/implementation/fixtures-r2/lake-build-Examples.stdout
 create mode 100644 review/semantic-kernel/sprint11/implementation/fixtures-r2/lake-build-Tests.status
 create mode 100644 review/semantic-kernel/sprint11/implementation/fixtures-r2/lake-build-Tests.stderr
 create mode 100644 review/semantic-kernel/sprint11/implementation/fixtures-r2/lake-build-Tests.stdout
 create mode 100644 review/semantic-kernel/sprint11/implementation/fixtures-r2/lake-build-all.status
 create mode 100644 review/semantic-kernel/sprint11/implementation/fixtures-r2/lake-build-all.stderr
 create mode 100644 review/semantic-kernel/sprint11/implementation/fixtures-r2/lake-build-all.stdout
 create mode 100644 review/semantic-kernel/sprint11/implementation/fixtures-r2/lake-build-final.status
 create mode 100644 review/semantic-kernel/sprint11/implementation/fixtures-r2/lake-build-final.stderr
 create mode 100644 review/semantic-kernel/sprint11/implementation/fixtures-r2/lake-build-final.stdout
 create mode 100644 review/semantic-kernel/sprint11/implementation/fixtures-r2/original-r1-hashes.json
 create mode 100644 review/semantic-kernel/sprint11/implementation/fixtures-r2/private-source-hashes.json
 create mode 100644 review/semantic-kernel/sprint11/implementation/fixtures-r2/runtime-result.json
 create mode 100644 review/semantic-kernel/sprint11/implementation/fixtures-r2/source-snapshot/Audit.lean
 create mode 100644 review/semantic-kernel/sprint11/implementation/fixtures-r2/source-snapshot/Examples.lean
 create mode 100644 review/semantic-kernel/sprint11/implementation/fixtures-r2/source-snapshot/Tests.lean
 create mode 100644 review/semantic-kernel/sprint11/implementation/fixtures-r2/worktree-source-hashes.json
 create mode 100644 review/semantic-kernel/sprint11/implementation/fixtures-r3/REPORT.md
 create mode 100644 review/semantic-kernel/sprint11/implementation/fixtures-r3/evidence-inventory.json
 create mode 100644 review/semantic-kernel/sprint11/implementation/fixtures-r3/identity.json
 create mode 100644 review/semantic-kernel/sprint11/implementation/fixtures-r3/logs/eval-Audit.status
 create mode 100644 review/semantic-kernel/sprint11/implementation/fixtures-r3/logs/eval-Audit.stderr
 create mode 100644 review/semantic-kernel/sprint11/implementation/fixtures-r3/logs/eval-Audit.stdout
 create mode 100644 review/semantic-kernel/sprint11/implementation/fixtures-r3/logs/lake-build-Audit.status
 create mode 100644 review/semantic-kernel/sprint11/implementation/fixtures-r3/logs/lake-build-Audit.stderr
 create mode 100644 review/semantic-kernel/sprint11/implementation/fixtures-r3/logs/lake-build-Audit.stdout
 create mode 100644 review/semantic-kernel/sprint11/implementation/fixtures-r3/logs/lake-build-Examples.status
 create mode 100644 review/semantic-kernel/sprint11/implementation/fixtures-r3/logs/lake-build-Examples.stderr
 create mode 100644 review/semantic-kernel/sprint11/implementation/fixtures-r3/logs/lake-build-Examples.stdout
 create mode 100644 review/semantic-kernel/sprint11/implementation/fixtures-r3/logs/lake-build-Tests.status
 create mode 100644 review/semantic-kernel/sprint11/implementation/fixtures-r3/logs/lake-build-Tests.stderr
 create mode 100644 review/semantic-kernel/sprint11/implementation/fixtures-r3/logs/lake-build-Tests.stdout
 create mode 100644 review/semantic-kernel/sprint11/implementation/fixtures-r3/private-source-hashes.json
 create mode 100644 review/semantic-kernel/sprint11/implementation/fixtures-r3/runtime-result.json
 create mode 100644 review/semantic-kernel/sprint11/implementation/fixtures-r3/source-hashes-after.json
 create mode 100644 review/semantic-kernel/sprint11/implementation/fixtures-r3/source-snapshot/Audit.lean
 create mode 100644 review/semantic-kernel/sprint11/implementation/fixtures-r3/source-snapshot/Examples.lean
 create mode 100644 review/semantic-kernel/sprint11/implementation/fixtures-r3/source-snapshot/Tests.lean
 create mode 100644 review/semantic-kernel/sprint11/implementation/fixtures-r3/worktree-source-hashes-before.json
 create mode 100644 review/semantic-kernel/sprint11/implementation/fixtures-r4/REPORT.md
 create mode 100644 review/semantic-kernel/sprint11/implementation/fixtures-r4/evidence-inventory.json
 create mode 100644 review/semantic-kernel/sprint11/implementation/fixtures-r4/final-artifacts.json
 create mode 100644 review/semantic-kernel/sprint11/implementation/fixtures-r4/hashes/before-resync.json
 create mode 100644 review/semantic-kernel/sprint11/implementation/fixtures-r4/hashes/evidence-files.sha256
 create mode 100644 review/semantic-kernel/sprint11/implementation/fixtures-r4/hashes/owned-source.sha256
 create mode 100644 review/semantic-kernel/sprint11/implementation/fixtures-r4/identity.json
 create mode 100644 review/semantic-kernel/sprint11/implementation/fixtures-r4/logs/eval-Audit.cwd
 create mode 100644 review/semantic-kernel/sprint11/implementation/fixtures-r4/logs/eval-Audit.status
 create mode 100644 review/semantic-kernel/sprint11/implementation/fixtures-r4/logs/eval-Audit.stderr
 create mode 100644 review/semantic-kernel/sprint11/implementation/fixtures-r4/logs/eval-Audit.stdout
 create mode 100644 review/semantic-kernel/sprint11/implementation/fixtures-r4/logs/first-pass/eval-Audit.status
 create mode 100644 review/semantic-kernel/sprint11/implementation/fixtures-r4/logs/first-pass/eval-Audit.stderr
 create mode 100644 review/semantic-kernel/sprint11/implementation/fixtures-r4/logs/first-pass/eval-Audit.stdout
 create mode 100644 review/semantic-kernel/sprint11/implementation/fixtures-r4/logs/first-pass/lake-build-Audit.status
 create mode 100644 review/semantic-kernel/sprint11/implementation/fixtures-r4/logs/first-pass/lake-build-Audit.stderr
 create mode 100644 review/semantic-kernel/sprint11/implementation/fixtures-r4/logs/first-pass/lake-build-Audit.stdout
 create mode 100644 review/semantic-kernel/sprint11/implementation/fixtures-r4/logs/first-pass/lake-build-Tests.status
 create mode 100644 review/semantic-kernel/sprint11/implementation/fixtures-r4/logs/first-pass/lake-build-Tests.stderr
 create mode 100644 review/semantic-kernel/sprint11/implementation/fixtures-r4/logs/first-pass/lake-build-Tests.stdout
 create mode 100644 review/semantic-kernel/sprint11/implementation/fixtures-r4/logs/lake-build-Audit.cwd
 create mode 100644 review/semantic-kernel/sprint11/implementation/fixtures-r4/logs/lake-build-Audit.status
 create mode 100644 review/semantic-kernel/sprint11/implementation/fixtures-r4/logs/lake-build-Audit.stderr
 create mode 100644 review/semantic-kernel/sprint11/implementation/fixtures-r4/logs/lake-build-Audit.stdout
 create mode 100644 review/semantic-kernel/sprint11/implementation/fixtures-r4/logs/lake-build-Examples.cwd
 create mode 100644 review/semantic-kernel/sprint11/implementation/fixtures-r4/logs/lake-build-Examples.status
 create mode 100644 review/semantic-kernel/sprint11/implementation/fixtures-r4/logs/lake-build-Examples.stderr
 create mode 100644 review/semantic-kernel/sprint11/implementation/fixtures-r4/logs/lake-build-Examples.stdout
 create mode 100644 review/semantic-kernel/sprint11/implementation/fixtures-r4/logs/lake-build-Tests.cwd
 create mode 100644 review/semantic-kernel/sprint11/implementation/fixtures-r4/logs/lake-build-Tests.status
 create mode 100644 review/semantic-kernel/sprint11/implementation/fixtures-r4/logs/lake-build-Tests.stderr
 create mode 100644 review/semantic-kernel/sprint11/implementation/fixtures-r4/logs/lake-build-Tests.stdout
 create mode 100644 review/semantic-kernel/sprint11/implementation/fixtures-r4/needle-check.json
 create mode 100644 review/semantic-kernel/sprint11/implementation/fixtures-r4/private-source-hashes.json
 create mode 100644 review/semantic-kernel/sprint11/implementation/fixtures-r4/runtime-result.json
 create mode 100644 review/semantic-kernel/sprint11/implementation/fixtures-r4/source-hashes-after.json
 create mode 100644 review/semantic-kernel/sprint11/implementation/fixtures-r4/source-snapshot/Audit.lean
 create mode 100644 review/semantic-kernel/sprint11/implementation/fixtures-r4/source-snapshot/Examples.lean
 create mode 100644 review/semantic-kernel/sprint11/implementation/fixtures-r4/source-snapshot/Tests.lean
 create mode 100644 review/semantic-kernel/sprint11/implementation/fixtures-r4/worktree-source-hashes-before.json
 create mode 100644 review/semantic-kernel/sprint11/implementation/fixtures-r5/REPORT.md
 create mode 100644 review/semantic-kernel/sprint11/implementation/fixtures-r5/Tests.lean.diff
 create mode 100644 review/semantic-kernel/sprint11/implementation/fixtures-r5/body-equivalence.json
 create mode 100644 review/semantic-kernel/sprint11/implementation/fixtures-r5/evidence-inventory.json
 create mode 100644 review/semantic-kernel/sprint11/implementation/fixtures-r5/final-artifacts.json
 create mode 100644 review/semantic-kernel/sprint11/implementation/fixtures-r5/grammar-check.json
 create mode 100644 review/semantic-kernel/sprint11/implementation/fixtures-r5/hashes/evidence-files.sha256
 create mode 100644 review/semantic-kernel/sprint11/implementation/fixtures-r5/hashes/owned-source.sha256
 create mode 100644 review/semantic-kernel/sprint11/implementation/fixtures-r5/hashes/source-after.json
 create mode 100644 review/semantic-kernel/sprint11/implementation/fixtures-r5/hashes/source-before.json
 create mode 100644 review/semantic-kernel/sprint11/implementation/fixtures-r5/hashes/tools.sha256
 create mode 100644 review/semantic-kernel/sprint11/implementation/fixtures-r5/identity.json
 create mode 100644 review/semantic-kernel/sprint11/implementation/fixtures-r5/label-bijection-planned.json
 create mode 100644 review/semantic-kernel/sprint11/implementation/fixtures-r5/label-bijection.json
 create mode 100644 review/semantic-kernel/sprint11/implementation/fixtures-r5/logs/eval-Audit.cwd
 create mode 100644 review/semantic-kernel/sprint11/implementation/fixtures-r5/logs/eval-Audit.finished_utc
 create mode 100644 review/semantic-kernel/sprint11/implementation/fixtures-r5/logs/eval-Audit.started_utc
 create mode 100644 review/semantic-kernel/sprint11/implementation/fixtures-r5/logs/eval-Audit.status
 create mode 100644 review/semantic-kernel/sprint11/implementation/fixtures-r5/logs/eval-Audit.stderr
 create mode 100644 review/semantic-kernel/sprint11/implementation/fixtures-r5/logs/eval-Audit.stdout
 create mode 100644 review/semantic-kernel/sprint11/implementation/fixtures-r5/logs/eval-Audit.timeout_seconds
 create mode 100644 review/semantic-kernel/sprint11/implementation/fixtures-r5/logs/lake-build-Audit.cwd
 create mode 100644 review/semantic-kernel/sprint11/implementation/fixtures-r5/logs/lake-build-Audit.finished_utc
 create mode 100644 review/semantic-kernel/sprint11/implementation/fixtures-r5/logs/lake-build-Audit.started_utc
 create mode 100644 review/semantic-kernel/sprint11/implementation/fixtures-r5/logs/lake-build-Audit.status
 create mode 100644 review/semantic-kernel/sprint11/implementation/fixtures-r5/logs/lake-build-Audit.stderr
 create mode 100644 review/semantic-kernel/sprint11/implementation/fixtures-r5/logs/lake-build-Audit.stdout
 create mode 100644 review/semantic-kernel/sprint11/implementation/fixtures-r5/logs/lake-build-Audit.timeout_seconds
 create mode 100644 review/semantic-kernel/sprint11/implementation/fixtures-r5/logs/lake-build-Tests.cwd
 create mode 100644 review/semantic-kernel/sprint11/implementation/fixtures-r5/logs/lake-build-Tests.finished_utc
 create mode 100644 review/semantic-kernel/sprint11/implementation/fixtures-r5/logs/lake-build-Tests.started_utc
 create mode 100644 review/semantic-kernel/sprint11/implementation/fixtures-r5/logs/lake-build-Tests.status
 create mode 100644 review/semantic-kernel/sprint11/implementation/fixtures-r5/logs/lake-build-Tests.stderr
 create mode 100644 review/semantic-kernel/sprint11/implementation/fixtures-r5/logs/lake-build-Tests.stdout
 create mode 100644 review/semantic-kernel/sprint11/implementation/fixtures-r5/logs/lake-build-Tests.timeout_seconds
 create mode 100644 review/semantic-kernel/sprint11/implementation/fixtures-r5/logs/tool-identity.txt
 create mode 100644 review/semantic-kernel/sprint11/implementation/fixtures-r5/needle-check.json
 create mode 100644 review/semantic-kernel/sprint11/implementation/fixtures-r5/private-source-hashes.json
 create mode 100644 review/semantic-kernel/sprint11/implementation/fixtures-r5/red-control/M01.invocation.json
 create mode 100644 review/semantic-kernel/sprint11/implementation/fixtures-r5/red-control/M01.stderr
 create mode 100644 review/semantic-kernel/sprint11/implementation/fixtures-r5/red-control/M01.stdout
 create mode 100644 review/semantic-kernel/sprint11/implementation/fixtures-r5/red-control/control.log
 create mode 100644 review/semantic-kernel/sprint11/implementation/fixtures-r5/red-control/runtime-label-grammar-finding-r1.json
 create mode 100644 review/semantic-kernel/sprint11/implementation/fixtures-r5/runtime-result.json
 create mode 100644 review/semantic-kernel/sprint11/implementation/fixtures-r5/source-snapshot-before/Audit.lean
 create mode 100644 review/semantic-kernel/sprint11/implementation/fixtures-r5/source-snapshot-before/Examples.lean
 create mode 100644 review/semantic-kernel/sprint11/implementation/fixtures-r5/source-snapshot-before/Tests.lean
 create mode 100644 review/semantic-kernel/sprint11/implementation/fixtures-r5/source-snapshot/Audit.lean
 create mode 100644 review/semantic-kernel/sprint11/implementation/fixtures-r5/source-snapshot/Examples.lean
 create mode 100644 review/semantic-kernel/sprint11/implementation/fixtures-r5/source-snapshot/Tests.lean
 create mode 100644 review/semantic-kernel/sprint11/implementation/fixtures-r5/spec-presence.json
 create mode 100644 review/semantic-kernel/sprint11/implementation/funded-causal-r1/logs/01-lake-build-FundedCausal.status
 create mode 100644 review/semantic-kernel/sprint11/implementation/funded-causal-r1/logs/01-lake-build-FundedCausal.stderr
 create mode 100644 review/semantic-kernel/sprint11/implementation/funded-causal-r1/logs/01-lake-build-FundedCausal.stdout
 create mode 100644 review/semantic-kernel/sprint11/implementation/funded-causal-r1/logs/02-lake-build-FundedCausal.status
 create mode 100644 review/semantic-kernel/sprint11/implementation/funded-causal-r1/logs/02-lake-build-FundedCausal.stderr
 create mode 100644 review/semantic-kernel/sprint11/implementation/funded-causal-r1/logs/02-lake-build-FundedCausal.stdout
 create mode 100644 review/semantic-kernel/sprint11/implementation/funded-causal-r1/logs/03-lake-build-FundedCausal.status
 create mode 100644 review/semantic-kernel/sprint11/implementation/funded-causal-r1/logs/03-lake-build-FundedCausal.stderr
 create mode 100644 review/semantic-kernel/sprint11/implementation/funded-causal-r1/logs/03-lake-build-FundedCausal.stdout
 create mode 100644 review/semantic-kernel/sprint11/implementation/funded-causal-r1/logs/04-lake-build-FundedCausal.status
 create mode 100644 review/semantic-kernel/sprint11/implementation/funded-causal-r1/logs/04-lake-build-FundedCausal.stderr
 create mode 100644 review/semantic-kernel/sprint11/implementation/funded-causal-r1/logs/04-lake-build-FundedCausal.stdout
 create mode 100644 review/semantic-kernel/sprint11/implementation/funded-causal-r1/logs/05-lake-build-FundedCausal.status
 create mode 100644 review/semantic-kernel/sprint11/implementation/funded-causal-r1/logs/05-lake-build-FundedCausal.stderr
 create mode 100644 review/semantic-kernel/sprint11/implementation/funded-causal-r1/logs/05-lake-build-FundedCausal.stdout
 create mode 100644 review/semantic-kernel/sprint11/implementation/funded-causal-r1/logs/06-lake-build-FundedCausal.status
 create mode 100644 review/semantic-kernel/sprint11/implementation/funded-causal-r1/logs/06-lake-build-FundedCausal.stderr
 create mode 100644 review/semantic-kernel/sprint11/implementation/funded-causal-r1/logs/06-lake-build-FundedCausal.stdout
 create mode 100644 review/semantic-kernel/sprint11/implementation/funded-causal-r1/logs/07-lake-build-FundedCausal.status
 create mode 100644 review/semantic-kernel/sprint11/implementation/funded-causal-r1/logs/07-lake-build-FundedCausal.stderr
 create mode 100644 review/semantic-kernel/sprint11/implementation/funded-causal-r1/logs/07-lake-build-FundedCausal.stdout
 create mode 100644 review/semantic-kernel/sprint11/implementation/funded-causal-r1/logs/08-lake-build-FundedCausal.status
 create mode 100644 review/semantic-kernel/sprint11/implementation/funded-causal-r1/logs/08-lake-build-FundedCausal.stderr
 create mode 100644 review/semantic-kernel/sprint11/implementation/funded-causal-r1/logs/08-lake-build-FundedCausal.stdout
 create mode 100644 review/semantic-kernel/sprint11/implementation/funded-causal-r1/logs/09-lake-build-FundedCausal.status
 create mode 100644 review/semantic-kernel/sprint11/implementation/funded-causal-r1/logs/09-lake-build-FundedCausal.stderr
 create mode 100644 review/semantic-kernel/sprint11/implementation/funded-causal-r1/logs/09-lake-build-FundedCausal.stdout
 create mode 100644 review/semantic-kernel/sprint11/implementation/funded-causal-r1/logs/10-lake-build-FundedCausal.status
 create mode 100644 review/semantic-kernel/sprint11/implementation/funded-causal-r1/logs/10-lake-build-FundedCausal.stderr
 create mode 100644 review/semantic-kernel/sprint11/implementation/funded-causal-r1/logs/10-lake-build-FundedCausal.stdout
 create mode 100644 review/semantic-kernel/sprint11/implementation/funded-causal-r1/logs/11-lake-build-FundedCausal.status
 create mode 100644 review/semantic-kernel/sprint11/implementation/funded-causal-r1/logs/11-lake-build-FundedCausal.stderr
 create mode 100644 review/semantic-kernel/sprint11/implementation/funded-causal-r1/logs/11-lake-build-FundedCausal.stdout
 create mode 100644 review/semantic-kernel/sprint11/implementation/funded-causal-r1/logs/12-lake-build-FundedCausal.status
 create mode 100644 review/semantic-kernel/sprint11/implementation/funded-causal-r1/logs/12-lake-build-FundedCausal.stderr
 create mode 100644 review/semantic-kernel/sprint11/implementation/funded-causal-r1/logs/12-lake-build-FundedCausal.stdout
 create mode 100644 review/semantic-kernel/sprint11/implementation/funded-causal-r1/logs/13-lake-build-FundedCausal.status
 create mode 100644 review/semantic-kernel/sprint11/implementation/funded-causal-r1/logs/13-lake-build-FundedCausal.stderr
 create mode 100644 review/semantic-kernel/sprint11/implementation/funded-causal-r1/logs/13-lake-build-FundedCausal.stdout
 create mode 100644 review/semantic-kernel/sprint11/implementation/funded-causal-r1/logs/14-lake-build-FundedCausal.status
 create mode 100644 review/semantic-kernel/sprint11/implementation/funded-causal-r1/logs/14-lake-build-FundedCausal.stderr
 create mode 100644 review/semantic-kernel/sprint11/implementation/funded-causal-r1/logs/14-lake-build-FundedCausal.stdout
 create mode 100644 review/semantic-kernel/sprint11/implementation/funded-causal-r1/root-interrupted-source-snapshot/FundedCausal.lean
 create mode 100644 review/semantic-kernel/sprint11/implementation/funded-causal-r2/REPORT.md
 create mode 100644 review/semantic-kernel/sprint11/implementation/funded-causal-r2/compile-status.json
 create mode 100644 review/semantic-kernel/sprint11/implementation/funded-causal-r2/final-artifacts.json
 create mode 100644 review/semantic-kernel/sprint11/implementation/funded-causal-r2/hashes/logs.sha256
 create mode 100644 review/semantic-kernel/sprint11/implementation/funded-causal-r2/hashes/owned-module.sha256
 create mode 100644 review/semantic-kernel/sprint11/implementation/funded-causal-r2/hashes/source-bindings.txt
 create mode 100644 review/semantic-kernel/sprint11/implementation/funded-causal-r2/hashes/source-hash-equality-pre-01.txt
 create mode 100644 review/semantic-kernel/sprint11/implementation/funded-causal-r2/hashes/source-snapshot.sha256
 create mode 100644 review/semantic-kernel/sprint11/implementation/funded-causal-r2/identity.json
 create mode 100644 review/semantic-kernel/sprint11/implementation/funded-causal-r2/logs/01-lake-build-FundedCausal.status
 create mode 100644 review/semantic-kernel/sprint11/implementation/funded-causal-r2/logs/01-lake-build-FundedCausal.stderr
 create mode 100644 review/semantic-kernel/sprint11/implementation/funded-causal-r2/logs/01-lake-build-FundedCausal.stdout
 create mode 100644 review/semantic-kernel/sprint11/implementation/funded-causal-r2/logs/02-lake-build-FundedCausal.status
 create mode 100644 review/semantic-kernel/sprint11/implementation/funded-causal-r2/logs/02-lake-build-FundedCausal.stderr
 create mode 100644 review/semantic-kernel/sprint11/implementation/funded-causal-r2/logs/02-lake-build-FundedCausal.stdout
 create mode 100644 review/semantic-kernel/sprint11/implementation/funded-causal-r2/logs/03-lake-build-FundedCausal.status
 create mode 100644 review/semantic-kernel/sprint11/implementation/funded-causal-r2/logs/03-lake-build-FundedCausal.stderr
 create mode 100644 review/semantic-kernel/sprint11/implementation/funded-causal-r2/logs/03-lake-build-FundedCausal.stdout
 create mode 100644 review/semantic-kernel/sprint11/implementation/funded-causal-r2/logs/04-lake-build-FundedCausal.status
 create mode 100644 review/semantic-kernel/sprint11/implementation/funded-causal-r2/logs/04-lake-build-FundedCausal.stderr
 create mode 100644 review/semantic-kernel/sprint11/implementation/funded-causal-r2/logs/04-lake-build-FundedCausal.stdout
 create mode 100644 review/semantic-kernel/sprint11/implementation/funded-causal-r2/logs/05-lake-build-FundedCausal.status
 create mode 100644 review/semantic-kernel/sprint11/implementation/funded-causal-r2/logs/05-lake-build-FundedCausal.stderr
 create mode 100644 review/semantic-kernel/sprint11/implementation/funded-causal-r2/logs/05-lake-build-FundedCausal.stdout
 create mode 100644 review/semantic-kernel/sprint11/implementation/funded-causal-r2/logs/05-lake-env-lean-FundedCausal.status
 create mode 100644 review/semantic-kernel/sprint11/implementation/funded-causal-r2/logs/05-lake-env-lean-FundedCausal.stderr
 create mode 100644 review/semantic-kernel/sprint11/implementation/funded-causal-r2/logs/05-lake-env-lean-FundedCausal.stdout
 create mode 100644 review/semantic-kernel/sprint11/implementation/funded-causal-r2/logs/06-lake-build-FundedCausal.status
 create mode 100644 review/semantic-kernel/sprint11/implementation/funded-causal-r2/logs/06-lake-build-FundedCausal.stderr
 create mode 100644 review/semantic-kernel/sprint11/implementation/funded-causal-r2/logs/06-lake-build-FundedCausal.stdout
 create mode 100644 review/semantic-kernel/sprint11/implementation/funded-causal-r2/logs/07-lake-build-FundedCausal.status
 create mode 100644 review/semantic-kernel/sprint11/implementation/funded-causal-r2/logs/07-lake-build-FundedCausal.stderr
 create mode 100644 review/semantic-kernel/sprint11/implementation/funded-causal-r2/logs/07-lake-build-FundedCausal.stdout
 create mode 100644 review/semantic-kernel/sprint11/implementation/funded-causal-r2/logs/08-lake-build-FundedCausal.status
 create mode 100644 review/semantic-kernel/sprint11/implementation/funded-causal-r2/logs/08-lake-build-FundedCausal.stderr
 create mode 100644 review/semantic-kernel/sprint11/implementation/funded-causal-r2/logs/08-lake-build-FundedCausal.stdout
 create mode 100644 review/semantic-kernel/sprint11/implementation/funded-causal-r2/logs/09-lake-build-FundedCausal.status
 create mode 100644 review/semantic-kernel/sprint11/implementation/funded-causal-r2/logs/09-lake-build-FundedCausal.stderr
 create mode 100644 review/semantic-kernel/sprint11/implementation/funded-causal-r2/logs/09-lake-build-FundedCausal.stdout
 create mode 100644 review/semantic-kernel/sprint11/implementation/funded-causal-r2/logs/10-lake-build-FundedCausal.status
 create mode 100644 review/semantic-kernel/sprint11/implementation/funded-causal-r2/logs/10-lake-build-FundedCausal.stderr
 create mode 100644 review/semantic-kernel/sprint11/implementation/funded-causal-r2/logs/10-lake-build-FundedCausal.stdout
 create mode 100644 review/semantic-kernel/sprint11/implementation/funded-causal-r2/logs/11-lake-build-FundedCausal.status
 create mode 100644 review/semantic-kernel/sprint11/implementation/funded-causal-r2/logs/11-lake-build-FundedCausal.stderr
 create mode 100644 review/semantic-kernel/sprint11/implementation/funded-causal-r2/logs/11-lake-build-FundedCausal.stdout
 create mode 100644 review/semantic-kernel/sprint11/implementation/funded-causal-r2/logs/12-lake-build-FundedCausal.status
 create mode 100644 review/semantic-kernel/sprint11/implementation/funded-causal-r2/logs/12-lake-build-FundedCausal.stderr
 create mode 100644 review/semantic-kernel/sprint11/implementation/funded-causal-r2/logs/12-lake-build-FundedCausal.stdout
 create mode 100644 review/semantic-kernel/sprint11/implementation/funded-causal-r2/logs/13-lake-build-FundedCausal.status
 create mode 100644 review/semantic-kernel/sprint11/implementation/funded-causal-r2/logs/13-lake-build-FundedCausal.stderr
 create mode 100644 review/semantic-kernel/sprint11/implementation/funded-causal-r2/logs/13-lake-build-FundedCausal.stdout
 create mode 100644 review/semantic-kernel/sprint11/implementation/funded-causal-r2/logs/13-lake-env-lean-FundedCausal.status
 create mode 100644 review/semantic-kernel/sprint11/implementation/funded-causal-r2/logs/13-lake-env-lean-FundedCausal.stderr
 create mode 100644 review/semantic-kernel/sprint11/implementation/funded-causal-r2/logs/13-lake-env-lean-FundedCausal.stdout
 create mode 100644 review/semantic-kernel/sprint11/implementation/funded-causal-r2/logs/13-print-axioms.status
 create mode 100644 review/semantic-kernel/sprint11/implementation/funded-causal-r2/logs/13-print-axioms.stderr
 create mode 100644 review/semantic-kernel/sprint11/implementation/funded-causal-r2/logs/13-print-axioms.stdin
 create mode 100644 review/semantic-kernel/sprint11/implementation/funded-causal-r2/logs/13-print-axioms.stdout
 create mode 100644 review/semantic-kernel/sprint11/implementation/funded-causal-r2/logs/13-toolchain.stderr
 create mode 100644 review/semantic-kernel/sprint11/implementation/funded-causal-r2/logs/13-toolchain.stdout
 create mode 100644 review/semantic-kernel/sprint11/implementation/funded-causal-r2/source-scan.txt
 create mode 100644 review/semantic-kernel/sprint11/implementation/funded-causal-r2/source-snapshot/FundedCausal.lean
 create mode 100644 review/semantic-kernel/sprint11/implementation/funded-causal-r2/statements.json
 create mode 100644 review/semantic-kernel/sprint11/implementation/funded-causal-r3/REPORT.md
 create mode 100644 review/semantic-kernel/sprint11/implementation/funded-causal-r3/compile-status.json
 create mode 100644 review/semantic-kernel/sprint11/implementation/funded-causal-r3/final-artifacts.json
 create mode 100644 review/semantic-kernel/sprint11/implementation/funded-causal-r3/frozen-deps/Causal.lean
 create mode 100644 review/semantic-kernel/sprint11/implementation/funded-causal-r3/frozen-deps/FundedEnabledness.lean
 create mode 100644 review/semantic-kernel/sprint11/implementation/funded-causal-r3/hashes/frozen-deps.sha256
 create mode 100644 review/semantic-kernel/sprint11/implementation/funded-causal-r3/hashes/logs.sha256
 create mode 100644 review/semantic-kernel/sprint11/implementation/funded-causal-r3/hashes/owned-module.sha256
 create mode 100644 review/semantic-kernel/sprint11/implementation/funded-causal-r3/hashes/source-bindings.txt
 create mode 100644 review/semantic-kernel/sprint11/implementation/funded-causal-r3/hashes/source-hash-equality.txt
 create mode 100644 review/semantic-kernel/sprint11/implementation/funded-causal-r3/hashes/source-snapshot.sha256
 create mode 100644 review/semantic-kernel/sprint11/implementation/funded-causal-r3/identity.json
 create mode 100644 review/semantic-kernel/sprint11/implementation/funded-causal-r3/logs/00-rsync-lean-to-causal-cache.cmd
 create mode 100644 review/semantic-kernel/sprint11/implementation/funded-causal-r3/logs/00-rsync-lean-to-causal-cache.cwd
 create mode 100644 review/semantic-kernel/sprint11/implementation/funded-causal-r3/logs/00-rsync-lean-to-causal-cache.meta
 create mode 100644 review/semantic-kernel/sprint11/implementation/funded-causal-r3/logs/00-rsync-lean-to-causal-cache.status
 create mode 100644 review/semantic-kernel/sprint11/implementation/funded-causal-r3/logs/00-rsync-lean-to-causal-cache.stderr
 create mode 100644 review/semantic-kernel/sprint11/implementation/funded-causal-r3/logs/00-rsync-lean-to-causal-cache.stdout
 create mode 100644 review/semantic-kernel/sprint11/implementation/funded-causal-r3/logs/00b-toolchain.cmd
 create mode 100644 review/semantic-kernel/sprint11/implementation/funded-causal-r3/logs/00b-toolchain.cwd
 create mode 100644 review/semantic-kernel/sprint11/implementation/funded-causal-r3/logs/00b-toolchain.meta
 create mode 100644 review/semantic-kernel/sprint11/implementation/funded-causal-r3/logs/00b-toolchain.status
 create mode 100644 review/semantic-kernel/sprint11/implementation/funded-causal-r3/logs/00b-toolchain.stderr
 create mode 100644 review/semantic-kernel/sprint11/implementation/funded-causal-r3/logs/00b-toolchain.stdout
 create mode 100644 review/semantic-kernel/sprint11/implementation/funded-causal-r3/logs/00c-actual-toolchain-binaries.cmd
 create mode 100644 review/semantic-kernel/sprint11/implementation/funded-causal-r3/logs/00c-actual-toolchain-binaries.cwd
 create mode 100644 review/semantic-kernel/sprint11/implementation/funded-causal-r3/logs/00c-actual-toolchain-binaries.meta
 create mode 100644 review/semantic-kernel/sprint11/implementation/funded-causal-r3/logs/00c-actual-toolchain-binaries.status
 create mode 100644 review/semantic-kernel/sprint11/implementation/funded-causal-r3/logs/00c-actual-toolchain-binaries.stderr
 create mode 100644 review/semantic-kernel/sprint11/implementation/funded-causal-r3/logs/00c-actual-toolchain-binaries.stdout
 create mode 100644 review/semantic-kernel/sprint11/implementation/funded-causal-r3/logs/01-lake-build-FundedCausal.cmd
 create mode 100644 review/semantic-kernel/sprint11/implementation/funded-causal-r3/logs/01-lake-build-FundedCausal.cwd
 create mode 100644 review/semantic-kernel/sprint11/implementation/funded-causal-r3/logs/01-lake-build-FundedCausal.meta
 create mode 100644 review/semantic-kernel/sprint11/implementation/funded-causal-r3/logs/01-lake-build-FundedCausal.status
 create mode 100644 review/semantic-kernel/sprint11/implementation/funded-causal-r3/logs/01-lake-build-FundedCausal.stderr
 create mode 100644 review/semantic-kernel/sprint11/implementation/funded-causal-r3/logs/01-lake-build-FundedCausal.stdout
 create mode 100644 review/semantic-kernel/sprint11/implementation/funded-causal-r3/logs/02-lake-env-lean-FundedCausal.cmd
 create mode 100644 review/semantic-kernel/sprint11/implementation/funded-causal-r3/logs/02-lake-env-lean-FundedCausal.cwd
 create mode 100644 review/semantic-kernel/sprint11/implementation/funded-causal-r3/logs/02-lake-env-lean-FundedCausal.meta
 create mode 100644 review/semantic-kernel/sprint11/implementation/funded-causal-r3/logs/02-lake-env-lean-FundedCausal.status
 create mode 100644 review/semantic-kernel/sprint11/implementation/funded-causal-r3/logs/02-lake-env-lean-FundedCausal.stderr
 create mode 100644 review/semantic-kernel/sprint11/implementation/funded-causal-r3/logs/02-lake-env-lean-FundedCausal.stdout
 create mode 100644 review/semantic-kernel/sprint11/implementation/funded-causal-r3/logs/03-print-axioms.cmd
 create mode 100644 review/semantic-kernel/sprint11/implementation/funded-causal-r3/logs/03-print-axioms.cwd
 create mode 100644 review/semantic-kernel/sprint11/implementation/funded-causal-r3/logs/03-print-axioms.meta
 create mode 100644 review/semantic-kernel/sprint11/implementation/funded-causal-r3/logs/03-print-axioms.status
 create mode 100644 review/semantic-kernel/sprint11/implementation/funded-causal-r3/logs/03-print-axioms.stderr
 create mode 100644 review/semantic-kernel/sprint11/implementation/funded-causal-r3/logs/03-print-axioms.stdin
 create mode 100644 review/semantic-kernel/sprint11/implementation/funded-causal-r3/logs/03-print-axioms.stdout
 create mode 100644 review/semantic-kernel/sprint11/implementation/funded-causal-r3/logs/04-print-statements.cmd
 create mode 100644 review/semantic-kernel/sprint11/implementation/funded-causal-r3/logs/04-print-statements.cwd
 create mode 100644 review/semantic-kernel/sprint11/implementation/funded-causal-r3/logs/04-print-statements.meta
 create mode 100644 review/semantic-kernel/sprint11/implementation/funded-causal-r3/logs/04-print-statements.status
 create mode 100644 review/semantic-kernel/sprint11/implementation/funded-causal-r3/logs/04-print-statements.stderr
 create mode 100644 review/semantic-kernel/sprint11/implementation/funded-causal-r3/logs/04-print-statements.stdin
 create mode 100644 review/semantic-kernel/sprint11/implementation/funded-causal-r3/logs/04-print-statements.stdout
 create mode 100644 review/semantic-kernel/sprint11/implementation/funded-causal-r3/source-scan.txt
 create mode 100644 review/semantic-kernel/sprint11/implementation/funded-causal-r3/source-snapshot-before/FundedCausal.lean
 create mode 100644 review/semantic-kernel/sprint11/implementation/funded-causal-r3/source-snapshot/FundedCausal.lean
 create mode 100644 review/semantic-kernel/sprint11/implementation/funded-causal-r3/source-snapshot/FundedCausal.r2-to-r3.diff
 create mode 100644 review/semantic-kernel/sprint11/implementation/funded-causal-r3/statements.json
 create mode 100644 review/semantic-kernel/sprint11/implementation/funded-companions-r1/REPORT.md
 create mode 100644 review/semantic-kernel/sprint11/implementation/funded-companions-r1/compile-status.json
 create mode 100644 review/semantic-kernel/sprint11/implementation/funded-companions-r1/final-artifacts.json
 create mode 100644 review/semantic-kernel/sprint11/implementation/funded-companions-r1/hashes/declaration-index.txt
 create mode 100644 review/semantic-kernel/sprint11/implementation/funded-companions-r1/hashes/owned-module.sha256
 create mode 100644 review/semantic-kernel/sprint11/implementation/funded-companions-r1/hashes/source-hash-equality.txt
 create mode 100644 review/semantic-kernel/sprint11/implementation/funded-companions-r1/hashes/tools.txt
 create mode 100644 review/semantic-kernel/sprint11/implementation/funded-companions-r1/hashes/worktree-lean-sources-after.sha256
 create mode 100644 review/semantic-kernel/sprint11/implementation/funded-companions-r1/hashes/worktree-lean-sources-before.sha256
 create mode 100644 review/semantic-kernel/sprint11/implementation/funded-companions-r1/identity.json
 create mode 100644 review/semantic-kernel/sprint11/implementation/funded-companions-r1/logs/00-lake-build-FundedCompanions.cmd
 create mode 100644 review/semantic-kernel/sprint11/implementation/funded-companions-r1/logs/00-lake-build-FundedCompanions.cwd
 create mode 100644 review/semantic-kernel/sprint11/implementation/funded-companions-r1/logs/00-lake-build-FundedCompanions.status
 create mode 100644 review/semantic-kernel/sprint11/implementation/funded-companions-r1/logs/00-lake-build-FundedCompanions.stderr
 create mode 100644 review/semantic-kernel/sprint11/implementation/funded-companions-r1/logs/00-lake-build-FundedCompanions.stdout
 create mode 100644 review/semantic-kernel/sprint11/implementation/funded-companions-r1/logs/01-lake-build-FundedCompanions.cmd
 create mode 100644 review/semantic-kernel/sprint11/implementation/funded-companions-r1/logs/01-lake-build-FundedCompanions.cwd
 create mode 100644 review/semantic-kernel/sprint11/implementation/funded-companions-r1/logs/01-lake-build-FundedCompanions.status
 create mode 100644 review/semantic-kernel/sprint11/implementation/funded-companions-r1/logs/01-lake-build-FundedCompanions.stderr
 create mode 100644 review/semantic-kernel/sprint11/implementation/funded-companions-r1/logs/01-lake-build-FundedCompanions.stdout
 create mode 100644 review/semantic-kernel/sprint11/implementation/funded-companions-r1/logs/02-lake-build-FundedCompanions.cmd
 create mode 100644 review/semantic-kernel/sprint11/implementation/funded-companions-r1/logs/02-lake-build-FundedCompanions.cwd
 create mode 100644 review/semantic-kernel/sprint11/implementation/funded-companions-r1/logs/02-lake-build-FundedCompanions.status
 create mode 100644 review/semantic-kernel/sprint11/implementation/funded-companions-r1/logs/02-lake-build-FundedCompanions.stderr
 create mode 100644 review/semantic-kernel/sprint11/implementation/funded-companions-r1/logs/02-lake-build-FundedCompanions.stdout
 create mode 100644 review/semantic-kernel/sprint11/implementation/funded-companions-r1/logs/03-lake-build-FundedCompanions.cmd
 create mode 100644 review/semantic-kernel/sprint11/implementation/funded-companions-r1/logs/03-lake-build-FundedCompanions.cwd
 create mode 100644 review/semantic-kernel/sprint11/implementation/funded-companions-r1/logs/03-lake-build-FundedCompanions.status
 create mode 100644 review/semantic-kernel/sprint11/implementation/funded-companions-r1/logs/03-lake-build-FundedCompanions.stderr
 create mode 100644 review/semantic-kernel/sprint11/implementation/funded-companions-r1/logs/03-lake-build-FundedCompanions.stdout
 create mode 100644 review/semantic-kernel/sprint11/implementation/funded-companions-r1/logs/04-lake-env-lean-FundedCompanions.cmd
 create mode 100644 review/semantic-kernel/sprint11/implementation/funded-companions-r1/logs/04-lake-env-lean-FundedCompanions.cwd
 create mode 100644 review/semantic-kernel/sprint11/implementation/funded-companions-r1/logs/04-lake-env-lean-FundedCompanions.status
 create mode 100644 review/semantic-kernel/sprint11/implementation/funded-companions-r1/logs/04-lake-env-lean-FundedCompanions.stderr
 create mode 100644 review/semantic-kernel/sprint11/implementation/funded-companions-r1/logs/04-lake-env-lean-FundedCompanions.stdout
 create mode 100644 review/semantic-kernel/sprint11/implementation/funded-companions-r1/source-scan.txt
 create mode 100644 review/semantic-kernel/sprint11/implementation/funded-companions-r1/source-snapshot/FundedCompanions.lean
 create mode 100644 review/semantic-kernel/sprint11/implementation/funded-companions-r1/statements.json
 create mode 100644 review/semantic-kernel/sprint11/implementation/funded-enabledness-r1/hashes-before-sync.json
 create mode 100644 review/semantic-kernel/sprint11/implementation/funded-enabledness-r1/hashes/declaration-index.txt
 create mode 100644 review/semantic-kernel/sprint11/implementation/funded-enabledness-r1/hashes/frozen-files-diff.txt
 create mode 100644 review/semantic-kernel/sprint11/implementation/funded-enabledness-r1/hashes/git-status-owned.txt
 create mode 100644 review/semantic-kernel/sprint11/implementation/funded-enabledness-r1/hashes/head.txt
 create mode 100644 review/semantic-kernel/sprint11/implementation/funded-enabledness-r1/hashes/owned-module-bytes.txt
 create mode 100644 review/semantic-kernel/sprint11/implementation/funded-enabledness-r1/hashes/owned-module-worktree-and-cache.sha256
 create mode 100644 review/semantic-kernel/sprint11/implementation/funded-enabledness-r1/hashes/print-axioms.txt
 create mode 100644 review/semantic-kernel/sprint11/implementation/funded-enabledness-r1/hashes/private-cache-module.sha256
 create mode 100644 review/semantic-kernel/sprint11/implementation/funded-enabledness-r1/hashes/tools.txt
 create mode 100644 review/semantic-kernel/sprint11/implementation/funded-enabledness-r1/print-axioms.lean
 create mode 100644 review/semantic-kernel/sprint11/implementation/funded-enabledness-r1/probes/01-prepare-producer.status
 create mode 100644 review/semantic-kernel/sprint11/implementation/funded-enabledness-r1/probes/01-prepare-producer.stderr
 create mode 100644 review/semantic-kernel/sprint11/implementation/funded-enabledness-r1/probes/01-prepare-producer.stdout
 create mode 100644 review/semantic-kernel/sprint11/implementation/funded-enabledness-r1/probes/02-producer-enabled.status
 create mode 100644 review/semantic-kernel/sprint11/implementation/funded-enabledness-r1/probes/02-producer-enabled.stderr
 create mode 100644 review/semantic-kernel/sprint11/implementation/funded-enabledness-r1/probes/02-producer-enabled.stdout
 create mode 100644 review/semantic-kernel/sprint11/implementation/funded-enabledness-r1/probes/03-producer-valid.status
 create mode 100644 review/semantic-kernel/sprint11/implementation/funded-enabledness-r1/probes/03-producer-valid.stderr
 create mode 100644 review/semantic-kernel/sprint11/implementation/funded-enabledness-r1/probes/03-producer-valid.stdout
 create mode 100644 review/semantic-kernel/sprint11/implementation/funded-enabledness-r1/probes/04-producer-enabled.status
 create mode 100644 review/semantic-kernel/sprint11/implementation/funded-enabledness-r1/probes/04-producer-enabled.stderr
 create mode 100644 review/semantic-kernel/sprint11/implementation/funded-enabledness-r1/probes/04-producer-enabled.stdout
 create mode 100644 review/semantic-kernel/sprint11/implementation/funded-enabledness-r1/probes/05-producer-enabled.status
 create mode 100644 review/semantic-kernel/sprint11/implementation/funded-enabledness-r1/probes/05-producer-enabled.stderr
 create mode 100644 review/semantic-kernel/sprint11/implementation/funded-enabledness-r1/probes/05-producer-enabled.stdout
 create mode 100644 review/semantic-kernel/sprint11/implementation/funded-enabledness-r1/probes/06-consumer-guard.status
 create mode 100644 review/semantic-kernel/sprint11/implementation/funded-enabledness-r1/probes/06-consumer-guard.stderr
 create mode 100644 review/semantic-kernel/sprint11/implementation/funded-enabledness-r1/probes/06-consumer-guard.stdout
 create mode 100644 review/semantic-kernel/sprint11/implementation/funded-enabledness-r1/probes/07-consumer-guard.status
 create mode 100644 review/semantic-kernel/sprint11/implementation/funded-enabledness-r1/probes/07-consumer-guard.stderr
 create mode 100644 review/semantic-kernel/sprint11/implementation/funded-enabledness-r1/probes/07-consumer-guard.stdout
 create mode 100644 review/semantic-kernel/sprint11/implementation/funded-enabledness-r1/probes/08-consumer-guard-sync.cmd
 create mode 100644 review/semantic-kernel/sprint11/implementation/funded-enabledness-r1/probes/08-consumer-guard-sync.cwd
 create mode 100644 review/semantic-kernel/sprint11/implementation/funded-enabledness-r1/probes/08-consumer-guard-sync.status
 create mode 100644 review/semantic-kernel/sprint11/implementation/funded-enabledness-r1/probes/08-consumer-guard-sync.stderr
 create mode 100644 review/semantic-kernel/sprint11/implementation/funded-enabledness-r1/probes/08-consumer-guard-sync.stdout
 create mode 100644 review/semantic-kernel/sprint11/implementation/funded-enabledness-r1/probes/08-consumer-guard.cmd
 create mode 100644 review/semantic-kernel/sprint11/implementation/funded-enabledness-r1/probes/08-consumer-guard.cwd
 create mode 100644 review/semantic-kernel/sprint11/implementation/funded-enabledness-r1/probes/08-consumer-guard.status
 create mode 100644 review/semantic-kernel/sprint11/implementation/funded-enabledness-r1/probes/08-consumer-guard.stderr
 create mode 100644 review/semantic-kernel/sprint11/implementation/funded-enabledness-r1/probes/08-consumer-guard.stdout
 create mode 100644 review/semantic-kernel/sprint11/implementation/funded-enabledness-r1/probes/09-consumer-guard-sync.cmd
 create mode 100644 review/semantic-kernel/sprint11/implementation/funded-enabledness-r1/probes/09-consumer-guard-sync.cwd
 create mode 100644 review/semantic-kernel/sprint11/implementation/funded-enabledness-r1/probes/09-consumer-guard-sync.status
 create mode 100644 review/semantic-kernel/sprint11/implementation/funded-enabledness-r1/probes/09-consumer-guard-sync.stderr
 create mode 100644 review/semantic-kernel/sprint11/implementation/funded-enabledness-r1/probes/09-consumer-guard-sync.stdout
 create mode 100644 review/semantic-kernel/sprint11/implementation/funded-enabledness-r1/probes/09-consumer-guard.cmd
 create mode 100644 review/semantic-kernel/sprint11/implementation/funded-enabledness-r1/probes/09-consumer-guard.cwd
 create mode 100644 review/semantic-kernel/sprint11/implementation/funded-enabledness-r1/probes/09-consumer-guard.status
 create mode 100644 review/semantic-kernel/sprint11/implementation/funded-enabledness-r1/probes/09-consumer-guard.stderr
 create mode 100644 review/semantic-kernel/sprint11/implementation/funded-enabledness-r1/probes/09-consumer-guard.stdout
 create mode 100644 review/semantic-kernel/sprint11/implementation/funded-enabledness-r1/probes/10-consumer-guard-sync.cmd
 create mode 100644 review/semantic-kernel/sprint11/implementation/funded-enabledness-r1/probes/10-consumer-guard-sync.cwd
 create mode 100644 review/semantic-kernel/sprint11/implementation/funded-enabledness-r1/probes/10-consumer-guard-sync.status
 create mode 100644 review/semantic-kernel/sprint11/implementation/funded-enabledness-r1/probes/10-consumer-guard-sync.stderr
 create mode 100644 review/semantic-kernel/sprint11/implementation/funded-enabledness-r1/probes/10-consumer-guard-sync.stdout
 create mode 100644 review/semantic-kernel/sprint11/implementation/funded-enabledness-r1/probes/10-consumer-guard.cmd
 create mode 100644 review/semantic-kernel/sprint11/implementation/funded-enabledness-r1/probes/10-consumer-guard.cwd
 create mode 100644 review/semantic-kernel/sprint11/implementation/funded-enabledness-r1/probes/10-consumer-guard.status
 create mode 100644 review/semantic-kernel/sprint11/implementation/funded-enabledness-r1/probes/10-consumer-guard.stderr
 create mode 100644 review/semantic-kernel/sprint11/implementation/funded-enabledness-r1/probes/10-consumer-guard.stdout
 create mode 100644 review/semantic-kernel/sprint11/implementation/funded-enabledness-r1/probes/11-consumer-guard-sync.cmd
 create mode 100644 review/semantic-kernel/sprint11/implementation/funded-enabledness-r1/probes/11-consumer-guard-sync.cwd
 create mode 100644 review/semantic-kernel/sprint11/implementation/funded-enabledness-r1/probes/11-consumer-guard-sync.status
 create mode 100644 review/semantic-kernel/sprint11/implementation/funded-enabledness-r1/probes/11-consumer-guard-sync.stderr
 create mode 100644 review/semantic-kernel/sprint11/implementation/funded-enabledness-r1/probes/11-consumer-guard-sync.stdout
 create mode 100644 review/semantic-kernel/sprint11/implementation/funded-enabledness-r1/probes/11-consumer-guard.cmd
 create mode 100644 review/semantic-kernel/sprint11/implementation/funded-enabledness-r1/probes/11-consumer-guard.cwd
 create mode 100644 review/semantic-kernel/sprint11/implementation/funded-enabledness-r1/probes/11-consumer-guard.status
 create mode 100644 review/semantic-kernel/sprint11/implementation/funded-enabledness-r1/probes/11-consumer-guard.stderr
 create mode 100644 review/semantic-kernel/sprint11/implementation/funded-enabledness-r1/probes/11-consumer-guard.stdout
 create mode 100644 review/semantic-kernel/sprint11/implementation/funded-enabledness-r1/probes/12-consumer-guard-sync.cmd
 create mode 100644 review/semantic-kernel/sprint11/implementation/funded-enabledness-r1/probes/12-consumer-guard-sync.cwd
 create mode 100644 review/semantic-kernel/sprint11/implementation/funded-enabledness-r1/probes/12-consumer-guard-sync.status
 create mode 100644 review/semantic-kernel/sprint11/implementation/funded-enabledness-r1/probes/12-consumer-guard-sync.stderr
 create mode 100644 review/semantic-kernel/sprint11/implementation/funded-enabledness-r1/probes/12-consumer-guard-sync.stdout
 create mode 100644 review/semantic-kernel/sprint11/implementation/funded-enabledness-r1/probes/12-consumer-guard.cmd
 create mode 100644 review/semantic-kernel/sprint11/implementation/funded-enabledness-r1/probes/12-consumer-guard.cwd
 create mode 100644 review/semantic-kernel/sprint11/implementation/funded-enabledness-r1/probes/12-consumer-guard.status
 create mode 100644 review/semantic-kernel/sprint11/implementation/funded-enabledness-r1/probes/12-consumer-guard.stderr
 create mode 100644 review/semantic-kernel/sprint11/implementation/funded-enabledness-r1/probes/12-consumer-guard.stdout
 create mode 100644 review/semantic-kernel/sprint11/implementation/funded-enabledness-r1/probes/13-consumer-guard-sync.cmd
 create mode 100644 review/semantic-kernel/sprint11/implementation/funded-enabledness-r1/probes/13-consumer-guard-sync.cwd
 create mode 100644 review/semantic-kernel/sprint11/implementation/funded-enabledness-r1/probes/13-consumer-guard-sync.status
 create mode 100644 review/semantic-kernel/sprint11/implementation/funded-enabledness-r1/probes/13-consumer-guard-sync.stderr
 create mode 100644 review/semantic-kernel/sprint11/implementation/funded-enabledness-r1/probes/13-consumer-guard-sync.stdout
 create mode 100644 review/semantic-kernel/sprint11/implementation/funded-enabledness-r1/probes/13-consumer-guard.cmd
 create mode 100644 review/semantic-kernel/sprint11/implementation/funded-enabledness-r1/probes/13-consumer-guard.cwd
 create mode 100644 review/semantic-kernel/sprint11/implementation/funded-enabledness-r1/probes/13-consumer-guard.status
 create mode 100644 review/semantic-kernel/sprint11/implementation/funded-enabledness-r1/probes/13-consumer-guard.stderr
 create mode 100644 review/semantic-kernel/sprint11/implementation/funded-enabledness-r1/probes/13-consumer-guard.stdout
 create mode 100644 review/semantic-kernel/sprint11/implementation/funded-enabledness-r1/probes/14-consumer-enabled-sync.cmd
 create mode 100644 review/semantic-kernel/sprint11/implementation/funded-enabledness-r1/probes/14-consumer-enabled-sync.cwd
 create mode 100644 review/semantic-kernel/sprint11/implementation/funded-enabledness-r1/probes/14-consumer-enabled-sync.status
 create mode 100644 review/semantic-kernel/sprint11/implementation/funded-enabledness-r1/probes/14-consumer-enabled-sync.stderr
 create mode 100644 review/semantic-kernel/sprint11/implementation/funded-enabledness-r1/probes/14-consumer-enabled-sync.stdout
 create mode 100644 review/semantic-kernel/sprint11/implementation/funded-enabledness-r1/probes/14-consumer-enabled.cmd
 create mode 100644 review/semantic-kernel/sprint11/implementation/funded-enabledness-r1/probes/14-consumer-enabled.cwd
 create mode 100644 review/semantic-kernel/sprint11/implementation/funded-enabledness-r1/probes/14-consumer-enabled.status
 create mode 100644 review/semantic-kernel/sprint11/implementation/funded-enabledness-r1/probes/14-consumer-enabled.stderr
 create mode 100644 review/semantic-kernel/sprint11/implementation/funded-enabledness-r1/probes/14-consumer-enabled.stdout
 create mode 100644 review/semantic-kernel/sprint11/implementation/funded-enabledness-r1/probes/15-consumer-evaluate-sync.cmd
 create mode 100644 review/semantic-kernel/sprint11/implementation/funded-enabledness-r1/probes/15-consumer-evaluate-sync.cwd
 create mode 100644 review/semantic-kernel/sprint11/implementation/funded-enabledness-r1/probes/15-consumer-evaluate-sync.status
 create mode 100644 review/semantic-kernel/sprint11/implementation/funded-enabledness-r1/probes/15-consumer-evaluate-sync.stderr
 create mode 100644 review/semantic-kernel/sprint11/implementation/funded-enabledness-r1/probes/15-consumer-evaluate-sync.stdout
 create mode 100644 review/semantic-kernel/sprint11/implementation/funded-enabledness-r1/probes/15-consumer-evaluate.cmd
 create mode 100644 review/semantic-kernel/sprint11/implementation/funded-enabledness-r1/probes/15-consumer-evaluate.cwd
 create mode 100644 review/semantic-kernel/sprint11/implementation/funded-enabledness-r1/probes/15-consumer-evaluate.status
 create mode 100644 review/semantic-kernel/sprint11/implementation/funded-enabledness-r1/probes/15-consumer-evaluate.stderr
 create mode 100644 review/semantic-kernel/sprint11/implementation/funded-enabledness-r1/probes/15-consumer-evaluate.stdout
 create mode 100644 review/semantic-kernel/sprint11/implementation/funded-enabledness-r1/probes/16-consumer-evaluate-sync.cmd
 create mode 100644 review/semantic-kernel/sprint11/implementation/funded-enabledness-r1/probes/16-consumer-evaluate-sync.cwd
 create mode 100644 review/semantic-kernel/sprint11/implementation/funded-enabledness-r1/probes/16-consumer-evaluate-sync.status
 create mode 100644 review/semantic-kernel/sprint11/implementation/funded-enabledness-r1/probes/16-consumer-evaluate-sync.stderr
 create mode 100644 review/semantic-kernel/sprint11/implementation/funded-enabledness-r1/probes/16-consumer-evaluate-sync.stdout
 create mode 100644 review/semantic-kernel/sprint11/implementation/funded-enabledness-r1/probes/16-consumer-evaluate.cmd
 create mode 100644 review/semantic-kernel/sprint11/implementation/funded-enabledness-r1/probes/16-consumer-evaluate.cwd
 create mode 100644 review/semantic-kernel/sprint11/implementation/funded-enabledness-r1/probes/16-consumer-evaluate.status
 create mode 100644 review/semantic-kernel/sprint11/implementation/funded-enabledness-r1/probes/16-consumer-evaluate.stderr
 create mode 100644 review/semantic-kernel/sprint11/implementation/funded-enabledness-r1/probes/16-consumer-evaluate.stdout
 create mode 100644 review/semantic-kernel/sprint11/implementation/funded-enabledness-r1/probes/17-consumer-ctx-sync.cmd
 create mode 100644 review/semantic-kernel/sprint11/implementation/funded-enabledness-r1/probes/17-consumer-ctx-sync.cwd
 create mode 100644 review/semantic-kernel/sprint11/implementation/funded-enabledness-r1/probes/17-consumer-ctx-sync.status
 create mode 100644 review/semantic-kernel/sprint11/implementation/funded-enabledness-r1/probes/17-consumer-ctx-sync.stderr
 create mode 100644 review/semantic-kernel/sprint11/implementation/funded-enabledness-r1/probes/17-consumer-ctx-sync.stdout
 create mode 100644 review/semantic-kernel/sprint11/implementation/funded-enabledness-r1/probes/17-consumer-ctx.cmd
 create mode 100644 review/semantic-kernel/sprint11/implementation/funded-enabledness-r1/probes/17-consumer-ctx.cwd
 create mode 100644 review/semantic-kernel/sprint11/implementation/funded-enabledness-r1/probes/17-consumer-ctx.status
 create mode 100644 review/semantic-kernel/sprint11/implementation/funded-enabledness-r1/probes/17-consumer-ctx.stderr
 create mode 100644 review/semantic-kernel/sprint11/implementation/funded-enabledness-r1/probes/17-consumer-ctx.stdout
 create mode 100644 review/semantic-kernel/sprint11/implementation/funded-enabledness-r1/probes/18-consumer-evaluate-sync.cmd
 create mode 100644 review/semantic-kernel/sprint11/implementation/funded-enabledness-r1/probes/18-consumer-evaluate-sync.cwd
 create mode 100644 review/semantic-kernel/sprint11/implementation/funded-enabledness-r1/probes/18-consumer-evaluate-sync.status
 create mode 100644 review/semantic-kernel/sprint11/implementation/funded-enabledness-r1/probes/18-consumer-evaluate-sync.stderr
 create mode 100644 review/semantic-kernel/sprint11/implementation/funded-enabledness-r1/probes/18-consumer-evaluate-sync.stdout
 create mode 100644 review/semantic-kernel/sprint11/implementation/funded-enabledness-r1/probes/18-consumer-evaluate.cmd
 create mode 100644 review/semantic-kernel/sprint11/implementation/funded-enabledness-r1/probes/18-consumer-evaluate.cwd
 create mode 100644 review/semantic-kernel/sprint11/implementation/funded-enabledness-r1/probes/18-consumer-evaluate.status
 create mode 100644 review/semantic-kernel/sprint11/implementation/funded-enabledness-r1/probes/18-consumer-evaluate.stderr
 create mode 100644 review/semantic-kernel/sprint11/implementation/funded-enabledness-r1/probes/18-consumer-evaluate.stdout
 create mode 100644 review/semantic-kernel/sprint11/implementation/funded-enabledness-r1/probes/19-consumer-no-unfold-sync.cmd
 create mode 100644 review/semantic-kernel/sprint11/implementation/funded-enabledness-r1/probes/19-consumer-no-unfold-sync.cwd
 create mode 100644 review/semantic-kernel/sprint11/implementation/funded-enabledness-r1/probes/19-consumer-no-unfold-sync.status
 create mode 100644 review/semantic-kernel/sprint11/implementation/funded-enabledness-r1/probes/19-consumer-no-unfold-sync.stderr
 create mode 100644 review/semantic-kernel/sprint11/implementation/funded-enabledness-r1/probes/19-consumer-no-unfold-sync.stdout
 create mode 100644 review/semantic-kernel/sprint11/implementation/funded-enabledness-r1/probes/19-consumer-no-unfold.cmd
 create mode 100644 review/semantic-kernel/sprint11/implementation/funded-enabledness-r1/probes/19-consumer-no-unfold.cwd
 create mode 100644 review/semantic-kernel/sprint11/implementation/funded-enabledness-r1/probes/19-consumer-no-unfold.status
 create mode 100644 review/semantic-kernel/sprint11/implementation/funded-enabledness-r1/probes/19-consumer-no-unfold.stderr
 create mode 100644 review/semantic-kernel/sprint11/implementation/funded-enabledness-r1/probes/19-consumer-no-unfold.stdout
 create mode 100644 review/semantic-kernel/sprint11/implementation/funded-enabledness-r1/probes/20-consumer-delta-ctx-sync.cmd
 create mode 100644 review/semantic-kernel/sprint11/implementation/funded-enabledness-r1/probes/20-consumer-delta-ctx-sync.cwd
 create mode 100644 review/semantic-kernel/sprint11/implementation/funded-enabledness-r1/probes/20-consumer-delta-ctx-sync.status
 create mode 100644 review/semantic-kernel/sprint11/implementation/funded-enabledness-r1/probes/20-consumer-delta-ctx-sync.stderr
 create mode 100644 review/semantic-kernel/sprint11/implementation/funded-enabledness-r1/probes/20-consumer-delta-ctx-sync.stdout
 create mode 100644 review/semantic-kernel/sprint11/implementation/funded-enabledness-r1/probes/20-consumer-delta-ctx.cmd
 create mode 100644 review/semantic-kernel/sprint11/implementation/funded-enabledness-r1/probes/20-consumer-delta-ctx.cwd
 create mode 100644 review/semantic-kernel/sprint11/implementation/funded-enabledness-r1/probes/20-consumer-delta-ctx.status
 create mode 100644 review/semantic-kernel/sprint11/implementation/funded-enabledness-r1/probes/20-consumer-delta-ctx.stderr
 create mode 100644 review/semantic-kernel/sprint11/implementation/funded-enabledness-r1/probes/20-consumer-delta-ctx.stdout
 create mode 100644 review/semantic-kernel/sprint11/implementation/funded-enabledness-r1/probes/21-consumer-delta-simp-sync.cmd
 create mode 100644 review/semantic-kernel/sprint11/implementation/funded-enabledness-r1/probes/21-consumer-delta-simp-sync.cwd
 create mode 100644 review/semantic-kernel/sprint11/implementation/funded-enabledness-r1/probes/21-consumer-delta-simp-sync.status
 create mode 100644 review/semantic-kernel/sprint11/implementation/funded-enabledness-r1/probes/21-consumer-delta-simp-sync.stderr
 create mode 100644 review/semantic-kernel/sprint11/implementation/funded-enabledness-r1/probes/21-consumer-delta-simp-sync.stdout
 create mode 100644 review/semantic-kernel/sprint11/implementation/funded-enabledness-r1/probes/21-consumer-delta-simp.cmd
 create mode 100644 review/semantic-kernel/sprint11/implementation/funded-enabledness-r1/probes/21-consumer-delta-simp.cwd
 create mode 100644 review/semantic-kernel/sprint11/implementation/funded-enabledness-r1/probes/21-consumer-delta-simp.status
 create mode 100644 review/semantic-kernel/sprint11/implementation/funded-enabledness-r1/probes/21-consumer-delta-simp.stderr
 create mode 100644 review/semantic-kernel/sprint11/implementation/funded-enabledness-r1/probes/21-consumer-delta-simp.stdout
 create mode 100644 review/semantic-kernel/sprint11/implementation/funded-enabledness-r1/probes/22-consumer-delta-match-sync.cmd
 create mode 100644 review/semantic-kernel/sprint11/implementation/funded-enabledness-r1/probes/22-consumer-delta-match-sync.cwd
 create mode 100644 review/semantic-kernel/sprint11/implementation/funded-enabledness-r1/probes/22-consumer-delta-match-sync.status
 create mode 100644 review/semantic-kernel/sprint11/implementation/funded-enabledness-r1/probes/22-consumer-delta-match-sync.stderr
 create mode 100644 review/semantic-kernel/sprint11/implementation/funded-enabledness-r1/probes/22-consumer-delta-match-sync.stdout
 create mode 100644 review/semantic-kernel/sprint11/implementation/funded-enabledness-r1/probes/22-consumer-delta-match.cmd
 create mode 100644 review/semantic-kernel/sprint11/implementation/funded-enabledness-r1/probes/22-consumer-delta-match.cwd
 create mode 100644 review/semantic-kernel/sprint11/implementation/funded-enabledness-r1/probes/22-consumer-delta-match.status
 create mode 100644 review/semantic-kernel/sprint11/implementation/funded-enabledness-r1/probes/22-consumer-delta-match.stderr
 create mode 100644 review/semantic-kernel/sprint11/implementation/funded-enabledness-r1/probes/22-consumer-delta-match.stdout
 create mode 100644 review/semantic-kernel/sprint11/implementation/funded-enabledness-r1/probes/23-consumer-delta-simp-match-sync.cmd
 create mode 100644 review/semantic-kernel/sprint11/implementation/funded-enabledness-r1/probes/23-consumer-delta-simp-match-sync.cwd
 create mode 100644 review/semantic-kernel/sprint11/implementation/funded-enabledness-r1/probes/23-consumer-delta-simp-match-sync.status
 create mode 100644 review/semantic-kernel/sprint11/implementation/funded-enabledness-r1/probes/23-consumer-delta-simp-match-sync.stderr
 create mode 100644 review/semantic-kernel/sprint11/implementation/funded-enabledness-r1/probes/23-consumer-delta-simp-match-sync.stdout
 create mode 100644 review/semantic-kernel/sprint11/implementation/funded-enabledness-r1/probes/23-consumer-delta-simp-match.cmd
 create mode 100644 review/semantic-kernel/sprint11/implementation/funded-enabledness-r1/probes/23-consumer-delta-simp-match.cwd
 create mode 100644 review/semantic-kernel/sprint11/implementation/funded-enabledness-r1/probes/23-consumer-delta-simp-match.status
 create mode 100644 review/semantic-kernel/sprint11/implementation/funded-enabledness-r1/probes/23-consumer-delta-simp-match.stderr
 create mode 100644 review/semantic-kernel/sprint11/implementation/funded-enabledness-r1/probes/23-consumer-delta-simp-match.stdout
 create mode 100644 review/semantic-kernel/sprint11/implementation/funded-enabledness-r1/probes/24-consumer-inline-delta-sync.cmd
 create mode 100644 review/semantic-kernel/sprint11/implementation/funded-enabledness-r1/probes/24-consumer-inline-delta-sync.cwd
 create mode 100644 review/semantic-kernel/sprint11/implementation/funded-enabledness-r1/probes/24-consumer-inline-delta-sync.status
 create mode 100644 review/semantic-kernel/sprint11/implementation/funded-enabledness-r1/probes/24-consumer-inline-delta-sync.stderr
 create mode 100644 review/semantic-kernel/sprint11/implementation/funded-enabledness-r1/probes/24-consumer-inline-delta-sync.stdout
 create mode 100644 review/semantic-kernel/sprint11/implementation/funded-enabledness-r1/probes/24-consumer-inline-delta.cmd
 create mode 100644 review/semantic-kernel/sprint11/implementation/funded-enabledness-r1/probes/24-consumer-inline-delta.cwd
 create mode 100644 review/semantic-kernel/sprint11/implementation/funded-enabledness-r1/probes/24-consumer-inline-delta.status
 create mode 100644 review/semantic-kernel/sprint11/implementation/funded-enabledness-r1/probes/24-consumer-inline-delta.stderr
 create mode 100644 review/semantic-kernel/sprint11/implementation/funded-enabledness-r1/probes/24-consumer-inline-delta.stdout
 create mode 100644 review/semantic-kernel/sprint11/implementation/funded-enabledness-r1/probes/25-consumer-envreads-sync.cmd
 create mode 100644 review/semantic-kernel/sprint11/implementation/funded-enabledness-r1/probes/25-consumer-envreads-sync.cwd
 create mode 100644 review/semantic-kernel/sprint11/implementation/funded-enabledness-r1/probes/25-consumer-envreads-sync.status
 create mode 100644 review/semantic-kernel/sprint11/implementation/funded-enabledness-r1/probes/25-consumer-envreads-sync.stderr
 create mode 100644 review/semantic-kernel/sprint11/implementation/funded-enabledness-r1/probes/25-consumer-envreads-sync.stdout
 create mode 100644 review/semantic-kernel/sprint11/implementation/funded-enabledness-r1/probes/25-consumer-envreads.cmd
 create mode 100644 review/semantic-kernel/sprint11/implementation/funded-enabledness-r1/probes/25-consumer-envreads.cwd
 create mode 100644 review/semantic-kernel/sprint11/implementation/funded-enabledness-r1/probes/25-consumer-envreads.status
 create mode 100644 review/semantic-kernel/sprint11/implementation/funded-enabledness-r1/probes/25-consumer-envreads.stderr
 create mode 100644 review/semantic-kernel/sprint11/implementation/funded-enabledness-r1/probes/25-consumer-envreads.stdout
 create mode 100644 review/semantic-kernel/sprint11/implementation/funded-enabledness-r1/probes/26-consumer-andbool-env-sync.cmd
 create mode 100644 review/semantic-kernel/sprint11/implementation/funded-enabledness-r1/probes/26-consumer-andbool-env-sync.cwd
 create mode 100644 review/semantic-kernel/sprint11/implementation/funded-enabledness-r1/probes/26-consumer-andbool-env-sync.status
 create mode 100644 review/semantic-kernel/sprint11/implementation/funded-enabledness-r1/probes/26-consumer-andbool-env-sync.stderr
 create mode 100644 review/semantic-kernel/sprint11/implementation/funded-enabledness-r1/probes/26-consumer-andbool-env-sync.stdout
 create mode 100644 review/semantic-kernel/sprint11/implementation/funded-enabledness-r1/probes/26-consumer-andbool-env.cmd
 create mode 100644 review/semantic-kernel/sprint11/implementation/funded-enabledness-r1/probes/26-consumer-andbool-env.cwd
 create mode 100644 review/semantic-kernel/sprint11/implementation/funded-enabledness-r1/probes/26-consumer-andbool-env.status
 create mode 100644 review/semantic-kernel/sprint11/implementation/funded-enabledness-r1/probes/26-consumer-andbool-env.stderr
 create mode 100644 review/semantic-kernel/sprint11/implementation/funded-enabledness-r1/probes/26-consumer-andbool-env.stdout
 create mode 100644 review/semantic-kernel/sprint11/implementation/funded-enabledness-r1/probes/27-deposits-sync.cmd
 create mode 100644 review/semantic-kernel/sprint11/implementation/funded-enabledness-r1/probes/27-deposits-sync.cwd
 create mode 100644 review/semantic-kernel/sprint11/implementation/funded-enabledness-r1/probes/27-deposits-sync.status
 create mode 100644 review/semantic-kernel/sprint11/implementation/funded-enabledness-r1/probes/27-deposits-sync.stderr
 create mode 100644 review/semantic-kernel/sprint11/implementation/funded-enabledness-r1/probes/27-deposits-sync.stdout
 create mode 100644 review/semantic-kernel/sprint11/implementation/funded-enabledness-r1/probes/27-deposits.cmd
 create mode 100644 review/semantic-kernel/sprint11/implementation/funded-enabledness-r1/probes/27-deposits.cwd
 create mode 100644 review/semantic-kernel/sprint11/implementation/funded-enabledness-r1/probes/27-deposits.status
 create mode 100644 review/semantic-kernel/sprint11/implementation/funded-enabledness-r1/probes/27-deposits.stderr
 create mode 100644 review/semantic-kernel/sprint11/implementation/funded-enabledness-r1/probes/27-deposits.stdout
 create mode 100644 review/semantic-kernel/sprint11/implementation/funded-enabledness-r1/probes/28-deposits-sync.cmd
 create mode 100644 review/semantic-kernel/sprint11/implementation/funded-enabledness-r1/probes/28-deposits-sync.cwd
 create mode 100644 review/semantic-kernel/sprint11/implementation/funded-enabledness-r1/probes/28-deposits-sync.status
 create mode 100644 review/semantic-kernel/sprint11/implementation/funded-enabledness-r1/probes/28-deposits-sync.stderr
 create mode 100644 review/semantic-kernel/sprint11/implementation/funded-enabledness-r1/probes/28-deposits-sync.stdout
 create mode 100644 review/semantic-kernel/sprint11/implementation/funded-enabledness-r1/probes/28-deposits.cmd
 create mode 100644 review/semantic-kernel/sprint11/implementation/funded-enabledness-r1/probes/28-deposits.cwd
 create mode 100644 review/semantic-kernel/sprint11/implementation/funded-enabledness-r1/probes/28-deposits.status
 create mode 100644 review/semantic-kernel/sprint11/implementation/funded-enabledness-r1/probes/28-deposits.stderr
 create mode 100644 review/semantic-kernel/sprint11/implementation/funded-enabledness-r1/probes/28-deposits.stdout
 create mode 100644 review/semantic-kernel/sprint11/implementation/funded-enabledness-r1/probes/29-deposits-sync.cmd
 create mode 100644 review/semantic-kernel/sprint11/implementation/funded-enabledness-r1/probes/29-deposits-sync.cwd
 create mode 100644 review/semantic-kernel/sprint11/implementation/funded-enabledness-r1/probes/29-deposits-sync.status
 create mode 100644 review/semantic-kernel/sprint11/implementation/funded-enabledness-r1/probes/29-deposits-sync.stderr
 create mode 100644 review/semantic-kernel/sprint11/implementation/funded-enabledness-r1/probes/29-deposits-sync.stdout
 create mode 100644 review/semantic-kernel/sprint11/implementation/funded-enabledness-r1/probes/29-deposits.cmd
 create mode 100644 review/semantic-kernel/sprint11/implementation/funded-enabledness-r1/probes/29-deposits.cwd
 create mode 100644 review/semantic-kernel/sprint11/implementation/funded-enabledness-r1/probes/29-deposits.status
 create mode 100644 review/semantic-kernel/sprint11/implementation/funded-enabledness-r1/probes/29-deposits.stderr
 create mode 100644 review/semantic-kernel/sprint11/implementation/funded-enabledness-r1/probes/29-deposits.stdout
 create mode 100644 review/semantic-kernel/sprint11/implementation/funded-enabledness-r1/probes/30-deposits-sync.cmd
 create mode 100644 review/semantic-kernel/sprint11/implementation/funded-enabledness-r1/probes/30-deposits-sync.cwd
 create mode 100644 review/semantic-kernel/sprint11/implementation/funded-enabledness-r1/probes/30-deposits-sync.status
 create mode 100644 review/semantic-kernel/sprint11/implementation/funded-enabledness-r1/probes/30-deposits-sync.stderr
 create mode 100644 review/semantic-kernel/sprint11/implementation/funded-enabledness-r1/probes/30-deposits-sync.stdout
 create mode 100644 review/semantic-kernel/sprint11/implementation/funded-enabledness-r1/probes/30-deposits.cmd
 create mode 100644 review/semantic-kernel/sprint11/implementation/funded-enabledness-r1/probes/30-deposits.cwd
 create mode 100644 review/semantic-kernel/sprint11/implementation/funded-enabledness-r1/probes/30-deposits.status
 create mode 100644 review/semantic-kernel/sprint11/implementation/funded-enabledness-r1/probes/30-deposits.stderr
 create mode 100644 review/semantic-kernel/sprint11/implementation/funded-enabledness-r1/probes/30-deposits.stdout
 create mode 100644 review/semantic-kernel/sprint11/implementation/funded-enabledness-r1/probes/31-deposits-sync.cmd
 create mode 100644 review/semantic-kernel/sprint11/implementation/funded-enabledness-r1/probes/31-deposits-sync.cwd
 create mode 100644 review/semantic-kernel/sprint11/implementation/funded-enabledness-r1/probes/31-deposits-sync.status
 create mode 100644 review/semantic-kernel/sprint11/implementation/funded-enabledness-r1/probes/31-deposits-sync.stderr
 create mode 100644 review/semantic-kernel/sprint11/implementation/funded-enabledness-r1/probes/31-deposits-sync.stdout
 create mode 100644 review/semantic-kernel/sprint11/implementation/funded-enabledness-r1/probes/31-deposits.cmd
 create mode 100644 review/semantic-kernel/sprint11/implementation/funded-enabledness-r1/probes/31-deposits.cwd
 create mode 100644 review/semantic-kernel/sprint11/implementation/funded-enabledness-r1/probes/31-deposits.status
 create mode 100644 review/semantic-kernel/sprint11/implementation/funded-enabledness-r1/probes/31-deposits.stderr
 create mode 100644 review/semantic-kernel/sprint11/implementation/funded-enabledness-r1/probes/31-deposits.stdout
 create mode 100644 review/semantic-kernel/sprint11/implementation/funded-enabledness-r1/probes/32-deposits-sync.cmd
 create mode 100644 review/semantic-kernel/sprint11/implementation/funded-enabledness-r1/probes/32-deposits-sync.cwd
 create mode 100644 review/semantic-kernel/sprint11/implementation/funded-enabledness-r1/probes/32-deposits-sync.status
 create mode 100644 review/semantic-kernel/sprint11/implementation/funded-enabledness-r1/probes/32-deposits-sync.stderr
 create mode 100644 review/semantic-kernel/sprint11/implementation/funded-enabledness-r1/probes/32-deposits-sync.stdout
 create mode 100644 review/semantic-kernel/sprint11/implementation/funded-enabledness-r1/probes/32-deposits.cmd
 create mode 100644 review/semantic-kernel/sprint11/implementation/funded-enabledness-r1/probes/32-deposits.cwd
 create mode 100644 review/semantic-kernel/sprint11/implementation/funded-enabledness-r1/probes/32-deposits.status
 create mode 100644 review/semantic-kernel/sprint11/implementation/funded-enabledness-r1/probes/32-deposits.stderr
 create mode 100644 review/semantic-kernel/sprint11/implementation/funded-enabledness-r1/probes/32-deposits.stdout
 create mode 100644 review/semantic-kernel/sprint11/implementation/funded-enabledness-r1/probes/33-final-sync.cmd
 create mode 100644 review/semantic-kernel/sprint11/implementation/funded-enabledness-r1/probes/33-final-sync.cwd
 create mode 100644 review/semantic-kernel/sprint11/implementation/funded-enabledness-r1/probes/33-final-sync.status
 create mode 100644 review/semantic-kernel/sprint11/implementation/funded-enabledness-r1/probes/33-final-sync.stderr
 create mode 100644 review/semantic-kernel/sprint11/implementation/funded-enabledness-r1/probes/33-final-sync.stdout
 create mode 100644 review/semantic-kernel/sprint11/implementation/funded-enabledness-r1/probes/34-lake-env-lean.cmd
 create mode 100644 review/semantic-kernel/sprint11/implementation/funded-enabledness-r1/probes/34-lake-env-lean.cwd
 create mode 100644 review/semantic-kernel/sprint11/implementation/funded-enabledness-r1/probes/34-lake-env-lean.status
 create mode 100644 review/semantic-kernel/sprint11/implementation/funded-enabledness-r1/probes/34-lake-env-lean.stderr
 create mode 100644 review/semantic-kernel/sprint11/implementation/funded-enabledness-r1/probes/34-lake-env-lean.stdout
 create mode 100644 review/semantic-kernel/sprint11/implementation/funded-enabledness-r1/probes/35-print-axioms.cmd
 create mode 100644 review/semantic-kernel/sprint11/implementation/funded-enabledness-r1/probes/35-print-axioms.cwd
 create mode 100644 review/semantic-kernel/sprint11/implementation/funded-enabledness-r1/probes/35-print-axioms.status
 create mode 100644 review/semantic-kernel/sprint11/implementation/funded-enabledness-r1/probes/35-print-axioms.stderr
 create mode 100644 review/semantic-kernel/sprint11/implementation/funded-enabledness-r1/probes/35-print-axioms.stdout
 create mode 100644 review/semantic-kernel/sprint11/implementation/funded-enabledness-r1/probes/36-cache-lean-version.cmd
 create mode 100644 review/semantic-kernel/sprint11/implementation/funded-enabledness-r1/probes/36-cache-lean-version.cwd
 create mode 100644 review/semantic-kernel/sprint11/implementation/funded-enabledness-r1/probes/36-cache-lean-version.status
 create mode 100644 review/semantic-kernel/sprint11/implementation/funded-enabledness-r1/probes/36-cache-lean-version.stderr
 create mode 100644 review/semantic-kernel/sprint11/implementation/funded-enabledness-r1/probes/36-cache-lean-version.stdout
 create mode 100644 review/semantic-kernel/sprint11/implementation/funded-enabledness-r1/probes/37-cache-which-lean.cmd
 create mode 100644 review/semantic-kernel/sprint11/implementation/funded-enabledness-r1/probes/37-cache-which-lean.cwd
 create mode 100644 review/semantic-kernel/sprint11/implementation/funded-enabledness-r1/probes/37-cache-which-lean.status
 create mode 100644 review/semantic-kernel/sprint11/implementation/funded-enabledness-r1/probes/37-cache-which-lean.stderr
 create mode 100644 review/semantic-kernel/sprint11/implementation/funded-enabledness-r1/probes/37-cache-which-lean.stdout
 create mode 100644 review/semantic-kernel/sprint11/implementation/funded-enabledness-r1/source-after/FundedEnabledness.lean
 create mode 100644 review/semantic-kernel/sprint11/implementation/funded-enabledness-r1/source-before/FundedEnabledness.lean
 create mode 100644 review/semantic-kernel/sprint11/implementation/funded-enabledness-r1/source-scan.txt
 create mode 100644 review/semantic-kernel/sprint11/implementation/funded-enabledness-r1/source-snapshot/FundedEnabledness.lean
 create mode 100644 review/semantic-kernel/sprint11/implementation/funded-enabledness-r2/REPORT.md
 create mode 100644 review/semantic-kernel/sprint11/implementation/funded-enabledness-r2/api-handoff.md
 create mode 100644 review/semantic-kernel/sprint11/implementation/funded-enabledness-r2/compile-status.json
 create mode 100644 review/semantic-kernel/sprint11/implementation/funded-enabledness-r2/final-artifacts.json
 create mode 100644 review/semantic-kernel/sprint11/implementation/funded-enabledness-r2/hashes/declaration-index.txt
 create mode 100644 review/semantic-kernel/sprint11/implementation/funded-enabledness-r2/hashes/frozen-nary-hashes.json
 create mode 100644 review/semantic-kernel/sprint11/implementation/funded-enabledness-r2/hashes/git-status-owned.txt
 create mode 100644 review/semantic-kernel/sprint11/implementation/funded-enabledness-r2/hashes/head.txt
 create mode 100644 review/semantic-kernel/sprint11/implementation/funded-enabledness-r2/hashes/owned-module.sha256
 create mode 100644 review/semantic-kernel/sprint11/implementation/funded-enabledness-r2/hashes/parent-root-import.txt
 create mode 100644 review/semantic-kernel/sprint11/implementation/funded-enabledness-r2/hashes/parsed-decls.json
 create mode 100644 review/semantic-kernel/sprint11/implementation/funded-enabledness-r2/hashes/print-axioms.txt
 create mode 100644 review/semantic-kernel/sprint11/implementation/funded-enabledness-r2/hashes/private-cache-module.sha256
 create mode 100644 review/semantic-kernel/sprint11/implementation/funded-enabledness-r2/hashes/r1-probe-status-index.json
 create mode 100644 review/semantic-kernel/sprint11/implementation/funded-enabledness-r2/hashes/r1-timeout-disposition.json
 create mode 100644 review/semantic-kernel/sprint11/implementation/funded-enabledness-r2/hashes/source-hash-equality.txt
 create mode 100644 review/semantic-kernel/sprint11/implementation/funded-enabledness-r2/hashes/tools.txt
 create mode 100644 review/semantic-kernel/sprint11/implementation/funded-enabledness-r2/identity.json
 create mode 100644 review/semantic-kernel/sprint11/implementation/funded-enabledness-r2/logs/00-rsync-lean-to-proof-cache.cmd
 create mode 100644 review/semantic-kernel/sprint11/implementation/funded-enabledness-r2/logs/00-rsync-lean-to-proof-cache.cwd
 create mode 100644 review/semantic-kernel/sprint11/implementation/funded-enabledness-r2/logs/00-rsync-lean-to-proof-cache.status
 create mode 100644 review/semantic-kernel/sprint11/implementation/funded-enabledness-r2/logs/00-rsync-lean-to-proof-cache.stderr
 create mode 100644 review/semantic-kernel/sprint11/implementation/funded-enabledness-r2/logs/00-rsync-lean-to-proof-cache.stdout
 create mode 100644 review/semantic-kernel/sprint11/implementation/funded-enabledness-r2/logs/01-lake-build-FundedEnabledness.cmd
 create mode 100644 review/semantic-kernel/sprint11/implementation/funded-enabledness-r2/logs/01-lake-build-FundedEnabledness.cwd
 create mode 100644 review/semantic-kernel/sprint11/implementation/funded-enabledness-r2/logs/01-lake-build-FundedEnabledness.status
 create mode 100644 review/semantic-kernel/sprint11/implementation/funded-enabledness-r2/logs/01-lake-build-FundedEnabledness.stderr
 create mode 100644 review/semantic-kernel/sprint11/implementation/funded-enabledness-r2/logs/01-lake-build-FundedEnabledness.stdout
 create mode 100644 review/semantic-kernel/sprint11/implementation/funded-enabledness-r2/logs/02-lake-env-lean-FundedEnabledness.cmd
 create mode 100644 review/semantic-kernel/sprint11/implementation/funded-enabledness-r2/logs/02-lake-env-lean-FundedEnabledness.cwd
 create mode 100644 review/semantic-kernel/sprint11/implementation/funded-enabledness-r2/logs/02-lake-env-lean-FundedEnabledness.status
 create mode 100644 review/semantic-kernel/sprint11/implementation/funded-enabledness-r2/logs/02-lake-env-lean-FundedEnabledness.stderr
 create mode 100644 review/semantic-kernel/sprint11/implementation/funded-enabledness-r2/logs/02-lake-env-lean-FundedEnabledness.stdout
 create mode 100644 review/semantic-kernel/sprint11/implementation/funded-enabledness-r2/logs/03-print-axioms-all.cmd
 create mode 100644 review/semantic-kernel/sprint11/implementation/funded-enabledness-r2/logs/03-print-axioms-all.cwd
 create mode 100644 review/semantic-kernel/sprint11/implementation/funded-enabledness-r2/logs/03-print-axioms-all.status
 create mode 100644 review/semantic-kernel/sprint11/implementation/funded-enabledness-r2/logs/03-print-axioms-all.stderr
 create mode 100644 review/semantic-kernel/sprint11/implementation/funded-enabledness-r2/logs/03-print-axioms-all.stdout
 create mode 100644 review/semantic-kernel/sprint11/implementation/funded-enabledness-r2/logs/04-cache-lean-version.cmd
 create mode 100644 review/semantic-kernel/sprint11/implementation/funded-enabledness-r2/logs/04-cache-lean-version.cwd
 create mode 100644 review/semantic-kernel/sprint11/implementation/funded-enabledness-r2/logs/04-cache-lean-version.status
 create mode 100644 review/semantic-kernel/sprint11/implementation/funded-enabledness-r2/logs/04-cache-lean-version.stderr
 create mode 100644 review/semantic-kernel/sprint11/implementation/funded-enabledness-r2/logs/04-cache-lean-version.stdout
 create mode 100644 review/semantic-kernel/sprint11/implementation/funded-enabledness-r2/logs/05-cache-tool-bindings.cmd
 create mode 100644 review/semantic-kernel/sprint11/implementation/funded-enabledness-r2/logs/05-cache-tool-bindings.cwd
 create mode 100644 review/semantic-kernel/sprint11/implementation/funded-enabledness-r2/logs/05-cache-tool-bindings.status
 create mode 100644 review/semantic-kernel/sprint11/implementation/funded-enabledness-r2/logs/05-cache-tool-bindings.stderr
 create mode 100644 review/semantic-kernel/sprint11/implementation/funded-enabledness-r2/logs/05-cache-tool-bindings.stdout
 create mode 100644 review/semantic-kernel/sprint11/implementation/funded-enabledness-r2/print-axioms.lean
 create mode 100644 review/semantic-kernel/sprint11/implementation/funded-enabledness-r2/source-scan.txt
 create mode 100644 review/semantic-kernel/sprint11/implementation/funded-enabledness-r2/source-snapshot/FundedEnabledness.lean
 create mode 100644 review/semantic-kernel/sprint11/implementation/funded-enabledness-r2/statements.json
 create mode 100644 review/semantic-kernel/sprint11/implementation/gpt6-review/acceptance-checklist.md
 create mode 100644 review/semantic-kernel/sprint11/implementation/gpt6-review/actual-inventory-r1-acceptance.json
 create mode 100644 review/semantic-kernel/sprint11/implementation/gpt6-review/actual-inventory-r1-evidence/audit-results.json
 create mode 100644 review/semantic-kernel/sprint11/implementation/gpt6-review/actual-inventory-r1-evidence/audit.py
 create mode 100644 review/semantic-kernel/sprint11/implementation/gpt6-review/actual-inventory-r1-evidence/candidate-source/lean/DefiKernel/Atomic/Execution.lean
 create mode 100644 review/semantic-kernel/sprint11/implementation/gpt6-review/actual-inventory-r1-evidence/candidate-source/lean/DefiKernel/Atomic/Policy.lean
 create mode 100644 review/semantic-kernel/sprint11/implementation/gpt6-review/actual-inventory-r1-evidence/candidate-source/lean/DefiKernel/Atomic/PolicyProofs.lean
 create mode 100644 review/semantic-kernel/sprint11/implementation/gpt6-review/actual-inventory-r1-evidence/candidate-source/lean/DefiKernel/Atomic/Settlement.lean
 create mode 100644 review/semantic-kernel/sprint11/implementation/gpt6-review/actual-inventory-r1-evidence/candidate-source/lean/DefiKernel/Atomic/Soundness.lean
 create mode 100644 review/semantic-kernel/sprint11/implementation/gpt6-review/actual-inventory-r1-evidence/candidate-source/lean/DefiKernel/AxiomAudit.lean
 create mode 100644 review/semantic-kernel/sprint11/implementation/gpt6-review/actual-inventory-r1-evidence/candidate-source/lean/DefiKernel/Composition/Contracts.lean
 create mode 100644 review/semantic-kernel/sprint11/implementation/gpt6-review/actual-inventory-r1-evidence/candidate-source/lean/DefiKernel/Composition/Execution.lean
 create mode 100644 review/semantic-kernel/sprint11/implementation/gpt6-review/actual-inventory-r1-evidence/candidate-source/lean/DefiKernel/Composition/Interfaces.lean
 create mode 100644 review/semantic-kernel/sprint11/implementation/gpt6-review/actual-inventory-r1-evidence/candidate-source/lean/DefiKernel/Composition/Preservation.lean
 create mode 100644 review/semantic-kernel/sprint11/implementation/gpt6-review/actual-inventory-r1-evidence/candidate-source/lean/DefiKernel/Composition/Sequence.lean
 create mode 100644 review/semantic-kernel/sprint11/implementation/gpt6-review/actual-inventory-r1-evidence/candidate-source/lean/DefiKernel/Interface/Accounting.lean
 create mode 100644 review/semantic-kernel/sprint11/implementation/gpt6-review/actual-inventory-r1-evidence/candidate-source/lean/DefiKernel/Interface/AccountingInterleaving.lean
 create mode 100644 review/semantic-kernel/sprint11/implementation/gpt6-review/actual-inventory-r1-evidence/candidate-source/lean/DefiKernel/Interface/BindingPreservation.lean
 create mode 100644 review/semantic-kernel/sprint11/implementation/gpt6-review/actual-inventory-r1-evidence/candidate-source/lean/DefiKernel/Interface/BindingResolution.lean
 create mode 100644 review/semantic-kernel/sprint11/implementation/gpt6-review/actual-inventory-r1-evidence/candidate-source/lean/DefiKernel/Interface/Bindings.lean
 create mode 100644 review/semantic-kernel/sprint11/implementation/gpt6-review/actual-inventory-r1-evidence/candidate-source/lean/DefiKernel/Interface/Examples.lean
 create mode 100644 review/semantic-kernel/sprint11/implementation/gpt6-review/actual-inventory-r1-evidence/candidate-source/lean/DefiKernel/Interface/Preservation.lean
 create mode 100644 review/semantic-kernel/sprint11/implementation/gpt6-review/actual-inventory-r1-evidence/candidate-source/lean/DefiKernel/Interface/Regions.lean
 create mode 100644 review/semantic-kernel/sprint11/implementation/gpt6-review/actual-inventory-r1-evidence/candidate-source/lean/DefiKernel/Interface/TypedPreservation.lean
 create mode 100644 review/semantic-kernel/sprint11/implementation/gpt6-review/actual-inventory-r1-evidence/candidate-source/lean/DefiKernel/Interleaving/Execution.lean
 create mode 100644 review/semantic-kernel/sprint11/implementation/gpt6-review/actual-inventory-r1-evidence/candidate-source/lean/DefiKernel/Interleaving/LocalOrder.lean
 create mode 100644 review/semantic-kernel/sprint11/implementation/gpt6-review/actual-inventory-r1-evidence/candidate-source/lean/DefiKernel/Interleaving/Schedule.lean
 create mode 100644 review/semantic-kernel/sprint11/implementation/gpt6-review/actual-inventory-r1-evidence/candidate-source/lean/DefiKernel/Interleaving/Soundness.lean
 create mode 100644 review/semantic-kernel/sprint11/implementation/gpt6-review/actual-inventory-r1-evidence/candidate-source/lean/DefiKernel/Metatheory/SequentialGroups.lean
 create mode 100644 review/semantic-kernel/sprint11/implementation/gpt6-review/actual-inventory-r1-evidence/candidate-source/lean/DefiKernel/Nary/Audit.lean
 create mode 100644 review/semantic-kernel/sprint11/implementation/gpt6-review/actual-inventory-r1-evidence/candidate-source/lean/DefiKernel/Nary/BinaryCorrespondence.lean
 create mode 100644 review/semantic-kernel/sprint11/implementation/gpt6-review/actual-inventory-r1-evidence/candidate-source/lean/DefiKernel/Nary/Causal.lean
 create mode 100644 review/semantic-kernel/sprint11/implementation/gpt6-review/actual-inventory-r1-evidence/candidate-source/lean/DefiKernel/Nary/CausalRuntime.lean
 create mode 100644 review/semantic-kernel/sprint11/implementation/gpt6-review/actual-inventory-r1-evidence/candidate-source/lean/DefiKernel/Nary/Completion.lean
 create mode 100644 review/semantic-kernel/sprint11/implementation/gpt6-review/actual-inventory-r1-evidence/candidate-source/lean/DefiKernel/Nary/Examples.lean
 create mode 100644 review/semantic-kernel/sprint11/implementation/gpt6-review/actual-inventory-r1-evidence/candidate-source/lean/DefiKernel/Nary/Execution.lean
 create mode 100644 review/semantic-kernel/sprint11/implementation/gpt6-review/actual-inventory-r1-evidence/candidate-source/lean/DefiKernel/Nary/FundedCausal.lean
 create mode 100644 review/semantic-kernel/sprint11/implementation/gpt6-review/actual-inventory-r1-evidence/candidate-source/lean/DefiKernel/Nary/FundedCompanions.lean
 create mode 100644 review/semantic-kernel/sprint11/implementation/gpt6-review/actual-inventory-r1-evidence/candidate-source/lean/DefiKernel/Nary/FundedEnabledness.lean
 create mode 100644 review/semantic-kernel/sprint11/implementation/gpt6-review/actual-inventory-r1-evidence/candidate-source/lean/DefiKernel/Nary/InterfaceInstances.lean
 create mode 100644 review/semantic-kernel/sprint11/implementation/gpt6-review/actual-inventory-r1-evidence/candidate-source/lean/DefiKernel/Nary/Interference.lean
 create mode 100644 review/semantic-kernel/sprint11/implementation/gpt6-review/actual-inventory-r1-evidence/candidate-source/lean/DefiKernel/Nary/LocalOrder.lean
 create mode 100644 review/semantic-kernel/sprint11/implementation/gpt6-review/actual-inventory-r1-evidence/candidate-source/lean/DefiKernel/Nary/Observation.lean
 create mode 100644 review/semantic-kernel/sprint11/implementation/gpt6-review/actual-inventory-r1-evidence/candidate-source/lean/DefiKernel/Nary/Preservation.lean
 create mode 100644 review/semantic-kernel/sprint11/implementation/gpt6-review/actual-inventory-r1-evidence/candidate-source/lean/DefiKernel/Nary/Schedule.lean
 create mode 100644 review/semantic-kernel/sprint11/implementation/gpt6-review/actual-inventory-r1-evidence/candidate-source/lean/DefiKernel/Nary/Soundness.lean
 create mode 100644 review/semantic-kernel/sprint11/implementation/gpt6-review/actual-inventory-r1-evidence/candidate-source/lean/DefiKernel/Nary/Tests.lean
 create mode 100644 review/semantic-kernel/sprint11/implementation/gpt6-review/actual-inventory-r1-evidence/candidate-source/lean/DefiKernel/Nary/Trace.lean
 create mode 100644 review/semantic-kernel/sprint11/implementation/gpt6-review/actual-inventory-r1-evidence/candidate-source/lean/DefiKernel/Nary/Verify.lean
 create mode 100644 review/semantic-kernel/sprint11/implementation/gpt6-review/actual-inventory-r1-evidence/candidate-source/lean/DefiKernel/Parallel/Compatibility.lean
 create mode 100644 review/semantic-kernel/sprint11/implementation/gpt6-review/actual-inventory-r1-evidence/candidate-source/lean/DefiKernel/Parallel/Dependency.lean
 create mode 100644 review/semantic-kernel/sprint11/implementation/gpt6-review/actual-inventory-r1-evidence/candidate-source/lean/DefiKernel/Parallel/Dependency/Adapter.lean
 create mode 100644 review/semantic-kernel/sprint11/implementation/gpt6-review/actual-inventory-r1-evidence/candidate-source/lean/DefiKernel/Parallel/Execution.lean
 create mode 100644 review/semantic-kernel/sprint11/implementation/gpt6-review/actual-inventory-r1-evidence/candidate-source/lean/DefiKernel/Parallel/Observation.lean
 create mode 100644 review/semantic-kernel/sprint11/implementation/gpt6-review/actual-inventory-r1-evidence/candidate-source/lean/DefiKernel/Typed/Authority.lean
 create mode 100644 review/semantic-kernel/sprint11/implementation/gpt6-review/actual-inventory-r1-evidence/candidate-source/lean/DefiKernel/Typed/Expr.lean
 create mode 100644 review/semantic-kernel/sprint11/implementation/gpt6-review/actual-inventory-r1-evidence/candidate-source/lean/DefiKernel/Typed/Transition.lean
 create mode 100644 review/semantic-kernel/sprint11/implementation/gpt6-review/actual-inventory-r1-evidence/candidate-source/lean/DefiKernel/Typed/Types.lean
 create mode 100644 review/semantic-kernel/sprint11/implementation/gpt6-review/actual-inventory-r1-evidence/candidate-source/lean/lake-manifest.json
 create mode 100644 review/semantic-kernel/sprint11/implementation/gpt6-review/actual-inventory-r1-evidence/candidate-source/lean/lakefile.toml
 create mode 100644 review/semantic-kernel/sprint11/implementation/gpt6-review/actual-inventory-r1-evidence/candidate-source/lean/lean-toolchain
 create mode 100644 review/semantic-kernel/sprint11/implementation/gpt6-review/actual-inventory-r1-evidence/selected-full-statements.json
 create mode 100644 review/semantic-kernel/sprint11/implementation/gpt6-review/actual-inventory-r1-gpt6-review.md
 create mode 100644 review/semantic-kernel/sprint11/implementation/gpt6-review/actual-inventory-r1-inputs.json
 create mode 100644 review/semantic-kernel/sprint11/implementation/gpt6-review/binary-preliminary.md
 create mode 100644 review/semantic-kernel/sprint11/implementation/gpt6-review/binary-r1-acceptance.json
 create mode 100644 review/semantic-kernel/sprint11/implementation/gpt6-review/binary-r1-inputs.json
 create mode 100644 review/semantic-kernel/sprint11/implementation/gpt6-review/binary-r1-introspection.lean.txt
 create mode 100644 review/semantic-kernel/sprint11/implementation/gpt6-review/binary-r1-introspection.stderr
 create mode 100644 review/semantic-kernel/sprint11/implementation/gpt6-review/binary-r1-introspection.stdout
 create mode 100644 review/semantic-kernel/sprint11/implementation/gpt6-review/binary-r1-review.md
 create mode 100644 review/semantic-kernel/sprint11/implementation/gpt6-review/causal-generic-acceptance.json
 create mode 100644 review/semantic-kernel/sprint11/implementation/gpt6-review/causal-generic-before-native-end-attribution/causal-generic-inputs.json
 create mode 100644 review/semantic-kernel/sprint11/implementation/gpt6-review/causal-generic-before-native-end-attribution/causal-generic-review.md
 create mode 100644 review/semantic-kernel/sprint11/implementation/gpt6-review/causal-generic-inputs.json
 create mode 100644 review/semantic-kernel/sprint11/implementation/gpt6-review/causal-generic-review.md
 create mode 100644 review/semantic-kernel/sprint11/implementation/gpt6-review/core-foundation-acceptance.json
 create mode 100644 review/semantic-kernel/sprint11/implementation/gpt6-review/core-foundation-r3-inputs.json
 create mode 100644 review/semantic-kernel/sprint11/implementation/gpt6-review/core-foundation-r3.md
 create mode 100644 review/semantic-kernel/sprint11/implementation/gpt6-review/core-preliminary.md
 create mode 100644 review/semantic-kernel/sprint11/implementation/gpt6-review/final-adjudication-interim/NOTES.md
 create mode 100644 review/semantic-kernel/sprint11/implementation/gpt6-review/final-adjudication-interim/archive-audit-results.json
 create mode 100644 review/semantic-kernel/sprint11/implementation/gpt6-review/final-adjudication-interim/audit-results.json
 create mode 100644 review/semantic-kernel/sprint11/implementation/gpt6-review/final-adjudication-interim/blocked-r1-audit.json
 create mode 100644 review/semantic-kernel/sprint11/implementation/gpt6-review/final-adjudication-interim/candidate-source/lean/DefiKernel/Atomic/Execution.lean
 create mode 100644 review/semantic-kernel/sprint11/implementation/gpt6-review/final-adjudication-interim/candidate-source/lean/DefiKernel/Atomic/Policy.lean
 create mode 100644 review/semantic-kernel/sprint11/implementation/gpt6-review/final-adjudication-interim/candidate-source/lean/DefiKernel/Atomic/PolicyProofs.lean
 create mode 100644 review/semantic-kernel/sprint11/implementation/gpt6-review/final-adjudication-interim/candidate-source/lean/DefiKernel/Atomic/Settlement.lean
 create mode 100644 review/semantic-kernel/sprint11/implementation/gpt6-review/final-adjudication-interim/candidate-source/lean/DefiKernel/Atomic/Soundness.lean
 create mode 100644 review/semantic-kernel/sprint11/implementation/gpt6-review/final-adjudication-interim/candidate-source/lean/DefiKernel/AxiomAudit.lean
 create mode 100644 review/semantic-kernel/sprint11/implementation/gpt6-review/final-adjudication-interim/candidate-source/lean/DefiKernel/Composition/Contracts.lean
 create mode 100644 review/semantic-kernel/sprint11/implementation/gpt6-review/final-adjudication-interim/candidate-source/lean/DefiKernel/Composition/Execution.lean
 create mode 100644 review/semantic-kernel/sprint11/implementation/gpt6-review/final-adjudication-interim/candidate-source/lean/DefiKernel/Composition/Interfaces.lean
 create mode 100644 review/semantic-kernel/sprint11/implementation/gpt6-review/final-adjudication-interim/candidate-source/lean/DefiKernel/Composition/Preservation.lean
 create mode 100644 review/semantic-kernel/sprint11/implementation/gpt6-review/final-adjudication-interim/candidate-source/lean/DefiKernel/Composition/Sequence.lean
 create mode 100644 review/semantic-kernel/sprint11/implementation/gpt6-review/final-adjudication-interim/candidate-source/lean/DefiKernel/Interface/Accounting.lean
 create mode 100644 review/semantic-kernel/sprint11/implementation/gpt6-review/final-adjudication-interim/candidate-source/lean/DefiKernel/Interface/AccountingInterleaving.lean
 create mode 100644 review/semantic-kernel/sprint11/implementation/gpt6-review/final-adjudication-interim/candidate-source/lean/DefiKernel/Interface/BindingPreservation.lean
 create mode 100644 review/semantic-kernel/sprint11/implementation/gpt6-review/final-adjudication-interim/candidate-source/lean/DefiKernel/Interface/BindingResolution.lean
 create mode 100644 review/semantic-kernel/sprint11/implementation/gpt6-review/final-adjudication-interim/candidate-source/lean/DefiKernel/Interface/Bindings.lean
 create mode 100644 review/semantic-kernel/sprint11/implementation/gpt6-review/final-adjudication-interim/candidate-source/lean/DefiKernel/Interface/Examples.lean
 create mode 100644 review/semantic-kernel/sprint11/implementation/gpt6-review/final-adjudication-interim/candidate-source/lean/DefiKernel/Interface/Preservation.lean
 create mode 100644 review/semantic-kernel/sprint11/implementation/gpt6-review/final-adjudication-interim/candidate-source/lean/DefiKernel/Interface/Regions.lean
 create mode 100644 review/semantic-kernel/sprint11/implementation/gpt6-review/final-adjudication-interim/candidate-source/lean/DefiKernel/Interface/TypedPreservation.lean
 create mode 100644 review/semantic-kernel/sprint11/implementation/gpt6-review/final-adjudication-interim/candidate-source/lean/DefiKernel/Interleaving/Execution.lean
 create mode 100644 review/semantic-kernel/sprint11/implementation/gpt6-review/final-adjudication-interim/candidate-source/lean/DefiKernel/Interleaving/LocalOrder.lean
 create mode 100644 review/semantic-kernel/sprint11/implementation/gpt6-review/final-adjudication-interim/candidate-source/lean/DefiKernel/Interleaving/Schedule.lean
 create mode 100644 review/semantic-kernel/sprint11/implementation/gpt6-review/final-adjudication-interim/candidate-source/lean/DefiKernel/Interleaving/Soundness.lean
 create mode 100644 review/semantic-kernel/sprint11/implementation/gpt6-review/final-adjudication-interim/candidate-source/lean/DefiKernel/Metatheory/SequentialGroups.lean
 create mode 100644 review/semantic-kernel/sprint11/implementation/gpt6-review/final-adjudication-interim/candidate-source/lean/DefiKernel/Nary/Audit.lean
 create mode 100644 review/semantic-kernel/sprint11/implementation/gpt6-review/final-adjudication-interim/candidate-source/lean/DefiKernel/Nary/BinaryCorrespondence.lean
 create mode 100644 review/semantic-kernel/sprint11/implementation/gpt6-review/final-adjudication-interim/candidate-source/lean/DefiKernel/Nary/Causal.lean
 create mode 100644 review/semantic-kernel/sprint11/implementation/gpt6-review/final-adjudication-interim/candidate-source/lean/DefiKernel/Nary/CausalRuntime.lean
 create mode 100644 review/semantic-kernel/sprint11/implementation/gpt6-review/final-adjudication-interim/candidate-source/lean/DefiKernel/Nary/Completion.lean
 create mode 100644 review/semantic-kernel/sprint11/implementation/gpt6-review/final-adjudication-interim/candidate-source/lean/DefiKernel/Nary/Examples.lean
 create mode 100644 review/semantic-kernel/sprint11/implementation/gpt6-review/final-adjudication-interim/candidate-source/lean/DefiKernel/Nary/Execution.lean
 create mode 100644 review/semantic-kernel/sprint11/implementation/gpt6-review/final-adjudication-interim/candidate-source/lean/DefiKernel/Nary/FundedCausal.lean
 create mode 100644 review/semantic-kernel/sprint11/implementation/gpt6-review/final-adjudication-interim/candidate-source/lean/DefiKernel/Nary/FundedCompanions.lean
 create mode 100644 review/semantic-kernel/sprint11/implementation/gpt6-review/final-adjudication-interim/candidate-source/lean/DefiKernel/Nary/FundedEnabledness.lean
 create mode 100644 review/semantic-kernel/sprint11/implementation/gpt6-review/final-adjudication-interim/candidate-source/lean/DefiKernel/Nary/InterfaceInstances.lean
 create mode 100644 review/semantic-kernel/sprint11/implementation/gpt6-review/final-adjudication-interim/candidate-source/lean/DefiKernel/Nary/Interference.lean
 create mode 100644 review/semantic-kernel/sprint11/implementation/gpt6-review/final-adjudication-interim/candidate-source/lean/DefiKernel/Nary/LocalOrder.lean
 create mode 100644 review/semantic-kernel/sprint11/implementation/gpt6-review/final-adjudication-interim/candidate-source/lean/DefiKernel/Nary/Observation.lean
 create mode 100644 review/semantic-kernel/sprint11/implementation/gpt6-review/final-adjudication-interim/candidate-source/lean/DefiKernel/Nary/Preservation.lean
 create mode 100644 review/semantic-kernel/sprint11/implementation/gpt6-review/final-adjudication-interim/candidate-source/lean/DefiKernel/Nary/Schedule.lean
 create mode 100644 review/semantic-kernel/sprint11/implementation/gpt6-review/final-adjudication-interim/candidate-source/lean/DefiKernel/Nary/Soundness.lean
 create mode 100644 review/semantic-kernel/sprint11/implementation/gpt6-review/final-adjudication-interim/candidate-source/lean/DefiKernel/Nary/Tests.lean
 create mode 100644 review/semantic-kernel/sprint11/implementation/gpt6-review/final-adjudication-interim/candidate-source/lean/DefiKernel/Nary/Trace.lean
 create mode 100644 review/semantic-kernel/sprint11/implementation/gpt6-review/final-adjudication-interim/candidate-source/lean/DefiKernel/Nary/Verify.lean
 create mode 100644 review/semantic-kernel/sprint11/implementation/gpt6-review/final-adjudication-interim/candidate-source/lean/DefiKernel/Parallel/Compatibility.lean
 create mode 100644 review/semantic-kernel/sprint11/implementation/gpt6-review/final-adjudication-interim/candidate-source/lean/DefiKernel/Parallel/Dependency.lean
 create mode 100644 review/semantic-kernel/sprint11/implementation/gpt6-review/final-adjudication-interim/candidate-source/lean/DefiKernel/Parallel/Dependency/Adapter.lean
 create mode 100644 review/semantic-kernel/sprint11/implementation/gpt6-review/final-adjudication-interim/candidate-source/lean/DefiKernel/Parallel/Execution.lean
 create mode 100644 review/semantic-kernel/sprint11/implementation/gpt6-review/final-adjudication-interim/candidate-source/lean/DefiKernel/Parallel/Observation.lean
 create mode 100644 review/semantic-kernel/sprint11/implementation/gpt6-review/final-adjudication-interim/candidate-source/lean/DefiKernel/Typed/Authority.lean
 create mode 100644 review/semantic-kernel/sprint11/implementation/gpt6-review/final-adjudication-interim/candidate-source/lean/DefiKernel/Typed/Expr.lean
 create mode 100644 review/semantic-kernel/sprint11/implementation/gpt6-review/final-adjudication-interim/candidate-source/lean/DefiKernel/Typed/Transition.lean
 create mode 100644 review/semantic-kernel/sprint11/implementation/gpt6-review/final-adjudication-interim/candidate-source/lean/DefiKernel/Typed/Types.lean
 create mode 100644 review/semantic-kernel/sprint11/implementation/gpt6-review/final-adjudication-interim/candidate-source/lean/lake-manifest.json
 create mode 100644 review/semantic-kernel/sprint11/implementation/gpt6-review/final-adjudication-interim/candidate-source/lean/lakefile.toml
 create mode 100644 review/semantic-kernel/sprint11/implementation/gpt6-review/final-adjudication-interim/candidate-source/lean/lean-toolchain
 create mode 100644 review/semantic-kernel/sprint11/implementation/gpt6-review/final-adjudication-interim/coverage-audit-results.json
 create mode 100644 review/semantic-kernel/sprint11/implementation/gpt6-review/final-adjudication-interim/coverage-audit.py
 create mode 100644 review/semantic-kernel/sprint11/implementation/gpt6-review/final-adjudication-interim/coverage-map-interim.json
 create mode 100644 review/semantic-kernel/sprint11/implementation/gpt6-review/final-adjudication-interim/final-inputs-collected.json
 create mode 100644 review/semantic-kernel/sprint11/implementation/gpt6-review/final-adjudication-interim/finalize.py
 create mode 100644 review/semantic-kernel/sprint11/implementation/gpt6-review/final-adjudication-interim/inventory-audit.py
 create mode 100644 review/semantic-kernel/sprint11/implementation/gpt6-review/final-adjudication-interim/mutation-audit-attempt1-diagnostic.txt
 create mode 100644 review/semantic-kernel/sprint11/implementation/gpt6-review/final-adjudication-interim/mutation-audit-attempt1.py
 create mode 100644 review/semantic-kernel/sprint11/implementation/gpt6-review/final-adjudication-interim/mutation-audit-results.json
 create mode 100644 review/semantic-kernel/sprint11/implementation/gpt6-review/final-adjudication-interim/mutation-audit.py
 create mode 100644 review/semantic-kernel/sprint11/implementation/gpt6-review/final-adjudication-interim/native-final-lanes.json
 create mode 100644 review/semantic-kernel/sprint11/implementation/gpt6-review/final-adjudication-interim/selected-full-statements.json
 create mode 100644 review/semantic-kernel/sprint11/implementation/gpt6-review/final-adjudication-r1-inputs.json
 create mode 100644 review/semantic-kernel/sprint11/implementation/gpt6-review/final-adjudication-r1.json
 create mode 100644 review/semantic-kernel/sprint11/implementation/gpt6-review/final-adjudication-r1.md
 create mode 100644 review/semantic-kernel/sprint11/implementation/gpt6-review/final-gates-reconciliation-r1.json
 create mode 100644 review/semantic-kernel/sprint11/implementation/gpt6-review/final-gates-reconciliation-r1.md
 create mode 100644 review/semantic-kernel/sprint11/implementation/gpt6-review/fixture-preliminary.md
 create mode 100644 review/semantic-kernel/sprint11/implementation/gpt6-review/fixtures-r2-acceptance.json
 create mode 100644 review/semantic-kernel/sprint11/implementation/gpt6-review/fixtures-r2-check.py
 create mode 100644 review/semantic-kernel/sprint11/implementation/gpt6-review/fixtures-r2-inputs.json
 create mode 100644 review/semantic-kernel/sprint11/implementation/gpt6-review/fixtures-r2-review.md
 create mode 100644 review/semantic-kernel/sprint11/implementation/gpt6-review/fixtures-r4-acceptance.json
 create mode 100644 review/semantic-kernel/sprint11/implementation/gpt6-review/fixtures-r4-check.py
 create mode 100644 review/semantic-kernel/sprint11/implementation/gpt6-review/fixtures-r4-inputs.json
 create mode 100644 review/semantic-kernel/sprint11/implementation/gpt6-review/fixtures-r4-replay.stderr
 create mode 100644 review/semantic-kernel/sprint11/implementation/gpt6-review/fixtures-r4-replay.stdin.lean
 create mode 100644 review/semantic-kernel/sprint11/implementation/gpt6-review/fixtures-r4-replay.stdout
 create mode 100644 review/semantic-kernel/sprint11/implementation/gpt6-review/fixtures-r4-review.md
 create mode 100644 review/semantic-kernel/sprint11/implementation/gpt6-review/fixtures-r5-acceptance.json
 create mode 100644 review/semantic-kernel/sprint11/implementation/gpt6-review/fixtures-r5-evidence/Tests.after.lean.txt
 create mode 100644 review/semantic-kernel/sprint11/implementation/gpt6-review/fixtures-r5-evidence/Tests.before.lean.txt
 create mode 100644 review/semantic-kernel/sprint11/implementation/gpt6-review/fixtures-r5-evidence/Tests.restored.lean.txt
 create mode 100644 review/semantic-kernel/sprint11/implementation/gpt6-review/fixtures-r5-evidence/candidate-and-build-check.json
 create mode 100644 review/semantic-kernel/sprint11/implementation/gpt6-review/fixtures-r5-evidence/check.py
 create mode 100644 review/semantic-kernel/sprint11/implementation/gpt6-review/fixtures-r5-evidence/independent-bijection.json
 create mode 100644 review/semantic-kernel/sprint11/implementation/gpt6-review/fixtures-r5-evidence/independent.diff
 create mode 100644 review/semantic-kernel/sprint11/implementation/gpt6-review/fixtures-r5-evidence/replay-command.json
 create mode 100644 review/semantic-kernel/sprint11/implementation/gpt6-review/fixtures-r5-evidence/replay.stderr
 create mode 100644 review/semantic-kernel/sprint11/implementation/gpt6-review/fixtures-r5-evidence/replay.stdin.lean.txt
 create mode 100644 review/semantic-kernel/sprint11/implementation/gpt6-review/fixtures-r5-evidence/replay.stdout
 create mode 100644 review/semantic-kernel/sprint11/implementation/gpt6-review/fixtures-r5-evidence/result.json
 create mode 100644 review/semantic-kernel/sprint11/implementation/gpt6-review/fixtures-r5-inputs.json
 create mode 100644 review/semantic-kernel/sprint11/implementation/gpt6-review/fixtures-r5-review.md
 create mode 100644 review/semantic-kernel/sprint11/implementation/gpt6-review/funded-causal-r2-acceptance.json
 create mode 100644 review/semantic-kernel/sprint11/implementation/gpt6-review/funded-causal-r2-inputs.json
 create mode 100644 review/semantic-kernel/sprint11/implementation/gpt6-review/funded-causal-r2-logs/01-command.json
 create mode 100644 review/semantic-kernel/sprint11/implementation/gpt6-review/funded-causal-r2-logs/01-probe.lean.txt
 create mode 100644 review/semantic-kernel/sprint11/implementation/gpt6-review/funded-causal-r2-logs/01-probe.stderr
 create mode 100644 review/semantic-kernel/sprint11/implementation/gpt6-review/funded-causal-r2-logs/01-probe.stdout
 create mode 100644 review/semantic-kernel/sprint11/implementation/gpt6-review/funded-causal-r2-logs/02-axioms.lean.txt
 create mode 100644 review/semantic-kernel/sprint11/implementation/gpt6-review/funded-causal-r2-logs/02-axioms.stderr
 create mode 100644 review/semantic-kernel/sprint11/implementation/gpt6-review/funded-causal-r2-logs/02-axioms.stdout
 create mode 100644 review/semantic-kernel/sprint11/implementation/gpt6-review/funded-causal-r2-logs/02-command.json
 create mode 100644 review/semantic-kernel/sprint11/implementation/gpt6-review/funded-causal-r2-logs/Causal.lean
 create mode 100644 review/semantic-kernel/sprint11/implementation/gpt6-review/funded-causal-r2-logs/Examples.lean
 create mode 100644 review/semantic-kernel/sprint11/implementation/gpt6-review/funded-causal-r2-logs/FundedCausal.lean
 create mode 100644 review/semantic-kernel/sprint11/implementation/gpt6-review/funded-causal-r2-logs/actual-theorems.json
 create mode 100644 review/semantic-kernel/sprint11/implementation/gpt6-review/funded-causal-r2-logs/after.json
 create mode 100644 review/semantic-kernel/sprint11/implementation/gpt6-review/funded-causal-r2-logs/before.json
 create mode 100644 review/semantic-kernel/sprint11/implementation/gpt6-review/funded-causal-r2-logs/introspection-summary.json
 create mode 100644 review/semantic-kernel/sprint11/implementation/gpt6-review/funded-causal-r2-review.md
 create mode 100644 review/semantic-kernel/sprint11/implementation/gpt6-review/funded-causal-r3-acceptance-prefinal-input-binding.json
 create mode 100644 review/semantic-kernel/sprint11/implementation/gpt6-review/funded-causal-r3-acceptance.json
 create mode 100644 review/semantic-kernel/sprint11/implementation/gpt6-review/funded-causal-r3-inputs.json
 create mode 100644 review/semantic-kernel/sprint11/implementation/gpt6-review/funded-causal-r3-logs/01-command.json
 create mode 100644 review/semantic-kernel/sprint11/implementation/gpt6-review/funded-causal-r3-logs/01-probe.lean.txt
 create mode 100644 review/semantic-kernel/sprint11/implementation/gpt6-review/funded-causal-r3-logs/01-probe.stderr
 create mode 100644 review/semantic-kernel/sprint11/implementation/gpt6-review/funded-causal-r3-logs/01-probe.stdout
 create mode 100644 review/semantic-kernel/sprint11/implementation/gpt6-review/funded-causal-r3-logs/02-command.json
 create mode 100644 review/semantic-kernel/sprint11/implementation/gpt6-review/funded-causal-r3-logs/02-composition.lean.txt
 create mode 100644 review/semantic-kernel/sprint11/implementation/gpt6-review/funded-causal-r3-logs/02-composition.stderr
 create mode 100644 review/semantic-kernel/sprint11/implementation/gpt6-review/funded-causal-r3-logs/02-composition.stdout
 create mode 100644 review/semantic-kernel/sprint11/implementation/gpt6-review/funded-causal-r3-logs/03-command.json
 create mode 100644 review/semantic-kernel/sprint11/implementation/gpt6-review/funded-causal-r3-logs/03-composition.lean.txt
 create mode 100644 review/semantic-kernel/sprint11/implementation/gpt6-review/funded-causal-r3-logs/03-composition.stderr
 create mode 100644 review/semantic-kernel/sprint11/implementation/gpt6-review/funded-causal-r3-logs/03-composition.stdout
 create mode 100644 review/semantic-kernel/sprint11/implementation/gpt6-review/funded-causal-r3-logs/04-command.json
 create mode 100644 review/semantic-kernel/sprint11/implementation/gpt6-review/funded-causal-r3-logs/04-composition.lean.txt
 create mode 100644 review/semantic-kernel/sprint11/implementation/gpt6-review/funded-causal-r3-logs/04-composition.stderr
 create mode 100644 review/semantic-kernel/sprint11/implementation/gpt6-review/funded-causal-r3-logs/04-composition.stdout
 create mode 100644 review/semantic-kernel/sprint11/implementation/gpt6-review/funded-causal-r3-logs/05-command.json
 create mode 100644 review/semantic-kernel/sprint11/implementation/gpt6-review/funded-causal-r3-logs/05-generated-attribution.lean.txt
 create mode 100644 review/semantic-kernel/sprint11/implementation/gpt6-review/funded-causal-r3-logs/05-generated-attribution.stderr
 create mode 100644 review/semantic-kernel/sprint11/implementation/gpt6-review/funded-causal-r3-logs/05-generated-attribution.stdout
 create mode 100644 review/semantic-kernel/sprint11/implementation/gpt6-review/funded-causal-r3-logs/FundedCausal.lean
 create mode 100644 review/semantic-kernel/sprint11/implementation/gpt6-review/funded-causal-r3-logs/actual-theorems.json
 create mode 100644 review/semantic-kernel/sprint11/implementation/gpt6-review/funded-causal-r3-logs/after.json
 create mode 100644 review/semantic-kernel/sprint11/implementation/gpt6-review/funded-causal-r3-logs/before.json
 create mode 100644 review/semantic-kernel/sprint11/implementation/gpt6-review/funded-causal-r3-logs/final-gates-reconciliation-before-funded-r3.json
 create mode 100644 review/semantic-kernel/sprint11/implementation/gpt6-review/funded-causal-r3-logs/final-gates-reconciliation-before-funded-r3.md
 create mode 100644 review/semantic-kernel/sprint11/implementation/gpt6-review/funded-causal-r3-logs/generated-attribution.json
 create mode 100644 review/semantic-kernel/sprint11/implementation/gpt6-review/funded-causal-r3-logs/inspection-summary.json
 create mode 100644 review/semantic-kernel/sprint11/implementation/gpt6-review/funded-causal-r3-logs/source-forbidden-token-scan.json
 create mode 100644 review/semantic-kernel/sprint11/implementation/gpt6-review/funded-causal-r3-review-handoff.json
 create mode 100644 review/semantic-kernel/sprint11/implementation/gpt6-review/funded-causal-r3-review.md
 create mode 100644 review/semantic-kernel/sprint11/implementation/gpt6-review/funded-companions-r1-acceptance.json
 create mode 100644 review/semantic-kernel/sprint11/implementation/gpt6-review/funded-companions-r1-inputs.json
 create mode 100644 review/semantic-kernel/sprint11/implementation/gpt6-review/funded-companions-r1-introspection/evidence-verification-corrected.json
 create mode 100644 review/semantic-kernel/sprint11/implementation/gpt6-review/funded-companions-r1-introspection/evidence-verification.json
 create mode 100644 review/semantic-kernel/sprint11/implementation/gpt6-review/funded-companions-r1-introspection/failed-discovery-probe.json
 create mode 100644 review/semantic-kernel/sprint11/implementation/gpt6-review/funded-companions-r1-introspection/introspection.json
 create mode 100644 review/semantic-kernel/sprint11/implementation/gpt6-review/funded-companions-r1-introspection/theorems.stderr
 create mode 100644 review/semantic-kernel/sprint11/implementation/gpt6-review/funded-companions-r1-introspection/theorems.stdin.lean
 create mode 100644 review/semantic-kernel/sprint11/implementation/gpt6-review/funded-companions-r1-introspection/theorems.stdout
 create mode 100644 review/semantic-kernel/sprint11/implementation/gpt6-review/funded-companions-r1-review.md
 create mode 100644 review/semantic-kernel/sprint11/implementation/gpt6-review/funded-enabledness-r2-acceptance.json
 create mode 100644 review/semantic-kernel/sprint11/implementation/gpt6-review/funded-enabledness-r2-inputs.json
 create mode 100644 review/semantic-kernel/sprint11/implementation/gpt6-review/funded-enabledness-r2-logs/01-command.json
 create mode 100644 review/semantic-kernel/sprint11/implementation/gpt6-review/funded-enabledness-r2-logs/01-probe.lean.txt
 create mode 100644 review/semantic-kernel/sprint11/implementation/gpt6-review/funded-enabledness-r2-logs/01-probe.stderr
 create mode 100644 review/semantic-kernel/sprint11/implementation/gpt6-review/funded-enabledness-r2-logs/01-probe.stdout
 create mode 100644 review/semantic-kernel/sprint11/implementation/gpt6-review/funded-enabledness-r2-logs/FundedEnabledness.lean
 create mode 100644 review/semantic-kernel/sprint11/implementation/gpt6-review/funded-enabledness-r2-logs/actual-theorems.json
 create mode 100644 review/semantic-kernel/sprint11/implementation/gpt6-review/funded-enabledness-r2-logs/after.json
 create mode 100644 review/semantic-kernel/sprint11/implementation/gpt6-review/funded-enabledness-r2-logs/before.json
 create mode 100644 review/semantic-kernel/sprint11/implementation/gpt6-review/funded-enabledness-r2-logs/introspection-summary.json
 create mode 100644 review/semantic-kernel/sprint11/implementation/gpt6-review/funded-enabledness-r2-review.md
 create mode 100644 review/semantic-kernel/sprint11/implementation/gpt6-review/funded-enabledness-review/32-deposits-sync.cmd
 create mode 100644 review/semantic-kernel/sprint11/implementation/gpt6-review/funded-enabledness-review/32-deposits-sync.cwd
 create mode 100644 review/semantic-kernel/sprint11/implementation/gpt6-review/funded-enabledness-review/32-deposits-sync.status
 create mode 100644 review/semantic-kernel/sprint11/implementation/gpt6-review/funded-enabledness-review/32-deposits-sync.stderr
 create mode 100644 review/semantic-kernel/sprint11/implementation/gpt6-review/funded-enabledness-review/32-deposits-sync.stdout
 create mode 100644 review/semantic-kernel/sprint11/implementation/gpt6-review/funded-enabledness-review/32-deposits.cmd
 create mode 100644 review/semantic-kernel/sprint11/implementation/gpt6-review/funded-enabledness-review/32-deposits.cwd
 create mode 100644 review/semantic-kernel/sprint11/implementation/gpt6-review/funded-enabledness-review/32-deposits.status
 create mode 100644 review/semantic-kernel/sprint11/implementation/gpt6-review/funded-enabledness-review/32-deposits.stderr
 create mode 100644 review/semantic-kernel/sprint11/implementation/gpt6-review/funded-enabledness-review/32-deposits.stdout
 create mode 100644 review/semantic-kernel/sprint11/implementation/gpt6-review/funded-enabledness-review/3281b15694e4-FundedEnabledness.lean
 create mode 100644 review/semantic-kernel/sprint11/implementation/gpt6-review/funded-enabledness-review/FundedEnabledness.lean
 create mode 100644 review/semantic-kernel/sprint11/implementation/gpt6-review/funded-enabledness-review/SOURCE-REVIEW.md
 create mode 100644 review/semantic-kernel/sprint11/implementation/gpt6-review/funded-enabledness-review/source-principal-statements.json
 create mode 100644 review/semantic-kernel/sprint11/implementation/gpt6-review/funded-enabledness-review/stage-inputs.json
 create mode 100644 review/semantic-kernel/sprint11/implementation/gpt6-review/funded-enabledness-review/stage-native-identity.json
 create mode 100644 review/semantic-kernel/sprint11/implementation/gpt6-review/funded-preliminary-r2/01-lake-build-FundedCausal.stdout
 create mode 100644 review/semantic-kernel/sprint11/implementation/gpt6-review/funded-preliminary-r2/Causal.lean
 create mode 100644 review/semantic-kernel/sprint11/implementation/gpt6-review/funded-preliminary-r2/Examples.lean
 create mode 100644 review/semantic-kernel/sprint11/implementation/gpt6-review/funded-preliminary-r2/FundedCausal.lean
 create mode 100644 review/semantic-kernel/sprint11/implementation/gpt6-review/funded-preliminary-r2/REPORT.md
 create mode 100644 review/semantic-kernel/sprint11/implementation/gpt6-review/funded-preliminary-r2/inputs.json
 create mode 100644 review/semantic-kernel/sprint11/implementation/gpt6-review/funded-preliminary/20260908T041609Z/Causal.lean
 create mode 100644 review/semantic-kernel/sprint11/implementation/gpt6-review/funded-preliminary/20260908T041609Z/CausalRuntime.lean
 create mode 100644 review/semantic-kernel/sprint11/implementation/gpt6-review/funded-preliminary/20260908T041609Z/Examples.lean
 create mode 100644 review/semantic-kernel/sprint11/implementation/gpt6-review/funded-preliminary/20260908T041609Z/Execution.lean
 create mode 100644 review/semantic-kernel/sprint11/implementation/gpt6-review/funded-preliminary/20260908T041609Z/FundedCausal.lean
 create mode 100644 review/semantic-kernel/sprint11/implementation/gpt6-review/funded-preliminary/20260908T041609Z/inputs.json
 create mode 100644 review/semantic-kernel/sprint11/implementation/gpt6-review/funded-preliminary/REPORT.md
 create mode 100644 review/semantic-kernel/sprint11/implementation/gpt6-review/interface-r1-inputs.json
 create mode 100644 review/semantic-kernel/sprint11/implementation/gpt6-review/interface-r1-review.md
 create mode 100644 review/semantic-kernel/sprint11/implementation/gpt6-review/interface-r2-acceptance.json
 create mode 100644 review/semantic-kernel/sprint11/implementation/gpt6-review/interface-r2-inputs.json
 create mode 100644 review/semantic-kernel/sprint11/implementation/gpt6-review/interface-r2-introspection/coverage-preservation.json
 create mode 100644 review/semantic-kernel/sprint11/implementation/gpt6-review/interface-r2-introspection/evidence-verification.json
 create mode 100644 review/semantic-kernel/sprint11/implementation/gpt6-review/interface-r2-introspection/failed-skill-bootstrap.json
 create mode 100644 review/semantic-kernel/sprint11/implementation/gpt6-review/interface-r2-introspection/introspection.json
 create mode 100644 review/semantic-kernel/sprint11/implementation/gpt6-review/interface-r2-introspection/retry-introspection.json
 create mode 100644 review/semantic-kernel/sprint11/implementation/gpt6-review/interface-r2-introspection/retry-theorems.stderr
 create mode 100644 review/semantic-kernel/sprint11/implementation/gpt6-review/interface-r2-introspection/retry-theorems.stdin.lean
 create mode 100644 review/semantic-kernel/sprint11/implementation/gpt6-review/interface-r2-introspection/retry-theorems.stdout
 create mode 100644 review/semantic-kernel/sprint11/implementation/gpt6-review/interface-r2-introspection/theorems.stderr
 create mode 100644 review/semantic-kernel/sprint11/implementation/gpt6-review/interface-r2-introspection/theorems.stdin.lean
 create mode 100644 review/semantic-kernel/sprint11/implementation/gpt6-review/interface-r2-introspection/theorems.stdout
 create mode 100644 review/semantic-kernel/sprint11/implementation/gpt6-review/interface-r2-review.md
 create mode 100644 review/semantic-kernel/sprint11/implementation/gpt6-review/inventory-r1-inputs.json
 create mode 100644 review/semantic-kernel/sprint11/implementation/gpt6-review/inventory-r1-review.md
 create mode 100644 review/semantic-kernel/sprint11/implementation/gpt6-review/inventory-r2-controls/build-proof-inventory.py
 create mode 100644 review/semantic-kernel/sprint11/implementation/gpt6-review/inventory-r2-controls/freeze.json
 create mode 100644 review/semantic-kernel/sprint11/implementation/gpt6-review/inventory-r2-controls/proof-inventory-driver.lean
 create mode 100644 review/semantic-kernel/sprint11/implementation/gpt6-review/inventory-r2-controls/results.json
 create mode 100644 review/semantic-kernel/sprint11/implementation/gpt6-review/inventory-r2-controls/run-controls.py
 create mode 100644 review/semantic-kernel/sprint11/implementation/gpt6-review/inventory-r2-inputs.json
 create mode 100644 review/semantic-kernel/sprint11/implementation/gpt6-review/inventory-r2-review.md
 create mode 100644 review/semantic-kernel/sprint11/implementation/gpt6-review/inventory-r3-acceptance.json
 create mode 100644 review/semantic-kernel/sprint11/implementation/gpt6-review/inventory-r3-inputs.json
 create mode 100644 review/semantic-kernel/sprint11/implementation/gpt6-review/inventory-r3-logs/build-proof-inventory.py
 create mode 100644 review/semantic-kernel/sprint11/implementation/gpt6-review/inventory-r3-logs/closure-observed.json
 create mode 100644 review/semantic-kernel/sprint11/implementation/gpt6-review/inventory-r3-logs/freeze.json
 create mode 100644 review/semantic-kernel/sprint11/implementation/gpt6-review/inventory-r3-logs/proof-inventory-driver.lean
 create mode 100644 review/semantic-kernel/sprint11/implementation/gpt6-review/inventory-r3-logs/results.json
 create mode 100644 review/semantic-kernel/sprint11/implementation/gpt6-review/inventory-r3-logs/run-controls.py
 create mode 100644 review/semantic-kernel/sprint11/implementation/gpt6-review/inventory-r3-logs/self-check-observed.json
 create mode 100644 review/semantic-kernel/sprint11/implementation/gpt6-review/inventory-r3-logs/source-bindings.json
 create mode 100644 review/semantic-kernel/sprint11/implementation/gpt6-review/inventory-r3-review.md
 create mode 100644 review/semantic-kernel/sprint11/implementation/gpt6-review/proof-preliminary.md
 create mode 100644 review/semantic-kernel/sprint11/implementation/gpt6-review/proofs-r3-acceptance.json
 create mode 100644 review/semantic-kernel/sprint11/implementation/gpt6-review/proofs-r3-inputs.json
 create mode 100644 review/semantic-kernel/sprint11/implementation/gpt6-review/proofs-r3-introspection-attempt1.lean.txt
 create mode 100644 review/semantic-kernel/sprint11/implementation/gpt6-review/proofs-r3-introspection-attempt1.stderr
 create mode 100644 review/semantic-kernel/sprint11/implementation/gpt6-review/proofs-r3-introspection-attempt1.stdout
 create mode 100644 review/semantic-kernel/sprint11/implementation/gpt6-review/proofs-r3-introspection.lean.txt
 create mode 100644 review/semantic-kernel/sprint11/implementation/gpt6-review/proofs-r3-introspection.stderr
 create mode 100644 review/semantic-kernel/sprint11/implementation/gpt6-review/proofs-r3-introspection.stdout
 create mode 100644 review/semantic-kernel/sprint11/implementation/gpt6-review/proofs-r3-review.md
 create mode 100644 review/semantic-kernel/sprint11/implementation/gpt6-review/runner-acceptance.json
 create mode 100644 review/semantic-kernel/sprint11/implementation/gpt6-review/runtime-anchor-pre-freeze.json
 create mode 100644 review/semantic-kernel/sprint11/implementation/gpt6-review/scenario-reconciliation-draft.json
 create mode 100644 review/semantic-kernel/sprint11/implementation/gpt6-review/scenario-reconciliation-draft.md
 create mode 100644 review/semantic-kernel/sprint11/implementation/integrated-r1/01-lake-build.json
 create mode 100644 review/semantic-kernel/sprint11/implementation/integrated-r1/01-lake-build.stderr
 create mode 100644 review/semantic-kernel/sprint11/implementation/integrated-r1/01-lake-build.stdout
 create mode 100644 review/semantic-kernel/sprint11/implementation/integrated-r1/02-Nary-Verify.json
 create mode 100644 review/semantic-kernel/sprint11/implementation/integrated-r1/02-Nary-Verify.stderr
 create mode 100644 review/semantic-kernel/sprint11/implementation/integrated-r1/02-Nary-Verify.stdout
 create mode 100644 review/semantic-kernel/sprint11/implementation/integrated-r1/03-Interface-Verify.json
 create mode 100644 review/semantic-kernel/sprint11/implementation/integrated-r1/03-Interface-Verify.stderr
 create mode 100644 review/semantic-kernel/sprint11/implementation/integrated-r1/03-Interface-Verify.stdout
 create mode 100644 review/semantic-kernel/sprint11/implementation/integrated-r1/04-Interleaving-Verify.json
 create mode 100644 review/semantic-kernel/sprint11/implementation/integrated-r1/04-Interleaving-Verify.stderr
 create mode 100644 review/semantic-kernel/sprint11/implementation/integrated-r1/04-Interleaving-Verify.stdout
 create mode 100644 review/semantic-kernel/sprint11/implementation/integrated-r1/05-Nary-Audit.json
 create mode 100644 review/semantic-kernel/sprint11/implementation/integrated-r1/05-Nary-Audit.stderr
 create mode 100644 review/semantic-kernel/sprint11/implementation/integrated-r1/05-Nary-Audit.stdout
 create mode 100644 review/semantic-kernel/sprint11/implementation/integrated-r1/sources-after.json
 create mode 100644 review/semantic-kernel/sprint11/implementation/integrated-r1/sources-before.json
 create mode 100644 review/semantic-kernel/sprint11/implementation/integrated-r2/01-lake-build.json
 create mode 100644 review/semantic-kernel/sprint11/implementation/integrated-r2/01-lake-build.stderr
 create mode 100644 review/semantic-kernel/sprint11/implementation/integrated-r2/01-lake-build.stdout
 create mode 100644 review/semantic-kernel/sprint11/implementation/integrated-r2/02-Nary-Verify.json
 create mode 100644 review/semantic-kernel/sprint11/implementation/integrated-r2/02-Nary-Verify.stderr
 create mode 100644 review/semantic-kernel/sprint11/implementation/integrated-r2/02-Nary-Verify.stdout
 create mode 100644 review/semantic-kernel/sprint11/implementation/integrated-r2/03-Interface-Verify.json
 create mode 100644 review/semantic-kernel/sprint11/implementation/integrated-r2/03-Interface-Verify.stderr
 create mode 100644 review/semantic-kernel/sprint11/implementation/integrated-r2/03-Interface-Verify.stdout
 create mode 100644 review/semantic-kernel/sprint11/implementation/integrated-r2/04-Interleaving-Verify.json
 create mode 100644 review/semantic-kernel/sprint11/implementation/integrated-r2/04-Interleaving-Verify.stderr
 create mode 100644 review/semantic-kernel/sprint11/implementation/integrated-r2/04-Interleaving-Verify.stdout
 create mode 100644 review/semantic-kernel/sprint11/implementation/integrated-r2/05-Nary-Audit.json
 create mode 100644 review/semantic-kernel/sprint11/implementation/integrated-r2/05-Nary-Audit.stderr
 create mode 100644 review/semantic-kernel/sprint11/implementation/integrated-r2/05-Nary-Audit.stdout
 create mode 100644 review/semantic-kernel/sprint11/implementation/integrated-r2/sources-after.json
 create mode 100644 review/semantic-kernel/sprint11/implementation/integrated-r2/sources-before.json
 create mode 100644 review/semantic-kernel/sprint11/implementation/integration-plan.json
 create mode 100644 review/semantic-kernel/sprint11/implementation/interface-r1/MANIFEST-REPAIR.md
 create mode 100644 review/semantic-kernel/sprint11/implementation/interface-r1/REPORT.md
 create mode 100644 review/semantic-kernel/sprint11/implementation/interface-r1/compile-status.json
 create mode 100644 review/semantic-kernel/sprint11/implementation/interface-r1/final-artifacts.json
 create mode 100644 review/semantic-kernel/sprint11/implementation/interface-r1/hash-mismatch-disposition.json
 create mode 100644 review/semantic-kernel/sprint11/implementation/interface-r1/hashes/evidence-files.sha256
 create mode 100644 review/semantic-kernel/sprint11/implementation/interface-r1/hashes/owned-module.sha256
 create mode 100644 review/semantic-kernel/sprint11/implementation/interface-r1/hashes/private-lean-sources.pre-sync.sha256
 create mode 100644 review/semantic-kernel/sprint11/implementation/interface-r1/hashes/private-lean-sources.sha256
 create mode 100644 review/semantic-kernel/sprint11/implementation/interface-r1/hashes/source-hash-equality.txt
 create mode 100644 review/semantic-kernel/sprint11/implementation/interface-r1/hashes/worktree-lean-sources.pre-sync.sha256
 create mode 100644 review/semantic-kernel/sprint11/implementation/interface-r1/hashes/worktree-lean-sources.sha256
 create mode 100644 review/semantic-kernel/sprint11/implementation/interface-r1/identity.json
 create mode 100644 review/semantic-kernel/sprint11/implementation/interface-r1/logs/00-lake-build-InterfaceInstances.cwd
 create mode 100644 review/semantic-kernel/sprint11/implementation/interface-r1/logs/00-lake-build-InterfaceInstances.status
 create mode 100644 review/semantic-kernel/sprint11/implementation/interface-r1/logs/00-lake-build-InterfaceInstances.stderr
 create mode 100644 review/semantic-kernel/sprint11/implementation/interface-r1/logs/00-lake-build-InterfaceInstances.stdout
 create mode 100644 review/semantic-kernel/sprint11/implementation/interface-r1/logs/01-lake-build-InterfaceInstances.status
 create mode 100644 review/semantic-kernel/sprint11/implementation/interface-r1/logs/01-lake-build-InterfaceInstances.stderr
 create mode 100644 review/semantic-kernel/sprint11/implementation/interface-r1/logs/01-lake-build-InterfaceInstances.stdout
 create mode 100644 review/semantic-kernel/sprint11/implementation/interface-r1/logs/02-lake-build-InterfaceInstances.status
 create mode 100644 review/semantic-kernel/sprint11/implementation/interface-r1/logs/02-lake-build-InterfaceInstances.stderr
 create mode 100644 review/semantic-kernel/sprint11/implementation/interface-r1/logs/02-lake-build-InterfaceInstances.stdout
 create mode 100644 review/semantic-kernel/sprint11/implementation/interface-r1/logs/03-lake-env-lean-InterfaceInstances.status
 create mode 100644 review/semantic-kernel/sprint11/implementation/interface-r1/logs/03-lake-env-lean-InterfaceInstances.stderr
 create mode 100644 review/semantic-kernel/sprint11/implementation/interface-r1/logs/03-lake-env-lean-InterfaceInstances.stdout
 create mode 100644 review/semantic-kernel/sprint11/implementation/interface-r1/root-source-snapshot/InterfaceInstances.lean
 create mode 100644 review/semantic-kernel/sprint11/implementation/interface-r1/source-scan.txt
 create mode 100644 review/semantic-kernel/sprint11/implementation/interface-r1/source-snapshot/InterfaceInstances.lean
 create mode 100644 review/semantic-kernel/sprint11/implementation/interface-r1/statements.json
 create mode 100644 review/semantic-kernel/sprint11/implementation/interface-r2/REPORT.md
 create mode 100644 review/semantic-kernel/sprint11/implementation/interface-r2/compile-status.json
 create mode 100644 review/semantic-kernel/sprint11/implementation/interface-r2/final-artifacts.json
 create mode 100644 review/semantic-kernel/sprint11/implementation/interface-r2/hashes/declaration-index.txt
 create mode 100644 review/semantic-kernel/sprint11/implementation/interface-r2/hashes/owned-module.sha256
 create mode 100644 review/semantic-kernel/sprint11/implementation/interface-r2/hashes/private-lean-sources.sha256
 create mode 100644 review/semantic-kernel/sprint11/implementation/interface-r2/hashes/source-hash-equality.txt
 create mode 100644 review/semantic-kernel/sprint11/implementation/interface-r2/hashes/worktree-lean-sources.sha256
 create mode 100644 review/semantic-kernel/sprint11/implementation/interface-r2/identity.json
 create mode 100644 review/semantic-kernel/sprint11/implementation/interface-r2/logs/00-lake-build-InterfaceInstances.cwd
 create mode 100644 review/semantic-kernel/sprint11/implementation/interface-r2/logs/00-lake-build-InterfaceInstances.status
 create mode 100644 review/semantic-kernel/sprint11/implementation/interface-r2/logs/00-lake-build-InterfaceInstances.stderr
 create mode 100644 review/semantic-kernel/sprint11/implementation/interface-r2/logs/00-lake-build-InterfaceInstances.stdout
 create mode 100644 review/semantic-kernel/sprint11/implementation/interface-r2/logs/01-lake-build-InterfaceInstances.status
 create mode 100644 review/semantic-kernel/sprint11/implementation/interface-r2/logs/01-lake-build-InterfaceInstances.stderr
 create mode 100644 review/semantic-kernel/sprint11/implementation/interface-r2/logs/01-lake-build-InterfaceInstances.stdout
 create mode 100644 review/semantic-kernel/sprint11/implementation/interface-r2/logs/02-lake-build-InterfaceInstances.status
 create mode 100644 review/semantic-kernel/sprint11/implementation/interface-r2/logs/02-lake-build-InterfaceInstances.stderr
 create mode 100644 review/semantic-kernel/sprint11/implementation/interface-r2/logs/02-lake-build-InterfaceInstances.stdout
 create mode 100644 review/semantic-kernel/sprint11/implementation/interface-r2/logs/03-lake-build-InterfaceInstances.cwd
 create mode 100644 review/semantic-kernel/sprint11/implementation/interface-r2/logs/03-lake-build-InterfaceInstances.status
 create mode 100644 review/semantic-kernel/sprint11/implementation/interface-r2/logs/03-lake-build-InterfaceInstances.stderr
 create mode 100644 review/semantic-kernel/sprint11/implementation/interface-r2/logs/03-lake-build-InterfaceInstances.stdout
 create mode 100644 review/semantic-kernel/sprint11/implementation/interface-r2/logs/04-lake-env-lean-InterfaceInstances.cwd
 create mode 100644 review/semantic-kernel/sprint11/implementation/interface-r2/logs/04-lake-env-lean-InterfaceInstances.status
 create mode 100644 review/semantic-kernel/sprint11/implementation/interface-r2/logs/04-lake-env-lean-InterfaceInstances.stderr
 create mode 100644 review/semantic-kernel/sprint11/implementation/interface-r2/logs/04-lake-env-lean-InterfaceInstances.stdout
 create mode 100644 review/semantic-kernel/sprint11/implementation/interface-r2/source-scan.txt
 create mode 100644 review/semantic-kernel/sprint11/implementation/interface-r2/source-snapshot/InterfaceInstances.lean
 create mode 100644 review/semantic-kernel/sprint11/implementation/interface-r2/statements.json
 create mode 100644 review/semantic-kernel/sprint11/implementation/native-worker/binary-r1-evidence.tar.gz
 create mode 100644 review/semantic-kernel/sprint11/implementation/native-worker/binary-r1.json
 create mode 100644 review/semantic-kernel/sprint11/implementation/native-worker/binary-r1.jsonl.gz
 create mode 100644 review/semantic-kernel/sprint11/implementation/native-worker/binary-r1.stderr.gz
 create mode 100644 review/semantic-kernel/sprint11/implementation/native-worker/causal-generic-r1-evidence.tar.gz
 create mode 100644 review/semantic-kernel/sprint11/implementation/native-worker/causal-generic-r1.json
 create mode 100644 review/semantic-kernel/sprint11/implementation/native-worker/causal-generic-r1.jsonl.gz
 create mode 100644 review/semantic-kernel/sprint11/implementation/native-worker/causal-generic-r1.stderr.gz
 create mode 100644 review/semantic-kernel/sprint11/implementation/native-worker/core-r1-evidence.tar.gz
 create mode 100644 review/semantic-kernel/sprint11/implementation/native-worker/core-r1.json
 create mode 100644 review/semantic-kernel/sprint11/implementation/native-worker/core-r1.jsonl.gz
 create mode 100644 review/semantic-kernel/sprint11/implementation/native-worker/core-r1.stderr.gz
 create mode 100644 review/semantic-kernel/sprint11/implementation/native-worker/core-r2.json
 create mode 100644 review/semantic-kernel/sprint11/implementation/native-worker/core-r2.jsonl.gz
 create mode 100644 review/semantic-kernel/sprint11/implementation/native-worker/core-r2.stderr.gz
 create mode 100644 review/semantic-kernel/sprint11/implementation/native-worker/core-r3-evidence.tar.gz
 create mode 100644 review/semantic-kernel/sprint11/implementation/native-worker/core-r3.json
 create mode 100644 review/semantic-kernel/sprint11/implementation/native-worker/core-r3.jsonl.gz
 create mode 100644 review/semantic-kernel/sprint11/implementation/native-worker/core-r3.stderr.gz
 create mode 100644 review/semantic-kernel/sprint11/implementation/native-worker/fixtures-r1-evidence.tar.gz
 create mode 100644 review/semantic-kernel/sprint11/implementation/native-worker/fixtures-r1.json
 create mode 100644 review/semantic-kernel/sprint11/implementation/native-worker/fixtures-r1.jsonl.gz
 create mode 100644 review/semantic-kernel/sprint11/implementation/native-worker/fixtures-r1.stderr.gz
 create mode 100644 review/semantic-kernel/sprint11/implementation/native-worker/fixtures-r2-evidence.tar.gz
 create mode 100644 review/semantic-kernel/sprint11/implementation/native-worker/fixtures-r2.json
 create mode 100644 review/semantic-kernel/sprint11/implementation/native-worker/fixtures-r2.jsonl.gz
 create mode 100644 review/semantic-kernel/sprint11/implementation/native-worker/fixtures-r2.stderr.gz
 create mode 100644 review/semantic-kernel/sprint11/implementation/native-worker/fixtures-r3-evidence.tar.gz
 create mode 100644 review/semantic-kernel/sprint11/implementation/native-worker/fixtures-r3.json
 create mode 100644 review/semantic-kernel/sprint11/implementation/native-worker/fixtures-r3.jsonl.gz
 create mode 100644 review/semantic-kernel/sprint11/implementation/native-worker/fixtures-r3.stderr.gz
 create mode 100644 review/semantic-kernel/sprint11/implementation/native-worker/fixtures-r4-evidence.tar.gz
 create mode 100644 review/semantic-kernel/sprint11/implementation/native-worker/fixtures-r4.json
 create mode 100644 review/semantic-kernel/sprint11/implementation/native-worker/fixtures-r4.jsonl.gz
 create mode 100644 review/semantic-kernel/sprint11/implementation/native-worker/fixtures-r4.stderr.gz
 create mode 100644 review/semantic-kernel/sprint11/implementation/native-worker/fixtures-r5-stage.tar.gz
 create mode 100644 review/semantic-kernel/sprint11/implementation/native-worker/fixtures-r5.json
 create mode 100644 review/semantic-kernel/sprint11/implementation/native-worker/fixtures-r5.jsonl.gz
 create mode 100644 review/semantic-kernel/sprint11/implementation/native-worker/fixtures-r5.stderr
 create mode 100644 review/semantic-kernel/sprint11/implementation/native-worker/funded-causal-r1-interrupted-evidence.tar.gz
 create mode 100644 review/semantic-kernel/sprint11/implementation/native-worker/funded-causal-r1.json
 create mode 100644 review/semantic-kernel/sprint11/implementation/native-worker/funded-causal-r1.jsonl.gz
 create mode 100644 review/semantic-kernel/sprint11/implementation/native-worker/funded-causal-r1.stderr.gz
 create mode 100644 review/semantic-kernel/sprint11/implementation/native-worker/funded-causal-r2-evidence.tar.gz
 create mode 100644 review/semantic-kernel/sprint11/implementation/native-worker/funded-causal-r2.json
 create mode 100644 review/semantic-kernel/sprint11/implementation/native-worker/funded-causal-r2.jsonl.gz
 create mode 100644 review/semantic-kernel/sprint11/implementation/native-worker/funded-causal-r2.stderr.gz
 create mode 100644 review/semantic-kernel/sprint11/implementation/native-worker/funded-causal-r3-stage.tar.gz
 create mode 100644 review/semantic-kernel/sprint11/implementation/native-worker/funded-causal-r3.json
 create mode 100644 review/semantic-kernel/sprint11/implementation/native-worker/funded-causal-r3.jsonl.gz
 create mode 100644 review/semantic-kernel/sprint11/implementation/native-worker/funded-causal-r3.stderr
 create mode 100644 review/semantic-kernel/sprint11/implementation/native-worker/funded-companions-r1-evidence.tar.gz
 create mode 100644 review/semantic-kernel/sprint11/implementation/native-worker/funded-companions-r1.json
 create mode 100644 review/semantic-kernel/sprint11/implementation/native-worker/funded-companions-r1.jsonl.gz
 create mode 100644 review/semantic-kernel/sprint11/implementation/native-worker/funded-companions-r1.stderr.gz
 create mode 100644 review/semantic-kernel/sprint11/implementation/native-worker/funded-enabledness-r1-stage.tar.gz
 create mode 100644 review/semantic-kernel/sprint11/implementation/native-worker/funded-enabledness-r1.json
 create mode 100644 review/semantic-kernel/sprint11/implementation/native-worker/funded-enabledness-r1.jsonl.gz
 create mode 100644 review/semantic-kernel/sprint11/implementation/native-worker/funded-enabledness-r1.stderr
 create mode 100644 review/semantic-kernel/sprint11/implementation/native-worker/funded-enabledness-r2-stage.tar.gz
 create mode 100644 review/semantic-kernel/sprint11/implementation/native-worker/funded-enabledness-r2.json
 create mode 100644 review/semantic-kernel/sprint11/implementation/native-worker/funded-enabledness-r2.jsonl.gz
 create mode 100644 review/semantic-kernel/sprint11/implementation/native-worker/funded-enabledness-r2.stderr
 create mode 100644 review/semantic-kernel/sprint11/implementation/native-worker/interface-r1-evidence.tar.gz
 create mode 100644 review/semantic-kernel/sprint11/implementation/native-worker/interface-r1.json
 create mode 100644 review/semantic-kernel/sprint11/implementation/native-worker/interface-r1.jsonl.gz
 create mode 100644 review/semantic-kernel/sprint11/implementation/native-worker/interface-r1.stderr.gz
 create mode 100644 review/semantic-kernel/sprint11/implementation/native-worker/interface-r2-evidence.tar.gz
 create mode 100644 review/semantic-kernel/sprint11/implementation/native-worker/interface-r2.json
 create mode 100644 review/semantic-kernel/sprint11/implementation/native-worker/interface-r2.jsonl.gz
 create mode 100644 review/semantic-kernel/sprint11/implementation/native-worker/interface-r2.stderr.gz
 create mode 100644 review/semantic-kernel/sprint11/implementation/native-worker/inventory-r1-evidence.tar.gz
 create mode 100644 review/semantic-kernel/sprint11/implementation/native-worker/inventory-r1.json
 create mode 100644 review/semantic-kernel/sprint11/implementation/native-worker/inventory-r1.jsonl.gz
 create mode 100644 review/semantic-kernel/sprint11/implementation/native-worker/inventory-r1.stderr.gz
 create mode 100644 review/semantic-kernel/sprint11/implementation/native-worker/inventory-r2-evidence.tar.gz
 create mode 100644 review/semantic-kernel/sprint11/implementation/native-worker/inventory-r2.json
 create mode 100644 review/semantic-kernel/sprint11/implementation/native-worker/inventory-r2.jsonl.gz
 create mode 100644 review/semantic-kernel/sprint11/implementation/native-worker/inventory-r2.stderr.gz
 create mode 100644 review/semantic-kernel/sprint11/implementation/native-worker/inventory-r3-evidence.tar.gz
 create mode 100644 review/semantic-kernel/sprint11/implementation/native-worker/inventory-r3.json
 create mode 100644 review/semantic-kernel/sprint11/implementation/native-worker/inventory-r3.jsonl.gz
 create mode 100644 review/semantic-kernel/sprint11/implementation/native-worker/inventory-r3.stderr.gz
 create mode 100644 review/semantic-kernel/sprint11/implementation/native-worker/proofs-r1-evidence.tar.gz
 create mode 100644 review/semantic-kernel/sprint11/implementation/native-worker/proofs-r1.json
 create mode 100644 review/semantic-kernel/sprint11/implementation/native-worker/proofs-r1.jsonl.gz
 create mode 100644 review/semantic-kernel/sprint11/implementation/native-worker/proofs-r1.stderr.gz
 create mode 100644 review/semantic-kernel/sprint11/implementation/native-worker/proofs-r2-evidence.tar.gz
 create mode 100644 review/semantic-kernel/sprint11/implementation/native-worker/proofs-r2.json
 create mode 100644 review/semantic-kernel/sprint11/implementation/native-worker/proofs-r2.jsonl.gz
 create mode 100644 review/semantic-kernel/sprint11/implementation/native-worker/proofs-r2.stderr.gz
 create mode 100644 review/semantic-kernel/sprint11/implementation/native-worker/proofs-r3-evidence.tar.gz
 create mode 100644 review/semantic-kernel/sprint11/implementation/native-worker/proofs-r3.json
 create mode 100644 review/semantic-kernel/sprint11/implementation/native-worker/proofs-r3.jsonl.gz
 create mode 100644 review/semantic-kernel/sprint11/implementation/native-worker/proofs-r3.stderr.gz
 create mode 100644 review/semantic-kernel/sprint11/implementation/native-worker/runner-r1.json
 create mode 100644 review/semantic-kernel/sprint11/implementation/native-worker/runner-r1.jsonl.gz
 create mode 100644 review/semantic-kernel/sprint11/implementation/native-worker/runner-r1.stderr.gz
 create mode 100644 review/semantic-kernel/sprint11/implementation/native-worker/sprint11-release-closure-r1-stage.tar.gz
 create mode 100644 review/semantic-kernel/sprint11/implementation/native-worker/sprint11-release-closure-r1.json
 create mode 100644 review/semantic-kernel/sprint11/implementation/native-worker/sprint11-release-closure-r1.jsonl.gz
 create mode 100644 review/semantic-kernel/sprint11/implementation/native-worker/sprint11-release-closure-r1.stderr
 create mode 100644 review/semantic-kernel/sprint11/implementation/parent-import-integration.json
 create mode 100644 review/semantic-kernel/sprint11/implementation/preintegration-remote-observation.json
 create mode 100644 review/semantic-kernel/sprint11/implementation/production-mutations-r1/M01-blocked.json
 create mode 100644 review/semantic-kernel/sprint11/implementation/production-mutations-r1/M01-blocked.tar.gz
 create mode 100644 review/semantic-kernel/sprint11/implementation/production-mutations-r2/all16-production-runs.tar.gz
 create mode 100644 review/semantic-kernel/sprint11/implementation/production-mutations-r2/manifest.json
 create mode 100644 review/semantic-kernel/sprint11/implementation/proof-inventory-final-r1/proof-inventory-execution.json
 create mode 100644 review/semantic-kernel/sprint11/implementation/proof-inventory-final-r1/proof-inventory-verify.log
 create mode 100644 review/semantic-kernel/sprint11/implementation/proof-inventory-final-r1/proof-inventory-verify.log.stderr
 create mode 100644 review/semantic-kernel/sprint11/implementation/proof-inventory-final-r1/proof-inventory.json
 create mode 100644 review/semantic-kernel/sprint11/implementation/proof-inventory-final-r1/proof-types.log
 create mode 100644 review/semantic-kernel/sprint11/implementation/proof-inventory-final-r1/proof-types.log.stderr
 create mode 100644 review/semantic-kernel/sprint11/implementation/proof-inventory-final-r2/proof-inventory-execution.json
 create mode 100644 review/semantic-kernel/sprint11/implementation/proof-inventory-final-r2/proof-inventory-verify.log
 create mode 100644 review/semantic-kernel/sprint11/implementation/proof-inventory-final-r2/proof-inventory-verify.log.stderr
 create mode 100644 review/semantic-kernel/sprint11/implementation/proof-inventory-final-r2/proof-inventory.json
 create mode 100644 review/semantic-kernel/sprint11/implementation/proof-inventory-final-r2/proof-types.log
 create mode 100644 review/semantic-kernel/sprint11/implementation/proof-inventory-final-r2/proof-types.log.stderr
 create mode 100644 review/semantic-kernel/sprint11/implementation/proof-inventory-r1/self-check.json
 create mode 100644 review/semantic-kernel/sprint11/implementation/proof-inventory-r1/tool-status.json
 create mode 100644 review/semantic-kernel/sprint11/implementation/proof-inventory-r2/argparse-missing-candidate.stderr
 create mode 100644 review/semantic-kernel/sprint11/implementation/proof-inventory-r2/commands.json
 create mode 100644 review/semantic-kernel/sprint11/implementation/proof-inventory-r2/findings-disposition.json
 create mode 100644 review/semantic-kernel/sprint11/implementation/proof-inventory-r2/identity.json
 create mode 100644 review/semantic-kernel/sprint11/implementation/proof-inventory-r2/manifest.json
 create mode 100644 review/semantic-kernel/sprint11/implementation/proof-inventory-r2/preserved-r1/build-proof-inventory.py
 create mode 100644 review/semantic-kernel/sprint11/implementation/proof-inventory-r2/preserved-r1/proof-inventory-driver.lean
 create mode 100644 review/semantic-kernel/sprint11/implementation/proof-inventory-r2/preserved-r1/self-check.json
 create mode 100644 review/semantic-kernel/sprint11/implementation/proof-inventory-r2/preserved-r1/tool-status.json
 create mode 100644 review/semantic-kernel/sprint11/implementation/proof-inventory-r2/self-check.json
 create mode 100644 review/semantic-kernel/sprint11/implementation/proof-inventory-r2/tools-after.json
 create mode 100644 review/semantic-kernel/sprint11/implementation/proof-inventory-r2/tools-before.json
 create mode 100644 review/semantic-kernel/sprint11/implementation/proof-inventory-r3/argparse-missing-candidate.stderr
 create mode 100644 review/semantic-kernel/sprint11/implementation/proof-inventory-r3/commands.json
 create mode 100644 review/semantic-kernel/sprint11/implementation/proof-inventory-r3/findings-disposition.json
 create mode 100644 review/semantic-kernel/sprint11/implementation/proof-inventory-r3/identity.json
 create mode 100644 review/semantic-kernel/sprint11/implementation/proof-inventory-r3/manifest.json
 create mode 100644 review/semantic-kernel/sprint11/implementation/proof-inventory-r3/preserved-r2-failed-current-selfcheck.json
 create mode 100644 review/semantic-kernel/sprint11/implementation/proof-inventory-r3/preserved-r2/argparse-missing-candidate.stderr
 create mode 100644 review/semantic-kernel/sprint11/implementation/proof-inventory-r3/preserved-r2/build-proof-inventory.py
 create mode 100644 review/semantic-kernel/sprint11/implementation/proof-inventory-r3/preserved-r2/commands.json
 create mode 100644 review/semantic-kernel/sprint11/implementation/proof-inventory-r3/preserved-r2/findings-disposition.json
 create mode 100644 review/semantic-kernel/sprint11/implementation/proof-inventory-r3/preserved-r2/identity.json
 create mode 100644 review/semantic-kernel/sprint11/implementation/proof-inventory-r3/preserved-r2/manifest.json
 create mode 100644 review/semantic-kernel/sprint11/implementation/proof-inventory-r3/preserved-r2/preserved-r1/build-proof-inventory.py
 create mode 100644 review/semantic-kernel/sprint11/implementation/proof-inventory-r3/preserved-r2/preserved-r1/proof-inventory-driver.lean
 create mode 100644 review/semantic-kernel/sprint11/implementation/proof-inventory-r3/preserved-r2/preserved-r1/self-check.json
 create mode 100644 review/semantic-kernel/sprint11/implementation/proof-inventory-r3/preserved-r2/preserved-r1/tool-status.json
 create mode 100644 review/semantic-kernel/sprint11/implementation/proof-inventory-r3/preserved-r2/proof-inventory-driver.lean
 create mode 100644 review/semantic-kernel/sprint11/implementation/proof-inventory-r3/preserved-r2/self-check.json
 create mode 100644 review/semantic-kernel/sprint11/implementation/proof-inventory-r3/preserved-r2/tools-after.json
 create mode 100644 review/semantic-kernel/sprint11/implementation/proof-inventory-r3/preserved-r2/tools-before.json
 create mode 100644 review/semantic-kernel/sprint11/implementation/proof-inventory-r3/self-check.json
 create mode 100644 review/semantic-kernel/sprint11/implementation/proof-inventory-r3/tools-after.json
 create mode 100644 review/semantic-kernel/sprint11/implementation/proof-inventory-r3/tools-before.json
 create mode 100644 review/semantic-kernel/sprint11/implementation/proofs-r1/REPORT.md
 create mode 100644 review/semantic-kernel/sprint11/implementation/proofs-r1/compile-status.json
 create mode 100644 review/semantic-kernel/sprint11/implementation/proofs-r1/hashes.json
 create mode 100644 review/semantic-kernel/sprint11/implementation/proofs-r1/identity.json
 create mode 100644 review/semantic-kernel/sprint11/implementation/proofs-r1/source-scan.txt
 create mode 100644 review/semantic-kernel/sprint11/implementation/proofs-r1/source-snapshot/Completion.lean
 create mode 100644 review/semantic-kernel/sprint11/implementation/proofs-r1/source-snapshot/Interference.lean
 create mode 100644 review/semantic-kernel/sprint11/implementation/proofs-r1/source-snapshot/LocalOrder.lean
 create mode 100644 review/semantic-kernel/sprint11/implementation/proofs-r1/source-snapshot/Preservation.lean
 create mode 100644 review/semantic-kernel/sprint11/implementation/proofs-r1/source-snapshot/Soundness.lean
 create mode 100644 review/semantic-kernel/sprint11/implementation/proofs-r1/source-snapshot/Trace.lean
 create mode 100644 review/semantic-kernel/sprint11/implementation/proofs-r1/statements.json
 create mode 100644 review/semantic-kernel/sprint11/implementation/proofs-r2/REPORT.md
 create mode 100644 review/semantic-kernel/sprint11/implementation/proofs-r2/compile-status.json
 create mode 100644 review/semantic-kernel/sprint11/implementation/proofs-r2/hashes/owned-modules.sha256
 create mode 100644 review/semantic-kernel/sprint11/implementation/proofs-r2/hashes/private-lean-sources.sha256
 create mode 100644 review/semantic-kernel/sprint11/implementation/proofs-r2/hashes/private-owned-modules.sha256
 create mode 100644 review/semantic-kernel/sprint11/implementation/proofs-r2/hashes/worktree-lean-sources.sha256
 create mode 100644 review/semantic-kernel/sprint11/implementation/proofs-r2/identity.json
 create mode 100644 review/semantic-kernel/sprint11/implementation/proofs-r2/logs/00-lake-build-Soundness.status
 create mode 100644 review/semantic-kernel/sprint11/implementation/proofs-r2/logs/00-lake-build-Soundness.stderr
 create mode 100644 review/semantic-kernel/sprint11/implementation/proofs-r2/logs/00-lake-build-Soundness.stdout
 create mode 100644 review/semantic-kernel/sprint11/implementation/proofs-r2/logs/01-lake-build-Soundness.status
 create mode 100644 review/semantic-kernel/sprint11/implementation/proofs-r2/logs/01-lake-build-Soundness.stderr
 create mode 100644 review/semantic-kernel/sprint11/implementation/proofs-r2/logs/01-lake-build-Soundness.stdout
 create mode 100644 review/semantic-kernel/sprint11/implementation/proofs-r2/logs/02-lake-build-Soundness.status
 create mode 100644 review/semantic-kernel/sprint11/implementation/proofs-r2/logs/02-lake-build-Soundness.stderr
 create mode 100644 review/semantic-kernel/sprint11/implementation/proofs-r2/logs/02-lake-build-Soundness.stdout
 create mode 100644 review/semantic-kernel/sprint11/implementation/proofs-r2/logs/03-lake-build-Soundness.status
 create mode 100644 review/semantic-kernel/sprint11/implementation/proofs-r2/logs/03-lake-build-Soundness.stderr
 create mode 100644 review/semantic-kernel/sprint11/implementation/proofs-r2/logs/03-lake-build-Soundness.stdout
 create mode 100644 review/semantic-kernel/sprint11/implementation/proofs-r2/logs/03-lake-env-lean-Soundness.status
 create mode 100644 review/semantic-kernel/sprint11/implementation/proofs-r2/logs/03-lake-env-lean-Soundness.stderr
 create mode 100644 review/semantic-kernel/sprint11/implementation/proofs-r2/logs/03-lake-env-lean-Soundness.stdout
 create mode 100644 review/semantic-kernel/sprint11/implementation/proofs-r2/logs/04-lake-build-LocalOrder.status
 create mode 100644 review/semantic-kernel/sprint11/implementation/proofs-r2/logs/04-lake-build-LocalOrder.stderr
 create mode 100644 review/semantic-kernel/sprint11/implementation/proofs-r2/logs/04-lake-build-LocalOrder.stdout
 create mode 100644 review/semantic-kernel/sprint11/implementation/proofs-r2/logs/05-lake-build-LocalOrder.status
 create mode 100644 review/semantic-kernel/sprint11/implementation/proofs-r2/logs/05-lake-build-LocalOrder.stderr
 create mode 100644 review/semantic-kernel/sprint11/implementation/proofs-r2/logs/05-lake-build-LocalOrder.stdout
 create mode 100644 review/semantic-kernel/sprint11/implementation/proofs-r2/logs/06-lake-build-Trace.status
 create mode 100644 review/semantic-kernel/sprint11/implementation/proofs-r2/logs/06-lake-build-Trace.stderr
 create mode 100644 review/semantic-kernel/sprint11/implementation/proofs-r2/logs/06-lake-build-Trace.stdout
 create mode 100644 review/semantic-kernel/sprint11/implementation/proofs-r2/logs/07-lake-build-Trace.status
 create mode 100644 review/semantic-kernel/sprint11/implementation/proofs-r2/logs/07-lake-build-Trace.stderr
 create mode 100644 review/semantic-kernel/sprint11/implementation/proofs-r2/logs/07-lake-build-Trace.stdout
 create mode 100644 review/semantic-kernel/sprint11/implementation/proofs-r2/logs/08-lake-build-Completion.status
 create mode 100644 review/semantic-kernel/sprint11/implementation/proofs-r2/logs/08-lake-build-Completion.stderr
 create mode 100644 review/semantic-kernel/sprint11/implementation/proofs-r2/logs/08-lake-build-Completion.stdout
 create mode 100644 review/semantic-kernel/sprint11/implementation/proofs-r2/logs/09-lake-build-Preservation.status
 create mode 100644 review/semantic-kernel/sprint11/implementation/proofs-r2/logs/09-lake-build-Preservation.stderr
 create mode 100644 review/semantic-kernel/sprint11/implementation/proofs-r2/logs/09-lake-build-Preservation.stdout
 create mode 100644 review/semantic-kernel/sprint11/implementation/proofs-r2/logs/10-lake-build-Preservation.status
 create mode 100644 review/semantic-kernel/sprint11/implementation/proofs-r2/logs/10-lake-build-Preservation.stderr
 create mode 100644 review/semantic-kernel/sprint11/implementation/proofs-r2/logs/10-lake-build-Preservation.stdout
 create mode 100644 review/semantic-kernel/sprint11/implementation/proofs-r2/logs/11-lake-build-Preservation.status
 create mode 100644 review/semantic-kernel/sprint11/implementation/proofs-r2/logs/11-lake-build-Preservation.stderr
 create mode 100644 review/semantic-kernel/sprint11/implementation/proofs-r2/logs/11-lake-build-Preservation.stdout
 create mode 100644 review/semantic-kernel/sprint11/implementation/proofs-r2/logs/12-lake-build-Interference.status
 create mode 100644 review/semantic-kernel/sprint11/implementation/proofs-r2/logs/12-lake-build-Interference.stderr
 create mode 100644 review/semantic-kernel/sprint11/implementation/proofs-r2/logs/12-lake-build-Interference.stdout
 create mode 100644 review/semantic-kernel/sprint11/implementation/proofs-r2/logs/final-lake-build-six.status
 create mode 100644 review/semantic-kernel/sprint11/implementation/proofs-r2/logs/final-lake-build-six.stderr
 create mode 100644 review/semantic-kernel/sprint11/implementation/proofs-r2/logs/final-lake-build-six.stdout
 create mode 100644 review/semantic-kernel/sprint11/implementation/proofs-r2/logs/final-lake-env-lean-Completion.status
 create mode 100644 review/semantic-kernel/sprint11/implementation/proofs-r2/logs/final-lake-env-lean-Completion.stderr
 create mode 100644 review/semantic-kernel/sprint11/implementation/proofs-r2/logs/final-lake-env-lean-Completion.stdout
 create mode 100644 review/semantic-kernel/sprint11/implementation/proofs-r2/logs/final-lake-env-lean-Interference.status
 create mode 100644 review/semantic-kernel/sprint11/implementation/proofs-r2/logs/final-lake-env-lean-Interference.stderr
 create mode 100644 review/semantic-kernel/sprint11/implementation/proofs-r2/logs/final-lake-env-lean-Interference.stdout
 create mode 100644 review/semantic-kernel/sprint11/implementation/proofs-r2/logs/final-lake-env-lean-LocalOrder.status
 create mode 100644 review/semantic-kernel/sprint11/implementation/proofs-r2/logs/final-lake-env-lean-LocalOrder.stderr
 create mode 100644 review/semantic-kernel/sprint11/implementation/proofs-r2/logs/final-lake-env-lean-LocalOrder.stdout
 create mode 100644 review/semantic-kernel/sprint11/implementation/proofs-r2/logs/final-lake-env-lean-Preservation.status
 create mode 100644 review/semantic-kernel/sprint11/implementation/proofs-r2/logs/final-lake-env-lean-Preservation.stderr
 create mode 100644 review/semantic-kernel/sprint11/implementation/proofs-r2/logs/final-lake-env-lean-Preservation.stdout
 create mode 100644 review/semantic-kernel/sprint11/implementation/proofs-r2/logs/final-lake-env-lean-Soundness.status
 create mode 100644 review/semantic-kernel/sprint11/implementation/proofs-r2/logs/final-lake-env-lean-Soundness.stderr
 create mode 100644 review/semantic-kernel/sprint11/implementation/proofs-r2/logs/final-lake-env-lean-Soundness.stdout
 create mode 100644 review/semantic-kernel/sprint11/implementation/proofs-r2/logs/final-lake-env-lean-Trace.status
 create mode 100644 review/semantic-kernel/sprint11/implementation/proofs-r2/logs/final-lake-env-lean-Trace.stderr
 create mode 100644 review/semantic-kernel/sprint11/implementation/proofs-r2/logs/final-lake-env-lean-Trace.stdout
 create mode 100644 review/semantic-kernel/sprint11/implementation/proofs-r2/source-scan.txt
 create mode 100644 review/semantic-kernel/sprint11/implementation/proofs-r2/source-snapshot/Completion.lean
 create mode 100644 review/semantic-kernel/sprint11/implementation/proofs-r2/source-snapshot/Interference.lean
 create mode 100644 review/semantic-kernel/sprint11/implementation/proofs-r2/source-snapshot/LocalOrder.lean
 create mode 100644 review/semantic-kernel/sprint11/implementation/proofs-r2/source-snapshot/Preservation.lean
 create mode 100644 review/semantic-kernel/sprint11/implementation/proofs-r2/source-snapshot/Soundness.lean
 create mode 100644 review/semantic-kernel/sprint11/implementation/proofs-r2/source-snapshot/Trace.lean
 create mode 100644 review/semantic-kernel/sprint11/implementation/proofs-r2/statements.json
 create mode 100644 review/semantic-kernel/sprint11/implementation/proofs-r3/REPORT.md
 create mode 100644 review/semantic-kernel/sprint11/implementation/proofs-r3/compile-status.json
 create mode 100644 review/semantic-kernel/sprint11/implementation/proofs-r3/hashes/owned-modules.sha256
 create mode 100644 review/semantic-kernel/sprint11/implementation/proofs-r3/hashes/private-lean-sources.sha256
 create mode 100644 review/semantic-kernel/sprint11/implementation/proofs-r3/hashes/private-owned-modules.sha256
 create mode 100644 review/semantic-kernel/sprint11/implementation/proofs-r3/hashes/worktree-lean-sources.sha256
 create mode 100644 review/semantic-kernel/sprint11/implementation/proofs-r3/identity.json
 create mode 100644 review/semantic-kernel/sprint11/implementation/proofs-r3/logs/00-lake-build-Preservation.status
 create mode 100644 review/semantic-kernel/sprint11/implementation/proofs-r3/logs/00-lake-build-Preservation.stderr
 create mode 100644 review/semantic-kernel/sprint11/implementation/proofs-r3/logs/00-lake-build-Preservation.stdout
 create mode 100644 review/semantic-kernel/sprint11/implementation/proofs-r3/logs/01-lake-build-Trace.status
 create mode 100644 review/semantic-kernel/sprint11/implementation/proofs-r3/logs/01-lake-build-Trace.stderr
 create mode 100644 review/semantic-kernel/sprint11/implementation/proofs-r3/logs/01-lake-build-Trace.stdout
 create mode 100644 review/semantic-kernel/sprint11/implementation/proofs-r3/logs/final-lake-build-six.status
 create mode 100644 review/semantic-kernel/sprint11/implementation/proofs-r3/logs/final-lake-build-six.stderr
 create mode 100644 review/semantic-kernel/sprint11/implementation/proofs-r3/logs/final-lake-build-six.stdout
 create mode 100644 review/semantic-kernel/sprint11/implementation/proofs-r3/logs/final-lake-env-lean-Completion.status
 create mode 100644 review/semantic-kernel/sprint11/implementation/proofs-r3/logs/final-lake-env-lean-Completion.stderr
 create mode 100644 review/semantic-kernel/sprint11/implementation/proofs-r3/logs/final-lake-env-lean-Completion.stdout
 create mode 100644 review/semantic-kernel/sprint11/implementation/proofs-r3/logs/final-lake-env-lean-Interference.status
 create mode 100644 review/semantic-kernel/sprint11/implementation/proofs-r3/logs/final-lake-env-lean-Interference.stderr
 create mode 100644 review/semantic-kernel/sprint11/implementation/proofs-r3/logs/final-lake-env-lean-Interference.stdout
 create mode 100644 review/semantic-kernel/sprint11/implementation/proofs-r3/logs/final-lake-env-lean-LocalOrder.status
 create mode 100644 review/semantic-kernel/sprint11/implementation/proofs-r3/logs/final-lake-env-lean-LocalOrder.stderr
 create mode 100644 review/semantic-kernel/sprint11/implementation/proofs-r3/logs/final-lake-env-lean-LocalOrder.stdout
 create mode 100644 review/semantic-kernel/sprint11/implementation/proofs-r3/logs/final-lake-env-lean-Preservation.status
 create mode 100644 review/semantic-kernel/sprint11/implementation/proofs-r3/logs/final-lake-env-lean-Preservation.stderr
 create mode 100644 review/semantic-kernel/sprint11/implementation/proofs-r3/logs/final-lake-env-lean-Preservation.stdout
 create mode 100644 review/semantic-kernel/sprint11/implementation/proofs-r3/logs/final-lake-env-lean-Soundness.status
 create mode 100644 review/semantic-kernel/sprint11/implementation/proofs-r3/logs/final-lake-env-lean-Soundness.stderr
 create mode 100644 review/semantic-kernel/sprint11/implementation/proofs-r3/logs/final-lake-env-lean-Soundness.stdout
 create mode 100644 review/semantic-kernel/sprint11/implementation/proofs-r3/logs/final-lake-env-lean-Trace.status
 create mode 100644 review/semantic-kernel/sprint11/implementation/proofs-r3/logs/final-lake-env-lean-Trace.stderr
 create mode 100644 review/semantic-kernel/sprint11/implementation/proofs-r3/logs/final-lake-env-lean-Trace.stdout
 create mode 100644 review/semantic-kernel/sprint11/implementation/proofs-r3/source-scan.txt
 create mode 100644 review/semantic-kernel/sprint11/implementation/proofs-r3/source-snapshot/Completion.lean
 create mode 100644 review/semantic-kernel/sprint11/implementation/proofs-r3/source-snapshot/Interference.lean
 create mode 100644 review/semantic-kernel/sprint11/implementation/proofs-r3/source-snapshot/LocalOrder.lean
 create mode 100644 review/semantic-kernel/sprint11/implementation/proofs-r3/source-snapshot/Preservation.lean
 create mode 100644 review/semantic-kernel/sprint11/implementation/proofs-r3/source-snapshot/Soundness.lean
 create mode 100644 review/semantic-kernel/sprint11/implementation/proofs-r3/source-snapshot/Trace.lean
 create mode 100644 review/semantic-kernel/sprint11/implementation/proofs-r3/statements.json
 create mode 100644 review/semantic-kernel/sprint11/implementation/runner-r1/REPORT.md
 create mode 100644 review/semantic-kernel/sprint11/implementation/runner-r1/adaptation-comparison.json
 create mode 100644 review/semantic-kernel/sprint11/implementation/runner-r1/controls-compact.json
 create mode 100644 review/semantic-kernel/sprint11/implementation/runner-r1/controls/all-true-mutant-spec.json
 create mode 100644 review/semantic-kernel/sprint11/implementation/runner-r1/controls/all-true-mutant.log
 create mode 100644 review/semantic-kernel/sprint11/implementation/runner-r1/controls/attributed-runtime-after-proof-boundary-spec.json
 create mode 100644 review/semantic-kernel/sprint11/implementation/runner-r1/controls/attributed-runtime-after-proof-boundary.log
 create mode 100644 review/semantic-kernel/sprint11/implementation/runner-r1/controls/cases.json
 create mode 100644 review/semantic-kernel/sprint11/implementation/runner-r1/controls/character-before-attributed-runtime-spec.json
 create mode 100644 review/semantic-kernel/sprint11/implementation/runner-r1/controls/character-before-attributed-runtime.log
 create mode 100644 review/semantic-kernel/sprint11/implementation/runner-r1/controls/comment-prefixed-runtime-after-proof-boundary-spec.json
 create mode 100644 review/semantic-kernel/sprint11/implementation/runner-r1/controls/comment-prefixed-runtime-after-proof-boundary.log
 create mode 100644 review/semantic-kernel/sprint11/implementation/runner-r1/controls/compilation-only-failure-spec.json
 create mode 100644 review/semantic-kernel/sprint11/implementation/runner-r1/controls/compilation-only-failure.log
 create mode 100644 review/semantic-kernel/sprint11/implementation/runner-r1/controls/compiler-error-with-runtime-failure-spec.json
 create mode 100644 review/semantic-kernel/sprint11/implementation/runner-r1/controls/compiler-error-with-runtime-failure.log
 create mode 100644 review/semantic-kernel/sprint11/implementation/runner-r1/controls/dirty-source-before-run-spec.json
 create mode 100644 review/semantic-kernel/sprint11/implementation/runner-r1/controls/dirty-source-before-run.log
 create mode 100644 review/semantic-kernel/sprint11/implementation/runner-r1/controls/discovered-nary-dependency-spec.json
 create mode 100644 review/semantic-kernel/sprint11/implementation/runner-r1/controls/discovered-nary-dependency.log
 create mode 100644 review/semantic-kernel/sprint11/implementation/runner-r1/controls/dotted-comparisons-spec.json
 create mode 100644 review/semantic-kernel/sprint11/implementation/runner-r1/controls/dotted-comparisons.log
 create mode 100644 review/semantic-kernel/sprint11/implementation/runner-r1/controls/duplicate-json-key-spec.json
 create mode 100644 review/semantic-kernel/sprint11/implementation/runner-r1/controls/duplicate-json-key.log
 create mode 100644 review/semantic-kernel/sprint11/implementation/runner-r1/controls/duplicate-module-inventory-spec.json
 create mode 100644 review/semantic-kernel/sprint11/implementation/runner-r1/controls/duplicate-module-inventory.log
 create mode 100644 review/semantic-kernel/sprint11/implementation/runner-r1/controls/duplicate-mutation-inventory-spec.json
 create mode 100644 review/semantic-kernel/sprint11/implementation/runner-r1/controls/duplicate-mutation-inventory.log
 create mode 100644 review/semantic-kernel/sprint11/implementation/runner-r1/controls/duplicate-observations-spec.json
 create mode 100644 review/semantic-kernel/sprint11/implementation/runner-r1/controls/duplicate-observations.log
 create mode 100644 review/semantic-kernel/sprint11/implementation/runner-r1/controls/duplicate-positive-check-spec.json
 create mode 100644 review/semantic-kernel/sprint11/implementation/runner-r1/controls/duplicate-positive-check.log
 create mode 100644 review/semantic-kernel/sprint11/implementation/runner-r1/controls/duplicate-required-check-spec.json
 create mode 100644 review/semantic-kernel/sprint11/implementation/runner-r1/controls/duplicate-required-check.log
 create mode 100644 review/semantic-kernel/sprint11/implementation/runner-r1/controls/empty-dot-segment-observation-spec.json
 create mode 100644 review/semantic-kernel/sprint11/implementation/runner-r1/controls/empty-dot-segment-observation.log
 create mode 100644 review/semantic-kernel/sprint11/implementation/runner-r1/controls/empty-dot-segment-spec-spec.json
 create mode 100644 review/semantic-kernel/sprint11/implementation/runner-r1/controls/empty-dot-segment-spec.log
 create mode 100644 review/semantic-kernel/sprint11/implementation/runner-r1/controls/empty-module-inventory-spec.json
 create mode 100644 review/semantic-kernel/sprint11/implementation/runner-r1/controls/empty-module-inventory.log
 create mode 100644 review/semantic-kernel/sprint11/implementation/runner-r1/controls/empty-mutation-inventory-spec.json
 create mode 100644 review/semantic-kernel/sprint11/implementation/runner-r1/controls/empty-mutation-inventory.log
 create mode 100644 review/semantic-kernel/sprint11/implementation/runner-r1/controls/empty-observations-spec.json
 create mode 100644 review/semantic-kernel/sprint11/implementation/runner-r1/controls/empty-observations.log
 create mode 100644 review/semantic-kernel/sprint11/implementation/runner-r1/controls/empty-positive-inventory-spec.json
 create mode 100644 review/semantic-kernel/sprint11/implementation/runner-r1/controls/empty-positive-inventory.log
 create mode 100644 review/semantic-kernel/sprint11/implementation/runner-r1/controls/existing-output-setup-spec.json
 create mode 100644 review/semantic-kernel/sprint11/implementation/runner-r1/controls/existing-output-setup.log
 create mode 100644 review/semantic-kernel/sprint11/implementation/runner-r1/controls/fixture-repo-.git.tar.gz
 create mode 100644 review/semantic-kernel/sprint11/implementation/runner-r1/controls/fixture-repo/lean/DefiKernel/Interleaving/RunnerDependency.lean
 create mode 100644 review/semantic-kernel/sprint11/implementation/runner-r1/controls/fixture-repo/lean/DefiKernel/Nary/Audit.lean
 create mode 100644 review/semantic-kernel/sprint11/implementation/runner-r1/controls/fixture-repo/lean/DefiKernel/Nary/RunnerInput.lean
 create mode 100644 review/semantic-kernel/sprint11/implementation/runner-r1/controls/fixture-repo/lean/DefiKernel/Nary/SplitComputation.lean
 create mode 100644 review/semantic-kernel/sprint11/implementation/runner-r1/controls/fixture-repo/lean/SharedFixture/RunnerDependency.lean
 create mode 100644 review/semantic-kernel/sprint11/implementation/runner-r1/controls/fixture-repo/lean/lake-manifest.json
 create mode 100644 review/semantic-kernel/sprint11/implementation/runner-r1/controls/fixture-repo/lean/lakefile.toml
 create mode 100644 review/semantic-kernel/sprint11/implementation/runner-r1/controls/fixture-repo/lean/lean-toolchain
 create mode 100644 review/semantic-kernel/sprint11/implementation/runner-r1/controls/foreign-module-root-spec.json
 create mode 100644 review/semantic-kernel/sprint11/implementation/runner-r1/controls/foreign-module-root.log
 create mode 100644 review/semantic-kernel/sprint11/implementation/runner-r1/controls/fresh-dependency-source-failure-spec.json
 create mode 100644 review/semantic-kernel/sprint11/implementation/runner-r1/controls/fresh-dependency-source-failure.log
 create mode 100644 review/semantic-kernel/sprint11/implementation/runner-r1/controls/git-head.log
 create mode 100644 review/semantic-kernel/sprint11/implementation/runner-r1/controls/hyphenated-dotted-comparisons-spec.json
 create mode 100644 review/semantic-kernel/sprint11/implementation/runner-r1/controls/hyphenated-dotted-comparisons.log
 create mode 100644 review/semantic-kernel/sprint11/implementation/runner-r1/controls/initialize-after-proof-boundary-spec.json
 create mode 100644 review/semantic-kernel/sprint11/implementation/runner-r1/controls/initialize-after-proof-boundary.log
 create mode 100644 review/semantic-kernel/sprint11/implementation/runner-r1/controls/leading-dot-observation-spec.json
 create mode 100644 review/semantic-kernel/sprint11/implementation/runner-r1/controls/leading-dot-observation.log
 create mode 100644 review/semantic-kernel/sprint11/implementation/runner-r1/controls/lean-path.log
 create mode 100644 review/semantic-kernel/sprint11/implementation/runner-r1/controls/lean-version.log
 create mode 100644 review/semantic-kernel/sprint11/implementation/runner-r1/controls/live-discriminating-mutant-spec.json
 create mode 100644 review/semantic-kernel/sprint11/implementation/runner-r1/controls/live-discriminating-mutant.log
 create mode 100644 review/semantic-kernel/sprint11/implementation/runner-r1/controls/macro-after-proof-boundary-spec.json
 create mode 100644 review/semantic-kernel/sprint11/implementation/runner-r1/controls/macro-after-proof-boundary.log
 create mode 100644 review/semantic-kernel/sprint11/implementation/runner-r1/controls/macro-rules-after-proof-boundary-spec.json
 create mode 100644 review/semantic-kernel/sprint11/implementation/runner-r1/controls/macro-rules-after-proof-boundary.log
 create mode 100644 review/semantic-kernel/sprint11/implementation/runner-r1/controls/malformed-json-spec.json
 create mode 100644 review/semantic-kernel/sprint11/implementation/runner-r1/controls/malformed-json.log
 create mode 100644 review/semantic-kernel/sprint11/implementation/runner-r1/controls/malformed-observation-spec.json
 create mode 100644 review/semantic-kernel/sprint11/implementation/runner-r1/controls/malformed-observation.log
 create mode 100644 review/semantic-kernel/sprint11/implementation/runner-r1/controls/missing-audit-root-spec.json
 create mode 100644 review/semantic-kernel/sprint11/implementation/runner-r1/controls/missing-audit-root.log
 create mode 100644 review/semantic-kernel/sprint11/implementation/runner-r1/controls/missing-manifest-setup-spec.json
 create mode 100644 review/semantic-kernel/sprint11/implementation/runner-r1/controls/missing-manifest-setup.log
 create mode 100644 review/semantic-kernel/sprint11/implementation/runner-r1/controls/missing-mutation-needle-spec.json
 create mode 100644 review/semantic-kernel/sprint11/implementation/runner-r1/controls/missing-mutation-needle.log
 create mode 100644 review/semantic-kernel/sprint11/implementation/runner-r1/controls/missing-positive-observation-spec.json
 create mode 100644 review/semantic-kernel/sprint11/implementation/runner-r1/controls/missing-positive-observation.log
 create mode 100644 review/semantic-kernel/sprint11/implementation/runner-r1/controls/missing-required-observation-spec.json
 create mode 100644 review/semantic-kernel/sprint11/implementation/runner-r1/controls/missing-required-observation.log
 create mode 100644 review/semantic-kernel/sprint11/implementation/runner-r1/controls/missing-source-setup-spec.json
 create mode 100644 review/semantic-kernel/sprint11/implementation/runner-r1/controls/missing-source-setup.log
 create mode 100644 review/semantic-kernel/sprint11/implementation/runner-r1/controls/mutation-module-outside-inventory-spec.json
 create mode 100644 review/semantic-kernel/sprint11/implementation/runner-r1/controls/mutation-module-outside-inventory.log
 create mode 100644 review/semantic-kernel/sprint11/implementation/runner-r1/controls/no-op-mutation-spec.json
 create mode 100644 review/semantic-kernel/sprint11/implementation/runner-r1/controls/no-op-mutation.log
 create mode 100644 review/semantic-kernel/sprint11/implementation/runner-r1/controls/nonkernel-local-dependency-spec.json
 create mode 100644 review/semantic-kernel/sprint11/implementation/runner-r1/controls/nonkernel-local-dependency.log
 create mode 100644 review/semantic-kernel/sprint11/implementation/runner-r1/controls/nonunique-mutation-needle-spec.json
 create mode 100644 review/semantic-kernel/sprint11/implementation/runner-r1/controls/nonunique-mutation-needle.log
 create mode 100644 review/semantic-kernel/sprint11/implementation/runner-r1/controls/output-inside-repository-spec.json
 create mode 100644 review/semantic-kernel/sprint11/implementation/runner-r1/controls/output-inside-repository.log
 create mode 100644 review/semantic-kernel/sprint11/implementation/runner-r1/controls/output-symlink-spec.json
 create mode 100644 review/semantic-kernel/sprint11/implementation/runner-r1/controls/output-symlink.log
 create mode 100644 review/semantic-kernel/sprint11/implementation/runner-r1/controls/partial-mutant-observations-spec.json
 create mode 100644 review/semantic-kernel/sprint11/implementation/runner-r1/controls/partial-mutant-observations.log
 create mode 100644 review/semantic-kernel/sprint11/implementation/runner-r1/controls/positive-control-flipped-spec.json
 create mode 100644 review/semantic-kernel/sprint11/implementation/runner-r1/controls/positive-control-flipped.log
 create mode 100644 review/semantic-kernel/sprint11/implementation/runner-r1/controls/production-eval-discriminating-mutant-spec.json
 create mode 100644 review/semantic-kernel/sprint11/implementation/runner-r1/controls/production-eval-discriminating-mutant.log
 create mode 100644 review/semantic-kernel/sprint11/implementation/runner-r1/controls/production-eval-required-stays-true-spec.json
 create mode 100644 review/semantic-kernel/sprint11/implementation/runner-r1/controls/production-eval-required-stays-true.log
 create mode 100644 review/semantic-kernel/sprint11/implementation/runner-r1/controls/proof-comment-keywords-sibling-spec.json
 create mode 100644 review/semantic-kernel/sprint11/implementation/runner-r1/controls/proof-comment-keywords-sibling.log
 create mode 100644 review/semantic-kernel/sprint11/implementation/runner-r1/controls/proof-raw-string-character-sibling-spec.json
 create mode 100644 review/semantic-kernel/sprint11/implementation/runner-r1/controls/proof-raw-string-character-sibling.log
 create mode 100644 review/semantic-kernel/sprint11/implementation/runner-r1/controls/proof-string-keywords-sibling-spec.json
 create mode 100644 review/semantic-kernel/sprint11/implementation/runner-r1/controls/proof-string-keywords-sibling.log
 create mode 100644 review/semantic-kernel/sprint11/implementation/runner-r1/controls/raw-string-before-attributed-runtime-spec.json
 create mode 100644 review/semantic-kernel/sprint11/implementation/runner-r1/controls/raw-string-before-attributed-runtime.log
 create mode 100644 review/semantic-kernel/sprint11/implementation/runner-r1/controls/required-observation-stays-true-spec.json
 create mode 100644 review/semantic-kernel/sprint11/implementation/runner-r1/controls/required-observation-stays-true.log
 create mode 100644 review/semantic-kernel/sprint11/implementation/runner-r1/controls/reserved-mutation-name-spec.json
 create mode 100644 review/semantic-kernel/sprint11/implementation/runner-r1/controls/reserved-mutation-name.log
 create mode 100644 review/semantic-kernel/sprint11/implementation/runner-r1/controls/runs/all-true-mutant/control.lean
 create mode 100644 review/semantic-kernel/sprint11/implementation/runner-r1/controls/runs/all-true-mutant/control.log
 create mode 100644 review/semantic-kernel/sprint11/implementation/runner-r1/controls/runs/all-true-mutant/git-head.log
 create mode 100644 review/semantic-kernel/sprint11/implementation/runner-r1/controls/runs/all-true-mutant/git-root-input-status.log
 create mode 100644 review/semantic-kernel/sprint11/implementation/runner-r1/controls/runs/all-true-mutant/inputs/lean/DefiKernel/Interleaving/RunnerDependency.lean
 create mode 100644 review/semantic-kernel/sprint11/implementation/runner-r1/controls/runs/all-true-mutant/inputs/lean/DefiKernel/Nary/Audit.lean
 create mode 100644 review/semantic-kernel/sprint11/implementation/runner-r1/controls/runs/all-true-mutant/inputs/lean/DefiKernel/Nary/RunnerInput.lean
 create mode 100644 review/semantic-kernel/sprint11/implementation/runner-r1/controls/runs/all-true-mutant/inputs/lean/lake-manifest.json
 create mode 100644 review/semantic-kernel/sprint11/implementation/runner-r1/controls/runs/all-true-mutant/inputs/lean/lakefile.toml
 create mode 100644 review/semantic-kernel/sprint11/implementation/runner-r1/controls/runs/all-true-mutant/inputs/lean/lean-toolchain
 create mode 100644 review/semantic-kernel/sprint11/implementation/runner-r1/controls/runs/all-true-mutant/lean-path.log
 create mode 100644 review/semantic-kernel/sprint11/implementation/runner-r1/controls/runs/all-true-mutant/lean-version.log
 create mode 100644 review/semantic-kernel/sprint11/implementation/runner-r1/controls/runs/all-true-mutant/mutation-spec.json
 create mode 100644 review/semantic-kernel/sprint11/implementation/runner-r1/controls/runs/all-true-mutant/probe.lean
 create mode 100644 review/semantic-kernel/sprint11/implementation/runner-r1/controls/runs/all-true-mutant/probe.log
 create mode 100644 review/semantic-kernel/sprint11/implementation/runner-r1/controls/runs/all-true-mutant/results.json
 create mode 100644 review/semantic-kernel/sprint11/implementation/runner-r1/controls/runs/all-true-mutant/source-manifest.json
 create mode 100644 review/semantic-kernel/sprint11/implementation/runner-r1/controls/runs/compilation-only-failure/control.lean
 create mode 100644 review/semantic-kernel/sprint11/implementation/runner-r1/controls/runs/compilation-only-failure/control.log
 create mode 100644 review/semantic-kernel/sprint11/implementation/runner-r1/controls/runs/compilation-only-failure/git-head.log
 create mode 100644 review/semantic-kernel/sprint11/implementation/runner-r1/controls/runs/compilation-only-failure/git-root-input-status.log
 create mode 100644 review/semantic-kernel/sprint11/implementation/runner-r1/controls/runs/compilation-only-failure/inputs/lean/DefiKernel/Interleaving/RunnerDependency.lean
 create mode 100644 review/semantic-kernel/sprint11/implementation/runner-r1/controls/runs/compilation-only-failure/inputs/lean/DefiKernel/Nary/Audit.lean
 create mode 100644 review/semantic-kernel/sprint11/implementation/runner-r1/controls/runs/compilation-only-failure/inputs/lean/DefiKernel/Nary/RunnerInput.lean
 create mode 100644 review/semantic-kernel/sprint11/implementation/runner-r1/controls/runs/compilation-only-failure/inputs/lean/lake-manifest.json
 create mode 100644 review/semantic-kernel/sprint11/implementation/runner-r1/controls/runs/compilation-only-failure/inputs/lean/lakefile.toml
 create mode 100644 review/semantic-kernel/sprint11/implementation/runner-r1/controls/runs/compilation-only-failure/inputs/lean/lean-toolchain
 create mode 100644 review/semantic-kernel/sprint11/implementation/runner-r1/controls/runs/compilation-only-failure/lean-path.log
 create mode 100644 review/semantic-kernel/sprint11/implementation/runner-r1/controls/runs/compilation-only-failure/lean-version.log
 create mode 100644 review/semantic-kernel/sprint11/implementation/runner-r1/controls/runs/compilation-only-failure/mutation-spec.json
 create mode 100644 review/semantic-kernel/sprint11/implementation/runner-r1/controls/runs/compilation-only-failure/probe.lean
 create mode 100644 review/semantic-kernel/sprint11/implementation/runner-r1/controls/runs/compilation-only-failure/probe.log
 create mode 100644 review/semantic-kernel/sprint11/implementation/runner-r1/controls/runs/compilation-only-failure/results.json
 create mode 100644 review/semantic-kernel/sprint11/implementation/runner-r1/controls/runs/compilation-only-failure/source-manifest.json
 create mode 100644 review/semantic-kernel/sprint11/implementation/runner-r1/controls/runs/compiler-error-with-runtime-failure/control.lean
 create mode 100644 review/semantic-kernel/sprint11/implementation/runner-r1/controls/runs/compiler-error-with-runtime-failure/control.log
 create mode 100644 review/semantic-kernel/sprint11/implementation/runner-r1/controls/runs/compiler-error-with-runtime-failure/git-head.log
 create mode 100644 review/semantic-kernel/sprint11/implementation/runner-r1/controls/runs/compiler-error-with-runtime-failure/git-root-input-status.log
 create mode 100644 review/semantic-kernel/sprint11/implementation/runner-r1/controls/runs/compiler-error-with-runtime-failure/inputs/lean/DefiKernel/Interleaving/RunnerDependency.lean
 create mode 100644 review/semantic-kernel/sprint11/implementation/runner-r1/controls/runs/compiler-error-with-runtime-failure/inputs/lean/DefiKernel/Nary/Audit.lean
 create mode 100644 review/semantic-kernel/sprint11/implementation/runner-r1/controls/runs/compiler-error-with-runtime-failure/inputs/lean/DefiKernel/Nary/RunnerInput.lean
 create mode 100644 review/semantic-kernel/sprint11/implementation/runner-r1/controls/runs/compiler-error-with-runtime-failure/inputs/lean/lake-manifest.json
 create mode 100644 review/semantic-kernel/sprint11/implementation/runner-r1/controls/runs/compiler-error-with-runtime-failure/inputs/lean/lakefile.toml
 create mode 100644 review/semantic-kernel/sprint11/implementation/runner-r1/controls/runs/compiler-error-with-runtime-failure/inputs/lean/lean-toolchain
 create mode 100644 review/semantic-kernel/sprint11/implementation/runner-r1/controls/runs/compiler-error-with-runtime-failure/lean-path.log
 create mode 100644 review/semantic-kernel/sprint11/implementation/runner-r1/controls/runs/compiler-error-with-runtime-failure/lean-version.log
 create mode 100644 review/semantic-kernel/sprint11/implementation/runner-r1/controls/runs/compiler-error-with-runtime-failure/mutation-spec.json
 create mode 100644 review/semantic-kernel/sprint11/implementation/runner-r1/controls/runs/compiler-error-with-runtime-failure/probe.lean
 create mode 100644 review/semantic-kernel/sprint11/implementation/runner-r1/controls/runs/compiler-error-with-runtime-failure/probe.log
 create mode 100644 review/semantic-kernel/sprint11/implementation/runner-r1/controls/runs/compiler-error-with-runtime-failure/results.json
 create mode 100644 review/semantic-kernel/sprint11/implementation/runner-r1/controls/runs/compiler-error-with-runtime-failure/source-manifest.json
 create mode 100644 review/semantic-kernel/sprint11/implementation/runner-r1/controls/runs/dirty-source-before-run/git-head.log
 create mode 100644 review/semantic-kernel/sprint11/implementation/runner-r1/controls/runs/dirty-source-before-run/git-root-input-status.log
 create mode 100644 review/semantic-kernel/sprint11/implementation/runner-r1/controls/runs/dirty-source-before-run/lean-path.log
 create mode 100644 review/semantic-kernel/sprint11/implementation/runner-r1/controls/runs/dirty-source-before-run/lean-version.log
 create mode 100644 review/semantic-kernel/sprint11/implementation/runner-r1/controls/runs/dirty-source-before-run/results.json
 create mode 100644 review/semantic-kernel/sprint11/implementation/runner-r1/controls/runs/discovered-nary-dependency/control.lean
 create mode 100644 review/semantic-kernel/sprint11/implementation/runner-r1/controls/runs/discovered-nary-dependency/control.log
 create mode 100644 review/semantic-kernel/sprint11/implementation/runner-r1/controls/runs/discovered-nary-dependency/git-head.log
 create mode 100644 review/semantic-kernel/sprint11/implementation/runner-r1/controls/runs/discovered-nary-dependency/git-root-input-status.log
 create mode 100644 review/semantic-kernel/sprint11/implementation/runner-r1/controls/runs/discovered-nary-dependency/inputs/lean/DefiKernel/Interleaving/RunnerDependency.lean
 create mode 100644 review/semantic-kernel/sprint11/implementation/runner-r1/controls/runs/discovered-nary-dependency/inputs/lean/DefiKernel/Nary/Audit.lean
 create mode 100644 review/semantic-kernel/sprint11/implementation/runner-r1/controls/runs/discovered-nary-dependency/inputs/lean/DefiKernel/Nary/RunnerInput.lean
 create mode 100644 review/semantic-kernel/sprint11/implementation/runner-r1/controls/runs/discovered-nary-dependency/inputs/lean/DefiKernel/Nary/SplitComputation.lean
 create mode 100644 review/semantic-kernel/sprint11/implementation/runner-r1/controls/runs/discovered-nary-dependency/inputs/lean/lake-manifest.json
 create mode 100644 review/semantic-kernel/sprint11/implementation/runner-r1/controls/runs/discovered-nary-dependency/inputs/lean/lakefile.toml
 create mode 100644 review/semantic-kernel/sprint11/implementation/runner-r1/controls/runs/discovered-nary-dependency/inputs/lean/lean-toolchain
 create mode 100644 review/semantic-kernel/sprint11/implementation/runner-r1/controls/runs/discovered-nary-dependency/lean-path.log
 create mode 100644 review/semantic-kernel/sprint11/implementation/runner-r1/controls/runs/discovered-nary-dependency/lean-version.log
 create mode 100644 review/semantic-kernel/sprint11/implementation/runner-r1/controls/runs/discovered-nary-dependency/mutation-spec.json
 create mode 100644 review/semantic-kernel/sprint11/implementation/runner-r1/controls/runs/discovered-nary-dependency/probe.lean
 create mode 100644 review/semantic-kernel/sprint11/implementation/runner-r1/controls/runs/discovered-nary-dependency/probe.log
 create mode 100644 review/semantic-kernel/sprint11/implementation/runner-r1/controls/runs/discovered-nary-dependency/results.json
 create mode 100644 review/semantic-kernel/sprint11/implementation/runner-r1/controls/runs/discovered-nary-dependency/source-manifest.json
 create mode 100644 review/semantic-kernel/sprint11/implementation/runner-r1/controls/runs/dotted-comparisons/control.lean
 create mode 100644 review/semantic-kernel/sprint11/implementation/runner-r1/controls/runs/dotted-comparisons/control.log
 create mode 100644 review/semantic-kernel/sprint11/implementation/runner-r1/controls/runs/dotted-comparisons/git-head.log
 create mode 100644 review/semantic-kernel/sprint11/implementation/runner-r1/controls/runs/dotted-comparisons/git-root-input-status.log
 create mode 100644 review/semantic-kernel/sprint11/implementation/runner-r1/controls/runs/dotted-comparisons/inputs/lean/DefiKernel/Interleaving/RunnerDependency.lean
 create mode 100644 review/semantic-kernel/sprint11/implementation/runner-r1/controls/runs/dotted-comparisons/inputs/lean/DefiKernel/Nary/Audit.lean
 create mode 100644 review/semantic-kernel/sprint11/implementation/runner-r1/controls/runs/dotted-comparisons/inputs/lean/DefiKernel/Nary/RunnerInput.lean
 create mode 100644 review/semantic-kernel/sprint11/implementation/runner-r1/controls/runs/dotted-comparisons/inputs/lean/lake-manifest.json
 create mode 100644 review/semantic-kernel/sprint11/implementation/runner-r1/controls/runs/dotted-comparisons/inputs/lean/lakefile.toml
 create mode 100644 review/semantic-kernel/sprint11/implementation/runner-r1/controls/runs/dotted-comparisons/inputs/lean/lean-toolchain
 create mode 100644 review/semantic-kernel/sprint11/implementation/runner-r1/controls/runs/dotted-comparisons/lean-path.log
 create mode 100644 review/semantic-kernel/sprint11/implementation/runner-r1/controls/runs/dotted-comparisons/lean-version.log
 create mode 100644 review/semantic-kernel/sprint11/implementation/runner-r1/controls/runs/dotted-comparisons/mutation-spec.json
 create mode 100644 review/semantic-kernel/sprint11/implementation/runner-r1/controls/runs/dotted-comparisons/probe.lean
 create mode 100644 review/semantic-kernel/sprint11/implementation/runner-r1/controls/runs/dotted-comparisons/probe.log
 create mode 100644 review/semantic-kernel/sprint11/implementation/runner-r1/controls/runs/dotted-comparisons/results.json
 create mode 100644 review/semantic-kernel/sprint11/implementation/runner-r1/controls/runs/dotted-comparisons/source-manifest.json
 create mode 100644 review/semantic-kernel/sprint11/implementation/runner-r1/controls/runs/duplicate-observations/control.lean
 create mode 100644 review/semantic-kernel/sprint11/implementation/runner-r1/controls/runs/duplicate-observations/control.log
 create mode 100644 review/semantic-kernel/sprint11/implementation/runner-r1/controls/runs/duplicate-observations/git-head.log
 create mode 100644 review/semantic-kernel/sprint11/implementation/runner-r1/controls/runs/duplicate-observations/git-root-input-status.log
 create mode 100644 review/semantic-kernel/sprint11/implementation/runner-r1/controls/runs/duplicate-observations/inputs/lean/DefiKernel/Interleaving/RunnerDependency.lean
 create mode 100644 review/semantic-kernel/sprint11/implementation/runner-r1/controls/runs/duplicate-observations/inputs/lean/DefiKernel/Nary/Audit.lean
 create mode 100644 review/semantic-kernel/sprint11/implementation/runner-r1/controls/runs/duplicate-observations/inputs/lean/DefiKernel/Nary/RunnerInput.lean
 create mode 100644 review/semantic-kernel/sprint11/implementation/runner-r1/controls/runs/duplicate-observations/inputs/lean/lake-manifest.json
 create mode 100644 review/semantic-kernel/sprint11/implementation/runner-r1/controls/runs/duplicate-observations/inputs/lean/lakefile.toml
 create mode 100644 review/semantic-kernel/sprint11/implementation/runner-r1/controls/runs/duplicate-observations/inputs/lean/lean-toolchain
 create mode 100644 review/semantic-kernel/sprint11/implementation/runner-r1/controls/runs/duplicate-observations/lean-path.log
 create mode 100644 review/semantic-kernel/sprint11/implementation/runner-r1/controls/runs/duplicate-observations/lean-version.log
 create mode 100644 review/semantic-kernel/sprint11/implementation/runner-r1/controls/runs/duplicate-observations/mutation-spec.json
 create mode 100644 review/semantic-kernel/sprint11/implementation/runner-r1/controls/runs/duplicate-observations/results.json
 create mode 100644 review/semantic-kernel/sprint11/implementation/runner-r1/controls/runs/duplicate-observations/source-manifest.json
 create mode 100644 review/semantic-kernel/sprint11/implementation/runner-r1/controls/runs/empty-dot-segment-observation/control.lean
 create mode 100644 review/semantic-kernel/sprint11/implementation/runner-r1/controls/runs/empty-dot-segment-observation/control.log
 create mode 100644 review/semantic-kernel/sprint11/implementation/runner-r1/controls/runs/empty-dot-segment-observation/git-head.log
 create mode 100644 review/semantic-kernel/sprint11/implementation/runner-r1/controls/runs/empty-dot-segment-observation/git-root-input-status.log
 create mode 100644 review/semantic-kernel/sprint11/implementation/runner-r1/controls/runs/empty-dot-segment-observation/inputs/lean/DefiKernel/Interleaving/RunnerDependency.lean
 create mode 100644 review/semantic-kernel/sprint11/implementation/runner-r1/controls/runs/empty-dot-segment-observation/inputs/lean/DefiKernel/Nary/Audit.lean
 create mode 100644 review/semantic-kernel/sprint11/implementation/runner-r1/controls/runs/empty-dot-segment-observation/inputs/lean/DefiKernel/Nary/RunnerInput.lean
 create mode 100644 review/semantic-kernel/sprint11/implementation/runner-r1/controls/runs/empty-dot-segment-observation/inputs/lean/lake-manifest.json
 create mode 100644 review/semantic-kernel/sprint11/implementation/runner-r1/controls/runs/empty-dot-segment-observation/inputs/lean/lakefile.toml
 create mode 100644 review/semantic-kernel/sprint11/implementation/runner-r1/controls/runs/empty-dot-segment-observation/inputs/lean/lean-toolchain
 create mode 100644 review/semantic-kernel/sprint11/implementation/runner-r1/controls/runs/empty-dot-segment-observation/lean-path.log
 create mode 100644 review/semantic-kernel/sprint11/implementation/runner-r1/controls/runs/empty-dot-segment-observation/lean-version.log
 create mode 100644 review/semantic-kernel/sprint11/implementation/runner-r1/controls/runs/empty-dot-segment-observation/mutation-spec.json
 create mode 100644 review/semantic-kernel/sprint11/implementation/runner-r1/controls/runs/empty-dot-segment-observation/results.json
 create mode 100644 review/semantic-kernel/sprint11/implementation/runner-r1/controls/runs/empty-dot-segment-observation/source-manifest.json
 create mode 100644 review/semantic-kernel/sprint11/implementation/runner-r1/controls/runs/empty-observations/control.lean
 create mode 100644 review/semantic-kernel/sprint11/implementation/runner-r1/controls/runs/empty-observations/control.log
 create mode 100644 review/semantic-kernel/sprint11/implementation/runner-r1/controls/runs/empty-observations/git-head.log
 create mode 100644 review/semantic-kernel/sprint11/implementation/runner-r1/controls/runs/empty-observations/git-root-input-status.log
 create mode 100644 review/semantic-kernel/sprint11/implementation/runner-r1/controls/runs/empty-observations/inputs/lean/DefiKernel/Interleaving/RunnerDependency.lean
 create mode 100644 review/semantic-kernel/sprint11/implementation/runner-r1/controls/runs/empty-observations/inputs/lean/DefiKernel/Nary/Audit.lean
 create mode 100644 review/semantic-kernel/sprint11/implementation/runner-r1/controls/runs/empty-observations/inputs/lean/DefiKernel/Nary/RunnerInput.lean
 create mode 100644 review/semantic-kernel/sprint11/implementation/runner-r1/controls/runs/empty-observations/inputs/lean/lake-manifest.json
 create mode 100644 review/semantic-kernel/sprint11/implementation/runner-r1/controls/runs/empty-observations/inputs/lean/lakefile.toml
 create mode 100644 review/semantic-kernel/sprint11/implementation/runner-r1/controls/runs/empty-observations/inputs/lean/lean-toolchain
 create mode 100644 review/semantic-kernel/sprint11/implementation/runner-r1/controls/runs/empty-observations/lean-path.log
 create mode 100644 review/semantic-kernel/sprint11/implementation/runner-r1/controls/runs/empty-observations/lean-version.log
 create mode 100644 review/semantic-kernel/sprint11/implementation/runner-r1/controls/runs/empty-observations/mutation-spec.json
 create mode 100644 review/semantic-kernel/sprint11/implementation/runner-r1/controls/runs/empty-observations/results.json
 create mode 100644 review/semantic-kernel/sprint11/implementation/runner-r1/controls/runs/empty-observations/source-manifest.json
 create mode 100644 review/semantic-kernel/sprint11/implementation/runner-r1/controls/runs/fresh-dependency-source-failure/control.lean
 create mode 100644 review/semantic-kernel/sprint11/implementation/runner-r1/controls/runs/fresh-dependency-source-failure/control.log
 create mode 100644 review/semantic-kernel/sprint11/implementation/runner-r1/controls/runs/fresh-dependency-source-failure/git-head.log
 create mode 100644 review/semantic-kernel/sprint11/implementation/runner-r1/controls/runs/fresh-dependency-source-failure/git-root-input-status.log
 create mode 100644 review/semantic-kernel/sprint11/implementation/runner-r1/controls/runs/fresh-dependency-source-failure/inputs/lean/DefiKernel/Interleaving/RunnerDependency.lean
 create mode 100644 review/semantic-kernel/sprint11/implementation/runner-r1/controls/runs/fresh-dependency-source-failure/inputs/lean/DefiKernel/Nary/Audit.lean
 create mode 100644 review/semantic-kernel/sprint11/implementation/runner-r1/controls/runs/fresh-dependency-source-failure/inputs/lean/DefiKernel/Nary/RunnerInput.lean
 create mode 100644 review/semantic-kernel/sprint11/implementation/runner-r1/controls/runs/fresh-dependency-source-failure/inputs/lean/lake-manifest.json
 create mode 100644 review/semantic-kernel/sprint11/implementation/runner-r1/controls/runs/fresh-dependency-source-failure/inputs/lean/lakefile.toml
 create mode 100644 review/semantic-kernel/sprint11/implementation/runner-r1/controls/runs/fresh-dependency-source-failure/inputs/lean/lean-toolchain
 create mode 100644 review/semantic-kernel/sprint11/implementation/runner-r1/controls/runs/fresh-dependency-source-failure/lean-path.log
 create mode 100644 review/semantic-kernel/sprint11/implementation/runner-r1/controls/runs/fresh-dependency-source-failure/lean-version.log
 create mode 100644 review/semantic-kernel/sprint11/implementation/runner-r1/controls/runs/fresh-dependency-source-failure/mutation-spec.json
 create mode 100644 review/semantic-kernel/sprint11/implementation/runner-r1/controls/runs/fresh-dependency-source-failure/results.json
 create mode 100644 review/semantic-kernel/sprint11/implementation/runner-r1/controls/runs/fresh-dependency-source-failure/source-manifest.json
 create mode 100644 review/semantic-kernel/sprint11/implementation/runner-r1/controls/runs/hyphenated-dotted-comparisons/control.lean
 create mode 100644 review/semantic-kernel/sprint11/implementation/runner-r1/controls/runs/hyphenated-dotted-comparisons/control.log
 create mode 100644 review/semantic-kernel/sprint11/implementation/runner-r1/controls/runs/hyphenated-dotted-comparisons/git-head.log
 create mode 100644 review/semantic-kernel/sprint11/implementation/runner-r1/controls/runs/hyphenated-dotted-comparisons/git-root-input-status.log
 create mode 100644 review/semantic-kernel/sprint11/implementation/runner-r1/controls/runs/hyphenated-dotted-comparisons/inputs/lean/DefiKernel/Interleaving/RunnerDependency.lean
 create mode 100644 review/semantic-kernel/sprint11/implementation/runner-r1/controls/runs/hyphenated-dotted-comparisons/inputs/lean/DefiKernel/Nary/Audit.lean
 create mode 100644 review/semantic-kernel/sprint11/implementation/runner-r1/controls/runs/hyphenated-dotted-comparisons/inputs/lean/DefiKernel/Nary/RunnerInput.lean
 create mode 100644 review/semantic-kernel/sprint11/implementation/runner-r1/controls/runs/hyphenated-dotted-comparisons/inputs/lean/lake-manifest.json
 create mode 100644 review/semantic-kernel/sprint11/implementation/runner-r1/controls/runs/hyphenated-dotted-comparisons/inputs/lean/lakefile.toml
 create mode 100644 review/semantic-kernel/sprint11/implementation/runner-r1/controls/runs/hyphenated-dotted-comparisons/inputs/lean/lean-toolchain
 create mode 100644 review/semantic-kernel/sprint11/implementation/runner-r1/controls/runs/hyphenated-dotted-comparisons/lean-path.log
 create mode 100644 review/semantic-kernel/sprint11/implementation/runner-r1/controls/runs/hyphenated-dotted-comparisons/lean-version.log
 create mode 100644 review/semantic-kernel/sprint11/implementation/runner-r1/controls/runs/hyphenated-dotted-comparisons/mutation-spec.json
 create mode 100644 review/semantic-kernel/sprint11/implementation/runner-r1/controls/runs/hyphenated-dotted-comparisons/probe.lean
 create mode 100644 review/semantic-kernel/sprint11/implementation/runner-r1/controls/runs/hyphenated-dotted-comparisons/probe.log
 create mode 100644 review/semantic-kernel/sprint11/implementation/runner-r1/controls/runs/hyphenated-dotted-comparisons/results.json
 create mode 100644 review/semantic-kernel/sprint11/implementation/runner-r1/controls/runs/hyphenated-dotted-comparisons/source-manifest.json
 create mode 100644 review/semantic-kernel/sprint11/implementation/runner-r1/controls/runs/leading-dot-observation/control.lean
 create mode 100644 review/semantic-kernel/sprint11/implementation/runner-r1/controls/runs/leading-dot-observation/control.log
 create mode 100644 review/semantic-kernel/sprint11/implementation/runner-r1/controls/runs/leading-dot-observation/git-head.log
 create mode 100644 review/semantic-kernel/sprint11/implementation/runner-r1/controls/runs/leading-dot-observation/git-root-input-status.log
 create mode 100644 review/semantic-kernel/sprint11/implementation/runner-r1/controls/runs/leading-dot-observation/inputs/lean/DefiKernel/Interleaving/RunnerDependency.lean
 create mode 100644 review/semantic-kernel/sprint11/implementation/runner-r1/controls/runs/leading-dot-observation/inputs/lean/DefiKernel/Nary/Audit.lean
 create mode 100644 review/semantic-kernel/sprint11/implementation/runner-r1/controls/runs/leading-dot-observation/inputs/lean/DefiKernel/Nary/RunnerInput.lean
 create mode 100644 review/semantic-kernel/sprint11/implementation/runner-r1/controls/runs/leading-dot-observation/inputs/lean/lake-manifest.json
 create mode 100644 review/semantic-kernel/sprint11/implementation/runner-r1/controls/runs/leading-dot-observation/inputs/lean/lakefile.toml
 create mode 100644 review/semantic-kernel/sprint11/implementation/runner-r1/controls/runs/leading-dot-observation/inputs/lean/lean-toolchain
 create mode 100644 review/semantic-kernel/sprint11/implementation/runner-r1/controls/runs/leading-dot-observation/lean-path.log
 create mode 100644 review/semantic-kernel/sprint11/implementation/runner-r1/controls/runs/leading-dot-observation/lean-version.log
 create mode 100644 review/semantic-kernel/sprint11/implementation/runner-r1/controls/runs/leading-dot-observation/mutation-spec.json
 create mode 100644 review/semantic-kernel/sprint11/implementation/runner-r1/controls/runs/leading-dot-observation/results.json
 create mode 100644 review/semantic-kernel/sprint11/implementation/runner-r1/controls/runs/leading-dot-observation/source-manifest.json
 create mode 100644 review/semantic-kernel/sprint11/implementation/runner-r1/controls/runs/live-discriminating-mutant/control.lean
 create mode 100644 review/semantic-kernel/sprint11/implementation/runner-r1/controls/runs/live-discriminating-mutant/control.log
 create mode 100644 review/semantic-kernel/sprint11/implementation/runner-r1/controls/runs/live-discriminating-mutant/git-head.log
 create mode 100644 review/semantic-kernel/sprint11/implementation/runner-r1/controls/runs/live-discriminating-mutant/git-root-input-status.log
 create mode 100644 review/semantic-kernel/sprint11/implementation/runner-r1/controls/runs/live-discriminating-mutant/inputs/lean/DefiKernel/Interleaving/RunnerDependency.lean
 create mode 100644 review/semantic-kernel/sprint11/implementation/runner-r1/controls/runs/live-discriminating-mutant/inputs/lean/DefiKernel/Nary/Audit.lean
 create mode 100644 review/semantic-kernel/sprint11/implementation/runner-r1/controls/runs/live-discriminating-mutant/inputs/lean/DefiKernel/Nary/RunnerInput.lean
 create mode 100644 review/semantic-kernel/sprint11/implementation/runner-r1/controls/runs/live-discriminating-mutant/inputs/lean/lake-manifest.json
 create mode 100644 review/semantic-kernel/sprint11/implementation/runner-r1/controls/runs/live-discriminating-mutant/inputs/lean/lakefile.toml
 create mode 100644 review/semantic-kernel/sprint11/implementation/runner-r1/controls/runs/live-discriminating-mutant/inputs/lean/lean-toolchain
 create mode 100644 review/semantic-kernel/sprint11/implementation/runner-r1/controls/runs/live-discriminating-mutant/lean-path.log
 create mode 100644 review/semantic-kernel/sprint11/implementation/runner-r1/controls/runs/live-discriminating-mutant/lean-version.log
 create mode 100644 review/semantic-kernel/sprint11/implementation/runner-r1/controls/runs/live-discriminating-mutant/mutation-spec.json
 create mode 100644 review/semantic-kernel/sprint11/implementation/runner-r1/controls/runs/live-discriminating-mutant/probe.lean
 create mode 100644 review/semantic-kernel/sprint11/implementation/runner-r1/controls/runs/live-discriminating-mutant/probe.log
 create mode 100644 review/semantic-kernel/sprint11/implementation/runner-r1/controls/runs/live-discriminating-mutant/results.json
 create mode 100644 review/semantic-kernel/sprint11/implementation/runner-r1/controls/runs/live-discriminating-mutant/source-manifest.json
 create mode 100644 review/semantic-kernel/sprint11/implementation/runner-r1/controls/runs/malformed-observation/control.lean
 create mode 100644 review/semantic-kernel/sprint11/implementation/runner-r1/controls/runs/malformed-observation/control.log
 create mode 100644 review/semantic-kernel/sprint11/implementation/runner-r1/controls/runs/malformed-observation/git-head.log
 create mode 100644 review/semantic-kernel/sprint11/implementation/runner-r1/controls/runs/malformed-observation/git-root-input-status.log
 create mode 100644 review/semantic-kernel/sprint11/implementation/runner-r1/controls/runs/malformed-observation/inputs/lean/DefiKernel/Interleaving/RunnerDependency.lean
 create mode 100644 review/semantic-kernel/sprint11/implementation/runner-r1/controls/runs/malformed-observation/inputs/lean/DefiKernel/Nary/Audit.lean
 create mode 100644 review/semantic-kernel/sprint11/implementation/runner-r1/controls/runs/malformed-observation/inputs/lean/DefiKernel/Nary/RunnerInput.lean
 create mode 100644 review/semantic-kernel/sprint11/implementation/runner-r1/controls/runs/malformed-observation/inputs/lean/lake-manifest.json
 create mode 100644 review/semantic-kernel/sprint11/implementation/runner-r1/controls/runs/malformed-observation/inputs/lean/lakefile.toml
 create mode 100644 review/semantic-kernel/sprint11/implementation/runner-r1/controls/runs/malformed-observation/inputs/lean/lean-toolchain
 create mode 100644 review/semantic-kernel/sprint11/implementation/runner-r1/controls/runs/malformed-observation/lean-path.log
 create mode 100644 review/semantic-kernel/sprint11/implementation/runner-r1/controls/runs/malformed-observation/lean-version.log
 create mode 100644 review/semantic-kernel/sprint11/implementation/runner-r1/controls/runs/malformed-observation/mutation-spec.json
 create mode 100644 review/semantic-kernel/sprint11/implementation/runner-r1/controls/runs/malformed-observation/results.json
 create mode 100644 review/semantic-kernel/sprint11/implementation/runner-r1/controls/runs/malformed-observation/source-manifest.json
 create mode 100644 review/semantic-kernel/sprint11/implementation/runner-r1/controls/runs/missing-positive-observation/control.lean
 create mode 100644 review/semantic-kernel/sprint11/implementation/runner-r1/controls/runs/missing-positive-observation/control.log
 create mode 100644 review/semantic-kernel/sprint11/implementation/runner-r1/controls/runs/missing-positive-observation/git-head.log
 create mode 100644 review/semantic-kernel/sprint11/implementation/runner-r1/controls/runs/missing-positive-observation/git-root-input-status.log
 create mode 100644 review/semantic-kernel/sprint11/implementation/runner-r1/controls/runs/missing-positive-observation/inputs/lean/DefiKernel/Interleaving/RunnerDependency.lean
 create mode 100644 review/semantic-kernel/sprint11/implementation/runner-r1/controls/runs/missing-positive-observation/inputs/lean/DefiKernel/Nary/Audit.lean
 create mode 100644 review/semantic-kernel/sprint11/implementation/runner-r1/controls/runs/missing-positive-observation/inputs/lean/DefiKernel/Nary/RunnerInput.lean
 create mode 100644 review/semantic-kernel/sprint11/implementation/runner-r1/controls/runs/missing-positive-observation/inputs/lean/lake-manifest.json
 create mode 100644 review/semantic-kernel/sprint11/implementation/runner-r1/controls/runs/missing-positive-observation/inputs/lean/lakefile.toml
 create mode 100644 review/semantic-kernel/sprint11/implementation/runner-r1/controls/runs/missing-positive-observation/inputs/lean/lean-toolchain
 create mode 100644 review/semantic-kernel/sprint11/implementation/runner-r1/controls/runs/missing-positive-observation/lean-path.log
 create mode 100644 review/semantic-kernel/sprint11/implementation/runner-r1/controls/runs/missing-positive-observation/lean-version.log
 create mode 100644 review/semantic-kernel/sprint11/implementation/runner-r1/controls/runs/missing-positive-observation/mutation-spec.json
 create mode 100644 review/semantic-kernel/sprint11/implementation/runner-r1/controls/runs/missing-positive-observation/results.json
 create mode 100644 review/semantic-kernel/sprint11/implementation/runner-r1/controls/runs/missing-positive-observation/source-manifest.json
 create mode 100644 review/semantic-kernel/sprint11/implementation/runner-r1/controls/runs/missing-required-observation/control.lean
 create mode 100644 review/semantic-kernel/sprint11/implementation/runner-r1/controls/runs/missing-required-observation/control.log
 create mode 100644 review/semantic-kernel/sprint11/implementation/runner-r1/controls/runs/missing-required-observation/git-head.log
 create mode 100644 review/semantic-kernel/sprint11/implementation/runner-r1/controls/runs/missing-required-observation/git-root-input-status.log
 create mode 100644 review/semantic-kernel/sprint11/implementation/runner-r1/controls/runs/missing-required-observation/inputs/lean/DefiKernel/Interleaving/RunnerDependency.lean
 create mode 100644 review/semantic-kernel/sprint11/implementation/runner-r1/controls/runs/missing-required-observation/inputs/lean/DefiKernel/Nary/Audit.lean
 create mode 100644 review/semantic-kernel/sprint11/implementation/runner-r1/controls/runs/missing-required-observation/inputs/lean/DefiKernel/Nary/RunnerInput.lean
 create mode 100644 review/semantic-kernel/sprint11/implementation/runner-r1/controls/runs/missing-required-observation/inputs/lean/lake-manifest.json
 create mode 100644 review/semantic-kernel/sprint11/implementation/runner-r1/controls/runs/missing-required-observation/inputs/lean/lakefile.toml
 create mode 100644 review/semantic-kernel/sprint11/implementation/runner-r1/controls/runs/missing-required-observation/inputs/lean/lean-toolchain
 create mode 100644 review/semantic-kernel/sprint11/implementation/runner-r1/controls/runs/missing-required-observation/lean-path.log
 create mode 100644 review/semantic-kernel/sprint11/implementation/runner-r1/controls/runs/missing-required-observation/lean-version.log
 create mode 100644 review/semantic-kernel/sprint11/implementation/runner-r1/controls/runs/missing-required-observation/mutation-spec.json
 create mode 100644 review/semantic-kernel/sprint11/implementation/runner-r1/controls/runs/missing-required-observation/results.json
 create mode 100644 review/semantic-kernel/sprint11/implementation/runner-r1/controls/runs/missing-required-observation/source-manifest.json
 create mode 100644 review/semantic-kernel/sprint11/implementation/runner-r1/controls/runs/nonkernel-local-dependency/control.lean
 create mode 100644 review/semantic-kernel/sprint11/implementation/runner-r1/controls/runs/nonkernel-local-dependency/control.log
 create mode 100644 review/semantic-kernel/sprint11/implementation/runner-r1/controls/runs/nonkernel-local-dependency/git-head.log
 create mode 100644 review/semantic-kernel/sprint11/implementation/runner-r1/controls/runs/nonkernel-local-dependency/git-root-input-status.log
 create mode 100644 review/semantic-kernel/sprint11/implementation/runner-r1/controls/runs/nonkernel-local-dependency/inputs/lean/DefiKernel/Nary/Audit.lean
 create mode 100644 review/semantic-kernel/sprint11/implementation/runner-r1/controls/runs/nonkernel-local-dependency/inputs/lean/DefiKernel/Nary/RunnerInput.lean
 create mode 100644 review/semantic-kernel/sprint11/implementation/runner-r1/controls/runs/nonkernel-local-dependency/inputs/lean/SharedFixture/RunnerDependency.lean
 create mode 100644 review/semantic-kernel/sprint11/implementation/runner-r1/controls/runs/nonkernel-local-dependency/inputs/lean/lake-manifest.json
 create mode 100644 review/semantic-kernel/sprint11/implementation/runner-r1/controls/runs/nonkernel-local-dependency/inputs/lean/lakefile.toml
 create mode 100644 review/semantic-kernel/sprint11/implementation/runner-r1/controls/runs/nonkernel-local-dependency/inputs/lean/lean-toolchain
 create mode 100644 review/semantic-kernel/sprint11/implementation/runner-r1/controls/runs/nonkernel-local-dependency/lean-path.log
 create mode 100644 review/semantic-kernel/sprint11/implementation/runner-r1/controls/runs/nonkernel-local-dependency/lean-version.log
 create mode 100644 review/semantic-kernel/sprint11/implementation/runner-r1/controls/runs/nonkernel-local-dependency/mutation-spec.json
 create mode 100644 review/semantic-kernel/sprint11/implementation/runner-r1/controls/runs/nonkernel-local-dependency/probe.lean
 create mode 100644 review/semantic-kernel/sprint11/implementation/runner-r1/controls/runs/nonkernel-local-dependency/probe.log
 create mode 100644 review/semantic-kernel/sprint11/implementation/runner-r1/controls/runs/nonkernel-local-dependency/results.json
 create mode 100644 review/semantic-kernel/sprint11/implementation/runner-r1/controls/runs/nonkernel-local-dependency/source-manifest.json
 create mode 100644 review/semantic-kernel/sprint11/implementation/runner-r1/controls/runs/partial-mutant-observations/control.lean
 create mode 100644 review/semantic-kernel/sprint11/implementation/runner-r1/controls/runs/partial-mutant-observations/control.log
 create mode 100644 review/semantic-kernel/sprint11/implementation/runner-r1/controls/runs/partial-mutant-observations/git-head.log
 create mode 100644 review/semantic-kernel/sprint11/implementation/runner-r1/controls/runs/partial-mutant-observations/git-root-input-status.log
 create mode 100644 review/semantic-kernel/sprint11/implementation/runner-r1/controls/runs/partial-mutant-observations/inputs/lean/DefiKernel/Interleaving/RunnerDependency.lean
 create mode 100644 review/semantic-kernel/sprint11/implementation/runner-r1/controls/runs/partial-mutant-observations/inputs/lean/DefiKernel/Nary/Audit.lean
 create mode 100644 review/semantic-kernel/sprint11/implementation/runner-r1/controls/runs/partial-mutant-observations/inputs/lean/DefiKernel/Nary/RunnerInput.lean
 create mode 100644 review/semantic-kernel/sprint11/implementation/runner-r1/controls/runs/partial-mutant-observations/inputs/lean/lake-manifest.json
 create mode 100644 review/semantic-kernel/sprint11/implementation/runner-r1/controls/runs/partial-mutant-observations/inputs/lean/lakefile.toml
 create mode 100644 review/semantic-kernel/sprint11/implementation/runner-r1/controls/runs/partial-mutant-observations/inputs/lean/lean-toolchain
 create mode 100644 review/semantic-kernel/sprint11/implementation/runner-r1/controls/runs/partial-mutant-observations/lean-path.log
 create mode 100644 review/semantic-kernel/sprint11/implementation/runner-r1/controls/runs/partial-mutant-observations/lean-version.log
 create mode 100644 review/semantic-kernel/sprint11/implementation/runner-r1/controls/runs/partial-mutant-observations/mutation-spec.json
 create mode 100644 review/semantic-kernel/sprint11/implementation/runner-r1/controls/runs/partial-mutant-observations/probe.lean
 create mode 100644 review/semantic-kernel/sprint11/implementation/runner-r1/controls/runs/partial-mutant-observations/probe.log
 create mode 100644 review/semantic-kernel/sprint11/implementation/runner-r1/controls/runs/partial-mutant-observations/results.json
 create mode 100644 review/semantic-kernel/sprint11/implementation/runner-r1/controls/runs/partial-mutant-observations/source-manifest.json
 create mode 100644 review/semantic-kernel/sprint11/implementation/runner-r1/controls/runs/positive-control-flipped/control.lean
 create mode 100644 review/semantic-kernel/sprint11/implementation/runner-r1/controls/runs/positive-control-flipped/control.log
 create mode 100644 review/semantic-kernel/sprint11/implementation/runner-r1/controls/runs/positive-control-flipped/git-head.log
 create mode 100644 review/semantic-kernel/sprint11/implementation/runner-r1/controls/runs/positive-control-flipped/git-root-input-status.log
 create mode 100644 review/semantic-kernel/sprint11/implementation/runner-r1/controls/runs/positive-control-flipped/inputs/lean/DefiKernel/Interleaving/RunnerDependency.lean
 create mode 100644 review/semantic-kernel/sprint11/implementation/runner-r1/controls/runs/positive-control-flipped/inputs/lean/DefiKernel/Nary/Audit.lean
 create mode 100644 review/semantic-kernel/sprint11/implementation/runner-r1/controls/runs/positive-control-flipped/inputs/lean/DefiKernel/Nary/RunnerInput.lean
 create mode 100644 review/semantic-kernel/sprint11/implementation/runner-r1/controls/runs/positive-control-flipped/inputs/lean/lake-manifest.json
 create mode 100644 review/semantic-kernel/sprint11/implementation/runner-r1/controls/runs/positive-control-flipped/inputs/lean/lakefile.toml
 create mode 100644 review/semantic-kernel/sprint11/implementation/runner-r1/controls/runs/positive-control-flipped/inputs/lean/lean-toolchain
 create mode 100644 review/semantic-kernel/sprint11/implementation/runner-r1/controls/runs/positive-control-flipped/lean-path.log
 create mode 100644 review/semantic-kernel/sprint11/implementation/runner-r1/controls/runs/positive-control-flipped/lean-version.log
 create mode 100644 review/semantic-kernel/sprint11/implementation/runner-r1/controls/runs/positive-control-flipped/mutation-spec.json
 create mode 100644 review/semantic-kernel/sprint11/implementation/runner-r1/controls/runs/positive-control-flipped/probe.lean
 create mode 100644 review/semantic-kernel/sprint11/implementation/runner-r1/controls/runs/positive-control-flipped/probe.log
 create mode 100644 review/semantic-kernel/sprint11/implementation/runner-r1/controls/runs/positive-control-flipped/results.json
 create mode 100644 review/semantic-kernel/sprint11/implementation/runner-r1/controls/runs/positive-control-flipped/source-manifest.json
 create mode 100644 review/semantic-kernel/sprint11/implementation/runner-r1/controls/runs/production-eval-discriminating-mutant/control.lean
 create mode 100644 review/semantic-kernel/sprint11/implementation/runner-r1/controls/runs/production-eval-discriminating-mutant/control.log
 create mode 100644 review/semantic-kernel/sprint11/implementation/runner-r1/controls/runs/production-eval-discriminating-mutant/git-head.log
 create mode 100644 review/semantic-kernel/sprint11/implementation/runner-r1/controls/runs/production-eval-discriminating-mutant/git-root-input-status.log
 create mode 100644 review/semantic-kernel/sprint11/implementation/runner-r1/controls/runs/production-eval-discriminating-mutant/inputs/lean/DefiKernel/Interleaving/RunnerDependency.lean
 create mode 100644 review/semantic-kernel/sprint11/implementation/runner-r1/controls/runs/production-eval-discriminating-mutant/inputs/lean/DefiKernel/Nary/Audit.lean
 create mode 100644 review/semantic-kernel/sprint11/implementation/runner-r1/controls/runs/production-eval-discriminating-mutant/inputs/lean/DefiKernel/Nary/RunnerInput.lean
 create mode 100644 review/semantic-kernel/sprint11/implementation/runner-r1/controls/runs/production-eval-discriminating-mutant/inputs/lean/lake-manifest.json
 create mode 100644 review/semantic-kernel/sprint11/implementation/runner-r1/controls/runs/production-eval-discriminating-mutant/inputs/lean/lakefile.toml
 create mode 100644 review/semantic-kernel/sprint11/implementation/runner-r1/controls/runs/production-eval-discriminating-mutant/inputs/lean/lean-toolchain
 create mode 100644 review/semantic-kernel/sprint11/implementation/runner-r1/controls/runs/production-eval-discriminating-mutant/lean-path.log
 create mode 100644 review/semantic-kernel/sprint11/implementation/runner-r1/controls/runs/production-eval-discriminating-mutant/lean-version.log
 create mode 100644 review/semantic-kernel/sprint11/implementation/runner-r1/controls/runs/production-eval-discriminating-mutant/mutation-spec.json
 create mode 100644 review/semantic-kernel/sprint11/implementation/runner-r1/controls/runs/production-eval-discriminating-mutant/probe.lean
 create mode 100644 review/semantic-kernel/sprint11/implementation/runner-r1/controls/runs/production-eval-discriminating-mutant/probe.log
 create mode 100644 review/semantic-kernel/sprint11/implementation/runner-r1/controls/runs/production-eval-discriminating-mutant/results.json
 create mode 100644 review/semantic-kernel/sprint11/implementation/runner-r1/controls/runs/production-eval-discriminating-mutant/source-manifest.json
 create mode 100644 review/semantic-kernel/sprint11/implementation/runner-r1/controls/runs/production-eval-required-stays-true/control.lean
 create mode 100644 review/semantic-kernel/sprint11/implementation/runner-r1/controls/runs/production-eval-required-stays-true/control.log
 create mode 100644 review/semantic-kernel/sprint11/implementation/runner-r1/controls/runs/production-eval-required-stays-true/git-head.log
 create mode 100644 review/semantic-kernel/sprint11/implementation/runner-r1/controls/runs/production-eval-required-stays-true/git-root-input-status.log
 create mode 100644 review/semantic-kernel/sprint11/implementation/runner-r1/controls/runs/production-eval-required-stays-true/inputs/lean/DefiKernel/Interleaving/RunnerDependency.lean
 create mode 100644 review/semantic-kernel/sprint11/implementation/runner-r1/controls/runs/production-eval-required-stays-true/inputs/lean/DefiKernel/Nary/Audit.lean
 create mode 100644 review/semantic-kernel/sprint11/implementation/runner-r1/controls/runs/production-eval-required-stays-true/inputs/lean/DefiKernel/Nary/RunnerInput.lean
 create mode 100644 review/semantic-kernel/sprint11/implementation/runner-r1/controls/runs/production-eval-required-stays-true/inputs/lean/lake-manifest.json
 create mode 100644 review/semantic-kernel/sprint11/implementation/runner-r1/controls/runs/production-eval-required-stays-true/inputs/lean/lakefile.toml
 create mode 100644 review/semantic-kernel/sprint11/implementation/runner-r1/controls/runs/production-eval-required-stays-true/inputs/lean/lean-toolchain
 create mode 100644 review/semantic-kernel/sprint11/implementation/runner-r1/controls/runs/production-eval-required-stays-true/lean-path.log
 create mode 100644 review/semantic-kernel/sprint11/implementation/runner-r1/controls/runs/production-eval-required-stays-true/lean-version.log
 create mode 100644 review/semantic-kernel/sprint11/implementation/runner-r1/controls/runs/production-eval-required-stays-true/mutation-spec.json
 create mode 100644 review/semantic-kernel/sprint11/implementation/runner-r1/controls/runs/production-eval-required-stays-true/probe.lean
 create mode 100644 review/semantic-kernel/sprint11/implementation/runner-r1/controls/runs/production-eval-required-stays-true/probe.log
 create mode 100644 review/semantic-kernel/sprint11/implementation/runner-r1/controls/runs/production-eval-required-stays-true/results.json
 create mode 100644 review/semantic-kernel/sprint11/implementation/runner-r1/controls/runs/production-eval-required-stays-true/source-manifest.json
 create mode 100644 review/semantic-kernel/sprint11/implementation/runner-r1/controls/runs/proof-comment-keywords-sibling/control.lean
 create mode 100644 review/semantic-kernel/sprint11/implementation/runner-r1/controls/runs/proof-comment-keywords-sibling/control.log
 create mode 100644 review/semantic-kernel/sprint11/implementation/runner-r1/controls/runs/proof-comment-keywords-sibling/git-head.log
 create mode 100644 review/semantic-kernel/sprint11/implementation/runner-r1/controls/runs/proof-comment-keywords-sibling/git-root-input-status.log
 create mode 100644 review/semantic-kernel/sprint11/implementation/runner-r1/controls/runs/proof-comment-keywords-sibling/inputs/lean/DefiKernel/Interleaving/RunnerDependency.lean
 create mode 100644 review/semantic-kernel/sprint11/implementation/runner-r1/controls/runs/proof-comment-keywords-sibling/inputs/lean/DefiKernel/Nary/Audit.lean
 create mode 100644 review/semantic-kernel/sprint11/implementation/runner-r1/controls/runs/proof-comment-keywords-sibling/inputs/lean/DefiKernel/Nary/RunnerInput.lean
 create mode 100644 review/semantic-kernel/sprint11/implementation/runner-r1/controls/runs/proof-comment-keywords-sibling/inputs/lean/lake-manifest.json
 create mode 100644 review/semantic-kernel/sprint11/implementation/runner-r1/controls/runs/proof-comment-keywords-sibling/inputs/lean/lakefile.toml
 create mode 100644 review/semantic-kernel/sprint11/implementation/runner-r1/controls/runs/proof-comment-keywords-sibling/inputs/lean/lean-toolchain
 create mode 100644 review/semantic-kernel/sprint11/implementation/runner-r1/controls/runs/proof-comment-keywords-sibling/lean-path.log
 create mode 100644 review/semantic-kernel/sprint11/implementation/runner-r1/controls/runs/proof-comment-keywords-sibling/lean-version.log
 create mode 100644 review/semantic-kernel/sprint11/implementation/runner-r1/controls/runs/proof-comment-keywords-sibling/mutation-spec.json
 create mode 100644 review/semantic-kernel/sprint11/implementation/runner-r1/controls/runs/proof-comment-keywords-sibling/probe.lean
 create mode 100644 review/semantic-kernel/sprint11/implementation/runner-r1/controls/runs/proof-comment-keywords-sibling/probe.log
 create mode 100644 review/semantic-kernel/sprint11/implementation/runner-r1/controls/runs/proof-comment-keywords-sibling/results.json
 create mode 100644 review/semantic-kernel/sprint11/implementation/runner-r1/controls/runs/proof-comment-keywords-sibling/source-manifest.json
 create mode 100644 review/semantic-kernel/sprint11/implementation/runner-r1/controls/runs/proof-raw-string-character-sibling/control.lean
 create mode 100644 review/semantic-kernel/sprint11/implementation/runner-r1/controls/runs/proof-raw-string-character-sibling/control.log
 create mode 100644 review/semantic-kernel/sprint11/implementation/runner-r1/controls/runs/proof-raw-string-character-sibling/git-head.log
 create mode 100644 review/semantic-kernel/sprint11/implementation/runner-r1/controls/runs/proof-raw-string-character-sibling/git-root-input-status.log
 create mode 100644 review/semantic-kernel/sprint11/implementation/runner-r1/controls/runs/proof-raw-string-character-sibling/inputs/lean/DefiKernel/Interleaving/RunnerDependency.lean
 create mode 100644 review/semantic-kernel/sprint11/implementation/runner-r1/controls/runs/proof-raw-string-character-sibling/inputs/lean/DefiKernel/Nary/Audit.lean
 create mode 100644 review/semantic-kernel/sprint11/implementation/runner-r1/controls/runs/proof-raw-string-character-sibling/inputs/lean/DefiKernel/Nary/RunnerInput.lean
 create mode 100644 review/semantic-kernel/sprint11/implementation/runner-r1/controls/runs/proof-raw-string-character-sibling/inputs/lean/lake-manifest.json
 create mode 100644 review/semantic-kernel/sprint11/implementation/runner-r1/controls/runs/proof-raw-string-character-sibling/inputs/lean/lakefile.toml
 create mode 100644 review/semantic-kernel/sprint11/implementation/runner-r1/controls/runs/proof-raw-string-character-sibling/inputs/lean/lean-toolchain
 create mode 100644 review/semantic-kernel/sprint11/implementation/runner-r1/controls/runs/proof-raw-string-character-sibling/lean-path.log
 create mode 100644 review/semantic-kernel/sprint11/implementation/runner-r1/controls/runs/proof-raw-string-character-sibling/lean-version.log
 create mode 100644 review/semantic-kernel/sprint11/implementation/runner-r1/controls/runs/proof-raw-string-character-sibling/mutation-spec.json
 create mode 100644 review/semantic-kernel/sprint11/implementation/runner-r1/controls/runs/proof-raw-string-character-sibling/probe.lean
 create mode 100644 review/semantic-kernel/sprint11/implementation/runner-r1/controls/runs/proof-raw-string-character-sibling/probe.log
 create mode 100644 review/semantic-kernel/sprint11/implementation/runner-r1/controls/runs/proof-raw-string-character-sibling/results.json
 create mode 100644 review/semantic-kernel/sprint11/implementation/runner-r1/controls/runs/proof-raw-string-character-sibling/source-manifest.json
 create mode 100644 review/semantic-kernel/sprint11/implementation/runner-r1/controls/runs/proof-string-keywords-sibling/control.lean
 create mode 100644 review/semantic-kernel/sprint11/implementation/runner-r1/controls/runs/proof-string-keywords-sibling/control.log
 create mode 100644 review/semantic-kernel/sprint11/implementation/runner-r1/controls/runs/proof-string-keywords-sibling/git-head.log
 create mode 100644 review/semantic-kernel/sprint11/implementation/runner-r1/controls/runs/proof-string-keywords-sibling/git-root-input-status.log
 create mode 100644 review/semantic-kernel/sprint11/implementation/runner-r1/controls/runs/proof-string-keywords-sibling/inputs/lean/DefiKernel/Interleaving/RunnerDependency.lean
 create mode 100644 review/semantic-kernel/sprint11/implementation/runner-r1/controls/runs/proof-string-keywords-sibling/inputs/lean/DefiKernel/Nary/Audit.lean
 create mode 100644 review/semantic-kernel/sprint11/implementation/runner-r1/controls/runs/proof-string-keywords-sibling/inputs/lean/DefiKernel/Nary/RunnerInput.lean
 create mode 100644 review/semantic-kernel/sprint11/implementation/runner-r1/controls/runs/proof-string-keywords-sibling/inputs/lean/lake-manifest.json
 create mode 100644 review/semantic-kernel/sprint11/implementation/runner-r1/controls/runs/proof-string-keywords-sibling/inputs/lean/lakefile.toml
 create mode 100644 review/semantic-kernel/sprint11/implementation/runner-r1/controls/runs/proof-string-keywords-sibling/inputs/lean/lean-toolchain
 create mode 100644 review/semantic-kernel/sprint11/implementation/runner-r1/controls/runs/proof-string-keywords-sibling/lean-path.log
 create mode 100644 review/semantic-kernel/sprint11/implementation/runner-r1/controls/runs/proof-string-keywords-sibling/lean-version.log
 create mode 100644 review/semantic-kernel/sprint11/implementation/runner-r1/controls/runs/proof-string-keywords-sibling/mutation-spec.json
 create mode 100644 review/semantic-kernel/sprint11/implementation/runner-r1/controls/runs/proof-string-keywords-sibling/probe.lean
 create mode 100644 review/semantic-kernel/sprint11/implementation/runner-r1/controls/runs/proof-string-keywords-sibling/probe.log
 create mode 100644 review/semantic-kernel/sprint11/implementation/runner-r1/controls/runs/proof-string-keywords-sibling/results.json
 create mode 100644 review/semantic-kernel/sprint11/implementation/runner-r1/controls/runs/proof-string-keywords-sibling/source-manifest.json
 create mode 100644 review/semantic-kernel/sprint11/implementation/runner-r1/controls/runs/required-observation-stays-true/control.lean
 create mode 100644 review/semantic-kernel/sprint11/implementation/runner-r1/controls/runs/required-observation-stays-true/control.log
 create mode 100644 review/semantic-kernel/sprint11/implementation/runner-r1/controls/runs/required-observation-stays-true/git-head.log
 create mode 100644 review/semantic-kernel/sprint11/implementation/runner-r1/controls/runs/required-observation-stays-true/git-root-input-status.log
 create mode 100644 review/semantic-kernel/sprint11/implementation/runner-r1/controls/runs/required-observation-stays-true/inputs/lean/DefiKernel/Interleaving/RunnerDependency.lean
 create mode 100644 review/semantic-kernel/sprint11/implementation/runner-r1/controls/runs/required-observation-stays-true/inputs/lean/DefiKernel/Nary/Audit.lean
 create mode 100644 review/semantic-kernel/sprint11/implementation/runner-r1/controls/runs/required-observation-stays-true/inputs/lean/DefiKernel/Nary/RunnerInput.lean
 create mode 100644 review/semantic-kernel/sprint11/implementation/runner-r1/controls/runs/required-observation-stays-true/inputs/lean/lake-manifest.json
 create mode 100644 review/semantic-kernel/sprint11/implementation/runner-r1/controls/runs/required-observation-stays-true/inputs/lean/lakefile.toml
 create mode 100644 review/semantic-kernel/sprint11/implementation/runner-r1/controls/runs/required-observation-stays-true/inputs/lean/lean-toolchain
 create mode 100644 review/semantic-kernel/sprint11/implementation/runner-r1/controls/runs/required-observation-stays-true/lean-path.log
 create mode 100644 review/semantic-kernel/sprint11/implementation/runner-r1/controls/runs/required-observation-stays-true/lean-version.log
 create mode 100644 review/semantic-kernel/sprint11/implementation/runner-r1/controls/runs/required-observation-stays-true/mutation-spec.json
 create mode 100644 review/semantic-kernel/sprint11/implementation/runner-r1/controls/runs/required-observation-stays-true/probe.lean
 create mode 100644 review/semantic-kernel/sprint11/implementation/runner-r1/controls/runs/required-observation-stays-true/probe.log
 create mode 100644 review/semantic-kernel/sprint11/implementation/runner-r1/controls/runs/required-observation-stays-true/results.json
 create mode 100644 review/semantic-kernel/sprint11/implementation/runner-r1/controls/runs/required-observation-stays-true/source-manifest.json
 create mode 100644 review/semantic-kernel/sprint11/implementation/runner-r1/controls/runs/source-drift-during-mutant/control.lean
 create mode 100644 review/semantic-kernel/sprint11/implementation/runner-r1/controls/runs/source-drift-during-mutant/control.log
 create mode 100644 review/semantic-kernel/sprint11/implementation/runner-r1/controls/runs/source-drift-during-mutant/git-head.log
 create mode 100644 review/semantic-kernel/sprint11/implementation/runner-r1/controls/runs/source-drift-during-mutant/git-root-input-status.log
 create mode 100644 review/semantic-kernel/sprint11/implementation/runner-r1/controls/runs/source-drift-during-mutant/inputs/lean/DefiKernel/Interleaving/RunnerDependency.lean
 create mode 100644 review/semantic-kernel/sprint11/implementation/runner-r1/controls/runs/source-drift-during-mutant/inputs/lean/DefiKernel/Nary/Audit.lean
 create mode 100644 review/semantic-kernel/sprint11/implementation/runner-r1/controls/runs/source-drift-during-mutant/inputs/lean/DefiKernel/Nary/RunnerInput.lean
 create mode 100644 review/semantic-kernel/sprint11/implementation/runner-r1/controls/runs/source-drift-during-mutant/inputs/lean/lake-manifest.json
 create mode 100644 review/semantic-kernel/sprint11/implementation/runner-r1/controls/runs/source-drift-during-mutant/inputs/lean/lakefile.toml
 create mode 100644 review/semantic-kernel/sprint11/implementation/runner-r1/controls/runs/source-drift-during-mutant/inputs/lean/lean-toolchain
 create mode 100644 review/semantic-kernel/sprint11/implementation/runner-r1/controls/runs/source-drift-during-mutant/lean-path.log
 create mode 100644 review/semantic-kernel/sprint11/implementation/runner-r1/controls/runs/source-drift-during-mutant/lean-version.log
 create mode 100644 review/semantic-kernel/sprint11/implementation/runner-r1/controls/runs/source-drift-during-mutant/mutation-spec.json
 create mode 100644 review/semantic-kernel/sprint11/implementation/runner-r1/controls/runs/source-drift-during-mutant/probe.lean
 create mode 100644 review/semantic-kernel/sprint11/implementation/runner-r1/controls/runs/source-drift-during-mutant/probe.log
 create mode 100644 review/semantic-kernel/sprint11/implementation/runner-r1/controls/runs/source-drift-during-mutant/results.json
 create mode 100644 review/semantic-kernel/sprint11/implementation/runner-r1/controls/runs/source-drift-during-mutant/source-manifest.json
 create mode 100644 review/semantic-kernel/sprint11/implementation/runner-r1/controls/runs/source-drift-during-run/control.lean
 create mode 100644 review/semantic-kernel/sprint11/implementation/runner-r1/controls/runs/source-drift-during-run/control.log
 create mode 100644 review/semantic-kernel/sprint11/implementation/runner-r1/controls/runs/source-drift-during-run/git-head.log
 create mode 100644 review/semantic-kernel/sprint11/implementation/runner-r1/controls/runs/source-drift-during-run/git-root-input-status.log
 create mode 100644 review/semantic-kernel/sprint11/implementation/runner-r1/controls/runs/source-drift-during-run/inputs/lean/DefiKernel/Interleaving/RunnerDependency.lean
 create mode 100644 review/semantic-kernel/sprint11/implementation/runner-r1/controls/runs/source-drift-during-run/inputs/lean/DefiKernel/Nary/Audit.lean
 create mode 100644 review/semantic-kernel/sprint11/implementation/runner-r1/controls/runs/source-drift-during-run/inputs/lean/DefiKernel/Nary/RunnerInput.lean
 create mode 100644 review/semantic-kernel/sprint11/implementation/runner-r1/controls/runs/source-drift-during-run/inputs/lean/lake-manifest.json
 create mode 100644 review/semantic-kernel/sprint11/implementation/runner-r1/controls/runs/source-drift-during-run/inputs/lean/lakefile.toml
 create mode 100644 review/semantic-kernel/sprint11/implementation/runner-r1/controls/runs/source-drift-during-run/inputs/lean/lean-toolchain
 create mode 100644 review/semantic-kernel/sprint11/implementation/runner-r1/controls/runs/source-drift-during-run/lean-path.log
 create mode 100644 review/semantic-kernel/sprint11/implementation/runner-r1/controls/runs/source-drift-during-run/lean-version.log
 create mode 100644 review/semantic-kernel/sprint11/implementation/runner-r1/controls/runs/source-drift-during-run/mutation-spec.json
 create mode 100644 review/semantic-kernel/sprint11/implementation/runner-r1/controls/runs/source-drift-during-run/results.json
 create mode 100644 review/semantic-kernel/sprint11/implementation/runner-r1/controls/runs/source-drift-during-run/source-manifest.json
 create mode 100644 review/semantic-kernel/sprint11/implementation/runner-r1/controls/runs/specification-drift-during-run/control.lean
 create mode 100644 review/semantic-kernel/sprint11/implementation/runner-r1/controls/runs/specification-drift-during-run/control.log
 create mode 100644 review/semantic-kernel/sprint11/implementation/runner-r1/controls/runs/specification-drift-during-run/git-head.log
 create mode 100644 review/semantic-kernel/sprint11/implementation/runner-r1/controls/runs/specification-drift-during-run/git-root-input-status.log
 create mode 100644 review/semantic-kernel/sprint11/implementation/runner-r1/controls/runs/specification-drift-during-run/inputs/lean/DefiKernel/Interleaving/RunnerDependency.lean
 create mode 100644 review/semantic-kernel/sprint11/implementation/runner-r1/controls/runs/specification-drift-during-run/inputs/lean/DefiKernel/Nary/Audit.lean
 create mode 100644 review/semantic-kernel/sprint11/implementation/runner-r1/controls/runs/specification-drift-during-run/inputs/lean/DefiKernel/Nary/RunnerInput.lean
 create mode 100644 review/semantic-kernel/sprint11/implementation/runner-r1/controls/runs/specification-drift-during-run/inputs/lean/lake-manifest.json
 create mode 100644 review/semantic-kernel/sprint11/implementation/runner-r1/controls/runs/specification-drift-during-run/inputs/lean/lakefile.toml
 create mode 100644 review/semantic-kernel/sprint11/implementation/runner-r1/controls/runs/specification-drift-during-run/inputs/lean/lean-toolchain
 create mode 100644 review/semantic-kernel/sprint11/implementation/runner-r1/controls/runs/specification-drift-during-run/lean-path.log
 create mode 100644 review/semantic-kernel/sprint11/implementation/runner-r1/controls/runs/specification-drift-during-run/lean-version.log
 create mode 100644 review/semantic-kernel/sprint11/implementation/runner-r1/controls/runs/specification-drift-during-run/mutation-spec.json
 create mode 100644 review/semantic-kernel/sprint11/implementation/runner-r1/controls/runs/specification-drift-during-run/results.json
 create mode 100644 review/semantic-kernel/sprint11/implementation/runner-r1/controls/runs/specification-drift-during-run/source-manifest.json
 create mode 100644 review/semantic-kernel/sprint11/implementation/runner-r1/controls/runs/staged-source-before-run/git-head.log
 create mode 100644 review/semantic-kernel/sprint11/implementation/runner-r1/controls/runs/staged-source-before-run/git-root-input-status.log
 create mode 100644 review/semantic-kernel/sprint11/implementation/runner-r1/controls/runs/staged-source-before-run/lean-path.log
 create mode 100644 review/semantic-kernel/sprint11/implementation/runner-r1/controls/runs/staged-source-before-run/lean-version.log
 create mode 100644 review/semantic-kernel/sprint11/implementation/runner-r1/controls/runs/staged-source-before-run/results.json
 create mode 100644 review/semantic-kernel/sprint11/implementation/runner-r1/controls/runs/unchanged-control-failed/control.lean
 create mode 100644 review/semantic-kernel/sprint11/implementation/runner-r1/controls/runs/unchanged-control-failed/control.log
 create mode 100644 review/semantic-kernel/sprint11/implementation/runner-r1/controls/runs/unchanged-control-failed/git-head.log
 create mode 100644 review/semantic-kernel/sprint11/implementation/runner-r1/controls/runs/unchanged-control-failed/git-root-input-status.log
 create mode 100644 review/semantic-kernel/sprint11/implementation/runner-r1/controls/runs/unchanged-control-failed/inputs/lean/DefiKernel/Interleaving/RunnerDependency.lean
 create mode 100644 review/semantic-kernel/sprint11/implementation/runner-r1/controls/runs/unchanged-control-failed/inputs/lean/DefiKernel/Nary/Audit.lean
 create mode 100644 review/semantic-kernel/sprint11/implementation/runner-r1/controls/runs/unchanged-control-failed/inputs/lean/DefiKernel/Nary/RunnerInput.lean
 create mode 100644 review/semantic-kernel/sprint11/implementation/runner-r1/controls/runs/unchanged-control-failed/inputs/lean/lake-manifest.json
 create mode 100644 review/semantic-kernel/sprint11/implementation/runner-r1/controls/runs/unchanged-control-failed/inputs/lean/lakefile.toml
 create mode 100644 review/semantic-kernel/sprint11/implementation/runner-r1/controls/runs/unchanged-control-failed/inputs/lean/lean-toolchain
 create mode 100644 review/semantic-kernel/sprint11/implementation/runner-r1/controls/runs/unchanged-control-failed/lean-path.log
 create mode 100644 review/semantic-kernel/sprint11/implementation/runner-r1/controls/runs/unchanged-control-failed/lean-version.log
 create mode 100644 review/semantic-kernel/sprint11/implementation/runner-r1/controls/runs/unchanged-control-failed/mutation-spec.json
 create mode 100644 review/semantic-kernel/sprint11/implementation/runner-r1/controls/runs/unchanged-control-failed/results.json
 create mode 100644 review/semantic-kernel/sprint11/implementation/runner-r1/controls/runs/unchanged-control-failed/source-manifest.json
 create mode 100644 review/semantic-kernel/sprint11/implementation/runner-r1/controls/runs/unknown-mutant-observation/control.lean
 create mode 100644 review/semantic-kernel/sprint11/implementation/runner-r1/controls/runs/unknown-mutant-observation/control.log
 create mode 100644 review/semantic-kernel/sprint11/implementation/runner-r1/controls/runs/unknown-mutant-observation/git-head.log
 create mode 100644 review/semantic-kernel/sprint11/implementation/runner-r1/controls/runs/unknown-mutant-observation/git-root-input-status.log
 create mode 100644 review/semantic-kernel/sprint11/implementation/runner-r1/controls/runs/unknown-mutant-observation/inputs/lean/DefiKernel/Interleaving/RunnerDependency.lean
 create mode 100644 review/semantic-kernel/sprint11/implementation/runner-r1/controls/runs/unknown-mutant-observation/inputs/lean/DefiKernel/Nary/Audit.lean
 create mode 100644 review/semantic-kernel/sprint11/implementation/runner-r1/controls/runs/unknown-mutant-observation/inputs/lean/DefiKernel/Nary/RunnerInput.lean
 create mode 100644 review/semantic-kernel/sprint11/implementation/runner-r1/controls/runs/unknown-mutant-observation/inputs/lean/lake-manifest.json
 create mode 100644 review/semantic-kernel/sprint11/implementation/runner-r1/controls/runs/unknown-mutant-observation/inputs/lean/lakefile.toml
 create mode 100644 review/semantic-kernel/sprint11/implementation/runner-r1/controls/runs/unknown-mutant-observation/inputs/lean/lean-toolchain
 create mode 100644 review/semantic-kernel/sprint11/implementation/runner-r1/controls/runs/unknown-mutant-observation/lean-path.log
 create mode 100644 review/semantic-kernel/sprint11/implementation/runner-r1/controls/runs/unknown-mutant-observation/lean-version.log
 create mode 100644 review/semantic-kernel/sprint11/implementation/runner-r1/controls/runs/unknown-mutant-observation/mutation-spec.json
 create mode 100644 review/semantic-kernel/sprint11/implementation/runner-r1/controls/runs/unknown-mutant-observation/probe.lean
 create mode 100644 review/semantic-kernel/sprint11/implementation/runner-r1/controls/runs/unknown-mutant-observation/probe.log
 create mode 100644 review/semantic-kernel/sprint11/implementation/runner-r1/controls/runs/unknown-mutant-observation/results.json
 create mode 100644 review/semantic-kernel/sprint11/implementation/runner-r1/controls/runs/unknown-mutant-observation/source-manifest.json
 create mode 100644 review/semantic-kernel/sprint11/implementation/runner-r1/controls/runs/unused-variable-warning/control.lean
 create mode 100644 review/semantic-kernel/sprint11/implementation/runner-r1/controls/runs/unused-variable-warning/control.log
 create mode 100644 review/semantic-kernel/sprint11/implementation/runner-r1/controls/runs/unused-variable-warning/git-head.log
 create mode 100644 review/semantic-kernel/sprint11/implementation/runner-r1/controls/runs/unused-variable-warning/git-root-input-status.log
 create mode 100644 review/semantic-kernel/sprint11/implementation/runner-r1/controls/runs/unused-variable-warning/inputs/lean/DefiKernel/Interleaving/RunnerDependency.lean
 create mode 100644 review/semantic-kernel/sprint11/implementation/runner-r1/controls/runs/unused-variable-warning/inputs/lean/DefiKernel/Nary/Audit.lean
 create mode 100644 review/semantic-kernel/sprint11/implementation/runner-r1/controls/runs/unused-variable-warning/inputs/lean/DefiKernel/Nary/RunnerInput.lean
 create mode 100644 review/semantic-kernel/sprint11/implementation/runner-r1/controls/runs/unused-variable-warning/inputs/lean/lake-manifest.json
 create mode 100644 review/semantic-kernel/sprint11/implementation/runner-r1/controls/runs/unused-variable-warning/inputs/lean/lakefile.toml
 create mode 100644 review/semantic-kernel/sprint11/implementation/runner-r1/controls/runs/unused-variable-warning/inputs/lean/lean-toolchain
 create mode 100644 review/semantic-kernel/sprint11/implementation/runner-r1/controls/runs/unused-variable-warning/lean-path.log
 create mode 100644 review/semantic-kernel/sprint11/implementation/runner-r1/controls/runs/unused-variable-warning/lean-version.log
 create mode 100644 review/semantic-kernel/sprint11/implementation/runner-r1/controls/runs/unused-variable-warning/mutation-spec.json
 create mode 100644 review/semantic-kernel/sprint11/implementation/runner-r1/controls/runs/unused-variable-warning/probe.lean
 create mode 100644 review/semantic-kernel/sprint11/implementation/runner-r1/controls/runs/unused-variable-warning/probe.log
 create mode 100644 review/semantic-kernel/sprint11/implementation/runner-r1/controls/runs/unused-variable-warning/results.json
 create mode 100644 review/semantic-kernel/sprint11/implementation/runner-r1/controls/runs/unused-variable-warning/source-manifest.json
 create mode 100644 review/semantic-kernel/sprint11/implementation/runner-r1/controls/runs/uppercase-observation/control.lean
 create mode 100644 review/semantic-kernel/sprint11/implementation/runner-r1/controls/runs/uppercase-observation/control.log
 create mode 100644 review/semantic-kernel/sprint11/implementation/runner-r1/controls/runs/uppercase-observation/git-head.log
 create mode 100644 review/semantic-kernel/sprint11/implementation/runner-r1/controls/runs/uppercase-observation/git-root-input-status.log
 create mode 100644 review/semantic-kernel/sprint11/implementation/runner-r1/controls/runs/uppercase-observation/inputs/lean/DefiKernel/Interleaving/RunnerDependency.lean
 create mode 100644 review/semantic-kernel/sprint11/implementation/runner-r1/controls/runs/uppercase-observation/inputs/lean/DefiKernel/Nary/Audit.lean
 create mode 100644 review/semantic-kernel/sprint11/implementation/runner-r1/controls/runs/uppercase-observation/inputs/lean/DefiKernel/Nary/RunnerInput.lean
 create mode 100644 review/semantic-kernel/sprint11/implementation/runner-r1/controls/runs/uppercase-observation/inputs/lean/lake-manifest.json
 create mode 100644 review/semantic-kernel/sprint11/implementation/runner-r1/controls/runs/uppercase-observation/inputs/lean/lakefile.toml
 create mode 100644 review/semantic-kernel/sprint11/implementation/runner-r1/controls/runs/uppercase-observation/inputs/lean/lean-toolchain
 create mode 100644 review/semantic-kernel/sprint11/implementation/runner-r1/controls/runs/uppercase-observation/lean-path.log
 create mode 100644 review/semantic-kernel/sprint11/implementation/runner-r1/controls/runs/uppercase-observation/lean-version.log
 create mode 100644 review/semantic-kernel/sprint11/implementation/runner-r1/controls/runs/uppercase-observation/mutation-spec.json
 create mode 100644 review/semantic-kernel/sprint11/implementation/runner-r1/controls/runs/uppercase-observation/results.json
 create mode 100644 review/semantic-kernel/sprint11/implementation/runner-r1/controls/runs/uppercase-observation/source-manifest.json
 create mode 100644 review/semantic-kernel/sprint11/implementation/runner-r1/controls/runtime-definition-after-proof-boundary-spec.json
 create mode 100644 review/semantic-kernel/sprint11/implementation/runner-r1/controls/runtime-definition-after-proof-boundary.log
 create mode 100644 review/semantic-kernel/sprint11/implementation/runner-r1/controls/source-drift-during-mutant-spec.json
 create mode 100644 review/semantic-kernel/sprint11/implementation/runner-r1/controls/source-drift-during-mutant.log
 create mode 100644 review/semantic-kernel/sprint11/implementation/runner-r1/controls/source-drift-during-run-spec.json
 create mode 100644 review/semantic-kernel/sprint11/implementation/runner-r1/controls/source-drift-during-run.log
 create mode 100644 review/semantic-kernel/sprint11/implementation/runner-r1/controls/specification-drift-during-run-spec.json
 create mode 100644 review/semantic-kernel/sprint11/implementation/runner-r1/controls/specification-drift-during-run.log
 create mode 100644 review/semantic-kernel/sprint11/implementation/runner-r1/controls/staged-source-before-run-spec.json
 create mode 100644 review/semantic-kernel/sprint11/implementation/runner-r1/controls/staged-source-before-run.log
 create mode 100644 review/semantic-kernel/sprint11/implementation/runner-r1/controls/stale-dependency-setup.log
 create mode 100644 review/semantic-kernel/sprint11/implementation/runner-r1/controls/summary.json
 create mode 100644 review/semantic-kernel/sprint11/implementation/runner-r1/controls/syntax-after-proof-boundary-spec.json
 create mode 100644 review/semantic-kernel/sprint11/implementation/runner-r1/controls/syntax-after-proof-boundary.log
 create mode 100644 review/semantic-kernel/sprint11/implementation/runner-r1/controls/trailing-dot-spec-spec.json
 create mode 100644 review/semantic-kernel/sprint11/implementation/runner-r1/controls/trailing-dot-spec.log
 create mode 100644 review/semantic-kernel/sprint11/implementation/runner-r1/controls/unchanged-control-failed-spec.json
 create mode 100644 review/semantic-kernel/sprint11/implementation/runner-r1/controls/unchanged-control-failed.log
 create mode 100644 review/semantic-kernel/sprint11/implementation/runner-r1/controls/unknown-mutant-observation-spec.json
 create mode 100644 review/semantic-kernel/sprint11/implementation/runner-r1/controls/unknown-mutant-observation.log
 create mode 100644 review/semantic-kernel/sprint11/implementation/runner-r1/controls/unused-variable-warning-spec.json
 create mode 100644 review/semantic-kernel/sprint11/implementation/runner-r1/controls/unused-variable-warning.log
 create mode 100644 review/semantic-kernel/sprint11/implementation/runner-r1/controls/uppercase-observation-spec.json
 create mode 100644 review/semantic-kernel/sprint11/implementation/runner-r1/controls/uppercase-observation.log
 create mode 100644 review/semantic-kernel/sprint11/implementation/runner-r1/copy-manifest.json
 create mode 100644 review/semantic-kernel/sprint11/implementation/runner-r1/help/harness.exit
 create mode 100644 review/semantic-kernel/sprint11/implementation/runner-r1/help/harness.stderr
 create mode 100644 review/semantic-kernel/sprint11/implementation/runner-r1/help/harness.stdout
 create mode 100644 review/semantic-kernel/sprint11/implementation/runner-r1/help/runner.exit
 create mode 100644 review/semantic-kernel/sprint11/implementation/runner-r1/help/runner.stderr
 create mode 100644 review/semantic-kernel/sprint11/implementation/runner-r1/help/runner.stdout
 create mode 100644 review/semantic-kernel/sprint11/implementation/runner-r1/identity.json
 create mode 100644 review/semantic-kernel/sprint11/implementation/runner-r1/invocation.json
 create mode 100644 review/semantic-kernel/sprint11/implementation/runner-r1/production-specs.json
 create mode 100644 review/semantic-kernel/sprint11/implementation/runner-r1/suite.stderr.log
 create mode 100644 review/semantic-kernel/sprint11/implementation/runner-r1/suite.stdout.log
 create mode 100644 review/semantic-kernel/sprint11/implementation/runtime-label-grammar-finding-r1.json
 create mode 100644 review/semantic-kernel/sprint11/implementation/verification-commands-r1/M01.json
 create mode 100644 review/semantic-kernel/sprint11/implementation/verification-commands-r1/M01.stderr
 create mode 100644 review/semantic-kernel/sprint11/implementation/verification-commands-r1/M01.stdout
 create mode 100644 review/semantic-kernel/sprint11/implementation/verification-commands-r1/inventory.json
 create mode 100644 review/semantic-kernel/sprint11/implementation/verification-commands-r1/inventory.stderr
 create mode 100644 review/semantic-kernel/sprint11/implementation/verification-commands-r1/inventory.stdout
 create mode 100644 review/semantic-kernel/sprint11/implementation/verification-commands-r2/M01.json
 create mode 100644 review/semantic-kernel/sprint11/implementation/verification-commands-r2/M01.stderr
 create mode 100644 review/semantic-kernel/sprint11/implementation/verification-commands-r2/M01.stdout
 create mode 100644 review/semantic-kernel/sprint11/implementation/verification-commands-r2/M02-M16-batch.json
 create mode 100644 review/semantic-kernel/sprint11/implementation/verification-commands-r2/M02.json
 create mode 100644 review/semantic-kernel/sprint11/implementation/verification-commands-r2/M02.stderr
 create mode 100644 review/semantic-kernel/sprint11/implementation/verification-commands-r2/M02.stdout
 create mode 100644 review/semantic-kernel/sprint11/implementation/verification-commands-r2/M03.json
 create mode 100644 review/semantic-kernel/sprint11/implementation/verification-commands-r2/M03.stderr
 create mode 100644 review/semantic-kernel/sprint11/implementation/verification-commands-r2/M03.stdout
 create mode 100644 review/semantic-kernel/sprint11/implementation/verification-commands-r2/M04.json
 create mode 100644 review/semantic-kernel/sprint11/implementation/verification-commands-r2/M04.stderr
 create mode 100644 review/semantic-kernel/sprint11/implementation/verification-commands-r2/M04.stdout
 create mode 100644 review/semantic-kernel/sprint11/implementation/verification-commands-r2/M05.json
 create mode 100644 review/semantic-kernel/sprint11/implementation/verification-commands-r2/M05.stderr
 create mode 100644 review/semantic-kernel/sprint11/implementation/verification-commands-r2/M05.stdout
 create mode 100644 review/semantic-kernel/sprint11/implementation/verification-commands-r2/M06.json
 create mode 100644 review/semantic-kernel/sprint11/implementation/verification-commands-r2/M06.stderr
 create mode 100644 review/semantic-kernel/sprint11/implementation/verification-commands-r2/M06.stdout
 create mode 100644 review/semantic-kernel/sprint11/implementation/verification-commands-r2/M07.json
 create mode 100644 review/semantic-kernel/sprint11/implementation/verification-commands-r2/M07.stderr
 create mode 100644 review/semantic-kernel/sprint11/implementation/verification-commands-r2/M07.stdout
 create mode 100644 review/semantic-kernel/sprint11/implementation/verification-commands-r2/M08.json
 create mode 100644 review/semantic-kernel/sprint11/implementation/verification-commands-r2/M08.stderr
 create mode 100644 review/semantic-kernel/sprint11/implementation/verification-commands-r2/M08.stdout
 create mode 100644 review/semantic-kernel/sprint11/implementation/verification-commands-r2/M09.json
 create mode 100644 review/semantic-kernel/sprint11/implementation/verification-commands-r2/M09.stderr
 create mode 100644 review/semantic-kernel/sprint11/implementation/verification-commands-r2/M09.stdout
 create mode 100644 review/semantic-kernel/sprint11/implementation/verification-commands-r2/M10.json
 create mode 100644 review/semantic-kernel/sprint11/implementation/verification-commands-r2/M10.stderr
 create mode 100644 review/semantic-kernel/sprint11/implementation/verification-commands-r2/M10.stdout
 create mode 100644 review/semantic-kernel/sprint11/implementation/verification-commands-r2/M11.json
 create mode 100644 review/semantic-kernel/sprint11/implementation/verification-commands-r2/M11.stderr
 create mode 100644 review/semantic-kernel/sprint11/implementation/verification-commands-r2/M11.stdout
 create mode 100644 review/semantic-kernel/sprint11/implementation/verification-commands-r2/M12.json
 create mode 100644 review/semantic-kernel/sprint11/implementation/verification-commands-r2/M12.stderr
 create mode 100644 review/semantic-kernel/sprint11/implementation/verification-commands-r2/M12.stdout
 create mode 100644 review/semantic-kernel/sprint11/implementation/verification-commands-r2/M13.json
 create mode 100644 review/semantic-kernel/sprint11/implementation/verification-commands-r2/M13.stderr
 create mode 100644 review/semantic-kernel/sprint11/implementation/verification-commands-r2/M13.stdout
 create mode 100644 review/semantic-kernel/sprint11/implementation/verification-commands-r2/M14.json
 create mode 100644 review/semantic-kernel/sprint11/implementation/verification-commands-r2/M14.stderr
 create mode 100644 review/semantic-kernel/sprint11/implementation/verification-commands-r2/M14.stdout
 create mode 100644 review/semantic-kernel/sprint11/implementation/verification-commands-r2/M15.json
 create mode 100644 review/semantic-kernel/sprint11/implementation/verification-commands-r2/M15.stderr
 create mode 100644 review/semantic-kernel/sprint11/implementation/verification-commands-r2/M15.stdout
 create mode 100644 review/semantic-kernel/sprint11/implementation/verification-commands-r2/M16.json
 create mode 100644 review/semantic-kernel/sprint11/implementation/verification-commands-r2/M16.stderr
 create mode 100644 review/semantic-kernel/sprint11/implementation/verification-commands-r2/M16.stdout
 create mode 100644 review/semantic-kernel/sprint11/implementation/verification-commands-r2/inventory.json
 create mode 100644 review/semantic-kernel/sprint11/implementation/verification-commands-r2/inventory.stderr
 create mode 100644 review/semantic-kernel/sprint11/implementation/verification-commands-r2/inventory.stdout
 create mode 100644 review/semantic-kernel/sprint11/planning/grok-gpt6-acceptance/acceptance.json
 create mode 100644 review/semantic-kernel/sprint11/planning/grok-gpt6-acceptance/baseline.json
 create mode 100644 review/semantic-kernel/sprint11/planning/grok-gpt6-acceptance/gpt6-original-plan-inputs.json
 create mode 100644 review/semantic-kernel/sprint11/planning/grok-gpt6-acceptance/gpt6-original-plan-review.md
 create mode 100644 review/semantic-kernel/sprint11/planning/grok-gpt6-acceptance/gpt6-package-accepted.md
 create mode 100644 review/semantic-kernel/sprint11/planning/grok-gpt6-acceptance/gpt6-package-inputs.json
 create mode 100644 review/semantic-kernel/sprint11/planning/grok-gpt6-acceptance/gpt6-package-needs-revision.md
 create mode 100644 review/semantic-kernel/sprint11/planning/grok-gpt6-acceptance/integration-inputs.json
 create mode 100644 review/semantic-kernel/sprint11/planning/grok-gpt6-acceptance/native-worker/attempt-r1.jsonl.gz
 create mode 100644 review/semantic-kernel/sprint11/planning/grok-gpt6-acceptance/native-worker/attempt-r1.stderr
 create mode 100644 review/semantic-kernel/sprint11/planning/grok-gpt6-acceptance/native-worker/attempt-r2.jsonl.gz
 create mode 100644 review/semantic-kernel/sprint11/planning/grok-gpt6-acceptance/native-worker/attempt-r2.stderr
 create mode 100644 review/semantic-kernel/sprint11/planning/grok-gpt6-acceptance/native-worker/attempt-r3.jsonl.gz
 create mode 100644 review/semantic-kernel/sprint11/planning/grok-gpt6-acceptance/native-worker/attempt-r3.stderr
 create mode 100644 review/semantic-kernel/sprint11/planning/grok-gpt6-acceptance/native-worker/attempt-r4.jsonl.gz
 create mode 100644 review/semantic-kernel/sprint11/planning/grok-gpt6-acceptance/native-worker/attempt-r4.stderr
 create mode 100644 review/semantic-kernel/sprint11/planning/grok-gpt6-acceptance/native-worker/attempt-r5.jsonl.gz
 create mode 100644 review/semantic-kernel/sprint11/planning/grok-gpt6-acceptance/native-worker/attempt-r5.stderr
 create mode 100644 review/semantic-kernel/sprint11/planning/grok-gpt6-acceptance/native-worker/attempt-r6.jsonl.gz
 create mode 100644 review/semantic-kernel/sprint11/planning/grok-gpt6-acceptance/native-worker/attempt-r6.stderr
 create mode 100644 review/semantic-kernel/sprint11/planning/grok-gpt6-acceptance/native-worker/attempts.json
 create mode 100644 review/semantic-kernel/sprint11/planning/grok-gpt6-acceptance/primary-check.json
 create mode 100644 review/semantic-kernel/sprint11/planning/grok-gpt6-acceptance/primary-check.stderr
 create mode 100644 review/semantic-kernel/sprint11/planning/grok-gpt6-acceptance/primary-verification.json
 create mode 100644 review/semantic-kernel/sprint11/planning/grok-gpt6-r1/ANCHOR.json
 create mode 100644 review/semantic-kernel/sprint11/planning/grok-gpt6-r1/ENTRYPOINT.md
 create mode 100644 review/semantic-kernel/sprint11/planning/grok-gpt6-r1/MANIFEST.json
 create mode 100644 review/semantic-kernel/sprint11/planning/grok-gpt6-r1/REPORT.md
 create mode 100644 review/semantic-kernel/sprint11/planning/grok-gpt6-r1/STATUS.json
 create mode 100644 review/semantic-kernel/sprint11/planning/grok-gpt6-r1/appendices/A-normative-map.json
 create mode 100644 review/semantic-kernel/sprint11/planning/grok-gpt6-r1/appendices/B-dependency-index.json
 create mode 100644 review/semantic-kernel/sprint11/planning/grok-gpt6-r1/appendices/C-historical-evidence.json
 create mode 100644 review/semantic-kernel/sprint11/planning/grok-gpt6-r1/appendices/D-mutation-specs/M01.json
 create mode 100644 review/semantic-kernel/sprint11/planning/grok-gpt6-r1/appendices/D-mutation-specs/M02.json
 create mode 100644 review/semantic-kernel/sprint11/planning/grok-gpt6-r1/appendices/D-mutation-specs/M03.json
 create mode 100644 review/semantic-kernel/sprint11/planning/grok-gpt6-r1/appendices/D-mutation-specs/M04.json
 create mode 100644 review/semantic-kernel/sprint11/planning/grok-gpt6-r1/appendices/D-mutation-specs/M05.json
 create mode 100644 review/semantic-kernel/sprint11/planning/grok-gpt6-r1/appendices/D-mutation-specs/M06.json
 create mode 100644 review/semantic-kernel/sprint11/planning/grok-gpt6-r1/appendices/D-mutation-specs/M07.json
 create mode 100644 review/semantic-kernel/sprint11/planning/grok-gpt6-r1/appendices/D-mutation-specs/M08.json
 create mode 100644 review/semantic-kernel/sprint11/planning/grok-gpt6-r1/appendices/D-mutation-specs/M09.json
 create mode 100644 review/semantic-kernel/sprint11/planning/grok-gpt6-r1/appendices/D-mutation-specs/M10.json
 create mode 100644 review/semantic-kernel/sprint11/planning/grok-gpt6-r1/appendices/D-mutation-specs/M11.json
 create mode 100644 review/semantic-kernel/sprint11/planning/grok-gpt6-r1/appendices/D-mutation-specs/M12.json
 create mode 100644 review/semantic-kernel/sprint11/planning/grok-gpt6-r1/appendices/D-mutation-specs/M13.json
 create mode 100644 review/semantic-kernel/sprint11/planning/grok-gpt6-r1/appendices/D-mutation-specs/M14.json
 create mode 100644 review/semantic-kernel/sprint11/planning/grok-gpt6-r1/appendices/D-mutation-specs/M15.json
 create mode 100644 review/semantic-kernel/sprint11/planning/grok-gpt6-r1/appendices/D-mutation-specs/M16.json
 create mode 100644 review/semantic-kernel/sprint11/planning/grok-gpt6-r1/attempt-copy-bound-r2/NOTE.md
 create mode 100644 review/semantic-kernel/sprint11/planning/grok-gpt6-r1/attempt-defective-checker-r1/NOTE.md
 create mode 100644 review/semantic-kernel/sprint11/planning/grok-gpt6-r1/attempt-defective-checker-r1/REPORT.md
 create mode 100644 review/semantic-kernel/sprint11/planning/grok-gpt6-r1/attempt-defective-checker-r1/identity.json
 create mode 100644 review/semantic-kernel/sprint11/planning/grok-gpt6-r1/attempt-defective-checker-r1/package.py
 create mode 100644 review/semantic-kernel/sprint11/planning/grok-gpt6-r1/attempt-defective-checker-r1/validation/git-diff-check.stderr.log
 create mode 100644 review/semantic-kernel/sprint11/planning/grok-gpt6-r1/attempt-defective-checker-r1/validation/git-diff-check.stdout.log
 create mode 100644 review/semantic-kernel/sprint11/planning/grok-gpt6-r1/attempt-defective-checker-r1/validation/negative-empty.json
 create mode 100644 review/semantic-kernel/sprint11/planning/grok-gpt6-r1/attempt-defective-checker-r1/validation/negative-missing.json
 create mode 100644 review/semantic-kernel/sprint11/planning/grok-gpt6-r1/attempt-defective-checker-r1/validation/negative-tamper.json
 create mode 100644 review/semantic-kernel/sprint11/planning/grok-gpt6-r1/attempt-defective-checker-r1/validation/openspec-strict.stderr.log
 create mode 100644 review/semantic-kernel/sprint11/planning/grok-gpt6-r1/attempt-defective-checker-r1/validation/openspec-strict.stdout.log
 create mode 100644 review/semantic-kernel/sprint11/planning/grok-gpt6-r1/attempt-defective-checker-r1/validation/openspec-version.stderr.log
 create mode 100644 review/semantic-kernel/sprint11/planning/grok-gpt6-r1/attempt-defective-checker-r1/validation/openspec-version.stdout.log
 create mode 100644 review/semantic-kernel/sprint11/planning/grok-gpt6-r1/attempt-defective-checker-r1/validation/result.json
 create mode 100644 review/semantic-kernel/sprint11/planning/grok-gpt6-r1/before-manifest.json
 create mode 100644 review/semantic-kernel/sprint11/planning/grok-gpt6-r1/before/.openspec.yaml
 create mode 100644 review/semantic-kernel/sprint11/planning/grok-gpt6-r1/before/accepted-api.json
 create mode 100644 review/semantic-kernel/sprint11/planning/grok-gpt6-r1/before/dependency-baseline.json
 create mode 100644 review/semantic-kernel/sprint11/planning/grok-gpt6-r1/before/design.md
 create mode 100644 review/semantic-kernel/sprint11/planning/grok-gpt6-r1/before/fixtures.json
 create mode 100644 review/semantic-kernel/sprint11/planning/grok-gpt6-r1/before/planned-mutations.json
 create mode 100644 review/semantic-kernel/sprint11/planning/grok-gpt6-r1/before/proposal.md
 create mode 100644 review/semantic-kernel/sprint11/planning/grok-gpt6-r1/before/proposed-api.json
 create mode 100644 review/semantic-kernel/sprint11/planning/grok-gpt6-r1/before/runner-adaptation.json
 create mode 100644 review/semantic-kernel/sprint11/planning/grok-gpt6-r1/before/specs/causal-prefix-evidence/spec.md
 create mode 100644 review/semantic-kernel/sprint11/planning/grok-gpt6-r1/before/specs/finite-binary-continuation-correspondence/spec.md
 create mode 100644 review/semantic-kernel/sprint11/planning/grok-gpt6-r1/before/specs/finite-initialized-interference/spec.md
 create mode 100644 review/semantic-kernel/sprint11/planning/grok-gpt6-r1/before/specs/finite-participant-execution/spec.md
 create mode 100644 review/semantic-kernel/sprint11/planning/grok-gpt6-r1/before/specs/finite-participant-regression-evidence/spec.md
 create mode 100644 review/semantic-kernel/sprint11/planning/grok-gpt6-r1/before/tasks.md
 create mode 100644 review/semantic-kernel/sprint11/planning/grok-gpt6-r1/cancelled-attempt.json
 create mode 100644 review/semantic-kernel/sprint11/planning/grok-gpt6-r1/findings.json
 create mode 100644 review/semantic-kernel/sprint11/planning/grok-gpt6-r1/gpt6-fix-request-r1.md
 create mode 100644 review/semantic-kernel/sprint11/planning/grok-gpt6-r1/gpt6-fix-request-r2.md
 create mode 100644 review/semantic-kernel/sprint11/planning/grok-gpt6-r1/handoff.json
 create mode 100644 review/semantic-kernel/sprint11/planning/grok-gpt6-r1/identity.json
 create mode 100644 review/semantic-kernel/sprint11/planning/grok-gpt6-r1/invocation.json
 create mode 100644 review/semantic-kernel/sprint11/planning/grok-gpt6-r1/mutation-batching.json
 create mode 100644 review/semantic-kernel/sprint11/planning/grok-gpt6-r1/original-official-bytes/AGENTS.md
 create mode 100644 review/semantic-kernel/sprint11/planning/grok-gpt6-r1/original-plan-review/advisory-notes.json
 create mode 100644 review/semantic-kernel/sprint11/planning/grok-gpt6-r1/original-plan-review/gpt6-original-plan-inputs-r1.json
 create mode 100644 review/semantic-kernel/sprint11/planning/grok-gpt6-r1/original-plan-review/gpt6-original-plan-review-r1.md
 create mode 100644 review/semantic-kernel/sprint11/planning/grok-gpt6-r1/package.py
 create mode 100644 review/semantic-kernel/sprint11/planning/grok-gpt6-r1/source-inventory.json
 create mode 100644 review/semantic-kernel/sprint11/planning/grok-gpt6-r1/validation/controls/changed-appendix.json
 create mode 100644 review/semantic-kernel/sprint11/planning/grok-gpt6-r1/validation/controls/changed-appendix.stderr.log
 create mode 100644 review/semantic-kernel/sprint11/planning/grok-gpt6-r1/validation/controls/changed-appendix.stdout.log
 create mode 100644 review/semantic-kernel/sprint11/planning/grok-gpt6-r1/validation/controls/changed-baseline-reference.json
 create mode 100644 review/semantic-kernel/sprint11/planning/grok-gpt6-r1/validation/controls/changed-baseline-reference.stderr.log
 create mode 100644 review/semantic-kernel/sprint11/planning/grok-gpt6-r1/validation/controls/changed-baseline-reference.stdout.log
 create mode 100644 review/semantic-kernel/sprint11/planning/grok-gpt6-r1/validation/controls/changed-bytes.json
 create mode 100644 review/semantic-kernel/sprint11/planning/grok-gpt6-r1/validation/controls/changed-bytes.stderr.log
 create mode 100644 review/semantic-kernel/sprint11/planning/grok-gpt6-r1/validation/controls/changed-bytes.stdout.log
 create mode 100644 review/semantic-kernel/sprint11/planning/grok-gpt6-r1/validation/controls/changed-spec.json
 create mode 100644 review/semantic-kernel/sprint11/planning/grok-gpt6-r1/validation/controls/changed-spec.stderr.log
 create mode 100644 review/semantic-kernel/sprint11/planning/grok-gpt6-r1/validation/controls/changed-spec.stdout.log
 create mode 100644 review/semantic-kernel/sprint11/planning/grok-gpt6-r1/validation/controls/duplicate-inventory.json
 create mode 100644 review/semantic-kernel/sprint11/planning/grok-gpt6-r1/validation/controls/duplicate-inventory.stderr.log
 create mode 100644 review/semantic-kernel/sprint11/planning/grok-gpt6-r1/validation/controls/duplicate-inventory.stdout.log
 create mode 100644 review/semantic-kernel/sprint11/planning/grok-gpt6-r1/validation/controls/empty-inventory.json
 create mode 100644 review/semantic-kernel/sprint11/planning/grok-gpt6-r1/validation/controls/empty-inventory.stderr.log
 create mode 100644 review/semantic-kernel/sprint11/planning/grok-gpt6-r1/validation/controls/empty-inventory.stdout.log
 create mode 100644 review/semantic-kernel/sprint11/planning/grok-gpt6-r1/validation/controls/missing-cited-design.json
 create mode 100644 review/semantic-kernel/sprint11/planning/grok-gpt6-r1/validation/controls/missing-cited-design.stderr.log
 create mode 100644 review/semantic-kernel/sprint11/planning/grok-gpt6-r1/validation/controls/missing-cited-design.stdout.log
 create mode 100644 review/semantic-kernel/sprint11/planning/grok-gpt6-r1/validation/controls/missing-source.json
 create mode 100644 review/semantic-kernel/sprint11/planning/grok-gpt6-r1/validation/controls/missing-source.stderr.log
 create mode 100644 review/semantic-kernel/sprint11/planning/grok-gpt6-r1/validation/controls/missing-source.stdout.log
 create mode 100644 review/semantic-kernel/sprint11/planning/grok-gpt6-r1/validation/controls/omitted-inventory.json
 create mode 100644 review/semantic-kernel/sprint11/planning/grok-gpt6-r1/validation/controls/omitted-inventory.stderr.log
 create mode 100644 review/semantic-kernel/sprint11/planning/grok-gpt6-r1/validation/controls/omitted-inventory.stdout.log
 create mode 100644 review/semantic-kernel/sprint11/planning/grok-gpt6-r1/validation/controls/summary.json
 create mode 100644 review/semantic-kernel/sprint11/planning/grok-gpt6-r1/validation/controls/valid-unchanged-sibling.json
 create mode 100644 review/semantic-kernel/sprint11/planning/grok-gpt6-r1/validation/controls/valid-unchanged-sibling.stderr.log
 create mode 100644 review/semantic-kernel/sprint11/planning/grok-gpt6-r1/validation/controls/valid-unchanged-sibling.stdout.log
 create mode 100644 review/semantic-kernel/sprint11/planning/grok-gpt6-r1/validation/git-diff-check.stderr.log
 create mode 100644 review/semantic-kernel/sprint11/planning/grok-gpt6-r1/validation/git-diff-check.stdout.log
 create mode 100644 review/semantic-kernel/sprint11/planning/grok-gpt6-r1/validation/negative-empty.json
 create mode 100644 review/semantic-kernel/sprint11/planning/grok-gpt6-r1/validation/negative-missing.json
 create mode 100644 review/semantic-kernel/sprint11/planning/grok-gpt6-r1/validation/negative-tamper.json
 create mode 100644 review/semantic-kernel/sprint11/planning/grok-gpt6-r1/validation/openspec-strict.stderr.log
 create mode 100644 review/semantic-kernel/sprint11/planning/grok-gpt6-r1/validation/openspec-strict.stdout.log
 create mode 100644 review/semantic-kernel/sprint11/planning/grok-gpt6-r1/validation/openspec-version.stderr.log
 create mode 100644 review/semantic-kernel/sprint11/planning/grok-gpt6-r1/validation/openspec-version.stdout.log
 create mode 100644 review/semantic-kernel/sprint11/planning/grok-gpt6-r1/validation/reproducible.json
 create mode 100644 review/semantic-kernel/sprint11/planning/grok-gpt6-r1/validation/result.json
 create mode 100644 review/semantic-kernel/sprint11/planning/grok-gpt6-r1/worker-brief.md
 create mode 100644 review/semantic-kernel/sprint11/planning/grok-gpt6-r1/worker-resume.md
 create mode 100644 review/semantic-kernel/sprint11/planning/grok-gpt6-r1/worker-resume2.md
