<stdin>:3:0: error: Unknown option `pp.maxDepth`
DefiKernel.Nary.InterfaceInstances.f18_op_eq : Eq.{1} DefiKernel.Nary.Examples.f18Op DefiKernel.Interface.Examples.op102
'DefiKernel.Nary.InterfaceInstances.f18_op_eq' does not depend on any axioms
DefiKernel.Nary.InterfaceInstances.f18_receipt_eq : Eq.{1} DefiKernel.Nary.Examples.f18Receipt
  DefiKernel.Interface.Examples.receipt102
'DefiKernel.Nary.InterfaceInstances.f18_receipt_eq' depends on axioms: [propext, Quot.sound.{u}]
DefiKernel.Nary.InterfaceInstances.f18_cfg_eq : Eq.{1} DefiKernel.Nary.Examples.f18Cfg DefiKernel.Interface.Examples.cfg
'DefiKernel.Nary.InterfaceInstances.f18_cfg_eq' depends on axioms: [propext, Quot.sound.{u}]
DefiKernel.Nary.InterfaceInstances.f18_initial_eq : Eq.{1} DefiKernel.Nary.Examples.f18Initial
  DefiKernel.Interface.Examples.initial55
'DefiKernel.Nary.InterfaceInstances.f18_initial_eq' depends on axioms: [propext, Classical.choice.{u}, Quot.sound.{u}]
DefiKernel.Nary.InterfaceInstances.f18_bounds_boundary : ∀ (b : Fin 3) (n : ℕ),
  Eq.{1} (DefiKernel.Nary.Examples.f18Bounds b n) (DefiKernel.Interface.Examples.boundary 0)
'DefiKernel.Nary.InterfaceInstances.f18_bounds_boundary' does not depend on any axioms
DefiKernel.Nary.InterfaceInstances.f18_branches_singleton : ∀ (b : Fin 3),
  Eq.{1} (DefiKernel.Nary.Examples.f18Branches b) (List.cons.{0} DefiKernel.Nary.Examples.f18Op List.nil.{0})
'DefiKernel.Nary.InterfaceInstances.f18_branches_singleton' does not depend on any axioms
DefiKernel.Nary.InterfaceInstances.f18_edges_fixed : Eq.{1} DefiKernel.Nary.Examples.f18Edges
  (List.cons.{0} (Prod.mk.{0, 0} (DefiKernel.Interface.Examples.name 0) (DefiKernel.Interface.Examples.name 1))
    List.nil.{0})
'DefiKernel.Nary.InterfaceInstances.f18_edges_fixed' does not depend on any axioms
DefiKernel.Nary.InterfaceInstances.f18_empty_edges : Eq.{1} DefiKernel.Nary.Examples.f18EmptyEdges List.nil.{0}
'DefiKernel.Nary.InterfaceInstances.f18_empty_edges' does not depend on any axioms
DefiKernel.Nary.InterfaceInstances.f18_worldAfter0 : Eq.{1} (DefiKernel.Nary.Examples.f18WorldAfter 0)
  DefiKernel.Nary.Examples.f18Initial
'DefiKernel.Nary.InterfaceInstances.f18_worldAfter0' depends on axioms: [propext, Classical.choice.{u}, Quot.sound.{u}]
DefiKernel.Nary.InterfaceInstances.f18_worldAfter1 : Eq.{1} (DefiKernel.Nary.Examples.f18WorldAfter 1)
  DefiKernel.Interface.Examples.paired1
'DefiKernel.Nary.InterfaceInstances.f18_worldAfter1' depends on axioms: [propext, Classical.choice.{u}, Quot.sound.{u}]
DefiKernel.Nary.InterfaceInstances.f18_worldAfter2 : Eq.{1} (DefiKernel.Nary.Examples.f18WorldAfter 2)
  DefiKernel.Interface.Examples.paired2
'DefiKernel.Nary.InterfaceInstances.f18_worldAfter2' depends on axioms: [propext, Classical.choice.{u}, Quot.sound.{u}]
DefiKernel.Nary.InterfaceInstances.f18_worldAfter3 : Eq.{1} (DefiKernel.Nary.Examples.f18WorldAfter 3)
  (DefiKernel.Interface.Examples.world 2 2 6)
'DefiKernel.Nary.InterfaceInstances.f18_worldAfter3' depends on axioms: [propext, Classical.choice.{u}, Quot.sound.{u}]
DefiKernel.Nary.InterfaceInstances.f18_result1_eq : Eq.{1} DefiKernel.Nary.InterfaceInstances.f18Result1
  { world := DefiKernel.Nary.Examples.f18WorldAfter 1, receipt := DefiKernel.Nary.Examples.f18Receipt,
    outputs := List.nil.{0} }
'DefiKernel.Nary.InterfaceInstances.f18_result1_eq' depends on axioms: [propext, Classical.choice.{u}, Quot.sound.{u}]
DefiKernel.Nary.InterfaceInstances.f18_region_wellFormed : DefiKernel.Nary.Examples.f18Region.WellFormed
'DefiKernel.Nary.InterfaceInstances.f18_region_wellFormed' depends on axioms: [propext,
 Classical.choice.{u},
 Quot.sound.{u}]
DefiKernel.Nary.InterfaceInstances.f18_value_supported : DefiKernel.Interface.ValueSupports
  DefiKernel.Nary.InterfaceInstances.f18Support DefiKernel.Nary.InterfaceInstances.f18ValueFn
'DefiKernel.Nary.InterfaceInstances.f18_value_supported' depends on axioms: [propext, Quot.sound.{u}]
DefiKernel.Nary.InterfaceInstances.f18_catalog_valid : Eq.{1}
  (DefiKernel.Composition.validateCatalog DefiKernel.Nary.Examples.f18Cfg.registry
    DefiKernel.Nary.Examples.f18Cfg.catalog)
  true
'DefiKernel.Nary.InterfaceInstances.f18_catalog_valid' depends on axioms: [propext, Quot.sound.{u}]
DefiKernel.Nary.InterfaceInstances.f18_initialized_sum : Eq.{1}
  (DefiKernel.Interface.balanceSum DefiKernel.Nary.Examples.f18Region DefiKernel.Nary.Examples.f18Initial.state) 10
'DefiKernel.Nary.InterfaceInstances.f18_initialized_sum' depends on axioms: [propext,
 Classical.choice.{u},
 Quot.sound.{u}]
DefiKernel.Nary.InterfaceInstances.f18_initialized_total : DefiKernel.Interface.TypedTotalContract
  DefiKernel.Nary.Examples.f18Region DefiKernel.Nary.InterfaceInstances.f18ValueFn
  DefiKernel.Nary.Examples.f18Initial.state
'DefiKernel.Nary.InterfaceInstances.f18_initialized_total' depends on axioms: [propext,
 Classical.choice.{u},
 Quot.sound.{u}]
DefiKernel.Nary.InterfaceInstances.f18_initialized_agrees : DefiKernel.Interface.Agrees
  DefiKernel.Nary.Examples.f18Cfg.catalog DefiKernel.Nary.Examples.f18Edges DefiKernel.Nary.Examples.f18Initial.state
'DefiKernel.Nary.InterfaceInstances.f18_initialized_agrees' depends on axioms: [propext,
 Classical.choice.{u},
 Quot.sound.{u}]
DefiKernel.Nary.InterfaceInstances.f18_initialized : ∀ (b : Fin 3),
  DefiKernel.Nary.InterfaceInstances.f18Invariant b DefiKernel.Nary.Examples.f18Initial.state
'DefiKernel.Nary.InterfaceInstances.f18_initialized' depends on axioms: [propext, Classical.choice.{u}, Quot.sound.{u}]
@DefiKernel.Nary.InterfaceInstances.f18_op102_receipt : ∀
  {b :
    DefiKernel.Composition.Boundary DefiKernel.Nary.Examples.IP DefiKernel.Nary.Examples.IA DefiKernel.Nary.Examples.ID}
  {index : ℕ} {history : List.{0} (DefiKernel.Composition.OutputObservation DefiKernel.Nary.Examples.IA)}
  {pre : DefiKernel.Nary.Examples.IW} {result : DefiKernel.Interface.Examples.SR},
  Eq.{1}
      (DefiKernel.Composition.executeStep DefiKernel.Nary.Examples.f18Cfg b index history
        (DefiKernel.Composition.Step.invoke DefiKernel.Nary.Examples.f18Op) pre)
      (Except.ok.{0, 0} result) →
    Eq.{1} result.receipt DefiKernel.Nary.Examples.f18Receipt
'DefiKernel.Nary.InterfaceInstances.f18_op102_receipt' depends on axioms: [propext,
 Classical.choice.{u},
 Quot.sound.{u}]
DefiKernel.Nary.InterfaceInstances.f18_receipt_effects : Eq.{1}
    (DefiKernel.Interface.receiptCellEffect DefiKernel.Nary.Examples.f18Receipt DefiKernel.Interface.Examples.alice)
    (-1) ∧
  Eq.{1} (DefiKernel.Interface.receiptCellEffect DefiKernel.Nary.Examples.f18Receipt DefiKernel.Interface.Examples.bob)
      (-1) ∧
    Eq.{1}
      (DefiKernel.Interface.receiptCellEffect DefiKernel.Nary.Examples.f18Receipt DefiKernel.Interface.Examples.carol) 2
'DefiKernel.Nary.InterfaceInstances.f18_receipt_effects' depends on axioms: [propext,
 Classical.choice.{u},
 Quot.sound.{u}]
DefiKernel.Nary.InterfaceInstances.f18_alice_bob_effects : Eq.{1}
  (DefiKernel.Interface.receiptCellEffect DefiKernel.Nary.Examples.f18Receipt DefiKernel.Interface.Examples.alice)
  (DefiKernel.Interface.receiptCellEffect DefiKernel.Nary.Examples.f18Receipt DefiKernel.Interface.Examples.bob)
'DefiKernel.Nary.InterfaceInstances.f18_alice_bob_effects' depends on axioms: [propext,
 Classical.choice.{u},
 Quot.sound.{u}]
DefiKernel.Nary.InterfaceInstances.f18_receipt_delta_zero : Eq.{1}
  (DefiKernel.Interface.receiptDelta DefiKernel.Nary.Examples.f18Region DefiKernel.Nary.Examples.f18Receipt) 0
'DefiKernel.Nary.InterfaceInstances.f18_receipt_delta_zero' depends on axioms: [propext,
 Classical.choice.{u},
 Quot.sound.{u}]
DefiKernel.Nary.InterfaceInstances.f18_writes_within : DefiKernel.Interface.WritesWithin
  DefiKernel.Nary.Examples.f18Region.cells DefiKernel.Nary.Examples.f18Receipt
'DefiKernel.Nary.InterfaceInstances.f18_writes_within' depends on axioms: [propext,
 Classical.choice.{u},
 Quot.sound.{u}]
DefiKernel.Nary.InterfaceInstances.f18_neutral : DefiKernel.Interface.NeutralOn DefiKernel.Nary.Examples.f18Region
  DefiKernel.Nary.Examples.f18Region.cells DefiKernel.Nary.Examples.f18Receipt
'DefiKernel.Nary.InterfaceInstances.f18_neutral' depends on axioms: [propext, Classical.choice.{u}, Quot.sound.{u}]
DefiKernel.Nary.InterfaceInstances.f18_separate : ∀
  (c :
    DefiKernel.Typed.Cell DefiKernel.Interface.Examples.P DefiKernel.Interface.Examples.A
      DefiKernel.Interface.Examples.D),
  Membership.mem.{0, 0} DefiKernel.Nary.Examples.f18Receipt.writes c → c ∉ DefiKernel.Nary.InterfaceInstances.f18Support
'DefiKernel.Nary.InterfaceInstances.f18_separate' depends on axioms: [propext, Quot.sound.{u}]
DefiKernel.Nary.InterfaceInstances.f18_paired_effects : DefiKernel.Interface.EffectPaired
  DefiKernel.Nary.Examples.f18Cfg.catalog DefiKernel.Nary.Examples.f18Edges DefiKernel.Nary.Examples.f18Receipt
'DefiKernel.Nary.InterfaceInstances.f18_paired_effects' depends on axioms: [propext,
 Classical.choice.{u},
 Quot.sound.{u}]
DefiKernel.Nary.InterfaceInstances.f18_region_obligations : DefiKernel.Interface.RegionObligations
  DefiKernel.Nary.Examples.f18Cfg DefiKernel.Nary.InterfaceInstances.f18Allowed DefiKernel.Nary.Examples.f18Region
  DefiKernel.Nary.Examples.f18Region.cells DefiKernel.Nary.InterfaceInstances.f18Support
  DefiKernel.Nary.InterfaceInstances.f18ValueFn
'DefiKernel.Nary.InterfaceInstances.f18_region_obligations' depends on axioms: [propext,
 Classical.choice.{u},
 Quot.sound.{u}]
DefiKernel.Nary.InterfaceInstances.f18_binding_obligations : DefiKernel.Interface.BindingObligations
  DefiKernel.Nary.Examples.f18Cfg DefiKernel.Nary.InterfaceInstances.f18Allowed DefiKernel.Nary.Examples.f18Edges
'DefiKernel.Nary.InterfaceInstances.f18_binding_obligations' depends on axioms: [propext,
 Classical.choice.{u},
 Quot.sound.{u}]
@DefiKernel.Nary.InterfaceInstances.f18_selected : ∀ {b : Fin 3} {index : ℕ}
  {inv :
    DefiKernel.Composition.Invocation DefiKernel.Nary.Examples.IP DefiKernel.Nary.Examples.IA
      DefiKernel.Nary.Examples.ID},
  Eq.{1} (getElem?.{0, 0, 0} (DefiKernel.Nary.Examples.f18Branches b) index) (some.{0} inv) →
    Eq.{1} index 0 ∧ Eq.{1} inv DefiKernel.Nary.Examples.f18Op
'DefiKernel.Nary.InterfaceInstances.f18_selected' depends on axioms: [propext, Classical.choice.{u}, Quot.sound.{u}]
@DefiKernel.Nary.InterfaceInstances.f18_guarantee_of_step : ∀
  {b :
    DefiKernel.Composition.Boundary DefiKernel.Nary.Examples.IP DefiKernel.Nary.Examples.IA DefiKernel.Nary.Examples.ID}
  {index : ℕ} {history : List.{0} (DefiKernel.Composition.OutputObservation DefiKernel.Nary.Examples.IA)}
  {pre : DefiKernel.Nary.Examples.IW} {result : DefiKernel.Interface.Examples.SR},
  Eq.{1}
      (DefiKernel.Composition.executeStep DefiKernel.Nary.Examples.f18Cfg b index history
        (DefiKernel.Composition.Step.invoke DefiKernel.Nary.Examples.f18Op) pre)
      (Except.ok.{0, 0} result) →
    DefiKernel.Nary.InterfaceInstances.f18Guarantee 0 pre.state result.world.state
'DefiKernel.Nary.InterfaceInstances.f18_guarantee_of_step' depends on axioms: [propext,
 Classical.choice.{u},
 Quot.sound.{u}]
DefiKernel.Nary.InterfaceInstances.f18_local_obligation : DefiKernel.Nary.LocalObligation
  DefiKernel.Nary.Examples.f18Cfg DefiKernel.Nary.Examples.f18Bounds DefiKernel.Nary.Examples.f18Branches
  DefiKernel.Nary.InterfaceInstances.f18Invariant DefiKernel.Nary.InterfaceInstances.f18Guarantee
'DefiKernel.Nary.InterfaceInstances.f18_local_obligation' depends on axioms: [propext,
 Classical.choice.{u},
 Quot.sound.{u}]
DefiKernel.Nary.InterfaceInstances.f18_cross : DefiKernel.Nary.CrossInclusion
  DefiKernel.Nary.InterfaceInstances.f18Guarantee DefiKernel.Nary.InterfaceInstances.f18Guarantee
'DefiKernel.Nary.InterfaceInstances.f18_cross' depends on axioms: [propext, Classical.choice.{u}, Quot.sound.{u}]
DefiKernel.Nary.InterfaceInstances.f18_stable : DefiKernel.Nary.Stable DefiKernel.Nary.InterfaceInstances.f18Invariant
  DefiKernel.Nary.InterfaceInstances.f18Guarantee
'DefiKernel.Nary.InterfaceInstances.f18_stable' depends on axioms: [propext, Classical.choice.{u}, Quot.sound.{u}]
DefiKernel.Nary.InterfaceInstances.f18_every_prefix : ∀ (schedule : DefiKernel.Nary.Schedule (Fin 3)) (length : ℕ)
  (b : Fin 3),
  DefiKernel.Nary.InterfaceInstances.f18Invariant b
    (DefiKernel.Nary.runPrefix DefiKernel.Nary.Examples.f18Cfg DefiKernel.Nary.Examples.f18Bounds
          DefiKernel.Nary.Examples.f18Initial DefiKernel.Nary.Examples.f18Branches
          (List.take.{0} length schedule)).world.state
'DefiKernel.Nary.InterfaceInstances.f18_every_prefix' depends on axioms: [propext, Classical.choice.{u}, Quot.sound.{u}]
DefiKernel.Nary.InterfaceInstances.f18_all_tokens : ∀ (schedule : DefiKernel.Nary.Schedule (Fin 3)) (b : Fin 3),
  DefiKernel.Nary.InterfaceInstances.f18Invariant b
    (DefiKernel.Nary.runPrefix DefiKernel.Nary.Examples.f18Cfg DefiKernel.Nary.Examples.f18Bounds
          DefiKernel.Nary.Examples.f18Initial DefiKernel.Nary.Examples.f18Branches schedule).world.state
'DefiKernel.Nary.InterfaceInstances.f18_all_tokens' depends on axioms: [propext, Classical.choice.{u}, Quot.sound.{u}]
DefiKernel.Nary.InterfaceInstances.f18_schedules_length : Eq.{1} (List.length.{0} DefiKernel.Nary.Examples.f18Schedules)
  6
'DefiKernel.Nary.InterfaceInstances.f18_schedules_length' depends on axioms: [propext]
@DefiKernel.Nary.InterfaceInstances.f18_complete_of_mem : ∀ {s : List.{0} (Fin 3)},
  Membership.mem.{0, 0} DefiKernel.Nary.Examples.f18Schedules s →
    Eq.{1} (List.length.{0} s) 3 ∧ DefiKernel.Nary.Complete DefiKernel.Nary.Examples.f18Branches s ∧ List.Nodup.{0} s
'DefiKernel.Nary.InterfaceInstances.f18_complete_of_mem' depends on axioms: [propext,
 Classical.choice.{u},
 Quot.sound.{u}]
@DefiKernel.Nary.InterfaceInstances.f18_complete_schedules_invariants : ∀ {s : List.{0} (Fin 3)},
  Membership.mem.{0, 0} DefiKernel.Nary.Examples.f18Schedules s →
    DefiKernel.Nary.Complete DefiKernel.Nary.Examples.f18Branches s ∧
      ∀ (b : Fin 3),
        DefiKernel.Nary.InterfaceInstances.f18Invariant b
          (DefiKernel.Nary.runPrefix DefiKernel.Nary.Examples.f18Cfg DefiKernel.Nary.Examples.f18Bounds
                DefiKernel.Nary.Examples.f18Initial DefiKernel.Nary.Examples.f18Branches s).world.state
'DefiKernel.Nary.InterfaceInstances.f18_complete_schedules_invariants' depends on axioms: [propext,
 Classical.choice.{u},
 Quot.sound.{u}]
DefiKernel.Nary.InterfaceInstances.f18_execute_initial : Eq.{1}
  (DefiKernel.Composition.executeStep DefiKernel.Nary.Examples.f18Cfg (DefiKernel.Interface.Examples.boundary 0) 0
    List.nil.{0} (DefiKernel.Composition.Step.invoke DefiKernel.Nary.Examples.f18Op)
    DefiKernel.Nary.Examples.f18Initial)
  (Except.ok.{0, 0} DefiKernel.Nary.InterfaceInstances.f18Result1)
'DefiKernel.Nary.InterfaceInstances.f18_execute_initial' depends on axioms: [propext,
 Classical.choice.{u},
 Quot.sound.{u}]
DefiKernel.Nary.InterfaceInstances.f18_execute_after1 : Eq.{1}
  (DefiKernel.Composition.executeStep DefiKernel.Nary.Examples.f18Cfg (DefiKernel.Interface.Examples.boundary 0) 0
    List.nil.{0} (DefiKernel.Composition.Step.invoke DefiKernel.Nary.Examples.f18Op)
    (DefiKernel.Nary.Examples.f18WorldAfter 1))
  (Except.ok.{0, 0} DefiKernel.Nary.InterfaceInstances.f18Result2)
'DefiKernel.Nary.InterfaceInstances.f18_execute_after1' depends on axioms: [propext,
 Classical.choice.{u},
 Quot.sound.{u}]
DefiKernel.Nary.InterfaceInstances.f18_execute_after2 : Eq.{1}
  (DefiKernel.Composition.executeStep DefiKernel.Nary.Examples.f18Cfg (DefiKernel.Interface.Examples.boundary 0) 0
    List.nil.{0} (DefiKernel.Composition.Step.invoke DefiKernel.Nary.Examples.f18Op)
    (DefiKernel.Nary.Examples.f18WorldAfter 2))
  (Except.ok.{0, 0} DefiKernel.Nary.InterfaceInstances.f18Result3)
'DefiKernel.Nary.InterfaceInstances.f18_execute_after2' depends on axioms: [propext,
 Classical.choice.{u},
 Quot.sound.{u}]
@DefiKernel.Nary.InterfaceInstances.f18_advance_eq : ∀
  {m :
    DefiKernel.Nary.Machine (Fin 3) DefiKernel.Nary.Examples.IP DefiKernel.Nary.Examples.IA DefiKernel.Nary.Examples.ID}
  {b : Fin 3}
  {result :
    DefiKernel.Composition.StepResult DefiKernel.Nary.Examples.IP DefiKernel.Nary.Examples.IA
      DefiKernel.Nary.Examples.ID},
  Eq.{1} (m.locals b).failure none.{0} →
    Eq.{1} (getElem?.{0, 0, 0} (DefiKernel.Nary.Examples.f18Branches b) (m.locals b).consumed)
        (some.{0} DefiKernel.Nary.Examples.f18Op) →
      Eq.{1}
          (DefiKernel.Composition.executeStep DefiKernel.Nary.Examples.f18Cfg
            (DefiKernel.Nary.Examples.f18Bounds b (m.locals b).nextIndex) (m.locals b).nextIndex (m.locals b).outputs
            (DefiKernel.Composition.Step.invoke DefiKernel.Nary.Examples.f18Op) m.world)
          (Except.ok.{0, 0} result) →
        Eq.{1}
          (DefiKernel.Nary.advance DefiKernel.Nary.Examples.f18Cfg DefiKernel.Nary.Examples.f18Bounds
            DefiKernel.Nary.Examples.f18Branches m b)
          (m.accept b DefiKernel.Nary.Examples.f18Op result)
'DefiKernel.Nary.InterfaceInstances.f18_advance_eq' depends on axioms: [propext, Classical.choice.{u}, Quot.sound.{u}]
DefiKernel.Nary.InterfaceInstances.f18_start_accept : ∀ (a : Fin 3),
  Eq.{1}
    (DefiKernel.Nary.advance DefiKernel.Nary.Examples.f18Cfg DefiKernel.Nary.Examples.f18Bounds
      DefiKernel.Nary.Examples.f18Branches (DefiKernel.Nary.start DefiKernel.Nary.Examples.f18Initial) a)
    ((DefiKernel.Nary.start DefiKernel.Nary.Examples.f18Initial).accept a DefiKernel.Nary.Examples.f18Op
      DefiKernel.Nary.InterfaceInstances.f18Result1)
'DefiKernel.Nary.InterfaceInstances.f18_start_accept' depends on axioms: [propext, Classical.choice.{u}, Quot.sound.{u}]
DefiKernel.Nary.InterfaceInstances.f18_second_accept : ∀ (a b : Fin 3),
  Ne.{1} a b →
    Eq.{1}
      (DefiKernel.Nary.advance DefiKernel.Nary.Examples.f18Cfg DefiKernel.Nary.Examples.f18Bounds
        DefiKernel.Nary.Examples.f18Branches
        ((DefiKernel.Nary.start DefiKernel.Nary.Examples.f18Initial).accept a DefiKernel.Nary.Examples.f18Op
          DefiKernel.Nary.InterfaceInstances.f18Result1)
        b)
      (((DefiKernel.Nary.start DefiKernel.Nary.Examples.f18Initial).accept a DefiKernel.Nary.Examples.f18Op
            DefiKernel.Nary.InterfaceInstances.f18Result1).accept
        b DefiKernel.Nary.Examples.f18Op DefiKernel.Nary.InterfaceInstances.f18Result2)
'DefiKernel.Nary.InterfaceInstances.f18_second_accept' depends on axioms: [propext,
 Classical.choice.{u},
 Quot.sound.{u}]
DefiKernel.Nary.InterfaceInstances.f18_third_accept : ∀ (a b c : Fin 3),
  Ne.{1} a b →
    Ne.{1} a c →
      Ne.{1} b c →
        Eq.{1}
          (DefiKernel.Nary.advance DefiKernel.Nary.Examples.f18Cfg DefiKernel.Nary.Examples.f18Bounds
            DefiKernel.Nary.Examples.f18Branches
            (((DefiKernel.Nary.start DefiKernel.Nary.Examples.f18Initial).accept a DefiKernel.Nary.Examples.f18Op
                  DefiKernel.Nary.InterfaceInstances.f18Result1).accept
              b DefiKernel.Nary.Examples.f18Op DefiKernel.Nary.InterfaceInstances.f18Result2)
            c)
          ((((DefiKernel.Nary.start DefiKernel.Nary.Examples.f18Initial).accept a DefiKernel.Nary.Examples.f18Op
                    DefiKernel.Nary.InterfaceInstances.f18Result1).accept
                b DefiKernel.Nary.Examples.f18Op DefiKernel.Nary.InterfaceInstances.f18Result2).accept
            c DefiKernel.Nary.Examples.f18Op DefiKernel.Nary.InterfaceInstances.f18Result3)
'DefiKernel.Nary.InterfaceInstances.f18_third_accept' depends on axioms: [propext, Classical.choice.{u}, Quot.sound.{u}]
DefiKernel.Nary.InterfaceInstances.f18_three_run : ∀ (a b c : Fin 3),
  Ne.{1} a b →
    Ne.{1} a c →
      Ne.{1} b c →
        Eq.{1}
          (DefiKernel.Nary.runPrefix DefiKernel.Nary.Examples.f18Cfg DefiKernel.Nary.Examples.f18Bounds
            DefiKernel.Nary.Examples.f18Initial DefiKernel.Nary.Examples.f18Branches
            (List.cons.{0} a (List.cons.{0} b (List.cons.{0} c List.nil.{0}))))
          ((((DefiKernel.Nary.start DefiKernel.Nary.Examples.f18Initial).accept a DefiKernel.Nary.Examples.f18Op
                    DefiKernel.Nary.InterfaceInstances.f18Result1).accept
                b DefiKernel.Nary.Examples.f18Op DefiKernel.Nary.InterfaceInstances.f18Result2).accept
            c DefiKernel.Nary.Examples.f18Op DefiKernel.Nary.InterfaceInstances.f18Result3)
'DefiKernel.Nary.InterfaceInstances.f18_three_run' depends on axioms: [propext, Classical.choice.{u}, Quot.sound.{u}]
DefiKernel.Nary.InterfaceInstances.f18_result1_outputs : Eq.{1} DefiKernel.Nary.InterfaceInstances.f18Result1.outputs
  List.nil.{0}
'DefiKernel.Nary.InterfaceInstances.f18_result1_outputs' depends on axioms: [propext,
 Classical.choice.{u},
 Quot.sound.{u}]
DefiKernel.Nary.InterfaceInstances.f18_first_local : ∀ (a : Fin 3),
  Eq.{1}
    (((DefiKernel.Nary.start DefiKernel.Nary.Examples.f18Initial).accept a DefiKernel.Nary.Examples.f18Op
          DefiKernel.Nary.InterfaceInstances.f18Result1).locals
      a)
    { consumed := 1,
      events :=
        List.cons.{0}
          { index := 0, step := DefiKernel.Composition.Step.invoke DefiKernel.Nary.Examples.f18Op,
            before := DefiKernel.Nary.Examples.f18Initial, result := DefiKernel.Nary.InterfaceInstances.f18Result1 }
          List.nil.{0},
      nextIndex := 1 }
'DefiKernel.Nary.InterfaceInstances.f18_first_local' depends on axioms: [propext, Classical.choice.{u}, Quot.sound.{u}]
DefiKernel.Nary.InterfaceInstances.f18_three_outcome : ∀ (a b c : Fin 3),
  Ne.{1} a b →
    Ne.{1} a c →
      Ne.{1} b c →
        Eq.{1}
            (DefiKernel.Nary.runPrefix DefiKernel.Nary.Examples.f18Cfg DefiKernel.Nary.Examples.f18Bounds
                DefiKernel.Nary.Examples.f18Initial DefiKernel.Nary.Examples.f18Branches
                (List.cons.{0} a (List.cons.{0} b (List.cons.{0} c List.nil.{0})))).world
            (DefiKernel.Nary.Examples.f18WorldAfter 3) ∧
          Eq.{1}
              ((DefiKernel.Nary.runPrefix DefiKernel.Nary.Examples.f18Cfg DefiKernel.Nary.Examples.f18Bounds
                      DefiKernel.Nary.Examples.f18Initial DefiKernel.Nary.Examples.f18Branches
                      (List.cons.{0} a (List.cons.{0} b (List.cons.{0} c List.nil.{0})))).locals
                  a).nextIndex
              1 ∧
            Eq.{1}
                ((DefiKernel.Nary.runPrefix DefiKernel.Nary.Examples.f18Cfg DefiKernel.Nary.Examples.f18Bounds
                        DefiKernel.Nary.Examples.f18Initial DefiKernel.Nary.Examples.f18Branches
                        (List.cons.{0} a (List.cons.{0} b (List.cons.{0} c List.nil.{0})))).locals
                    b).nextIndex
                1 ∧
              Eq.{1}
                  ((DefiKernel.Nary.runPrefix DefiKernel.Nary.Examples.f18Cfg DefiKernel.Nary.Examples.f18Bounds
                          DefiKernel.Nary.Examples.f18Initial DefiKernel.Nary.Examples.f18Branches
                          (List.cons.{0} a (List.cons.{0} b (List.cons.{0} c List.nil.{0})))).locals
                      c).nextIndex
                  1 ∧
                Eq.{1}
                    (Option.map.{0, 0} (fun e => e.index)
                      (List.head?.{0}
                        ((DefiKernel.Nary.runPrefix DefiKernel.Nary.Examples.f18Cfg DefiKernel.Nary.Examples.f18Bounds
                                DefiKernel.Nary.Examples.f18Initial DefiKernel.Nary.Examples.f18Branches
                                (List.cons.{0} a (List.cons.{0} b (List.cons.{0} c List.nil.{0})))).locals
                            a).events))
                    (some.{0} 0) ∧
                  Eq.{1}
                      (Option.map.{0, 0} (fun e => e.index)
                        (List.head?.{0}
                          ((DefiKernel.Nary.runPrefix DefiKernel.Nary.Examples.f18Cfg DefiKernel.Nary.Examples.f18Bounds
                                  DefiKernel.Nary.Examples.f18Initial DefiKernel.Nary.Examples.f18Branches
                                  (List.cons.{0} a (List.cons.{0} b (List.cons.{0} c List.nil.{0})))).locals
                              b).events))
                      (some.{0} 0) ∧
                    Eq.{1}
                      (Option.map.{0, 0} (fun e => e.index)
                        (List.head?.{0}
                          ((DefiKernel.Nary.runPrefix DefiKernel.Nary.Examples.f18Cfg DefiKernel.Nary.Examples.f18Bounds
                                  DefiKernel.Nary.Examples.f18Initial DefiKernel.Nary.Examples.f18Branches
                                  (List.cons.{0} a (List.cons.{0} b (List.cons.{0} c List.nil.{0})))).locals
                              c).events))
                      (some.{0} 0)
'DefiKernel.Nary.InterfaceInstances.f18_three_outcome' depends on axioms: [propext,
 Classical.choice.{u},
 Quot.sound.{u}]
DefiKernel.Nary.InterfaceInstances.f18_world_balances : Eq.{1}
    ((DefiKernel.Nary.Examples.f18WorldAfter 0).state.balance DefiKernel.Interface.Examples.alice) 5 ∧
  Eq.{1} ((DefiKernel.Nary.Examples.f18WorldAfter 0).state.balance DefiKernel.Interface.Examples.bob) 5 ∧
    Eq.{1} ((DefiKernel.Nary.Examples.f18WorldAfter 0).state.balance DefiKernel.Interface.Examples.carol) 0 ∧
      Eq.{1} ((DefiKernel.Nary.Examples.f18WorldAfter 1).state.balance DefiKernel.Interface.Examples.alice) 4 ∧
        Eq.{1} ((DefiKernel.Nary.Examples.f18WorldAfter 1).state.balance DefiKernel.Interface.Examples.bob) 4 ∧
          Eq.{1} ((DefiKernel.Nary.Examples.f18WorldAfter 1).state.balance DefiKernel.Interface.Examples.carol) 2 ∧
            Eq.{1} ((DefiKernel.Nary.Examples.f18WorldAfter 2).state.balance DefiKernel.Interface.Examples.alice) 3 ∧
              Eq.{1} ((DefiKernel.Nary.Examples.f18WorldAfter 2).state.balance DefiKernel.Interface.Examples.bob) 3 ∧
                Eq.{1} ((DefiKernel.Nary.Examples.f18WorldAfter 2).state.balance DefiKernel.Interface.Examples.carol)
                    4 ∧
                  Eq.{1} ((DefiKernel.Nary.Examples.f18WorldAfter 3).state.balance DefiKernel.Interface.Examples.alice)
                      2 ∧
                    Eq.{1} ((DefiKernel.Nary.Examples.f18WorldAfter 3).state.balance DefiKernel.Interface.Examples.bob)
                        2 ∧
                      Eq.{1}
                        ((DefiKernel.Nary.Examples.f18WorldAfter 3).state.balance DefiKernel.Interface.Examples.carol) 6
'DefiKernel.Nary.InterfaceInstances.f18_world_balances' depends on axioms: [propext,
 Classical.choice.{u},
 Quot.sound.{u}]
DefiKernel.Nary.InterfaceInstances.f18_schedule_012 : Eq.{1}
    (DefiKernel.Nary.runPrefix DefiKernel.Nary.Examples.f18Cfg DefiKernel.Nary.Examples.f18Bounds
        DefiKernel.Nary.Examples.f18Initial DefiKernel.Nary.Examples.f18Branches
        (List.cons.{0} 0 (List.cons.{0} 1 (List.cons.{0} 2 List.nil.{0})))).world
    (DefiKernel.Nary.Examples.f18WorldAfter 3) ∧
  Eq.{1}
      ((DefiKernel.Nary.runPrefix DefiKernel.Nary.Examples.f18Cfg DefiKernel.Nary.Examples.f18Bounds
              DefiKernel.Nary.Examples.f18Initial DefiKernel.Nary.Examples.f18Branches
              (List.cons.{0} 0 (List.cons.{0} 1 (List.cons.{0} 2 List.nil.{0})))).locals
          0).nextIndex
      1 ∧
    Eq.{1}
        ((DefiKernel.Nary.runPrefix DefiKernel.Nary.Examples.f18Cfg DefiKernel.Nary.Examples.f18Bounds
                DefiKernel.Nary.Examples.f18Initial DefiKernel.Nary.Examples.f18Branches
                (List.cons.{0} 0 (List.cons.{0} 1 (List.cons.{0} 2 List.nil.{0})))).locals
            1).nextIndex
        1 ∧
      Eq.{1}
          ((DefiKernel.Nary.runPrefix DefiKernel.Nary.Examples.f18Cfg DefiKernel.Nary.Examples.f18Bounds
                  DefiKernel.Nary.Examples.f18Initial DefiKernel.Nary.Examples.f18Branches
                  (List.cons.{0} 0 (List.cons.{0} 1 (List.cons.{0} 2 List.nil.{0})))).locals
              2).nextIndex
          1 ∧
        Eq.{1}
            (Option.map.{0, 0} (fun e => e.index)
              (List.head?.{0}
                ((DefiKernel.Nary.runPrefix DefiKernel.Nary.Examples.f18Cfg DefiKernel.Nary.Examples.f18Bounds
                        DefiKernel.Nary.Examples.f18Initial DefiKernel.Nary.Examples.f18Branches
                        (List.cons.{0} 0 (List.cons.{0} 1 (List.cons.{0} 2 List.nil.{0})))).locals
                    0).events))
            (some.{0} 0) ∧
          Eq.{1}
              (Option.map.{0, 0} (fun e => e.index)
                (List.head?.{0}
                  ((DefiKernel.Nary.runPrefix DefiKernel.Nary.Examples.f18Cfg DefiKernel.Nary.Examples.f18Bounds
                          DefiKernel.Nary.Examples.f18Initial DefiKernel.Nary.Examples.f18Branches
                          (List.cons.{0} 0 (List.cons.{0} 1 (List.cons.{0} 2 List.nil.{0})))).locals
                      1).events))
              (some.{0} 0) ∧
            Eq.{1}
              (Option.map.{0, 0} (fun e => e.index)
                (List.head?.{0}
                  ((DefiKernel.Nary.runPrefix DefiKernel.Nary.Examples.f18Cfg DefiKernel.Nary.Examples.f18Bounds
                          DefiKernel.Nary.Examples.f18Initial DefiKernel.Nary.Examples.f18Branches
                          (List.cons.{0} 0 (List.cons.{0} 1 (List.cons.{0} 2 List.nil.{0})))).locals
                      2).events))
              (some.{0} 0)
'DefiKernel.Nary.InterfaceInstances.f18_schedule_012' depends on axioms: [propext, Classical.choice.{u}, Quot.sound.{u}]
DefiKernel.Nary.InterfaceInstances.f18_schedule_021 : Eq.{1}
    (DefiKernel.Nary.runPrefix DefiKernel.Nary.Examples.f18Cfg DefiKernel.Nary.Examples.f18Bounds
        DefiKernel.Nary.Examples.f18Initial DefiKernel.Nary.Examples.f18Branches
        (List.cons.{0} 0 (List.cons.{0} 2 (List.cons.{0} 1 List.nil.{0})))).world
    (DefiKernel.Nary.Examples.f18WorldAfter 3) ∧
  Eq.{1}
      ((DefiKernel.Nary.runPrefix DefiKernel.Nary.Examples.f18Cfg DefiKernel.Nary.Examples.f18Bounds
              DefiKernel.Nary.Examples.f18Initial DefiKernel.Nary.Examples.f18Branches
              (List.cons.{0} 0 (List.cons.{0} 2 (List.cons.{0} 1 List.nil.{0})))).locals
          0).nextIndex
      1 ∧
    Eq.{1}
        ((DefiKernel.Nary.runPrefix DefiKernel.Nary.Examples.f18Cfg DefiKernel.Nary.Examples.f18Bounds
                DefiKernel.Nary.Examples.f18Initial DefiKernel.Nary.Examples.f18Branches
                (List.cons.{0} 0 (List.cons.{0} 2 (List.cons.{0} 1 List.nil.{0})))).locals
            2).nextIndex
        1 ∧
      Eq.{1}
          ((DefiKernel.Nary.runPrefix DefiKernel.Nary.Examples.f18Cfg DefiKernel.Nary.Examples.f18Bounds
                  DefiKernel.Nary.Examples.f18Initial DefiKernel.Nary.Examples.f18Branches
                  (List.cons.{0} 0 (List.cons.{0} 2 (List.cons.{0} 1 List.nil.{0})))).locals
              1).nextIndex
          1 ∧
        Eq.{1}
            (Option.map.{0, 0} (fun e => e.index)
              (List.head?.{0}
                ((DefiKernel.Nary.runPrefix DefiKernel.Nary.Examples.f18Cfg DefiKernel.Nary.Examples.f18Bounds
                        DefiKernel.Nary.Examples.f18Initial DefiKernel.Nary.Examples.f18Branches
                        (List.cons.{0} 0 (List.cons.{0} 2 (List.cons.{0} 1 List.nil.{0})))).locals
                    0).events))
            (some.{0} 0) ∧
          Eq.{1}
              (Option.map.{0, 0} (fun e => e.index)
                (List.head?.{0}
                  ((DefiKernel.Nary.runPrefix DefiKernel.Nary.Examples.f18Cfg DefiKernel.Nary.Examples.f18Bounds
                          DefiKernel.Nary.Examples.f18Initial DefiKernel.Nary.Examples.f18Branches
                          (List.cons.{0} 0 (List.cons.{0} 2 (List.cons.{0} 1 List.nil.{0})))).locals
                      2).events))
              (some.{0} 0) ∧
            Eq.{1}
              (Option.map.{0, 0} (fun e => e.index)
                (List.head?.{0}
                  ((DefiKernel.Nary.runPrefix DefiKernel.Nary.Examples.f18Cfg DefiKernel.Nary.Examples.f18Bounds
                          DefiKernel.Nary.Examples.f18Initial DefiKernel.Nary.Examples.f18Branches
                          (List.cons.{0} 0 (List.cons.{0} 2 (List.cons.{0} 1 List.nil.{0})))).locals
                      1).events))
              (some.{0} 0)
'DefiKernel.Nary.InterfaceInstances.f18_schedule_021' depends on axioms: [propext, Classical.choice.{u}, Quot.sound.{u}]
DefiKernel.Nary.InterfaceInstances.f18_schedule_102 : Eq.{1}
    (DefiKernel.Nary.runPrefix DefiKernel.Nary.Examples.f18Cfg DefiKernel.Nary.Examples.f18Bounds
        DefiKernel.Nary.Examples.f18Initial DefiKernel.Nary.Examples.f18Branches
        (List.cons.{0} 1 (List.cons.{0} 0 (List.cons.{0} 2 List.nil.{0})))).world
    (DefiKernel.Nary.Examples.f18WorldAfter 3) ∧
  Eq.{1}
      ((DefiKernel.Nary.runPrefix DefiKernel.Nary.Examples.f18Cfg DefiKernel.Nary.Examples.f18Bounds
              DefiKernel.Nary.Examples.f18Initial DefiKernel.Nary.Examples.f18Branches
              (List.cons.{0} 1 (List.cons.{0} 0 (List.cons.{0} 2 List.nil.{0})))).locals
          1).nextIndex
      1 ∧
    Eq.{1}
        ((DefiKernel.Nary.runPrefix DefiKernel.Nary.Examples.f18Cfg DefiKernel.Nary.Examples.f18Bounds
                DefiKernel.Nary.Examples.f18Initial DefiKernel.Nary.Examples.f18Branches
                (List.cons.{0} 1 (List.cons.{0} 0 (List.cons.{0} 2 List.nil.{0})))).locals
            0).nextIndex
        1 ∧
      Eq.{1}
          ((DefiKernel.Nary.runPrefix DefiKernel.Nary.Examples.f18Cfg DefiKernel.Nary.Examples.f18Bounds
                  DefiKernel.Nary.Examples.f18Initial DefiKernel.Nary.Examples.f18Branches
                  (List.cons.{0} 1 (List.cons.{0} 0 (List.cons.{0} 2 List.nil.{0})))).locals
              2).nextIndex
          1 ∧
        Eq.{1}
            (Option.map.{0, 0} (fun e => e.index)
              (List.head?.{0}
                ((DefiKernel.Nary.runPrefix DefiKernel.Nary.Examples.f18Cfg DefiKernel.Nary.Examples.f18Bounds
                        DefiKernel.Nary.Examples.f18Initial DefiKernel.Nary.Examples.f18Branches
                        (List.cons.{0} 1 (List.cons.{0} 0 (List.cons.{0} 2 List.nil.{0})))).locals
                    1).events))
            (some.{0} 0) ∧
          Eq.{1}
              (Option.map.{0, 0} (fun e => e.index)
                (List.head?.{0}
                  ((DefiKernel.Nary.runPrefix DefiKernel.Nary.Examples.f18Cfg DefiKernel.Nary.Examples.f18Bounds
                          DefiKernel.Nary.Examples.f18Initial DefiKernel.Nary.Examples.f18Branches
                          (List.cons.{0} 1 (List.cons.{0} 0 (List.cons.{0} 2 List.nil.{0})))).locals
                      0).events))
              (some.{0} 0) ∧
            Eq.{1}
              (Option.map.{0, 0} (fun e => e.index)
                (List.head?.{0}
                  ((DefiKernel.Nary.runPrefix DefiKernel.Nary.Examples.f18Cfg DefiKernel.Nary.Examples.f18Bounds
                          DefiKernel.Nary.Examples.f18Initial DefiKernel.Nary.Examples.f18Branches
                          (List.cons.{0} 1 (List.cons.{0} 0 (List.cons.{0} 2 List.nil.{0})))).locals
                      2).events))
              (some.{0} 0)
'DefiKernel.Nary.InterfaceInstances.f18_schedule_102' depends on axioms: [propext, Classical.choice.{u}, Quot.sound.{u}]
DefiKernel.Nary.InterfaceInstances.f18_schedule_120 : Eq.{1}
    (DefiKernel.Nary.runPrefix DefiKernel.Nary.Examples.f18Cfg DefiKernel.Nary.Examples.f18Bounds
        DefiKernel.Nary.Examples.f18Initial DefiKernel.Nary.Examples.f18Branches
        (List.cons.{0} 1 (List.cons.{0} 2 (List.cons.{0} 0 List.nil.{0})))).world
    (DefiKernel.Nary.Examples.f18WorldAfter 3) ∧
  Eq.{1}
      ((DefiKernel.Nary.runPrefix DefiKernel.Nary.Examples.f18Cfg DefiKernel.Nary.Examples.f18Bounds
              DefiKernel.Nary.Examples.f18Initial DefiKernel.Nary.Examples.f18Branches
              (List.cons.{0} 1 (List.cons.{0} 2 (List.cons.{0} 0 List.nil.{0})))).locals
          1).nextIndex
      1 ∧
    Eq.{1}
        ((DefiKernel.Nary.runPrefix DefiKernel.Nary.Examples.f18Cfg DefiKernel.Nary.Examples.f18Bounds
                DefiKernel.Nary.Examples.f18Initial DefiKernel.Nary.Examples.f18Branches
                (List.cons.{0} 1 (List.cons.{0} 2 (List.cons.{0} 0 List.nil.{0})))).locals
            2).nextIndex
        1 ∧
      Eq.{1}
          ((DefiKernel.Nary.runPrefix DefiKernel.Nary.Examples.f18Cfg DefiKernel.Nary.Examples.f18Bounds
                  DefiKernel.Nary.Examples.f18Initial DefiKernel.Nary.Examples.f18Branches
                  (List.cons.{0} 1 (List.cons.{0} 2 (List.cons.{0} 0 List.nil.{0})))).locals
              0).nextIndex
          1 ∧
        Eq.{1}
            (Option.map.{0, 0} (fun e => e.index)
              (List.head?.{0}
                ((DefiKernel.Nary.runPrefix DefiKernel.Nary.Examples.f18Cfg DefiKernel.Nary.Examples.f18Bounds
                        DefiKernel.Nary.Examples.f18Initial DefiKernel.Nary.Examples.f18Branches
                        (List.cons.{0} 1 (List.cons.{0} 2 (List.cons.{0} 0 List.nil.{0})))).locals
                    1).events))
            (some.{0} 0) ∧
          Eq.{1}
              (Option.map.{0, 0} (fun e => e.index)
                (List.head?.{0}
                  ((DefiKernel.Nary.runPrefix DefiKernel.Nary.Examples.f18Cfg DefiKernel.Nary.Examples.f18Bounds
                          DefiKernel.Nary.Examples.f18Initial DefiKernel.Nary.Examples.f18Branches
                          (List.cons.{0} 1 (List.cons.{0} 2 (List.cons.{0} 0 List.nil.{0})))).locals
                      2).events))
              (some.{0} 0) ∧
            Eq.{1}
              (Option.map.{0, 0} (fun e => e.index)
                (List.head?.{0}
                  ((DefiKernel.Nary.runPrefix DefiKernel.Nary.Examples.f18Cfg DefiKernel.Nary.Examples.f18Bounds
                          DefiKernel.Nary.Examples.f18Initial DefiKernel.Nary.Examples.f18Branches
                          (List.cons.{0} 1 (List.cons.{0} 2 (List.cons.{0} 0 List.nil.{0})))).locals
                      0).events))
              (some.{0} 0)
'DefiKernel.Nary.InterfaceInstances.f18_schedule_120' depends on axioms: [propext, Classical.choice.{u}, Quot.sound.{u}]
DefiKernel.Nary.InterfaceInstances.f18_schedule_201 : Eq.{1}
    (DefiKernel.Nary.runPrefix DefiKernel.Nary.Examples.f18Cfg DefiKernel.Nary.Examples.f18Bounds
        DefiKernel.Nary.Examples.f18Initial DefiKernel.Nary.Examples.f18Branches
        (List.cons.{0} 2 (List.cons.{0} 0 (List.cons.{0} 1 List.nil.{0})))).world
    (DefiKernel.Nary.Examples.f18WorldAfter 3) ∧
  Eq.{1}
      ((DefiKernel.Nary.runPrefix DefiKernel.Nary.Examples.f18Cfg DefiKernel.Nary.Examples.f18Bounds
              DefiKernel.Nary.Examples.f18Initial DefiKernel.Nary.Examples.f18Branches
              (List.cons.{0} 2 (List.cons.{0} 0 (List.cons.{0} 1 List.nil.{0})))).locals
          2).nextIndex
      1 ∧
    Eq.{1}
        ((DefiKernel.Nary.runPrefix DefiKernel.Nary.Examples.f18Cfg DefiKernel.Nary.Examples.f18Bounds
                DefiKernel.Nary.Examples.f18Initial DefiKernel.Nary.Examples.f18Branches
                (List.cons.{0} 2 (List.cons.{0} 0 (List.cons.{0} 1 List.nil.{0})))).locals
            0).nextIndex
        1 ∧
      Eq.{1}
          ((DefiKernel.Nary.runPrefix DefiKernel.Nary.Examples.f18Cfg DefiKernel.Nary.Examples.f18Bounds
                  DefiKernel.Nary.Examples.f18Initial DefiKernel.Nary.Examples.f18Branches
                  (List.cons.{0} 2 (List.cons.{0} 0 (List.cons.{0} 1 List.nil.{0})))).locals
              1).nextIndex
          1 ∧
        Eq.{1}
            (Option.map.{0, 0} (fun e => e.index)
              (List.head?.{0}
                ((DefiKernel.Nary.runPrefix DefiKernel.Nary.Examples.f18Cfg DefiKernel.Nary.Examples.f18Bounds
                        DefiKernel.Nary.Examples.f18Initial DefiKernel.Nary.Examples.f18Branches
                        (List.cons.{0} 2 (List.cons.{0} 0 (List.cons.{0} 1 List.nil.{0})))).locals
                    2).events))
            (some.{0} 0) ∧
          Eq.{1}
              (Option.map.{0, 0} (fun e => e.index)
                (List.head?.{0}
                  ((DefiKernel.Nary.runPrefix DefiKernel.Nary.Examples.f18Cfg DefiKernel.Nary.Examples.f18Bounds
                          DefiKernel.Nary.Examples.f18Initial DefiKernel.Nary.Examples.f18Branches
                          (List.cons.{0} 2 (List.cons.{0} 0 (List.cons.{0} 1 List.nil.{0})))).locals
                      0).events))
              (some.{0} 0) ∧
            Eq.{1}
              (Option.map.{0, 0} (fun e => e.index)
                (List.head?.{0}
                  ((DefiKernel.Nary.runPrefix DefiKernel.Nary.Examples.f18Cfg DefiKernel.Nary.Examples.f18Bounds
                          DefiKernel.Nary.Examples.f18Initial DefiKernel.Nary.Examples.f18Branches
                          (List.cons.{0} 2 (List.cons.{0} 0 (List.cons.{0} 1 List.nil.{0})))).locals
                      1).events))
              (some.{0} 0)
'DefiKernel.Nary.InterfaceInstances.f18_schedule_201' depends on axioms: [propext, Classical.choice.{u}, Quot.sound.{u}]
DefiKernel.Nary.InterfaceInstances.f18_schedule_210 : Eq.{1}
    (DefiKernel.Nary.runPrefix DefiKernel.Nary.Examples.f18Cfg DefiKernel.Nary.Examples.f18Bounds
        DefiKernel.Nary.Examples.f18Initial DefiKernel.Nary.Examples.f18Branches
        (List.cons.{0} 2 (List.cons.{0} 1 (List.cons.{0} 0 List.nil.{0})))).world
    (DefiKernel.Nary.Examples.f18WorldAfter 3) ∧
  Eq.{1}
      ((DefiKernel.Nary.runPrefix DefiKernel.Nary.Examples.f18Cfg DefiKernel.Nary.Examples.f18Bounds
              DefiKernel.Nary.Examples.f18Initial DefiKernel.Nary.Examples.f18Branches
              (List.cons.{0} 2 (List.cons.{0} 1 (List.cons.{0} 0 List.nil.{0})))).locals
          2).nextIndex
      1 ∧
    Eq.{1}
        ((DefiKernel.Nary.runPrefix DefiKernel.Nary.Examples.f18Cfg DefiKernel.Nary.Examples.f18Bounds
                DefiKernel.Nary.Examples.f18Initial DefiKernel.Nary.Examples.f18Branches
                (List.cons.{0} 2 (List.cons.{0} 1 (List.cons.{0} 0 List.nil.{0})))).locals
            1).nextIndex
        1 ∧
      Eq.{1}
          ((DefiKernel.Nary.runPrefix DefiKernel.Nary.Examples.f18Cfg DefiKernel.Nary.Examples.f18Bounds
                  DefiKernel.Nary.Examples.f18Initial DefiKernel.Nary.Examples.f18Branches
                  (List.cons.{0} 2 (List.cons.{0} 1 (List.cons.{0} 0 List.nil.{0})))).locals
              0).nextIndex
          1 ∧
        Eq.{1}
            (Option.map.{0, 0} (fun e => e.index)
              (List.head?.{0}
                ((DefiKernel.Nary.runPrefix DefiKernel.Nary.Examples.f18Cfg DefiKernel.Nary.Examples.f18Bounds
                        DefiKernel.Nary.Examples.f18Initial DefiKernel.Nary.Examples.f18Branches
                        (List.cons.{0} 2 (List.cons.{0} 1 (List.cons.{0} 0 List.nil.{0})))).locals
                    2).events))
            (some.{0} 0) ∧
          Eq.{1}
              (Option.map.{0, 0} (fun e => e.index)
                (List.head?.{0}
                  ((DefiKernel.Nary.runPrefix DefiKernel.Nary.Examples.f18Cfg DefiKernel.Nary.Examples.f18Bounds
                          DefiKernel.Nary.Examples.f18Initial DefiKernel.Nary.Examples.f18Branches
                          (List.cons.{0} 2 (List.cons.{0} 1 (List.cons.{0} 0 List.nil.{0})))).locals
                      1).events))
              (some.{0} 0) ∧
            Eq.{1}
              (Option.map.{0, 0} (fun e => e.index)
                (List.head?.{0}
                  ((DefiKernel.Nary.runPrefix DefiKernel.Nary.Examples.f18Cfg DefiKernel.Nary.Examples.f18Bounds
                          DefiKernel.Nary.Examples.f18Initial DefiKernel.Nary.Examples.f18Branches
                          (List.cons.{0} 2 (List.cons.{0} 1 (List.cons.{0} 0 List.nil.{0})))).locals
                      0).events))
              (some.{0} 0)
'DefiKernel.Nary.InterfaceInstances.f18_schedule_210' depends on axioms: [propext, Classical.choice.{u}, Quot.sound.{u}]
DefiKernel.Nary.InterfaceInstances.f19_execute : Eq.{1}
  (DefiKernel.Composition.executeStep DefiKernel.Nary.Examples.f18Cfg (DefiKernel.Interface.Examples.boundary 0) 0
    List.nil.{0} (DefiKernel.Composition.Step.invoke DefiKernel.Nary.Examples.f19Op)
    DefiKernel.Nary.Examples.f18Initial)
  (Except.ok.{0, 0} DefiKernel.Interface.Examples.expected103)
'DefiKernel.Nary.InterfaceInstances.f19_execute' depends on axioms: [propext, Classical.choice.{u}, Quot.sound.{u}]
DefiKernel.Nary.InterfaceInstances.f19_op_eq : Eq.{1} DefiKernel.Nary.Examples.f19Op DefiKernel.Interface.Examples.op103
'DefiKernel.Nary.InterfaceInstances.f19_op_eq' does not depend on any axioms
DefiKernel.Nary.InterfaceInstances.f19_receipt_eq : Eq.{1} DefiKernel.Nary.Examples.f19Receipt
  DefiKernel.Interface.Examples.receipt103
'DefiKernel.Nary.InterfaceInstances.f19_receipt_eq' depends on axioms: [propext, Quot.sound.{u}]
DefiKernel.Nary.InterfaceInstances.f19_world_eq : Eq.{1} DefiKernel.Nary.Examples.f19World
  (DefiKernel.Interface.Examples.world 4 5 1)
'DefiKernel.Nary.InterfaceInstances.f19_world_eq' depends on axioms: [propext, Classical.choice.{u}, Quot.sound.{u}]
DefiKernel.Nary.InterfaceInstances.f19_receipt_effects : Eq.{1}
    (DefiKernel.Interface.receiptCellEffect DefiKernel.Nary.Examples.f19Receipt DefiKernel.Interface.Examples.alice)
    (-1) ∧
  Eq.{1} (DefiKernel.Interface.receiptCellEffect DefiKernel.Nary.Examples.f19Receipt DefiKernel.Interface.Examples.bob)
      0 ∧
    Eq.{1}
      (DefiKernel.Interface.receiptCellEffect DefiKernel.Nary.Examples.f19Receipt DefiKernel.Interface.Examples.carol) 1
'DefiKernel.Nary.InterfaceInstances.f19_receipt_effects' depends on axioms: [propext,
 Classical.choice.{u},
 Quot.sound.{u}]
DefiKernel.Nary.InterfaceInstances.f19_not_effect_paired : ¬DefiKernel.Interface.EffectPaired
    DefiKernel.Nary.Examples.f18Cfg.catalog DefiKernel.Nary.Examples.f18Edges DefiKernel.Nary.Examples.f19Receipt
'DefiKernel.Nary.InterfaceInstances.f19_not_effect_paired' depends on axioms: [propext,
 Classical.choice.{u},
 Quot.sound.{u}]
DefiKernel.Nary.InterfaceInstances.f19_empty_agrees : ∀
  (s : DefiKernel.Typed.State DefiKernel.Nary.Examples.IP DefiKernel.Nary.Examples.IA DefiKernel.Nary.Examples.ID),
  DefiKernel.Interface.Agrees DefiKernel.Nary.Examples.f18Cfg.catalog DefiKernel.Nary.Examples.f18EmptyEdges s
'DefiKernel.Nary.InterfaceInstances.f19_empty_agrees' depends on axioms: [propext, Quot.sound.{u}]
DefiKernel.Nary.InterfaceInstances.f19_total_holds : DefiKernel.Interface.TypedTotalContract
  DefiKernel.Nary.Examples.f18Region DefiKernel.Nary.InterfaceInstances.f18ValueFn
  DefiKernel.Nary.Examples.f19World.state
'DefiKernel.Nary.InterfaceInstances.f19_total_holds' depends on axioms: [propext, Classical.choice.{u}, Quot.sound.{u}]
DefiKernel.Nary.InterfaceInstances.f19_checkBindings : Eq.{1}
  (DefiKernel.Interface.checkBindings DefiKernel.Nary.Examples.f18Cfg DefiKernel.Nary.Examples.f18Edges
    DefiKernel.Nary.Examples.f19World.state)
  DefiKernel.Nary.Examples.f19BindingError.{0}
'DefiKernel.Nary.InterfaceInstances.f19_checkBindings' depends on axioms: [propext,
 Classical.choice.{u},
 Quot.sound.{u}]
DefiKernel.Nary.InterfaceInstances.f19_bindingsHold_false : Eq.{1}
  (DefiKernel.Interface.bindingsHold DefiKernel.Nary.Examples.f18Cfg DefiKernel.Nary.Examples.f18Edges
    DefiKernel.Nary.Examples.f19World.state)
  false
'DefiKernel.Nary.InterfaceInstances.f19_bindingsHold_false' depends on axioms: [propext,
 Classical.choice.{u},
 Quot.sound.{u}]
DefiKernel.Nary.InterfaceInstances.f19_empty_bindingsHold : Eq.{1}
  (DefiKernel.Interface.bindingsHold DefiKernel.Nary.Examples.f18Cfg DefiKernel.Nary.Examples.f18EmptyEdges
    DefiKernel.Nary.Examples.f19World.state)
  true
'DefiKernel.Nary.InterfaceInstances.f19_empty_bindingsHold' depends on axioms: [propext,
 Classical.choice.{u},
 Quot.sound.{u}]
DefiKernel.Nary.InterfaceInstances.f19_not_agrees : ¬DefiKernel.Interface.Agrees DefiKernel.Nary.Examples.f18Cfg.catalog
    DefiKernel.Nary.Examples.f18Edges DefiKernel.Nary.Examples.f19World.state
'DefiKernel.Nary.InterfaceInstances.f19_not_agrees' depends on axioms: [propext, Classical.choice.{u}, Quot.sound.{u}]
DefiKernel.Nary.InterfaceInstances.f19_advance : Eq.{1}
  (DefiKernel.Nary.advance DefiKernel.Nary.Examples.f18Cfg DefiKernel.Nary.Examples.f18Bounds
    DefiKernel.Nary.Examples.f19Branches (DefiKernel.Nary.start DefiKernel.Nary.Examples.f18Initial) 0)
  ((DefiKernel.Nary.start DefiKernel.Nary.Examples.f18Initial).accept 0 DefiKernel.Nary.Examples.f19Op
    DefiKernel.Interface.Examples.expected103)
'DefiKernel.Nary.InterfaceInstances.f19_advance' depends on axioms: [propext, Classical.choice.{u}, Quot.sound.{u}]
DefiKernel.Nary.InterfaceInstances.f19_runPrefix : Eq.{1}
  (DefiKernel.Nary.runPrefix DefiKernel.Nary.Examples.f18Cfg DefiKernel.Nary.Examples.f18Bounds
    DefiKernel.Nary.Examples.f18Initial DefiKernel.Nary.Examples.f19Branches (List.cons.{0} 0 List.nil.{0}))
  ((DefiKernel.Nary.start DefiKernel.Nary.Examples.f18Initial).accept 0 DefiKernel.Nary.Examples.f19Op
    DefiKernel.Interface.Examples.expected103)
'DefiKernel.Nary.InterfaceInstances.f19_runPrefix' depends on axioms: [propext, Classical.choice.{u}, Quot.sound.{u}]
DefiKernel.Nary.InterfaceInstances.f19_balances : Eq.{1}
    ((DefiKernel.Nary.runPrefix DefiKernel.Nary.Examples.f18Cfg DefiKernel.Nary.Examples.f18Bounds
              DefiKernel.Nary.Examples.f18Initial DefiKernel.Nary.Examples.f19Branches
              (List.cons.{0} 0 List.nil.{0})).world.state.balance
      DefiKernel.Interface.Examples.alice)
    4 ∧
  Eq.{1}
      ((DefiKernel.Nary.runPrefix DefiKernel.Nary.Examples.f18Cfg DefiKernel.Nary.Examples.f18Bounds
                DefiKernel.Nary.Examples.f18Initial DefiKernel.Nary.Examples.f19Branches
                (List.cons.{0} 0 List.nil.{0})).world.state.balance
        DefiKernel.Interface.Examples.bob)
      5 ∧
    Eq.{1}
        ((DefiKernel.Nary.runPrefix DefiKernel.Nary.Examples.f18Cfg DefiKernel.Nary.Examples.f18Bounds
                  DefiKernel.Nary.Examples.f18Initial DefiKernel.Nary.Examples.f19Branches
                  (List.cons.{0} 0 List.nil.{0})).world.state.balance
          DefiKernel.Interface.Examples.carol)
        1 ∧
      Eq.{1}
        (DefiKernel.Interface.balanceSum DefiKernel.Nary.Examples.f18Region
          (DefiKernel.Nary.runPrefix DefiKernel.Nary.Examples.f18Cfg DefiKernel.Nary.Examples.f18Bounds
                DefiKernel.Nary.Examples.f18Initial DefiKernel.Nary.Examples.f19Branches
                (List.cons.{0} 0 List.nil.{0})).world.state)
        10
'DefiKernel.Nary.InterfaceInstances.f19_balances' depends on axioms: [propext, Classical.choice.{u}, Quot.sound.{u}]
DefiKernel.Nary.InterfaceInstances.f19_local_index0 : Eq.{1}
    ((DefiKernel.Nary.runPrefix DefiKernel.Nary.Examples.f18Cfg DefiKernel.Nary.Examples.f18Bounds
            DefiKernel.Nary.Examples.f18Initial DefiKernel.Nary.Examples.f19Branches
            (List.cons.{0} 0 List.nil.{0})).locals
        0).nextIndex
    1 ∧
  Eq.{1}
    (Option.map.{0, 0} (fun e => e.index)
      (List.head?.{0}
        ((DefiKernel.Nary.runPrefix DefiKernel.Nary.Examples.f18Cfg DefiKernel.Nary.Examples.f18Bounds
                DefiKernel.Nary.Examples.f18Initial DefiKernel.Nary.Examples.f19Branches
                (List.cons.{0} 0 List.nil.{0})).locals
            0).events))
    (some.{0} 0)
'DefiKernel.Nary.InterfaceInstances.f19_local_index0' depends on axioms: [propext, Classical.choice.{u}, Quot.sound.{u}]
DefiKernel.Nary.InterfaceInstances.f19_query : Eq.{1}
  (DefiKernel.Interface.checkBindings DefiKernel.Nary.Examples.f18Cfg DefiKernel.Nary.Examples.f18Edges
    (DefiKernel.Nary.runPrefix DefiKernel.Nary.Examples.f18Cfg DefiKernel.Nary.Examples.f18Bounds
          DefiKernel.Nary.Examples.f18Initial DefiKernel.Nary.Examples.f19Branches
          (List.cons.{0} 0 List.nil.{0})).world.state)
  (Except.error.{0, 0}
    (DefiKernel.Interface.BindingFailure.unequal 0 (DefiKernel.Interface.Examples.name 0)
      (DefiKernel.Interface.Examples.name 1) 4 5))
'DefiKernel.Nary.InterfaceInstances.f19_query' depends on axioms: [propext, Classical.choice.{u}, Quot.sound.{u}]
DefiKernel.Nary.InterfaceInstances.f11_execute : Eq.{1}
  (DefiKernel.Composition.executeStep DefiKernel.Nary.Examples.fundedCfg DefiKernel.Nary.Examples.vaultBound 0
    List.nil.{0} (DefiKernel.Composition.Step.invoke DefiKernel.Nary.Examples.inv14)
    DefiKernel.Nary.Examples.f11Initial)
  (Except.ok.{0, 0} (DefiKernel.Nary.Examples.sr DefiKernel.Nary.Examples.f11After DefiKernel.Nary.Examples.rec14))
'DefiKernel.Nary.InterfaceInstances.f11_execute' depends on axioms: [propext, Classical.choice.{u}, Quot.sound.{u}]
DefiKernel.Nary.InterfaceInstances.f13_execute : Eq.{1}
  (DefiKernel.Composition.executeStep DefiKernel.Nary.Examples.fundedCfg DefiKernel.Nary.Examples.vaultBound 0
    List.nil.{0} (DefiKernel.Composition.Step.invoke DefiKernel.Nary.Examples.inv21)
    DefiKernel.Nary.Examples.f13Initial)
  (Except.ok.{0, 0} (DefiKernel.Nary.Examples.sr DefiKernel.Nary.Examples.f13After DefiKernel.Nary.Examples.rec21))
'DefiKernel.Nary.InterfaceInstances.f13_execute' depends on axioms: [propext, Classical.choice.{u}, Quot.sound.{u}]
DefiKernel.Nary.InterfaceInstances.f14_execute : Eq.{1}
  (DefiKernel.Composition.executeStep DefiKernel.Nary.Examples.fundedCfg DefiKernel.Nary.Examples.vaultBound 0
    List.nil.{0} (DefiKernel.Composition.Step.invoke DefiKernel.Nary.Examples.inv17)
    DefiKernel.Nary.Examples.f14Initial)
  (Except.ok.{0, 0} (DefiKernel.Nary.Examples.sr DefiKernel.Nary.Examples.f14Initial DefiKernel.Nary.Examples.rec17))
'DefiKernel.Nary.InterfaceInstances.f14_execute' depends on axioms: [propext, Classical.choice.{u}, Quot.sound.{u}]
DefiKernel.Nary.InterfaceInstances.f11_catalog_valid : Eq.{1}
  (DefiKernel.Composition.validateCatalog DefiKernel.Nary.Examples.fundedCfg.registry
    DefiKernel.Nary.Examples.fundedCfg.catalog)
  true
'DefiKernel.Nary.InterfaceInstances.f11_catalog_valid' depends on axioms: [propext, Quot.sound.{u}]
DefiKernel.Nary.InterfaceInstances.f11_vaults : Eq.{1}
    (DefiKernel.Nary.Examples.f11Initial.state.balance DefiKernel.Nary.Examples.vaultC) 10 ∧
  Eq.{1} (DefiKernel.Nary.Examples.f11After.state.balance DefiKernel.Nary.Examples.vaultC) 3 ∧
    Eq.{1} (DefiKernel.Nary.Examples.f11After.state.balance DefiKernel.Nary.Examples.recipientC) 7
'DefiKernel.Nary.InterfaceInstances.f11_vaults' depends on axioms: [propext, Classical.choice.{u}, Quot.sound.{u}]
DefiKernel.Nary.InterfaceInstances.f11_initialized_reserve : DefiKernel.Nary.InterfaceInstances.vaultReserve 4 0
  DefiKernel.Nary.Examples.f11Initial.state
'DefiKernel.Nary.InterfaceInstances.f11_initialized_reserve' depends on axioms: [propext,
 Classical.choice.{u},
 Quot.sound.{u}]
DefiKernel.Nary.InterfaceInstances.f11_post_not_reserve : ¬DefiKernel.Nary.InterfaceInstances.vaultReserve 4 0
    DefiKernel.Nary.Examples.f11After.state
'DefiKernel.Nary.InterfaceInstances.f11_post_not_reserve' depends on axioms: [propext,
 Classical.choice.{u},
 Quot.sound.{u}]
DefiKernel.Nary.InterfaceInstances.f11_nonneg : LE.le.{0} 0
    (DefiKernel.Nary.Examples.f11After.state.balance DefiKernel.Nary.Examples.vaultC) ∧
  LE.le.{0} 0 (DefiKernel.Nary.Examples.f11After.state.balance DefiKernel.Nary.Examples.recipientC)
'DefiKernel.Nary.InterfaceInstances.f11_nonneg' depends on axioms: [propext, Classical.choice.{u}, Quot.sound.{u}]
DefiKernel.Nary.InterfaceInstances.f11_advance : Eq.{1}
  (DefiKernel.Nary.advance DefiKernel.Nary.Examples.fundedCfg DefiKernel.Nary.Examples.f11Bounds
    DefiKernel.Nary.Examples.f11Branches (DefiKernel.Nary.start DefiKernel.Nary.Examples.f11Initial) 0)
  ((DefiKernel.Nary.start DefiKernel.Nary.Examples.f11Initial).accept 0 DefiKernel.Nary.Examples.inv14
    (DefiKernel.Nary.Examples.sr DefiKernel.Nary.Examples.f11After DefiKernel.Nary.Examples.rec14))
'DefiKernel.Nary.InterfaceInstances.f11_advance' depends on axioms: [propext, Classical.choice.{u}, Quot.sound.{u}]
DefiKernel.Nary.InterfaceInstances.f11_runPrefix : Eq.{1}
  (DefiKernel.Nary.runPrefix DefiKernel.Nary.Examples.fundedCfg DefiKernel.Nary.Examples.f11Bounds
    DefiKernel.Nary.Examples.f11Initial DefiKernel.Nary.Examples.f11Branches (List.cons.{0} 0 List.nil.{0}))
  ((DefiKernel.Nary.start DefiKernel.Nary.Examples.f11Initial).accept 0 DefiKernel.Nary.Examples.inv14
    (DefiKernel.Nary.Examples.sr DefiKernel.Nary.Examples.f11After DefiKernel.Nary.Examples.rec14))
'DefiKernel.Nary.InterfaceInstances.f11_runPrefix' depends on axioms: [propext, Classical.choice.{u}, Quot.sound.{u}]
DefiKernel.Nary.InterfaceInstances.f11_outcome : Eq.{1}
    ((DefiKernel.Nary.runPrefix DefiKernel.Nary.Examples.fundedCfg DefiKernel.Nary.Examples.f11Bounds
              DefiKernel.Nary.Examples.f11Initial DefiKernel.Nary.Examples.f11Branches
              (List.cons.{0} 0 List.nil.{0})).world.state.balance
      DefiKernel.Nary.Examples.vaultC)
    3 ∧
  Eq.{1}
    ((DefiKernel.Nary.runPrefix DefiKernel.Nary.Examples.fundedCfg DefiKernel.Nary.Examples.f11Bounds
              DefiKernel.Nary.Examples.f11Initial DefiKernel.Nary.Examples.f11Branches
              (List.cons.{0} 0 List.nil.{0})).world.state.balance
      DefiKernel.Nary.Examples.recipientC)
    7
'DefiKernel.Nary.InterfaceInstances.f11_outcome' depends on axioms: [propext, Classical.choice.{u}, Quot.sound.{u}]
DefiKernel.Nary.InterfaceInstances.f11_not_reserve_obligation : ¬DefiKernel.Nary.LocalObligation
    DefiKernel.Nary.Examples.fundedCfg DefiKernel.Nary.Examples.f11Bounds DefiKernel.Nary.Examples.f11Branches
    (DefiKernel.Nary.InterfaceInstances.vaultReserve 4) fun x x_1 x_2 => True
'DefiKernel.Nary.InterfaceInstances.f11_not_reserve_obligation' depends on axioms: [propext,
 Classical.choice.{u},
 Quot.sound.{u}]
DefiKernel.Nary.InterfaceInstances.f13_vaults : Eq.{1}
    (DefiKernel.Nary.Examples.f13Initial.state.balance DefiKernel.Nary.Examples.vaultC) 10 ∧
  Eq.{1} (DefiKernel.Nary.Examples.f13After.state.balance DefiKernel.Nary.Examples.vaultC) 3
'DefiKernel.Nary.InterfaceInstances.f13_vaults' depends on axioms: [propext, Classical.choice.{u}, Quot.sound.{u}]
DefiKernel.Nary.InterfaceInstances.f13_deposit_stable : DefiKernel.Nary.Stable
  (DefiKernel.Nary.InterfaceInstances.vaultReserve 4) DefiKernel.Nary.InterfaceInstances.depositRely
'DefiKernel.Nary.InterfaceInstances.f13_deposit_stable' depends on axioms: [propext,
 Classical.choice.{u},
 Quot.sound.{u}]
DefiKernel.Nary.InterfaceInstances.f13_not_deposit_rely : ¬DefiKernel.Nary.InterfaceInstances.depositRely 1
    DefiKernel.Nary.Examples.f13Initial.state DefiKernel.Nary.Examples.f13After.state
'DefiKernel.Nary.InterfaceInstances.f13_not_deposit_rely' depends on axioms: [propext,
 Classical.choice.{u},
 Quot.sound.{u}]
DefiKernel.Nary.InterfaceInstances.f13_advance : Eq.{1}
  (DefiKernel.Nary.advance DefiKernel.Nary.Examples.fundedCfg DefiKernel.Nary.Examples.f13Bounds
    DefiKernel.Nary.Examples.f13Branches (DefiKernel.Nary.start DefiKernel.Nary.Examples.f13Initial) 1)
  ((DefiKernel.Nary.start DefiKernel.Nary.Examples.f13Initial).accept 1 DefiKernel.Nary.Examples.inv21
    (DefiKernel.Nary.Examples.sr DefiKernel.Nary.Examples.f13After DefiKernel.Nary.Examples.rec21))
'DefiKernel.Nary.InterfaceInstances.f13_advance' depends on axioms: [propext, Classical.choice.{u}, Quot.sound.{u}]
DefiKernel.Nary.InterfaceInstances.f13_runPrefix : Eq.{1}
  (DefiKernel.Nary.runPrefix DefiKernel.Nary.Examples.fundedCfg DefiKernel.Nary.Examples.f13Bounds
    DefiKernel.Nary.Examples.f13Initial DefiKernel.Nary.Examples.f13Branches (List.cons.{0} 1 List.nil.{0}))
  ((DefiKernel.Nary.start DefiKernel.Nary.Examples.f13Initial).accept 1 DefiKernel.Nary.Examples.inv21
    (DefiKernel.Nary.Examples.sr DefiKernel.Nary.Examples.f13After DefiKernel.Nary.Examples.rec21))
'DefiKernel.Nary.InterfaceInstances.f13_runPrefix' depends on axioms: [propext, Classical.choice.{u}, Quot.sound.{u}]
DefiKernel.Nary.InterfaceInstances.f13_post_not_reserve : ¬DefiKernel.Nary.InterfaceInstances.vaultReserve 4 0
    DefiKernel.Nary.Examples.f13After.state
'DefiKernel.Nary.InterfaceInstances.f13_post_not_reserve' depends on axioms: [propext,
 Classical.choice.{u},
 Quot.sound.{u}]
DefiKernel.Nary.InterfaceInstances.f13_outcome : Eq.{1}
    ((DefiKernel.Nary.runPrefix DefiKernel.Nary.Examples.fundedCfg DefiKernel.Nary.Examples.f13Bounds
              DefiKernel.Nary.Examples.f13Initial DefiKernel.Nary.Examples.f13Branches
              (List.cons.{0} 1 List.nil.{0})).world.state.balance
      DefiKernel.Nary.Examples.vaultC)
    3 ∧
  ¬DefiKernel.Nary.InterfaceInstances.vaultReserve 4 0
      (DefiKernel.Nary.runPrefix DefiKernel.Nary.Examples.fundedCfg DefiKernel.Nary.Examples.f13Bounds
            DefiKernel.Nary.Examples.f13Initial DefiKernel.Nary.Examples.f13Branches
            (List.cons.{0} 1 List.nil.{0})).world.state
'DefiKernel.Nary.InterfaceInstances.f13_outcome' depends on axioms: [propext, Classical.choice.{u}, Quot.sound.{u}]
DefiKernel.Nary.InterfaceInstances.f13_peer_not_covered : DefiKernel.Nary.InterfaceInstances.vaultReserve 4 0
    DefiKernel.Nary.Examples.f13Initial.state ∧
  DefiKernel.Nary.Stable (DefiKernel.Nary.InterfaceInstances.vaultReserve 4)
      DefiKernel.Nary.InterfaceInstances.depositRely ∧
    ¬DefiKernel.Nary.InterfaceInstances.depositRely 1 DefiKernel.Nary.Examples.f13Initial.state
        (DefiKernel.Nary.runPrefix DefiKernel.Nary.Examples.fundedCfg DefiKernel.Nary.Examples.f13Bounds
              DefiKernel.Nary.Examples.f13Initial DefiKernel.Nary.Examples.f13Branches
              (List.cons.{0} 1 List.nil.{0})).world.state
'DefiKernel.Nary.InterfaceInstances.f13_peer_not_covered' depends on axioms: [propext,
 Classical.choice.{u},
 Quot.sound.{u}]
DefiKernel.Nary.InterfaceInstances.f14_vault : Eq.{1}
  (DefiKernel.Nary.Examples.f14Initial.state.balance DefiKernel.Nary.Examples.vaultC) 3
'DefiKernel.Nary.InterfaceInstances.f14_vault' depends on axioms: [propext, Classical.choice.{u}, Quot.sound.{u}]
DefiKernel.Nary.InterfaceInstances.f14_not_initialized : ¬DefiKernel.Nary.InterfaceInstances.vaultReserve 4 0
    DefiKernel.Nary.Examples.f14Initial.state
'DefiKernel.Nary.InterfaceInstances.f14_not_initialized' depends on axioms: [propext,
 Classical.choice.{u},
 Quot.sound.{u}]
@DefiKernel.Nary.InterfaceInstances.f14_identity_receipt : ∀
  {b : DefiKernel.Composition.Boundary DefiKernel.Nary.Examples.P DefiKernel.Nary.Examples.A DefiKernel.Nary.Examples.D}
  {index : ℕ} {history : List.{0} (DefiKernel.Composition.OutputObservation DefiKernel.Nary.Examples.A)}
  {pre : DefiKernel.Nary.Examples.W} {result : DefiKernel.Nary.Examples.SR},
  Eq.{1}
      (DefiKernel.Composition.executeStep DefiKernel.Nary.Examples.fundedCfg b index history
        (DefiKernel.Composition.Step.invoke DefiKernel.Nary.Examples.inv17) pre)
      (Except.ok.{0, 0} result) →
    Eq.{1} result.receipt DefiKernel.Nary.Examples.rec17
'DefiKernel.Nary.InterfaceInstances.f14_identity_receipt' depends on axioms: [propext,
 Classical.choice.{u},
 Quot.sound.{u}]
@DefiKernel.Nary.InterfaceInstances.f14_identity_cell : ∀
  {b : DefiKernel.Composition.Boundary DefiKernel.Nary.Examples.P DefiKernel.Nary.Examples.A DefiKernel.Nary.Examples.D}
  {index : ℕ} {history : List.{0} (DefiKernel.Composition.OutputObservation DefiKernel.Nary.Examples.A)}
  {pre : DefiKernel.Nary.Examples.W} {result : DefiKernel.Nary.Examples.SR},
  Eq.{1}
      (DefiKernel.Composition.executeStep DefiKernel.Nary.Examples.fundedCfg b index history
        (DefiKernel.Composition.Step.invoke DefiKernel.Nary.Examples.inv17) pre)
      (Except.ok.{0, 0} result) →
    ∀ (cell : DefiKernel.Typed.Cell DefiKernel.Nary.Examples.P DefiKernel.Nary.Examples.A DefiKernel.Nary.Examples.D),
      Eq.{1} (result.world.state.balance cell) (pre.state.balance cell)
'DefiKernel.Nary.InterfaceInstances.f14_identity_cell' depends on axioms: [propext,
 Classical.choice.{u},
 Quot.sound.{u}]
DefiKernel.Nary.InterfaceInstances.f14_branch_inv : ∀ (b : Fin 3),
  Eq.{1} (DefiKernel.Nary.Examples.f14Branches b) (List.cons.{0} DefiKernel.Nary.Examples.inv17 List.nil.{0})
'DefiKernel.Nary.InterfaceInstances.f14_branch_inv' depends on axioms: [propext]
DefiKernel.Nary.InterfaceInstances.f14_identity_obligation : DefiKernel.Nary.LocalObligation
  DefiKernel.Nary.Examples.fundedCfg DefiKernel.Nary.Examples.f14Bounds DefiKernel.Nary.Examples.f14Branches
  (DefiKernel.Nary.InterfaceInstances.vaultReserve 4) DefiKernel.Nary.InterfaceInstances.identityGuarantee
'DefiKernel.Nary.InterfaceInstances.f14_identity_obligation' depends on axioms: [propext,
 Classical.choice.{u},
 Quot.sound.{u}]
DefiKernel.Nary.InterfaceInstances.f14_identity_cross : DefiKernel.Nary.CrossInclusion
  DefiKernel.Nary.InterfaceInstances.identityGuarantee DefiKernel.Nary.InterfaceInstances.identityGuarantee
'DefiKernel.Nary.InterfaceInstances.f14_identity_cross' depends on axioms: [propext, Quot.sound.{u}]
DefiKernel.Nary.InterfaceInstances.f14_identity_stable : DefiKernel.Nary.Stable
  (DefiKernel.Nary.InterfaceInstances.vaultReserve 4) DefiKernel.Nary.InterfaceInstances.identityGuarantee
'DefiKernel.Nary.InterfaceInstances.f14_identity_stable' depends on axioms: [propext, Quot.sound.{u}]
DefiKernel.Nary.InterfaceInstances.f14_advance : ∀ (b : Fin 3),
  Eq.{1}
    (DefiKernel.Nary.advance DefiKernel.Nary.Examples.fundedCfg DefiKernel.Nary.Examples.f14Bounds
      DefiKernel.Nary.Examples.f14Branches (DefiKernel.Nary.start DefiKernel.Nary.Examples.f14Initial) b)
    ((DefiKernel.Nary.start DefiKernel.Nary.Examples.f14Initial).accept b DefiKernel.Nary.Examples.inv17
      (DefiKernel.Nary.Examples.sr DefiKernel.Nary.Examples.f14Initial DefiKernel.Nary.Examples.rec17))
'DefiKernel.Nary.InterfaceInstances.f14_advance' depends on axioms: [propext, Classical.choice.{u}, Quot.sound.{u}]
DefiKernel.Nary.InterfaceInstances.f14_first : Eq.{1}
  (DefiKernel.Nary.runPrefix DefiKernel.Nary.Examples.fundedCfg DefiKernel.Nary.Examples.f14Bounds
    DefiKernel.Nary.Examples.f14Initial DefiKernel.Nary.Examples.f14Branches (List.cons.{0} 0 List.nil.{0}))
  ((DefiKernel.Nary.start DefiKernel.Nary.Examples.f14Initial).accept 0 DefiKernel.Nary.Examples.inv17
    (DefiKernel.Nary.Examples.sr DefiKernel.Nary.Examples.f14Initial DefiKernel.Nary.Examples.rec17))
'DefiKernel.Nary.InterfaceInstances.f14_first' depends on axioms: [propext, Classical.choice.{u}, Quot.sound.{u}]
DefiKernel.Nary.InterfaceInstances.f14_stays_uninitialized : Eq.{1}
    ((DefiKernel.Nary.runPrefix DefiKernel.Nary.Examples.fundedCfg DefiKernel.Nary.Examples.f14Bounds
              DefiKernel.Nary.Examples.f14Initial DefiKernel.Nary.Examples.f14Branches
              (List.cons.{0} 0 List.nil.{0})).world.state.balance
      DefiKernel.Nary.Examples.vaultC)
    3 ∧
  ¬DefiKernel.Nary.InterfaceInstances.vaultReserve 4 0
      (DefiKernel.Nary.runPrefix DefiKernel.Nary.Examples.fundedCfg DefiKernel.Nary.Examples.f14Bounds
            DefiKernel.Nary.Examples.f14Initial DefiKernel.Nary.Examples.f14Branches
            (List.cons.{0} 0 List.nil.{0})).world.state
'DefiKernel.Nary.InterfaceInstances.f14_stays_uninitialized' depends on axioms: [propext,
 Classical.choice.{u},
 Quot.sound.{u}]
DefiKernel.Nary.InterfaceInstances.f14_remaining_premises : DefiKernel.Nary.LocalObligation
    DefiKernel.Nary.Examples.fundedCfg DefiKernel.Nary.Examples.f14Bounds DefiKernel.Nary.Examples.f14Branches
    (DefiKernel.Nary.InterfaceInstances.vaultReserve 4) DefiKernel.Nary.InterfaceInstances.identityGuarantee ∧
  DefiKernel.Nary.CrossInclusion DefiKernel.Nary.InterfaceInstances.identityGuarantee
      DefiKernel.Nary.InterfaceInstances.identityGuarantee ∧
    DefiKernel.Nary.Stable (DefiKernel.Nary.InterfaceInstances.vaultReserve 4)
        DefiKernel.Nary.InterfaceInstances.identityGuarantee ∧
      ¬DefiKernel.Nary.InterfaceInstances.vaultReserve 4 0 DefiKernel.Nary.Examples.f14Initial.state ∧
        Eq.{1}
          ((DefiKernel.Nary.runPrefix DefiKernel.Nary.Examples.fundedCfg DefiKernel.Nary.Examples.f14Bounds
                    DefiKernel.Nary.Examples.f14Initial DefiKernel.Nary.Examples.f14Branches
                    List.nil.{0}).world.state.balance
            DefiKernel.Nary.Examples.vaultC)
          3
'DefiKernel.Nary.InterfaceInstances.f14_remaining_premises' depends on axioms: [propext,
 Classical.choice.{u},
 Quot.sound.{u}]
DefiKernel.Nary.InterfaceInstances.f15_false_circular : (DefiKernel.Nary.Examples.f15Left →
    DefiKernel.Nary.Examples.f15Right) ∧
  (DefiKernel.Nary.Examples.f15Right → DefiKernel.Nary.Examples.f15Left) ∧
    ¬DefiKernel.Nary.Examples.f15Left ∧ ¬DefiKernel.Nary.Examples.f15Right
'DefiKernel.Nary.InterfaceInstances.f15_false_circular' does not depend on any axioms
DefiKernel.Nary.InterfaceInstances.f15_implications_do_not_initialize : (DefiKernel.Nary.Examples.f15Left →
    DefiKernel.Nary.Examples.f15Right) ∧
  (DefiKernel.Nary.Examples.f15Right → DefiKernel.Nary.Examples.f15Left) ∧
    ¬DefiKernel.Nary.Examples.f15Left ∧
      ¬DefiKernel.Nary.InterfaceInstances.vaultReserve 4 0 DefiKernel.Nary.Examples.f14Initial.state
'DefiKernel.Nary.InterfaceInstances.f15_implications_do_not_initialize' depends on axioms: [propext,
 Classical.choice.{u},
 Quot.sound.{u}]
@DefiKernel.Nary.InterfaceInstances.admit_exists_of_isOk : ∀ {Q R S : Type} [inst : DecidableEq.{1} Q]
  [inst_1 : DecidableEq.{1} R] [inst_2 : DecidableEq.{1} S] [Fintype.{0} Q] [Fintype.{0} R] [Fintype.{0} S]
  {cfg : DefiKernel.Composition.Config Q R S} {roster : DefiKernel.Nary.Roster (Fin 3)}
  {boundaries : DefiKernel.Nary.Boundaries (Fin 3) Q R S} {branches : DefiKernel.Nary.Branches (Fin 3) Q R S}
  {schedule : DefiKernel.Nary.Schedule (Fin 3)},
  Eq.{1} (Except.isOk.{0, 0} (DefiKernel.Nary.admit cfg roster boundaries branches schedule)) true →
    ∃ fps, Eq.{1} (DefiKernel.Nary.admit cfg roster boundaries branches schedule) (Except.ok.{0, 0} fps)
'DefiKernel.Nary.InterfaceInstances.admit_exists_of_isOk' depends on axioms: [propext,
 Classical.choice.{u},
 Quot.sound.{u}]
@DefiKernel.Nary.InterfaceInstances.runNary_executed_of_isOk : ∀ {Q R S : Type} [inst : DecidableEq.{1} Q]
  [inst_1 : DecidableEq.{1} R] [inst_2 : DecidableEq.{1} S] [inst_3 : Fintype.{0} Q] [inst_4 : Fintype.{0} R]
  [inst_5 : Fintype.{0} S] {cfg : DefiKernel.Composition.Config Q R S} {roster : DefiKernel.Nary.Roster (Fin 3)}
  {boundaries : DefiKernel.Nary.Boundaries (Fin 3) Q R S} {initial : DefiKernel.Composition.World Q R S}
  {branches : DefiKernel.Nary.Branches (Fin 3) Q R S} {schedule : DefiKernel.Nary.Schedule (Fin 3)},
  Eq.{1} (Except.isOk.{0, 0} (DefiKernel.Nary.admit cfg roster boundaries branches schedule)) true →
    Eq.{1} (DefiKernel.Nary.runNary cfg roster boundaries initial branches schedule)
      (DefiKernel.Nary.Result.executed schedule (DefiKernel.Nary.runPrefix cfg boundaries initial branches schedule))
'DefiKernel.Nary.InterfaceInstances.runNary_executed_of_isOk' depends on axioms: [propext,
 Classical.choice.{u},
 Quot.sound.{u}]
@DefiKernel.Nary.InterfaceInstances.f18_admit_isOk : ∀ {s : List.{0} (Fin 3)},
  Membership.mem.{0, 0} DefiKernel.Nary.Examples.f18Schedules s →
    Eq.{1}
      (Except.isOk.{0, 0}
        (DefiKernel.Nary.admit DefiKernel.Nary.Examples.f18Cfg DefiKernel.Nary.Examples.f18Roster
          DefiKernel.Nary.Examples.f18Bounds DefiKernel.Nary.Examples.f18Branches s))
      true
'DefiKernel.Nary.InterfaceInstances.f18_admit_isOk' depends on axioms: [propext, Quot.sound.{u}]
@DefiKernel.Nary.InterfaceInstances.f18_admit_ok : ∀ {s : List.{0} (Fin 3)},
  Membership.mem.{0, 0} DefiKernel.Nary.Examples.f18Schedules s →
    Eq.{1}
        (DefiKernel.Composition.validateCatalog DefiKernel.Nary.Examples.f18Cfg.registry
          DefiKernel.Nary.Examples.f18Cfg.catalog)
        true ∧
      (∃ fps,
          Eq.{1}
            (DefiKernel.Nary.analyzeAll DefiKernel.Nary.Examples.f18Cfg DefiKernel.Nary.Examples.f18Bounds
              DefiKernel.Nary.Examples.f18Branches DefiKernel.Nary.Examples.f18Roster.order)
            (Except.ok.{0, 0} fps)) ∧
        DefiKernel.Nary.Complete DefiKernel.Nary.Examples.f18Branches s
'DefiKernel.Nary.InterfaceInstances.f18_admit_ok' depends on axioms: [propext, Classical.choice.{u}, Quot.sound.{u}]
@DefiKernel.Nary.InterfaceInstances.f18_runNary_prefix : ∀ {s : List.{0} (Fin 3)},
  Membership.mem.{0, 0} DefiKernel.Nary.Examples.f18Schedules s →
    Eq.{1}
      (DefiKernel.Nary.runNary DefiKernel.Nary.Examples.f18Cfg DefiKernel.Nary.Examples.f18Roster
        DefiKernel.Nary.Examples.f18Bounds DefiKernel.Nary.Examples.f18Initial DefiKernel.Nary.Examples.f18Branches s)
      (DefiKernel.Nary.Result.executed s
        (DefiKernel.Nary.runPrefix DefiKernel.Nary.Examples.f18Cfg DefiKernel.Nary.Examples.f18Bounds
          DefiKernel.Nary.Examples.f18Initial DefiKernel.Nary.Examples.f18Branches s))
'DefiKernel.Nary.InterfaceInstances.f18_runNary_prefix' depends on axioms: [propext,
 Classical.choice.{u},
 Quot.sound.{u}]
@DefiKernel.Nary.InterfaceInstances.f18_prefix_eq_expected : ∀ {s : List.{0} (Fin 3)},
  Membership.mem.{0, 0} DefiKernel.Nary.Examples.f18Schedules s →
    Eq.{1}
      (DefiKernel.Nary.runPrefix DefiKernel.Nary.Examples.f18Cfg DefiKernel.Nary.Examples.f18Bounds
        DefiKernel.Nary.Examples.f18Initial DefiKernel.Nary.Examples.f18Branches s)
      (DefiKernel.Nary.Examples.expectedF18 s)
'DefiKernel.Nary.InterfaceInstances.f18_prefix_eq_expected' depends on axioms: [propext,
 Classical.choice.{u},
 Quot.sound.{u}]
@DefiKernel.Nary.InterfaceInstances.f18_runNary_expected : ∀ {s : List.{0} (Fin 3)},
  Membership.mem.{0, 0} DefiKernel.Nary.Examples.f18Schedules s →
    Eq.{1}
      (DefiKernel.Nary.runNary DefiKernel.Nary.Examples.f18Cfg DefiKernel.Nary.Examples.f18Roster
        DefiKernel.Nary.Examples.f18Bounds DefiKernel.Nary.Examples.f18Initial DefiKernel.Nary.Examples.f18Branches s)
      (DefiKernel.Nary.Result.executed s (DefiKernel.Nary.Examples.expectedF18 s))
'DefiKernel.Nary.InterfaceInstances.f18_runNary_expected' depends on axioms: [propext,
 Classical.choice.{u},
 Quot.sound.{u}]
@DefiKernel.Nary.InterfaceInstances.f18_runNary_world : ∀ {s : List.{0} (Fin 3)},
  Membership.mem.{0, 0} DefiKernel.Nary.Examples.f18Schedules s →
    match
      DefiKernel.Nary.runNary DefiKernel.Nary.Examples.f18Cfg DefiKernel.Nary.Examples.f18Roster
        DefiKernel.Nary.Examples.f18Bounds DefiKernel.Nary.Examples.f18Initial DefiKernel.Nary.Examples.f18Branches
        s with
    | DefiKernel.Nary.Result.executed sched m =>
      Eq.{1} sched s ∧
        Eq.{1} m.world (DefiKernel.Nary.Examples.f18WorldAfter 3) ∧
          DefiKernel.Interface.TypedTotalContract DefiKernel.Nary.Examples.f18Region
              DefiKernel.Nary.InterfaceInstances.f18ValueFn m.world.state ∧
            DefiKernel.Interface.Agrees DefiKernel.Nary.Examples.f18Cfg.catalog DefiKernel.Nary.Examples.f18Edges
              m.world.state
    | DefiKernel.Nary.Result.refused reason world schedule => False
'DefiKernel.Nary.InterfaceInstances.f18_runNary_world' depends on axioms: [propext,
 Classical.choice.{u},
 Quot.sound.{u}]
DefiKernel.Nary.InterfaceInstances.f11_admit_isOk : Eq.{1}
  (Except.isOk.{0, 0}
    (DefiKernel.Nary.admit DefiKernel.Nary.Examples.fundedCfg DefiKernel.Nary.Examples.fin3Roster
      DefiKernel.Nary.Examples.f11Bounds DefiKernel.Nary.Examples.f11Branches (List.cons.{0} 0 List.nil.{0})))
  true
'DefiKernel.Nary.InterfaceInstances.f11_admit_isOk' depends on axioms: [propext, Quot.sound.{u}]
DefiKernel.Nary.InterfaceInstances.f11_admit_ok : Eq.{1}
    (DefiKernel.Composition.validateCatalog DefiKernel.Nary.Examples.fundedCfg.registry
      DefiKernel.Nary.Examples.fundedCfg.catalog)
    true ∧
  (∃ fps,
      Eq.{1}
        (DefiKernel.Nary.analyzeAll DefiKernel.Nary.Examples.fundedCfg DefiKernel.Nary.Examples.f11Bounds
          DefiKernel.Nary.Examples.f11Branches DefiKernel.Nary.Examples.fin3Roster.order)
        (Except.ok.{0, 0} fps)) ∧
    DefiKernel.Nary.Complete DefiKernel.Nary.Examples.f11Branches (List.cons.{0} 0 List.nil.{0})
'DefiKernel.Nary.InterfaceInstances.f11_admit_ok' depends on axioms: [propext, Classical.choice.{u}, Quot.sound.{u}]
DefiKernel.Nary.InterfaceInstances.f11_runNary_prefix : Eq.{1}
  (DefiKernel.Nary.runNary DefiKernel.Nary.Examples.fundedCfg DefiKernel.Nary.Examples.fin3Roster
    DefiKernel.Nary.Examples.f11Bounds DefiKernel.Nary.Examples.f11Initial DefiKernel.Nary.Examples.f11Branches
    (List.cons.{0} 0 List.nil.{0}))
  (DefiKernel.Nary.Result.executed (List.cons.{0} 0 List.nil.{0})
    (DefiKernel.Nary.runPrefix DefiKernel.Nary.Examples.fundedCfg DefiKernel.Nary.Examples.f11Bounds
      DefiKernel.Nary.Examples.f11Initial DefiKernel.Nary.Examples.f11Branches (List.cons.{0} 0 List.nil.{0})))
'DefiKernel.Nary.InterfaceInstances.f11_runNary_prefix' depends on axioms: [propext,
 Classical.choice.{u},
 Quot.sound.{u}]
DefiKernel.Nary.InterfaceInstances.f11_prefix_eq_expected : Eq.{1}
  (DefiKernel.Nary.runPrefix DefiKernel.Nary.Examples.fundedCfg DefiKernel.Nary.Examples.f11Bounds
    DefiKernel.Nary.Examples.f11Initial DefiKernel.Nary.Examples.f11Branches (List.cons.{0} 0 List.nil.{0}))
  DefiKernel.Nary.Examples.f11Expected
'DefiKernel.Nary.InterfaceInstances.f11_prefix_eq_expected' depends on axioms: [propext,
 Classical.choice.{u},
 Quot.sound.{u}]
DefiKernel.Nary.InterfaceInstances.f11_runNary_expected : Eq.{1}
  (DefiKernel.Nary.runNary DefiKernel.Nary.Examples.fundedCfg DefiKernel.Nary.Examples.fin3Roster
    DefiKernel.Nary.Examples.f11Bounds DefiKernel.Nary.Examples.f11Initial DefiKernel.Nary.Examples.f11Branches
    (List.cons.{0} 0 List.nil.{0}))
  (DefiKernel.Nary.Result.executed (List.cons.{0} 0 List.nil.{0}) DefiKernel.Nary.Examples.f11Expected)
'DefiKernel.Nary.InterfaceInstances.f11_runNary_expected' depends on axioms: [propext,
 Classical.choice.{u},
 Quot.sound.{u}]
DefiKernel.Nary.InterfaceInstances.f11_runNary_outcome : match
  DefiKernel.Nary.runNary DefiKernel.Nary.Examples.fundedCfg DefiKernel.Nary.Examples.fin3Roster
    DefiKernel.Nary.Examples.f11Bounds DefiKernel.Nary.Examples.f11Initial DefiKernel.Nary.Examples.f11Branches
    (List.cons.{0} 0 List.nil.{0}) with
| DefiKernel.Nary.Result.executed sched m =>
  Eq.{1} sched (List.cons.{0} 0 List.nil.{0}) ∧
    Eq.{1} (m.world.state.balance DefiKernel.Nary.Examples.vaultC) 3 ∧
      Eq.{1} (m.world.state.balance DefiKernel.Nary.Examples.recipientC) 7 ∧
        ¬DefiKernel.Nary.InterfaceInstances.vaultReserve 4 0 m.world.state
| DefiKernel.Nary.Result.refused reason world schedule => False
'DefiKernel.Nary.InterfaceInstances.f11_runNary_outcome' depends on axioms: [propext,
 Classical.choice.{u},
 Quot.sound.{u}]
DefiKernel.Nary.InterfaceInstances.f13_admit_isOk : Eq.{1}
  (Except.isOk.{0, 0}
    (DefiKernel.Nary.admit DefiKernel.Nary.Examples.fundedCfg DefiKernel.Nary.Examples.fin3Roster
      DefiKernel.Nary.Examples.f13Bounds DefiKernel.Nary.Examples.f13Branches (List.cons.{0} 1 List.nil.{0})))
  true
'DefiKernel.Nary.InterfaceInstances.f13_admit_isOk' depends on axioms: [propext, Quot.sound.{u}]
DefiKernel.Nary.InterfaceInstances.f13_admit_ok : Eq.{1}
    (DefiKernel.Composition.validateCatalog DefiKernel.Nary.Examples.fundedCfg.registry
      DefiKernel.Nary.Examples.fundedCfg.catalog)
    true ∧
  (∃ fps,
      Eq.{1}
        (DefiKernel.Nary.analyzeAll DefiKernel.Nary.Examples.fundedCfg DefiKernel.Nary.Examples.f13Bounds
          DefiKernel.Nary.Examples.f13Branches DefiKernel.Nary.Examples.fin3Roster.order)
        (Except.ok.{0, 0} fps)) ∧
    DefiKernel.Nary.Complete DefiKernel.Nary.Examples.f13Branches (List.cons.{0} 1 List.nil.{0})
'DefiKernel.Nary.InterfaceInstances.f13_admit_ok' depends on axioms: [propext, Classical.choice.{u}, Quot.sound.{u}]
DefiKernel.Nary.InterfaceInstances.f13_runNary_prefix : Eq.{1}
  (DefiKernel.Nary.runNary DefiKernel.Nary.Examples.fundedCfg DefiKernel.Nary.Examples.fin3Roster
    DefiKernel.Nary.Examples.f13Bounds DefiKernel.Nary.Examples.f13Initial DefiKernel.Nary.Examples.f13Branches
    (List.cons.{0} 1 List.nil.{0}))
  (DefiKernel.Nary.Result.executed (List.cons.{0} 1 List.nil.{0})
    (DefiKernel.Nary.runPrefix DefiKernel.Nary.Examples.fundedCfg DefiKernel.Nary.Examples.f13Bounds
      DefiKernel.Nary.Examples.f13Initial DefiKernel.Nary.Examples.f13Branches (List.cons.{0} 1 List.nil.{0})))
'DefiKernel.Nary.InterfaceInstances.f13_runNary_prefix' depends on axioms: [propext,
 Classical.choice.{u},
 Quot.sound.{u}]
DefiKernel.Nary.InterfaceInstances.f13_prefix_eq_expected : Eq.{1}
  (DefiKernel.Nary.runPrefix DefiKernel.Nary.Examples.fundedCfg DefiKernel.Nary.Examples.f13Bounds
    DefiKernel.Nary.Examples.f13Initial DefiKernel.Nary.Examples.f13Branches (List.cons.{0} 1 List.nil.{0}))
  DefiKernel.Nary.Examples.f13Expected
'DefiKernel.Nary.InterfaceInstances.f13_prefix_eq_expected' depends on axioms: [propext,
 Classical.choice.{u},
 Quot.sound.{u}]
DefiKernel.Nary.InterfaceInstances.f13_runNary_expected : Eq.{1}
  (DefiKernel.Nary.runNary DefiKernel.Nary.Examples.fundedCfg DefiKernel.Nary.Examples.fin3Roster
    DefiKernel.Nary.Examples.f13Bounds DefiKernel.Nary.Examples.f13Initial DefiKernel.Nary.Examples.f13Branches
    (List.cons.{0} 1 List.nil.{0}))
  (DefiKernel.Nary.Result.executed (List.cons.{0} 1 List.nil.{0}) DefiKernel.Nary.Examples.f13Expected)
'DefiKernel.Nary.InterfaceInstances.f13_runNary_expected' depends on axioms: [propext,
 Classical.choice.{u},
 Quot.sound.{u}]
DefiKernel.Nary.InterfaceInstances.f13_runNary_outcome : match
  DefiKernel.Nary.runNary DefiKernel.Nary.Examples.fundedCfg DefiKernel.Nary.Examples.fin3Roster
    DefiKernel.Nary.Examples.f13Bounds DefiKernel.Nary.Examples.f13Initial DefiKernel.Nary.Examples.f13Branches
    (List.cons.{0} 1 List.nil.{0}) with
| DefiKernel.Nary.Result.executed sched m =>
  Eq.{1} sched (List.cons.{0} 1 List.nil.{0}) ∧
    Eq.{1} (m.world.state.balance DefiKernel.Nary.Examples.vaultC) 3 ∧
      ¬DefiKernel.Nary.InterfaceInstances.vaultReserve 4 0 m.world.state
| DefiKernel.Nary.Result.refused reason world schedule => False
'DefiKernel.Nary.InterfaceInstances.f13_runNary_outcome' depends on axioms: [propext,
 Classical.choice.{u},
 Quot.sound.{u}]
DefiKernel.Nary.InterfaceInstances.f13_prepare : Eq.{1}
  (DefiKernel.Composition.prepareInvocation DefiKernel.Nary.Examples.fundedCfg DefiKernel.Nary.Examples.vaultBound 0
    List.nil.{0} DefiKernel.Nary.Examples.inv21)
  (Except.ok.{0, 0}
    (Prod.mk.{0, 0} { operation := { value := 21 }, inputs := List.nil.{0}, outputs := List.nil.{0} }
      { operation := { value := 21 }, parties := List.nil.{0}, arguments := List.nil.{0},
        capabilityIds := DefiKernel.Nary.Examples.ids (List.cons.{0} 0 (List.cons.{0} 1 List.nil.{0})) }))
'DefiKernel.Nary.InterfaceInstances.f13_prepare' depends on axioms: [propext, Quot.sound.{u}]
DefiKernel.Nary.InterfaceInstances.f13_access : ∃ component iface request template,
  Eq.{1}
      (DefiKernel.Composition.prepareInvocation DefiKernel.Nary.Examples.fundedCfg DefiKernel.Nary.Examples.vaultBound 0
        List.nil.{0} DefiKernel.Nary.Examples.inv21)
      (Except.ok.{0, 0} (Prod.mk.{0, 0} iface request)) ∧
    Eq.{1}
        (DefiKernel.Composition.lookupOperation DefiKernel.Nary.Examples.fundedCfg.catalog
          DefiKernel.Nary.Examples.inv21.component DefiKernel.Nary.Examples.inv21.operation)
        (some.{0} (Prod.mk.{0, 0} component iface)) ∧
      Eq.{1} (DefiKernel.Nary.Examples.fundedCfg.registry request.operation) (some.{0} template) ∧
        Eq.{1}
          (DefiKernel.Composition.checkAccess component template DefiKernel.Nary.Examples.vaultBound.ctx
            request.parties)
          (Except.ok.{0, 0} PUnit.unit.{1})
'DefiKernel.Nary.InterfaceInstances.f13_access' depends on axioms: [propext, Quot.sound.{u}]
DefiKernel.Nary.InterfaceInstances.f13_valid_authority_success : Eq.{1}
    (DefiKernel.Composition.validateCatalog DefiKernel.Nary.Examples.fundedCfg.registry
      DefiKernel.Nary.Examples.fundedCfg.catalog)
    true ∧
  Eq.{1}
      (DefiKernel.Composition.executeStep DefiKernel.Nary.Examples.fundedCfg DefiKernel.Nary.Examples.vaultBound 0
        List.nil.{0} (DefiKernel.Composition.Step.invoke DefiKernel.Nary.Examples.inv21)
        DefiKernel.Nary.Examples.f13Initial)
      (Except.ok.{0, 0}
        (DefiKernel.Nary.Examples.sr DefiKernel.Nary.Examples.f13After DefiKernel.Nary.Examples.rec21)) ∧
    ∃ component iface request template,
      Eq.{1}
          (DefiKernel.Composition.prepareInvocation DefiKernel.Nary.Examples.fundedCfg
            DefiKernel.Nary.Examples.vaultBound 0 List.nil.{0} DefiKernel.Nary.Examples.inv21)
          (Except.ok.{0, 0} (Prod.mk.{0, 0} iface request)) ∧
        Eq.{1}
            (DefiKernel.Composition.lookupOperation DefiKernel.Nary.Examples.fundedCfg.catalog
              DefiKernel.Nary.Examples.inv21.component DefiKernel.Nary.Examples.inv21.operation)
            (some.{0} (Prod.mk.{0, 0} component iface)) ∧
          Eq.{1} (DefiKernel.Nary.Examples.fundedCfg.registry request.operation) (some.{0} template) ∧
            Eq.{1}
              (DefiKernel.Composition.checkAccess component template DefiKernel.Nary.Examples.vaultBound.ctx
                request.parties)
              (Except.ok.{0, 0} PUnit.unit.{1})
'DefiKernel.Nary.InterfaceInstances.f13_valid_authority_success' depends on axioms: [propext,
 Classical.choice.{u},
 Quot.sound.{u}]
DefiKernel.Nary.InterfaceInstances.f13_not_stable_if_rely_covers : ∀
  (rely :
    Fin 3 →
      DefiKernel.Typed.State DefiKernel.Nary.Examples.P DefiKernel.Nary.Examples.A DefiKernel.Nary.Examples.D →
        DefiKernel.Typed.State DefiKernel.Nary.Examples.P DefiKernel.Nary.Examples.A DefiKernel.Nary.Examples.D → Prop),
  rely 0 DefiKernel.Nary.Examples.f13Initial.state DefiKernel.Nary.Examples.f13After.state →
    ¬DefiKernel.Nary.Stable (DefiKernel.Nary.InterfaceInstances.vaultReserve 4) rely
'DefiKernel.Nary.InterfaceInstances.f13_not_stable_if_rely_covers' depends on axioms: [propext,
 Classical.choice.{u},
 Quot.sound.{u}]
DefiKernel.Nary.InterfaceInstances.f13_withdrawal_guarantee : DefiKernel.Nary.InterfaceInstances.f13WithdrawalGuarantee
  1 DefiKernel.Nary.Examples.f13Initial.state DefiKernel.Nary.Examples.f13After.state
'DefiKernel.Nary.InterfaceInstances.f13_withdrawal_guarantee' depends on axioms: [propext,
 Classical.choice.{u},
 Quot.sound.{u}]
DefiKernel.Nary.InterfaceInstances.f13_not_cross_depositRely : ¬DefiKernel.Nary.CrossInclusion
    DefiKernel.Nary.InterfaceInstances.f13WithdrawalGuarantee DefiKernel.Nary.InterfaceInstances.depositRely
'DefiKernel.Nary.InterfaceInstances.f13_not_cross_depositRely' depends on axioms: [propext,
 Classical.choice.{u},
 Quot.sound.{u}]
@DefiKernel.Nary.InterfaceInstances.f14_advance_eq : ∀
  {m : DefiKernel.Nary.Machine (Fin 3) DefiKernel.Nary.Examples.P DefiKernel.Nary.Examples.A DefiKernel.Nary.Examples.D}
  {b : Fin 3},
  Eq.{1} (m.locals b).failure none.{0} →
    Eq.{1} (getElem?.{0, 0, 0} (DefiKernel.Nary.Examples.f14Branches b) (m.locals b).consumed)
        (some.{0} DefiKernel.Nary.Examples.inv17) →
      Eq.{1}
          (DefiKernel.Composition.executeStep DefiKernel.Nary.Examples.fundedCfg
            (DefiKernel.Nary.Examples.f14Bounds b (m.locals b).nextIndex) (m.locals b).nextIndex (m.locals b).outputs
            (DefiKernel.Composition.Step.invoke DefiKernel.Nary.Examples.inv17) m.world)
          (Except.ok.{0, 0}
            (DefiKernel.Nary.Examples.sr DefiKernel.Nary.Examples.f14Initial DefiKernel.Nary.Examples.rec17)) →
        Eq.{1}
          (DefiKernel.Nary.advance DefiKernel.Nary.Examples.fundedCfg DefiKernel.Nary.Examples.f14Bounds
            DefiKernel.Nary.Examples.f14Branches m b)
          (m.accept b DefiKernel.Nary.Examples.inv17
            (DefiKernel.Nary.Examples.sr DefiKernel.Nary.Examples.f14Initial DefiKernel.Nary.Examples.rec17))
'DefiKernel.Nary.InterfaceInstances.f14_advance_eq' depends on axioms: [propext, Classical.choice.{u}, Quot.sound.{u}]
DefiKernel.Nary.InterfaceInstances.f14_second_accept : ∀ (a b : Fin 3),
  Ne.{1} a b →
    Eq.{1}
      (DefiKernel.Nary.advance DefiKernel.Nary.Examples.fundedCfg DefiKernel.Nary.Examples.f14Bounds
        DefiKernel.Nary.Examples.f14Branches
        ((DefiKernel.Nary.start DefiKernel.Nary.Examples.f14Initial).accept a DefiKernel.Nary.Examples.inv17
          (DefiKernel.Nary.Examples.sr DefiKernel.Nary.Examples.f14Initial DefiKernel.Nary.Examples.rec17))
        b)
      (((DefiKernel.Nary.start DefiKernel.Nary.Examples.f14Initial).accept a DefiKernel.Nary.Examples.inv17
            (DefiKernel.Nary.Examples.sr DefiKernel.Nary.Examples.f14Initial DefiKernel.Nary.Examples.rec17)).accept
        b DefiKernel.Nary.Examples.inv17
        (DefiKernel.Nary.Examples.sr DefiKernel.Nary.Examples.f14Initial DefiKernel.Nary.Examples.rec17))
'DefiKernel.Nary.InterfaceInstances.f14_second_accept' depends on axioms: [propext,
 Classical.choice.{u},
 Quot.sound.{u}]
DefiKernel.Nary.InterfaceInstances.f14_third_accept : ∀ (a b c : Fin 3),
  Ne.{1} a b →
    Ne.{1} a c →
      Ne.{1} b c →
        Eq.{1}
          (DefiKernel.Nary.advance DefiKernel.Nary.Examples.fundedCfg DefiKernel.Nary.Examples.f14Bounds
            DefiKernel.Nary.Examples.f14Branches
            (((DefiKernel.Nary.start DefiKernel.Nary.Examples.f14Initial).accept a DefiKernel.Nary.Examples.inv17
                  (DefiKernel.Nary.Examples.sr DefiKernel.Nary.Examples.f14Initial
                    DefiKernel.Nary.Examples.rec17)).accept
              b DefiKernel.Nary.Examples.inv17
              (DefiKernel.Nary.Examples.sr DefiKernel.Nary.Examples.f14Initial DefiKernel.Nary.Examples.rec17))
            c)
          ((((DefiKernel.Nary.start DefiKernel.Nary.Examples.f14Initial).accept a DefiKernel.Nary.Examples.inv17
                    (DefiKernel.Nary.Examples.sr DefiKernel.Nary.Examples.f14Initial
                      DefiKernel.Nary.Examples.rec17)).accept
                b DefiKernel.Nary.Examples.inv17
                (DefiKernel.Nary.Examples.sr DefiKernel.Nary.Examples.f14Initial DefiKernel.Nary.Examples.rec17)).accept
            c DefiKernel.Nary.Examples.inv17
            (DefiKernel.Nary.Examples.sr DefiKernel.Nary.Examples.f14Initial DefiKernel.Nary.Examples.rec17))
'DefiKernel.Nary.InterfaceInstances.f14_third_accept' depends on axioms: [propext, Classical.choice.{u}, Quot.sound.{u}]
DefiKernel.Nary.InterfaceInstances.f14_three_run : Eq.{1}
  (DefiKernel.Nary.runPrefix DefiKernel.Nary.Examples.fundedCfg DefiKernel.Nary.Examples.f14Bounds
    DefiKernel.Nary.Examples.f14Initial DefiKernel.Nary.Examples.f14Branches
    (List.cons.{0} 0 (List.cons.{0} 1 (List.cons.{0} 2 List.nil.{0}))))
  ((((DefiKernel.Nary.start DefiKernel.Nary.Examples.f14Initial).accept 0 DefiKernel.Nary.Examples.inv17
            (DefiKernel.Nary.Examples.sr DefiKernel.Nary.Examples.f14Initial DefiKernel.Nary.Examples.rec17)).accept
        1 DefiKernel.Nary.Examples.inv17
        (DefiKernel.Nary.Examples.sr DefiKernel.Nary.Examples.f14Initial DefiKernel.Nary.Examples.rec17)).accept
    2 DefiKernel.Nary.Examples.inv17
    (DefiKernel.Nary.Examples.sr DefiKernel.Nary.Examples.f14Initial DefiKernel.Nary.Examples.rec17))
'DefiKernel.Nary.InterfaceInstances.f14_three_run' depends on axioms: [propext, Classical.choice.{u}, Quot.sound.{u}]
DefiKernel.Nary.InterfaceInstances.f14_prefix_eq_expected : Eq.{1}
  (DefiKernel.Nary.runPrefix DefiKernel.Nary.Examples.fundedCfg DefiKernel.Nary.Examples.f14Bounds
    DefiKernel.Nary.Examples.f14Initial DefiKernel.Nary.Examples.f14Branches
    (List.cons.{0} 0 (List.cons.{0} 1 (List.cons.{0} 2 List.nil.{0}))))
  DefiKernel.Nary.Examples.f14Expected
'DefiKernel.Nary.InterfaceInstances.f14_prefix_eq_expected' depends on axioms: [propext,
 Classical.choice.{u},
 Quot.sound.{u}]
DefiKernel.Nary.InterfaceInstances.f14_three_locals : Eq.{1}
    (DefiKernel.Nary.runPrefix DefiKernel.Nary.Examples.fundedCfg DefiKernel.Nary.Examples.f14Bounds
        DefiKernel.Nary.Examples.f14Initial DefiKernel.Nary.Examples.f14Branches
        (List.cons.{0} 0 (List.cons.{0} 1 (List.cons.{0} 2 List.nil.{0})))).world
    DefiKernel.Nary.Examples.f14Initial ∧
  Eq.{1}
      (DefiKernel.Nary.runPrefix DefiKernel.Nary.Examples.fundedCfg DefiKernel.Nary.Examples.f14Bounds
            DefiKernel.Nary.Examples.f14Initial DefiKernel.Nary.Examples.f14Branches
            (List.cons.{0} 0 (List.cons.{0} 1 (List.cons.{0} 2 List.nil.{0})))).world.capabilities
      DefiKernel.Nary.Examples.f14Initial.capabilities ∧
    Eq.{1}
        ((DefiKernel.Nary.runPrefix DefiKernel.Nary.Examples.fundedCfg DefiKernel.Nary.Examples.f14Bounds
                DefiKernel.Nary.Examples.f14Initial DefiKernel.Nary.Examples.f14Branches
                (List.cons.{0} 0 (List.cons.{0} 1 (List.cons.{0} 2 List.nil.{0})))).locals
            0).nextIndex
        1 ∧
      Eq.{1}
          ((DefiKernel.Nary.runPrefix DefiKernel.Nary.Examples.fundedCfg DefiKernel.Nary.Examples.f14Bounds
                  DefiKernel.Nary.Examples.f14Initial DefiKernel.Nary.Examples.f14Branches
                  (List.cons.{0} 0 (List.cons.{0} 1 (List.cons.{0} 2 List.nil.{0})))).locals
              1).nextIndex
          1 ∧
        Eq.{1}
            ((DefiKernel.Nary.runPrefix DefiKernel.Nary.Examples.fundedCfg DefiKernel.Nary.Examples.f14Bounds
                    DefiKernel.Nary.Examples.f14Initial DefiKernel.Nary.Examples.f14Branches
                    (List.cons.{0} 0 (List.cons.{0} 1 (List.cons.{0} 2 List.nil.{0})))).locals
                2).nextIndex
            1 ∧
          Eq.{1}
              (Option.map.{0, 0} (fun e => e.index)
                (List.head?.{0}
                  ((DefiKernel.Nary.runPrefix DefiKernel.Nary.Examples.fundedCfg DefiKernel.Nary.Examples.f14Bounds
                          DefiKernel.Nary.Examples.f14Initial DefiKernel.Nary.Examples.f14Branches
                          (List.cons.{0} 0 (List.cons.{0} 1 (List.cons.{0} 2 List.nil.{0})))).locals
                      0).events))
              (some.{0} 0) ∧
            Eq.{1}
                (Option.map.{0, 0} (fun e => e.index)
                  (List.head?.{0}
                    ((DefiKernel.Nary.runPrefix DefiKernel.Nary.Examples.fundedCfg DefiKernel.Nary.Examples.f14Bounds
                            DefiKernel.Nary.Examples.f14Initial DefiKernel.Nary.Examples.f14Branches
                            (List.cons.{0} 0 (List.cons.{0} 1 (List.cons.{0} 2 List.nil.{0})))).locals
                        1).events))
                (some.{0} 0) ∧
              Eq.{1}
                  (Option.map.{0, 0} (fun e => e.index)
                    (List.head?.{0}
                      ((DefiKernel.Nary.runPrefix DefiKernel.Nary.Examples.fundedCfg DefiKernel.Nary.Examples.f14Bounds
                              DefiKernel.Nary.Examples.f14Initial DefiKernel.Nary.Examples.f14Branches
                              (List.cons.{0} 0 (List.cons.{0} 1 (List.cons.{0} 2 List.nil.{0})))).locals
                          2).events))
                  (some.{0} 0) ∧
                ¬DefiKernel.Nary.InterfaceInstances.vaultReserve 4 0
                    (DefiKernel.Nary.runPrefix DefiKernel.Nary.Examples.fundedCfg DefiKernel.Nary.Examples.f14Bounds
                          DefiKernel.Nary.Examples.f14Initial DefiKernel.Nary.Examples.f14Branches
                          (List.cons.{0} 0 (List.cons.{0} 1 (List.cons.{0} 2 List.nil.{0})))).world.state
'DefiKernel.Nary.InterfaceInstances.f14_three_locals' depends on axioms: [propext, Classical.choice.{u}, Quot.sound.{u}]
DefiKernel.Nary.InterfaceInstances.f14_admit_isOk : Eq.{1}
  (Except.isOk.{0, 0}
    (DefiKernel.Nary.admit DefiKernel.Nary.Examples.fundedCfg DefiKernel.Nary.Examples.fin3Roster
      DefiKernel.Nary.Examples.f14Bounds DefiKernel.Nary.Examples.f14Branches
      (List.cons.{0} 0 (List.cons.{0} 1 (List.cons.{0} 2 List.nil.{0})))))
  true
'DefiKernel.Nary.InterfaceInstances.f14_admit_isOk' depends on axioms: [propext, Quot.sound.{u}]
DefiKernel.Nary.InterfaceInstances.f14_admit_ok : Eq.{1}
    (DefiKernel.Composition.validateCatalog DefiKernel.Nary.Examples.fundedCfg.registry
      DefiKernel.Nary.Examples.fundedCfg.catalog)
    true ∧
  (∃ fps,
      Eq.{1}
        (DefiKernel.Nary.analyzeAll DefiKernel.Nary.Examples.fundedCfg DefiKernel.Nary.Examples.f14Bounds
          DefiKernel.Nary.Examples.f14Branches DefiKernel.Nary.Examples.fin3Roster.order)
        (Except.ok.{0, 0} fps)) ∧
    DefiKernel.Nary.Complete DefiKernel.Nary.Examples.f14Branches
      (List.cons.{0} 0 (List.cons.{0} 1 (List.cons.{0} 2 List.nil.{0})))
'DefiKernel.Nary.InterfaceInstances.f14_admit_ok' depends on axioms: [propext, Classical.choice.{u}, Quot.sound.{u}]
DefiKernel.Nary.InterfaceInstances.f14_runNary_prefix : Eq.{1}
  (DefiKernel.Nary.runNary DefiKernel.Nary.Examples.fundedCfg DefiKernel.Nary.Examples.fin3Roster
    DefiKernel.Nary.Examples.f14Bounds DefiKernel.Nary.Examples.f14Initial DefiKernel.Nary.Examples.f14Branches
    (List.cons.{0} 0 (List.cons.{0} 1 (List.cons.{0} 2 List.nil.{0}))))
  (DefiKernel.Nary.Result.executed (List.cons.{0} 0 (List.cons.{0} 1 (List.cons.{0} 2 List.nil.{0})))
    (DefiKernel.Nary.runPrefix DefiKernel.Nary.Examples.fundedCfg DefiKernel.Nary.Examples.f14Bounds
      DefiKernel.Nary.Examples.f14Initial DefiKernel.Nary.Examples.f14Branches
      (List.cons.{0} 0 (List.cons.{0} 1 (List.cons.{0} 2 List.nil.{0})))))
'DefiKernel.Nary.InterfaceInstances.f14_runNary_prefix' depends on axioms: [propext,
 Classical.choice.{u},
 Quot.sound.{u}]
DefiKernel.Nary.InterfaceInstances.f14_runNary_expected : Eq.{1}
  (DefiKernel.Nary.runNary DefiKernel.Nary.Examples.fundedCfg DefiKernel.Nary.Examples.fin3Roster
    DefiKernel.Nary.Examples.f14Bounds DefiKernel.Nary.Examples.f14Initial DefiKernel.Nary.Examples.f14Branches
    (List.cons.{0} 0 (List.cons.{0} 1 (List.cons.{0} 2 List.nil.{0}))))
  (DefiKernel.Nary.Result.executed (List.cons.{0} 0 (List.cons.{0} 1 (List.cons.{0} 2 List.nil.{0})))
    DefiKernel.Nary.Examples.f14Expected)
'DefiKernel.Nary.InterfaceInstances.f14_runNary_expected' depends on axioms: [propext,
 Classical.choice.{u},
 Quot.sound.{u}]
DefiKernel.Nary.InterfaceInstances.f14_runNary_uninitialized : match
  DefiKernel.Nary.runNary DefiKernel.Nary.Examples.fundedCfg DefiKernel.Nary.Examples.fin3Roster
    DefiKernel.Nary.Examples.f14Bounds DefiKernel.Nary.Examples.f14Initial DefiKernel.Nary.Examples.f14Branches
    (List.cons.{0} 0 (List.cons.{0} 1 (List.cons.{0} 2 List.nil.{0}))) with
| DefiKernel.Nary.Result.executed sched m =>
  Eq.{1} sched (List.cons.{0} 0 (List.cons.{0} 1 (List.cons.{0} 2 List.nil.{0}))) ∧
    Eq.{1} m.world DefiKernel.Nary.Examples.f14Initial ∧
      Eq.{1} m.world.capabilities DefiKernel.Nary.Examples.f14Initial.capabilities ∧
        Eq.{1} (m.world.state.balance DefiKernel.Nary.Examples.vaultC) 3 ∧
          ¬DefiKernel.Nary.InterfaceInstances.vaultReserve 4 0 m.world.state ∧
            DefiKernel.Nary.LocalObligation DefiKernel.Nary.Examples.fundedCfg DefiKernel.Nary.Examples.f14Bounds
                DefiKernel.Nary.Examples.f14Branches (DefiKernel.Nary.InterfaceInstances.vaultReserve 4)
                DefiKernel.Nary.InterfaceInstances.identityGuarantee ∧
              DefiKernel.Nary.CrossInclusion DefiKernel.Nary.InterfaceInstances.identityGuarantee
                  DefiKernel.Nary.InterfaceInstances.identityGuarantee ∧
                DefiKernel.Nary.Stable (DefiKernel.Nary.InterfaceInstances.vaultReserve 4)
                  DefiKernel.Nary.InterfaceInstances.identityGuarantee
| DefiKernel.Nary.Result.refused reason world schedule => False
'DefiKernel.Nary.InterfaceInstances.f14_runNary_uninitialized' depends on axioms: [propext,
 Classical.choice.{u},
 Quot.sound.{u}]
DefiKernel.Nary.InterfaceInstances.f19_admit_isOk : Eq.{1}
  (Except.isOk.{0, 0}
    (DefiKernel.Nary.admit DefiKernel.Nary.Examples.f18Cfg DefiKernel.Nary.Examples.f18Roster
      DefiKernel.Nary.Examples.f18Bounds DefiKernel.Nary.Examples.f19Branches (List.cons.{0} 0 List.nil.{0})))
  true
'DefiKernel.Nary.InterfaceInstances.f19_admit_isOk' depends on axioms: [propext, Quot.sound.{u}]
DefiKernel.Nary.InterfaceInstances.f19_admit_ok : Eq.{1}
    (DefiKernel.Composition.validateCatalog DefiKernel.Nary.Examples.f18Cfg.registry
      DefiKernel.Nary.Examples.f18Cfg.catalog)
    true ∧
  (∃ fps,
      Eq.{1}
        (DefiKernel.Nary.analyzeAll DefiKernel.Nary.Examples.f18Cfg DefiKernel.Nary.Examples.f18Bounds
          DefiKernel.Nary.Examples.f19Branches DefiKernel.Nary.Examples.f18Roster.order)
        (Except.ok.{0, 0} fps)) ∧
    DefiKernel.Nary.Complete DefiKernel.Nary.Examples.f19Branches (List.cons.{0} 0 List.nil.{0})
'DefiKernel.Nary.InterfaceInstances.f19_admit_ok' depends on axioms: [propext, Classical.choice.{u}, Quot.sound.{u}]
DefiKernel.Nary.InterfaceInstances.f19_runNary_prefix : Eq.{1}
  (DefiKernel.Nary.runNary DefiKernel.Nary.Examples.f18Cfg DefiKernel.Nary.Examples.f18Roster
    DefiKernel.Nary.Examples.f18Bounds DefiKernel.Nary.Examples.f18Initial DefiKernel.Nary.Examples.f19Branches
    (List.cons.{0} 0 List.nil.{0}))
  (DefiKernel.Nary.Result.executed (List.cons.{0} 0 List.nil.{0})
    (DefiKernel.Nary.runPrefix DefiKernel.Nary.Examples.f18Cfg DefiKernel.Nary.Examples.f18Bounds
      DefiKernel.Nary.Examples.f18Initial DefiKernel.Nary.Examples.f19Branches (List.cons.{0} 0 List.nil.{0})))
'DefiKernel.Nary.InterfaceInstances.f19_runNary_prefix' depends on axioms: [propext,
 Classical.choice.{u},
 Quot.sound.{u}]
DefiKernel.Nary.InterfaceInstances.f19_prefix_eq_expected : Eq.{1}
  (DefiKernel.Nary.runPrefix DefiKernel.Nary.Examples.f18Cfg DefiKernel.Nary.Examples.f18Bounds
    DefiKernel.Nary.Examples.f18Initial DefiKernel.Nary.Examples.f19Branches (List.cons.{0} 0 List.nil.{0}))
  DefiKernel.Nary.Examples.f19Expected
'DefiKernel.Nary.InterfaceInstances.f19_prefix_eq_expected' depends on axioms: [propext,
 Classical.choice.{u},
 Quot.sound.{u}]
DefiKernel.Nary.InterfaceInstances.f19_runNary_expected : Eq.{1}
  (DefiKernel.Nary.runNary DefiKernel.Nary.Examples.f18Cfg DefiKernel.Nary.Examples.f18Roster
    DefiKernel.Nary.Examples.f18Bounds DefiKernel.Nary.Examples.f18Initial DefiKernel.Nary.Examples.f19Branches
    (List.cons.{0} 0 List.nil.{0}))
  (DefiKernel.Nary.Result.executed (List.cons.{0} 0 List.nil.{0}) DefiKernel.Nary.Examples.f19Expected)
'DefiKernel.Nary.InterfaceInstances.f19_runNary_expected' depends on axioms: [propext,
 Classical.choice.{u},
 Quot.sound.{u}]
DefiKernel.Nary.InterfaceInstances.f19_runNary_query : match
  DefiKernel.Nary.runNary DefiKernel.Nary.Examples.f18Cfg DefiKernel.Nary.Examples.f18Roster
    DefiKernel.Nary.Examples.f18Bounds DefiKernel.Nary.Examples.f18Initial DefiKernel.Nary.Examples.f19Branches
    (List.cons.{0} 0 List.nil.{0}) with
| DefiKernel.Nary.Result.executed sched m =>
  Eq.{1} sched (List.cons.{0} 0 List.nil.{0}) ∧
    Eq.{1} (m.world.state.balance DefiKernel.Interface.Examples.alice) 4 ∧
      Eq.{1} (m.world.state.balance DefiKernel.Interface.Examples.bob) 5 ∧
        Eq.{1} (m.world.state.balance DefiKernel.Interface.Examples.carol) 1 ∧
          Eq.{1}
              (DefiKernel.Interface.checkBindings DefiKernel.Nary.Examples.f18Cfg DefiKernel.Nary.Examples.f18Edges
                m.world.state)
              (Except.error.{0, 0}
                (DefiKernel.Interface.BindingFailure.unequal 0 (DefiKernel.Interface.Examples.name 0)
                  (DefiKernel.Interface.Examples.name 1) 4 5)) ∧
            Eq.{1}
                (DefiKernel.Interface.bindingsHold DefiKernel.Nary.Examples.f18Cfg
                  DefiKernel.Nary.Examples.f18EmptyEdges m.world.state)
                true ∧
              ¬DefiKernel.Interface.Agrees DefiKernel.Nary.Examples.f18Cfg.catalog DefiKernel.Nary.Examples.f18Edges
                  m.world.state
| DefiKernel.Nary.Result.refused reason world schedule => False
'DefiKernel.Nary.InterfaceInstances.f19_runNary_query' depends on axioms: [propext,
 Classical.choice.{u},
 Quot.sound.{u}]
