⚠ [634/738] Replayed DefiHistorical.Convex.Data
warning: DefiHistorical/Convex/Data.lean:4:100: This line exceeds the 100 character limit, please shorten it!

Note: This linter can be disabled with `set_option linter.style.longLine false`
warning: DefiHistorical/Convex/Data.lean:140:100: This line exceeds the 100 character limit, please shorten it!
You can use "string gaps" to format long strings: within a string quotation, using a '\' at the end of a line allows you to continue the string on the following line, removing all intervening whitespace.

Note: This linter can be disabled with `set_option linter.style.longLine false`
warning: DefiHistorical/Convex/Data.lean:146:100: This line exceeds the 100 character limit, please shorten it!
You can use "string gaps" to format long strings: within a string quotation, using a '\' at the end of a line allows you to continue the string on the following line, removing all intervening whitespace.

Note: This linter can be disabled with `set_option linter.style.longLine false`
warning: DefiHistorical/Convex/Data.lean:149:100: This line exceeds the 100 character limit, please shorten it!
You can use "string gaps" to format long strings: within a string quotation, using a '\' at the end of a line allows you to continue the string on the following line, removing all intervening whitespace.

Note: This linter can be disabled with `set_option linter.style.longLine false`
warning: DefiHistorical/Convex/Data.lean:158:100: This line exceeds the 100 character limit, please shorten it!
You can use "string gaps" to format long strings: within a string quotation, using a '\' at the end of a line allows you to continue the string on the following line, removing all intervening whitespace.

Note: This linter can be disabled with `set_option linter.style.longLine false`
warning: DefiHistorical/Convex/Data.lean:167:100: This line exceeds the 100 character limit, please shorten it!
You can use "string gaps" to format long strings: within a string quotation, using a '\' at the end of a line allows you to continue the string on the following line, removing all intervening whitespace.

Note: This linter can be disabled with `set_option linter.style.longLine false`
warning: DefiHistorical/Convex/Data.lean:211:100: This line exceeds the 100 character limit, please shorten it!
You can use "string gaps" to format long strings: within a string quotation, using a '\' at the end of a line allows you to continue the string on the following line, removing all intervening whitespace.

Note: This linter can be disabled with `set_option linter.style.longLine false`
warning: DefiHistorical/Convex/Data.lean:214:100: This line exceeds the 100 character limit, please shorten it!
You can use "string gaps" to format long strings: within a string quotation, using a '\' at the end of a line allows you to continue the string on the following line, removing all intervening whitespace.

Note: This linter can be disabled with `set_option linter.style.longLine false`
warning: DefiHistorical/Convex/Data.lean:229:100: This line exceeds the 100 character limit, please shorten it!
You can use "string gaps" to format long strings: within a string quotation, using a '\' at the end of a line allows you to continue the string on the following line, removing all intervening whitespace.

Note: This linter can be disabled with `set_option linter.style.longLine false`
warning: DefiHistorical/Convex/Data.lean:232:100: This line exceeds the 100 character limit, please shorten it!
You can use "string gaps" to format long strings: within a string quotation, using a '\' at the end of a line allows you to continue the string on the following line, removing all intervening whitespace.

Note: This linter can be disabled with `set_option linter.style.longLine false`
warning: DefiHistorical/Convex/Data.lean:241:100: This line exceeds the 100 character limit, please shorten it!
You can use "string gaps" to format long strings: within a string quotation, using a '\' at the end of a line allows you to continue the string on the following line, removing all intervening whitespace.

Note: This linter can be disabled with `set_option linter.style.longLine false`
warning: DefiHistorical/Convex/Data.lean:250:100: This line exceeds the 100 character limit, please shorten it!
You can use "string gaps" to format long strings: within a string quotation, using a '\' at the end of a line allows you to continue the string on the following line, removing all intervening whitespace.

Note: This linter can be disabled with `set_option linter.style.longLine false`
warning: DefiHistorical/Convex/Data.lean:252:100: This line exceeds the 100 character limit, please shorten it!
You can use "string gaps" to format long strings: within a string quotation, using a '\' at the end of a line allows you to continue the string on the following line, removing all intervening whitespace.

Note: This linter can be disabled with `set_option linter.style.longLine false`
warning: DefiHistorical/Convex/Data.lean:256:100: This line exceeds the 100 character limit, please shorten it!
You can use "string gaps" to format long strings: within a string quotation, using a '\' at the end of a line allows you to continue the string on the following line, removing all intervening whitespace.

Note: This linter can be disabled with `set_option linter.style.longLine false`
warning: DefiHistorical/Convex/Data.lean:259:100: This line exceeds the 100 character limit, please shorten it!
You can use "string gaps" to format long strings: within a string quotation, using a '\' at the end of a line allows you to continue the string on the following line, removing all intervening whitespace.

Note: This linter can be disabled with `set_option linter.style.longLine false`
warning: DefiHistorical/Convex/Data.lean:274:100: This line exceeds the 100 character limit, please shorten it!
You can use "string gaps" to format long strings: within a string quotation, using a '\' at the end of a line allows you to continue the string on the following line, removing all intervening whitespace.

Note: This linter can be disabled with `set_option linter.style.longLine false`
warning: DefiHistorical/Convex/Data.lean:304:100: This line exceeds the 100 character limit, please shorten it!
You can use "string gaps" to format long strings: within a string quotation, using a '\' at the end of a line allows you to continue the string on the following line, removing all intervening whitespace.

Note: This linter can be disabled with `set_option linter.style.longLine false`
warning: DefiHistorical/Convex/Data.lean:310:100: This line exceeds the 100 character limit, please shorten it!
You can use "string gaps" to format long strings: within a string quotation, using a '\' at the end of a line allows you to continue the string on the following line, removing all intervening whitespace.

Note: This linter can be disabled with `set_option linter.style.longLine false`
warning: DefiHistorical/Convex/Data.lean:313:100: This line exceeds the 100 character limit, please shorten it!
You can use "string gaps" to format long strings: within a string quotation, using a '\' at the end of a line allows you to continue the string on the following line, removing all intervening whitespace.

Note: This linter can be disabled with `set_option linter.style.longLine false`
warning: DefiHistorical/Convex/Data.lean:319:100: This line exceeds the 100 character limit, please shorten it!
You can use "string gaps" to format long strings: within a string quotation, using a '\' at the end of a line allows you to continue the string on the following line, removing all intervening whitespace.

Note: This linter can be disabled with `set_option linter.style.longLine false`
warning: DefiHistorical/Convex/Data.lean:328:100: This line exceeds the 100 character limit, please shorten it!
You can use "string gaps" to format long strings: within a string quotation, using a '\' at the end of a line allows you to continue the string on the following line, removing all intervening whitespace.

Note: This linter can be disabled with `set_option linter.style.longLine false`
warning: DefiHistorical/Convex/Data.lean:346:100: This line exceeds the 100 character limit, please shorten it!
You can use "string gaps" to format long strings: within a string quotation, using a '\' at the end of a line allows you to continue the string on the following line, removing all intervening whitespace.

Note: This linter can be disabled with `set_option linter.style.longLine false`
warning: DefiHistorical/Convex/Data.lean:355:100: This line exceeds the 100 character limit, please shorten it!
You can use "string gaps" to format long strings: within a string quotation, using a '\' at the end of a line allows you to continue the string on the following line, removing all intervening whitespace.

Note: This linter can be disabled with `set_option linter.style.longLine false`
warning: DefiHistorical/Convex/Data.lean:358:100: This line exceeds the 100 character limit, please shorten it!
You can use "string gaps" to format long strings: within a string quotation, using a '\' at the end of a line allows you to continue the string on the following line, removing all intervening whitespace.

Note: This linter can be disabled with `set_option linter.style.longLine false`
warning: DefiHistorical/Convex/Data.lean:364:100: This line exceeds the 100 character limit, please shorten it!
You can use "string gaps" to format long strings: within a string quotation, using a '\' at the end of a line allows you to continue the string on the following line, removing all intervening whitespace.

Note: This linter can be disabled with `set_option linter.style.longLine false`
warning: DefiHistorical/Convex/Data.lean:367:100: This line exceeds the 100 character limit, please shorten it!
You can use "string gaps" to format long strings: within a string quotation, using a '\' at the end of a line allows you to continue the string on the following line, removing all intervening whitespace.

Note: This linter can be disabled with `set_option linter.style.longLine false`
warning: DefiHistorical/Convex/Data.lean:376:100: This line exceeds the 100 character limit, please shorten it!
You can use "string gaps" to format long strings: within a string quotation, using a '\' at the end of a line allows you to continue the string on the following line, removing all intervening whitespace.

Note: This linter can be disabled with `set_option linter.style.longLine false`
warning: DefiHistorical/Convex/Data.lean:382:100: This line exceeds the 100 character limit, please shorten it!
You can use "string gaps" to format long strings: within a string quotation, using a '\' at the end of a line allows you to continue the string on the following line, removing all intervening whitespace.

Note: This linter can be disabled with `set_option linter.style.longLine false`
warning: DefiHistorical/Convex/Data.lean:385:100: This line exceeds the 100 character limit, please shorten it!
You can use "string gaps" to format long strings: within a string quotation, using a '\' at the end of a line allows you to continue the string on the following line, removing all intervening whitespace.

Note: This linter can be disabled with `set_option linter.style.longLine false`
warning: DefiHistorical/Convex/Data.lean:394:100: This line exceeds the 100 character limit, please shorten it!
You can use "string gaps" to format long strings: within a string quotation, using a '\' at the end of a line allows you to continue the string on the following line, removing all intervening whitespace.

Note: This linter can be disabled with `set_option linter.style.longLine false`
warning: DefiHistorical/Convex/Data.lean:400:100: This line exceeds the 100 character limit, please shorten it!
You can use "string gaps" to format long strings: within a string quotation, using a '\' at the end of a line allows you to continue the string on the following line, removing all intervening whitespace.

Note: This linter can be disabled with `set_option linter.style.longLine false`
warning: DefiHistorical/Convex/Data.lean:403:100: This line exceeds the 100 character limit, please shorten it!
You can use "string gaps" to format long strings: within a string quotation, using a '\' at the end of a line allows you to continue the string on the following line, removing all intervening whitespace.

Note: This linter can be disabled with `set_option linter.style.longLine false`
warning: DefiHistorical/Convex/Data.lean:418:100: This line exceeds the 100 character limit, please shorten it!
You can use "string gaps" to format long strings: within a string quotation, using a '\' at the end of a line allows you to continue the string on the following line, removing all intervening whitespace.

Note: This linter can be disabled with `set_option linter.style.longLine false`
warning: DefiHistorical/Convex/Data.lean:427:100: This line exceeds the 100 character limit, please shorten it!
You can use "string gaps" to format long strings: within a string quotation, using a '\' at the end of a line allows you to continue the string on the following line, removing all intervening whitespace.

Note: This linter can be disabled with `set_option linter.style.longLine false`
warning: DefiHistorical/Convex/Data.lean:430:100: This line exceeds the 100 character limit, please shorten it!
You can use "string gaps" to format long strings: within a string quotation, using a '\' at the end of a line allows you to continue the string on the following line, removing all intervening whitespace.

Note: This linter can be disabled with `set_option linter.style.longLine false`
warning: DefiHistorical/Convex/Data.lean:436:100: This line exceeds the 100 character limit, please shorten it!
You can use "string gaps" to format long strings: within a string quotation, using a '\' at the end of a line allows you to continue the string on the following line, removing all intervening whitespace.

Note: This linter can be disabled with `set_option linter.style.longLine false`
warning: DefiHistorical/Convex/Data.lean:439:100: This line exceeds the 100 character limit, please shorten it!
You can use "string gaps" to format long strings: within a string quotation, using a '\' at the end of a line allows you to continue the string on the following line, removing all intervening whitespace.

Note: This linter can be disabled with `set_option linter.style.longLine false`
warning: DefiHistorical/Convex/Data.lean:445:100: This line exceeds the 100 character limit, please shorten it!
You can use "string gaps" to format long strings: within a string quotation, using a '\' at the end of a line allows you to continue the string on the following line, removing all intervening whitespace.

Note: This linter can be disabled with `set_option linter.style.longLine false`
warning: DefiHistorical/Convex/Data.lean:448:100: This line exceeds the 100 character limit, please shorten it!
You can use "string gaps" to format long strings: within a string quotation, using a '\' at the end of a line allows you to continue the string on the following line, removing all intervening whitespace.

Note: This linter can be disabled with `set_option linter.style.longLine false`
warning: DefiHistorical/Convex/Data.lean:454:100: This line exceeds the 100 character limit, please shorten it!
You can use "string gaps" to format long strings: within a string quotation, using a '\' at the end of a line allows you to continue the string on the following line, removing all intervening whitespace.

Note: This linter can be disabled with `set_option linter.style.longLine false`
warning: DefiHistorical/Convex/Data.lean:457:100: This line exceeds the 100 character limit, please shorten it!
You can use "string gaps" to format long strings: within a string quotation, using a '\' at the end of a line allows you to continue the string on the following line, removing all intervening whitespace.

Note: This linter can be disabled with `set_option linter.style.longLine false`
warning: DefiHistorical/Convex/Data.lean:463:100: This line exceeds the 100 character limit, please shorten it!
You can use "string gaps" to format long strings: within a string quotation, using a '\' at the end of a line allows you to continue the string on the following line, removing all intervening whitespace.

Note: This linter can be disabled with `set_option linter.style.longLine false`
⚠ [730/738] Replayed Defialgebra.ConvexGeometry
warning: Defialgebra/ConvexGeometry.lean:2:18: * '. Released under Apache 2.0 license.':
'Copyright (c) YYYY' should be followed by a space


Note: This linter can be disabled with `set_option linter.style.header false`
warning: Defialgebra/ConvexGeometry.lean:2:32: * 'er Apache 2.0 license.':
Copyright line should end with '. All rights reserved.'


Note: This linter can be disabled with `set_option linter.style.header false`
warning: Defialgebra/ConvexGeometry.lean:4:0: * '-/':
Copyright too short!


Note: This linter can be disabled with `set_option linter.style.header false`
info: Defialgebra/ConvexGeometry.lean:357:0: 'Defialgebra.ConvexGeometry.mem_ex' depends on axioms: [propext, Classical.choice, Quot.sound]
info: Defialgebra/ConvexGeometry.lean:358:0: 'Defialgebra.ConvexGeometry.ex_subset' depends on axioms: [propext, Classical.choice, Quot.sound]
info: Defialgebra/ConvexGeometry.lean:359:0: 'Defialgebra.ConvexGeometry.cl_mono' depends on axioms: [propext, Classical.choice, Quot.sound]
info: Defialgebra/ConvexGeometry.lean:360:0: 'Defialgebra.ConvexGeometry.subset_cl' depends on axioms: [propext, Classical.choice, Quot.sound]
info: Defialgebra/ConvexGeometry.lean:361:0: 'Defialgebra.ConvexGeometry.ex_subset_of_generates' depends on axioms: [propext, Classical.choice, Quot.sound]
info: Defialgebra/ConvexGeometry.lean:362:0: 'Defialgebra.ConvexGeometry.maximal_closed_gap' depends on axioms: [propext, Classical.choice, Quot.sound]
info: Defialgebra/ConvexGeometry.lean:363:0: 'Defialgebra.ConvexGeometry.maximal_closed_gap'' depends on axioms: [propext, Classical.choice, Quot.sound]
info: Defialgebra/ConvexGeometry.lean:364:0: 'Defialgebra.ConvexGeometry.closure_ex' depends on axioms: [propext, Classical.choice, Quot.sound]
info: Defialgebra/ConvexGeometry.lean:365:0: 'Defialgebra.ConvexGeometry.unique_minimum_generator' depends on axioms: [propext, Classical.choice, Quot.sound]
info: Defialgebra/ConvexGeometry.lean:366:0: 'Defialgebra.ConvexGeometry.ex_isMinimumGenerator' depends on axioms: [propext, Classical.choice, Quot.sound]
info: Defialgebra/ConvexGeometry.lean:367:0: 'Defialgebra.ConvexGeometry.mem_reachSet' depends on axioms: [propext, Classical.choice, Quot.sound]
info: Defialgebra/ConvexGeometry.lean:368:0: 'Defialgebra.ConvexGeometry.reachSet_mono' depends on axioms: [propext, Classical.choice, Quot.sound]
info: Defialgebra/ConvexGeometry.lean:369:0: 'Defialgebra.ConvexGeometry.subset_reachSet' depends on axioms: [propext, Classical.choice, Quot.sound]
info: Defialgebra/ConvexGeometry.lean:370:0: 'Defialgebra.ConvexGeometry.reachSet_idem' depends on axioms: [propext, Classical.choice, Quot.sound]
info: Defialgebra/ConvexGeometry.lean:371:0: 'Defialgebra.ConvexGeometry.reachCl' depends on axioms: [propext, Classical.choice, Quot.sound]
info: Defialgebra/ConvexGeometry.lean:372:0: 'Defialgebra.ConvexGeometry.reachCl_apply' depends on axioms: [propext, Classical.choice, Quot.sound]
info: Defialgebra/ConvexGeometry.lean:373:0: 'Defialgebra.ConvexGeometry.reachSet_empty' depends on axioms: [propext, Classical.choice, Quot.sound]
info: Defialgebra/ConvexGeometry.lean:374:0: 'Defialgebra.ConvexGeometry.reachSet_insert' depends on axioms: [propext, Classical.choice, Quot.sound]
info: Defialgebra/ConvexGeometry.lean:375:0: 'Defialgebra.ConvexGeometry.mem_reachSet_insert_of_closed' depends on axioms: [propext, Classical.choice, Quot.sound]
info: Defialgebra/ConvexGeometry.lean:376:0: 'Defialgebra.ConvexGeometry.reachCl_antiExchange_of_antisymm' depends on axioms: [propext, Classical.choice, Quot.sound]
info: Defialgebra/ConvexGeometry.lean:377:0: 'Defialgebra.ConvexGeometry.antisymm_of_reachCl_antiExchange' depends on axioms: [propext, Classical.choice, Quot.sound]
info: Defialgebra/ConvexGeometry.lean:378:0: 'Defialgebra.ConvexGeometry.reachCl_antiExchange_iff' depends on axioms: [propext, Classical.choice, Quot.sound]
info: Defialgebra/ConvexGeometry.lean:379:0: 'Defialgebra.ConvexGeometry.ex_reachCl' depends on axioms: [propext, Classical.choice, Quot.sound]
info: Defialgebra/ConvexGeometry.lean:380:0: 'Defialgebra.ConvexGeometry.ex_reachCl_union' depends on axioms: [propext, Classical.choice, Quot.sound]
warning: Defialgebra/ConvexGeometry.lean:476:6: `push_neg` has been deprecated. Prefer using `push Not` instead.
If you'd rather continue using `push_neg` in your project, you can implement it as follows:
```
open Lean.Parser.Tactic in
macro "push_neg" cfg:optConfig loc:(location)? : tactic =>
  `(tactic| push $cfg:optConfig Not $[$loc]?)
```
info: Defialgebra/ConvexGeometry.lean:564:0: 'Defialgebra.ConvexGeometry.reachSet_union' depends on axioms: [propext, Classical.choice, Quot.sound]
info: Defialgebra/ConvexGeometry.lean:565:0: 'Defialgebra.ConvexGeometry.reachCl_union' depends on axioms: [propext, Classical.choice, Quot.sound]
info: Defialgebra/ConvexGeometry.lean:566:0: 'Defialgebra.ConvexGeometry.reachCl_union_of_closed' depends on axioms: [propext, Classical.choice, Quot.sound]
info: Defialgebra/ConvexGeometry.lean:567:0: 'Defialgebra.ConvexGeometry.reachSet_eq_self_iff' depends on axioms: [propext, Classical.choice, Quot.sound]
info: Defialgebra/ConvexGeometry.lean:568:0: 'Defialgebra.ConvexGeometry.thm_convex' depends on axioms: [propext, Classical.choice, Quot.sound]
info: Defialgebra/ConvexGeometry.lean:569:0: 'Defialgebra.ConvexGeometry.exists_ex_reach_aux' depends on axioms: [propext, Classical.choice, Quot.sound]
info: Defialgebra/ConvexGeometry.lean:570:0: 'Defialgebra.ConvexGeometry.exists_ex_reach' depends on axioms: [propext, Classical.choice, Quot.sound]
info: Defialgebra/ConvexGeometry.lean:571:0: 'Defialgebra.ConvexGeometry.ex_reachCl_union_ex' depends on axioms: [propext, Classical.choice, Quot.sound]
info: Defialgebra/ConvexGeometry.lean:572:0: 'Defialgebra.ConvexGeometry.ex_oplus' depends on axioms: [propext, Classical.choice, Quot.sound]
⚠ [731/738] Replayed DefiHistorical.Convex.Saturation
warning: DefiHistorical/Convex/Saturation.lean:68:21: try 'simp' instead of 'simpa'

Note: This linter can be disabled with `set_option linter.unnecessarySimpa false`
warning: DefiHistorical/Convex/Saturation.lean:70:23: try 'simp' instead of 'simpa'

Note: This linter can be disabled with `set_option linter.unnecessarySimpa false`
warning: DefiHistorical/Convex/Saturation.lean:138:0: automatically included section variable(s) unused in theorem `DefiHistorical.Convex.reachSet_decider_independent`:
  [DecidableRel r]
consider restructuring your `variable` declarations so that the variables are not in scope or explicitly omit them:
  omit [DecidableRel r] in theorem ...

Note: This linter can be disabled with `set_option linter.unusedSectionVars false`
warning: DefiHistorical/Convex/Saturation.lean:137:0: `reachSet_decider_independent` does not use the following hypotheses in its type:
  • [DecidableEq E] (#3)
  • [DecidableRel r] (#5)

Consider removing these hypotheses and using `classical` in the proof instead. For terms, consider using `open scoped Classical in` at the term level (not the command level).

Note: This linter can be disabled with `set_option linter.unusedDecidableInType false`
warning: DefiHistorical/Convex/Saturation.lean:150:0: `remove_loops_reachable` does not use the following hypothesis in its type:
  • [DecidableEq E] (#2)

Consider removing this hypothesis and using `classical` in the proof instead. For terms, consider using `open scoped Classical in` at the term level (not the command level).

Note: This linter can be disabled with `set_option linter.unusedDecidableInType false`
✔ [735/738] Built DefiHistorical.Convex.Audit (1.4s)
⚠ [736/738] Built DefiHistorical.Convex.Verify (8.8s)
warning: DefiHistorical/Convex/Verify.lean:1:1: * '-/':
Copyright too short!


Note: This linter can be disabled with `set_option linter.style.header false`
info: DefiHistorical/Convex/Verify.lean:5:0: AXIOM AUDIT scope: imported module prefix DefiHistorical; modules=[DefiHistorical.Convex.Data,
 DefiHistorical.Convex.Saturation,
 DefiHistorical.Convex.Instances,
 DefiHistorical.Convex.Counterexamples,
 DefiHistorical.Convex.Audit]
info: DefiHistorical/Convex/Verify.lean:5:0: AXIOM AUDIT theorem: DefiHistorical.Convex.edge_loopless; module=DefiHistorical.Convex.Instances; axioms=[propext]
info: DefiHistorical/Convex/Verify.lean:5:0: AXIOM AUDIT theorem: DefiHistorical.Convex.edge_ranked; module=DefiHistorical.Convex.Instances; axioms=[propext]
info: DefiHistorical/Convex/Verify.lean:5:0: AXIOM AUDIT theorem: DefiHistorical.Convex.instanceClosure_eq_reachCl; module=DefiHistorical.Convex.Instances; axioms=[propext,
 Classical.choice,
 Quot.sound]
info: DefiHistorical/Convex/Verify.lean:5:0: AXIOM AUDIT theorem: DefiHistorical.Convex.instance_antiExchange; module=DefiHistorical.Convex.Instances; axioms=[propext,
 Classical.choice,
 Quot.sound]
info: DefiHistorical/Convex/Verify.lean:5:0: AXIOM AUDIT theorem: DefiHistorical.Convex.instance_antiExchange_iff; module=DefiHistorical.Convex.Instances; axioms=[propext,
 Classical.choice,
 Quot.sound]
info: DefiHistorical/Convex/Verify.lean:5:0: AXIOM AUDIT theorem: DefiHistorical.Convex.instance_antisymm; module=DefiHistorical.Convex.Instances; axioms=[propext]
info: DefiHistorical/Convex/Verify.lean:5:0: AXIOM AUDIT theorem: DefiHistorical.Convex.instance_convex; module=DefiHistorical.Convex.Instances; axioms=[propext,
 Classical.choice,
 Quot.sound]
info: DefiHistorical/Convex/Verify.lean:5:0: AXIOM AUDIT theorem: DefiHistorical.Convex.instance_saturation; module=DefiHistorical.Convex.Instances; axioms=[propext,
 Classical.choice,
 Quot.sound]
info: DefiHistorical/Convex/Verify.lean:5:0: AXIOM AUDIT theorem: DefiHistorical.Convex.instance_unique_minimum_generator; module=DefiHistorical.Convex.Instances; axioms=[propext,
 Classical.choice,
 Quot.sound]
info: DefiHistorical/Convex/Verify.lean:5:0: AXIOM AUDIT theorem: DefiHistorical.Convex.intrinsic_contained_in_generator; module=DefiHistorical.Convex.Instances; axioms=[propext,
 Classical.choice,
 Quot.sound]
info: DefiHistorical/Convex/Verify.lean:5:0: AXIOM AUDIT theorem: DefiHistorical.Convex.intrinsic_eq_ex; module=DefiHistorical.Convex.Instances; axioms=[propext,
 Classical.choice,
 Quot.sound]
info: DefiHistorical/Convex/Verify.lean:5:0: AXIOM AUDIT theorem: DefiHistorical.Convex.intrinsic_eq_paperMaximal; module=DefiHistorical.Convex.Instances; axioms=[propext,
 Classical.choice,
 Quot.sound]
info: DefiHistorical/Convex/Verify.lean:5:0: AXIOM AUDIT theorem: DefiHistorical.Convex.intrinsic_generates; module=DefiHistorical.Convex.Instances; axioms=[propext,
 Classical.choice,
 Quot.sound]
info: DefiHistorical/Convex/Verify.lean:5:0: AXIOM AUDIT theorem: DefiHistorical.Convex.intrinsic_oplus; module=DefiHistorical.Convex.Instances; axioms=[propext,
 Classical.choice,
 Quot.sound]
info: DefiHistorical/Convex/Verify.lean:5:0: AXIOM AUDIT theorem: DefiHistorical.Convex.intrinsic_union; module=DefiHistorical.Convex.Instances; axioms=[propext,
 Classical.choice,
 Quot.sound]
info: DefiHistorical/Convex/Verify.lean:5:0: AXIOM AUDIT theorem: DefiHistorical.Convex.mem_round; module=DefiHistorical.Convex.Saturation; axioms=[propext,
 Classical.choice,
 Quot.sound]
info: DefiHistorical/Convex/Verify.lean:5:0: AXIOM AUDIT theorem: DefiHistorical.Convex.mem_saturate; module=DefiHistorical.Convex.Saturation; axioms=[propext,
 Classical.choice,
 Quot.sound]
info: DefiHistorical/Convex/Verify.lean:5:0: AXIOM AUDIT theorem: DefiHistorical.Convex.named_edges_ranked; module=DefiHistorical.Convex.Instances; axioms=[propext]
info: DefiHistorical/Convex/Verify.lean:5:0: AXIOM AUDIT theorem: DefiHistorical.Convex.path_rank; module=DefiHistorical.Convex.Instances; axioms=[]
info: DefiHistorical/Convex/Verify.lean:5:0: AXIOM AUDIT theorem: DefiHistorical.Convex.ranked_antisymm; module=DefiHistorical.Convex.Instances; axioms=[]
info: DefiHistorical/Convex/Verify.lean:5:0: AXIOM AUDIT theorem: DefiHistorical.Convex.reachSet_decider_independent; module=DefiHistorical.Convex.Saturation; axioms=[propext,
 Classical.choice,
 Quot.sound]
info: DefiHistorical/Convex/Verify.lean:5:0: AXIOM AUDIT theorem: DefiHistorical.Convex.reachable_mem_of_closed; module=DefiHistorical.Convex.Saturation; axioms=[propext,
 Classical.choice,
 Quot.sound]
info: DefiHistorical/Convex/Verify.lean:5:0: AXIOM AUDIT theorem: DefiHistorical.Convex.remove_loops_reachable; module=DefiHistorical.Convex.Saturation; axioms=[]
info: DefiHistorical/Convex/Verify.lean:5:0: AXIOM AUDIT theorem: DefiHistorical.Convex.remove_loops_saturate; module=DefiHistorical.Convex.Saturation; axioms=[propext,
 Classical.choice,
 Quot.sound]
info: DefiHistorical/Convex/Verify.lean:5:0: AXIOM AUDIT theorem: DefiHistorical.Convex.round_eq_iff; module=DefiHistorical.Convex.Saturation; axioms=[propext,
 Classical.choice,
 Quot.sound]
info: DefiHistorical/Convex/Verify.lean:5:0: AXIOM AUDIT theorem: DefiHistorical.Convex.round_mono; module=DefiHistorical.Convex.Saturation; axioms=[propext,
 Classical.choice,
 Quot.sound]
info: DefiHistorical/Convex/Verify.lean:5:0: AXIOM AUDIT theorem: DefiHistorical.Convex.rounds_add; module=DefiHistorical.Convex.Saturation; axioms=[propext,
 Classical.choice,
 Quot.sound]
info: DefiHistorical/Convex/Verify.lean:5:0: AXIOM AUDIT theorem: DefiHistorical.Convex.rounds_fixed_or_card; module=DefiHistorical.Convex.Saturation; axioms=[propext,
 Classical.choice,
 Quot.sound]
info: DefiHistorical/Convex/Verify.lean:5:0: AXIOM AUDIT theorem: DefiHistorical.Convex.rounds_least; module=DefiHistorical.Convex.Saturation; axioms=[propext,
 Classical.choice,
 Quot.sound]
info: DefiHistorical/Convex/Verify.lean:5:0: AXIOM AUDIT theorem: DefiHistorical.Convex.rounds_mono; module=DefiHistorical.Convex.Saturation; axioms=[propext,
 Classical.choice,
 Quot.sound]
info: DefiHistorical/Convex/Verify.lean:5:0: AXIOM AUDIT theorem: DefiHistorical.Convex.rounds_of_fixed; module=DefiHistorical.Convex.Saturation; axioms=[propext,
 Classical.choice,
 Quot.sound]
info: DefiHistorical/Convex/Verify.lean:5:0: AXIOM AUDIT theorem: DefiHistorical.Convex.rounds_reachable; module=DefiHistorical.Convex.Saturation; axioms=[propext,
 Classical.choice,
 Quot.sound]
info: DefiHistorical/Convex/Verify.lean:5:0: AXIOM AUDIT theorem: DefiHistorical.Convex.saturate_closed; module=DefiHistorical.Convex.Saturation; axioms=[propext,
 Classical.choice,
 Quot.sound]
info: DefiHistorical/Convex/Verify.lean:5:0: AXIOM AUDIT theorem: DefiHistorical.Convex.saturate_empty; module=DefiHistorical.Convex.Saturation; axioms=[propext,
 Classical.choice,
 Quot.sound]
info: DefiHistorical/Convex/Verify.lean:5:0: AXIOM AUDIT theorem: DefiHistorical.Convex.saturate_eq_reachSet; module=DefiHistorical.Convex.Saturation; axioms=[propext,
 Classical.choice,
 Quot.sound]
info: DefiHistorical/Convex/Verify.lean:5:0: AXIOM AUDIT theorem: DefiHistorical.Convex.saturate_fixed; module=DefiHistorical.Convex.Saturation; axioms=[propext,
 Classical.choice,
 Quot.sound]
info: DefiHistorical/Convex/Verify.lean:5:0: AXIOM AUDIT theorem: DefiHistorical.Convex.saturate_least; module=DefiHistorical.Convex.Saturation; axioms=[propext,
 Classical.choice,
 Quot.sound]
info: DefiHistorical/Convex/Verify.lean:5:0: AXIOM AUDIT theorem: DefiHistorical.Convex.saturate_univ; module=DefiHistorical.Convex.Saturation; axioms=[propext,
 Classical.choice,
 Quot.sound]
info: DefiHistorical/Convex/Verify.lean:5:0: AXIOM AUDIT theorem: DefiHistorical.Convex.saturated_after_extra_rounds; module=DefiHistorical.Convex.Saturation; axioms=[propext,
 Classical.choice,
 Quot.sound]
info: DefiHistorical/Convex/Verify.lean:5:0: AXIOM AUDIT theorem: DefiHistorical.Convex.subset_round; module=DefiHistorical.Convex.Saturation; axioms=[propext,
 Classical.choice,
 Quot.sound]
info: DefiHistorical/Convex/Verify.lean:5:0: AXIOM AUDIT theorem: DefiHistorical.Convex.subset_rounds; module=DefiHistorical.Convex.Saturation; axioms=[propext,
 Classical.choice,
 Quot.sound]
info: DefiHistorical/Convex/Verify.lean:5:0: AXIOM AUDIT theorem: DefiHistorical.Convex.Counterexamples.actual_edge_and_rank; module=DefiHistorical.Convex.Counterexamples; axioms=[propext]
info: DefiHistorical/Convex/Verify.lean:5:0: AXIOM AUDIT theorem: DefiHistorical.Convex.Counterexamples.actual_reversed_rank_rejected; module=DefiHistorical.Convex.Counterexamples; axioms=[propext]
info: DefiHistorical/Convex/Verify.lean:5:0: AXIOM AUDIT theorem: DefiHistorical.Convex.Counterexamples.chain_forward; module=DefiHistorical.Convex.Counterexamples; axioms=[propext,
 Classical.choice,
 Quot.sound]
info: DefiHistorical/Convex/Verify.lean:5:0: AXIOM AUDIT theorem: DefiHistorical.Convex.Counterexamples.chain_intrinsic; module=DefiHistorical.Convex.Counterexamples; axioms=[propext,
 Classical.choice,
 Quot.sound]
info: DefiHistorical/Convex/Verify.lean:5:0: AXIOM AUDIT theorem: DefiHistorical.Convex.Counterexamples.chain_ranked; module=DefiHistorical.Convex.Counterexamples; axioms=[propext]
info: DefiHistorical/Convex/Verify.lean:5:0: AXIOM AUDIT theorem: DefiHistorical.Convex.Counterexamples.chain_reversed; module=DefiHistorical.Convex.Counterexamples; axioms=[propext,
 Classical.choice,
 Quot.sound]
info: DefiHistorical/Convex/Verify.lean:5:0: AXIOM AUDIT theorem: DefiHistorical.Convex.Counterexamples.cycle_extremes_do_not_generate; module=DefiHistorical.Convex.Counterexamples; axioms=[propext,
 Classical.choice,
 Quot.sound]
info: DefiHistorical/Convex/Verify.lean:5:0: AXIOM AUDIT theorem: DefiHistorical.Convex.Counterexamples.cycle_has_no_extremes; module=DefiHistorical.Convex.Counterexamples; axioms=[propext,
 Classical.choice,
 Quot.sound]
info: DefiHistorical/Convex/Verify.lean:5:0: AXIOM AUDIT theorem: DefiHistorical.Convex.Counterexamples.cycle_not_antiExchange; module=DefiHistorical.Convex.Counterexamples; axioms=[propext,
 Classical.choice,
 Quot.sound]
info: DefiHistorical/Convex/Verify.lean:5:0: AXIOM AUDIT theorem: DefiHistorical.Convex.Counterexamples.cycle_not_antisymmetric; module=DefiHistorical.Convex.Counterexamples; axioms=[propext]
info: DefiHistorical/Convex/Verify.lean:5:0: AXIOM AUDIT theorem: DefiHistorical.Convex.Counterexamples.cycle_reach_backward; module=DefiHistorical.Convex.Counterexamples; axioms=[propext]
info: DefiHistorical/Convex/Verify.lean:5:0: AXIOM AUDIT theorem: DefiHistorical.Convex.Counterexamples.cycle_reach_forward; module=DefiHistorical.Convex.Counterexamples; axioms=[propext]
info: DefiHistorical/Convex/Verify.lean:5:0: AXIOM AUDIT theorem: DefiHistorical.Convex.Counterexamples.deletion_is_material; module=DefiHistorical.Convex.Counterexamples; axioms=[propext,
 Classical.choice,
 Quot.sound]
info: DefiHistorical/Convex/Verify.lean:5:0: AXIOM AUDIT theorem: DefiHistorical.Convex.Counterexamples.empty_input; module=DefiHistorical.Convex.Counterexamples; axioms=[propext,
 Classical.choice,
 Quot.sound]
info: DefiHistorical/Convex/Verify.lean:5:0: AXIOM AUDIT theorem: DefiHistorical.Convex.Counterexamples.full_input; module=DefiHistorical.Convex.Counterexamples; axioms=[propext,
 Classical.choice,
 Quot.sound]
info: DefiHistorical/Convex/Verify.lean:5:0: AXIOM AUDIT theorem: DefiHistorical.Convex.Counterexamples.isolated_singleton_intrinsic; module=DefiHistorical.Convex.Counterexamples; axioms=[propext,
 Classical.choice,
 Quot.sound]
info: DefiHistorical/Convex/Verify.lean:5:0: AXIOM AUDIT theorem: DefiHistorical.Convex.Counterexamples.missing_closed_input; module=DefiHistorical.Convex.Counterexamples; axioms=[propext,
 Classical.choice,
 Quot.sound]
info: DefiHistorical/Convex/Verify.lean:5:0: AXIOM AUDIT theorem: DefiHistorical.Convex.Counterexamples.omitted_deletion_loses_singleton; module=DefiHistorical.Convex.Counterexamples; axioms=[propext,
 Classical.choice,
 Quot.sound]
info: DefiHistorical/Convex/Verify.lean:5:0: AXIOM AUDIT theorem: DefiHistorical.Convex.Counterexamples.orientation_matters; module=DefiHistorical.Convex.Counterexamples; axioms=[propext,
 Classical.choice,
 Quot.sound]
info: DefiHistorical/Convex/Verify.lean:5:0: AXIOM AUDIT theorem: DefiHistorical.Convex.Counterexamples.reverse_rank_rejected; module=DefiHistorical.Convex.Counterexamples; axioms=[propext]
info: DefiHistorical/Convex/Verify.lean:5:0: AXIOM AUDIT theorem: DefiHistorical.Convex.Data.decode_encode; module=DefiHistorical.Convex.Data; axioms=[propext]
info: DefiHistorical/Convex/Verify.lean:5:0: AXIOM AUDIT theorem: DefiHistorical.Convex.Data.encode_decode; module=DefiHistorical.Convex.Data; axioms=[propext]
info: DefiHistorical/Convex/Verify.lean:5:0: AXIOM AUDIT theorem: DefiHistorical.Convex.Data.mechanismNames_length; module=DefiHistorical.Convex.Data; axioms=[]
info: DefiHistorical/Convex/Verify.lean:5:0: AXIOM AUDIT theorem: DefiHistorical.Convex.Data.mechanismNames_nodup; module=DefiHistorical.Convex.Data; axioms=[]
info: DefiHistorical/Convex/Verify.lean:5:0: AXIOM AUDIT theorem: DefiHistorical.Convex.Data.names_bound; module=DefiHistorical.Convex.Data; axioms=[]
info: DefiHistorical/Convex/Verify.lean:5:0: AXIOM AUDIT theorem: DefiHistorical.Convex.Data.symbols_length; module=DefiHistorical.Convex.Data; axioms=[]
info: DefiHistorical/Convex/Verify.lean:5:0: AXIOM AUDIT theorem: DefiHistorical.Convex.instance_unique_minimum_generator._simp_1_1; module=DefiHistorical.Convex.Instances; axioms=[propext,
 Classical.choice,
 Quot.sound]
info: DefiHistorical/Convex/Verify.lean:5:0: AXIOM AUDIT theorem: DefiHistorical.Convex.intrinsic.eq_1; module=DefiHistorical.Convex.Instances; axioms=[propext,
 Classical.choice,
 Quot.sound]
info: DefiHistorical/Convex/Verify.lean:5:0: AXIOM AUDIT theorem: DefiHistorical.Convex.intrinsic_contained_in_generator._simp_1_1; module=DefiHistorical.Convex.Instances; axioms=[propext,
 Classical.choice,
 Quot.sound]
info: DefiHistorical/Convex/Verify.lean:5:0: AXIOM AUDIT theorem: DefiHistorical.Convex.intrinsic_eq_ex._simp_1_2; module=DefiHistorical.Convex.Instances; axioms=[propext,
 Classical.choice,
 Quot.sound]
info: DefiHistorical/Convex/Verify.lean:5:0: AXIOM AUDIT theorem: DefiHistorical.Convex.intrinsic_eq_ex._simp_1_3; module=DefiHistorical.Convex.Instances; axioms=[propext,
 Classical.choice,
 Quot.sound]
info: DefiHistorical/Convex/Verify.lean:5:0: AXIOM AUDIT theorem: DefiHistorical.Convex.intrinsic_eq_paperMaximal._simp_1_2; module=DefiHistorical.Convex.Instances; axioms=[propext,
 Classical.choice,
 Quot.sound]
info: DefiHistorical/Convex/Verify.lean:5:0: AXIOM AUDIT theorem: DefiHistorical.Convex.intrinsic_generates._simp_1_1; module=DefiHistorical.Convex.Instances; axioms=[propext,
 Classical.choice,
 Quot.sound]
info: DefiHistorical/Convex/Verify.lean:5:0: AXIOM AUDIT theorem: DefiHistorical.Convex.intrinsic_oplus._simp_1_2; module=DefiHistorical.Convex.Instances; axioms=[propext,
 Classical.choice,
 Quot.sound]
info: DefiHistorical/Convex/Verify.lean:5:0: AXIOM AUDIT theorem: DefiHistorical.Convex.intrinsic_oplus._simp_1_3; module=DefiHistorical.Convex.Instances; axioms=[propext,
 Classical.choice,
 Quot.sound]
info: DefiHistorical/Convex/Verify.lean:5:0: AXIOM AUDIT theorem: DefiHistorical.Convex.intrinsic_union._simp_1_2; module=DefiHistorical.Convex.Instances; axioms=[propext,
 Classical.choice,
 Quot.sound]
info: DefiHistorical/Convex/Verify.lean:5:0: AXIOM AUDIT theorem: DefiHistorical.Convex.mem_round._simp_1; module=DefiHistorical.Convex.Saturation; axioms=[propext,
 Classical.choice,
 Quot.sound]
info: DefiHistorical/Convex/Verify.lean:5:0: AXIOM AUDIT theorem: DefiHistorical.Convex.paperMaximal.eq_1; module=DefiHistorical.Convex.Instances; axioms=[propext,
 Classical.choice,
 Quot.sound]
info: DefiHistorical/Convex/Verify.lean:5:0: AXIOM AUDIT theorem: DefiHistorical.Convex.reachableDecidable._proof_1; module=DefiHistorical.Convex.Saturation; axioms=[propext,
 Classical.choice,
 Quot.sound]
info: DefiHistorical/Convex/Verify.lean:5:0: AXIOM AUDIT theorem: DefiHistorical.Convex.reachableDecidable._simp_1; module=DefiHistorical.Convex.Saturation; axioms=[propext,
 Classical.choice,
 Quot.sound]
info: DefiHistorical/Convex/Verify.lean:5:0: AXIOM AUDIT theorem: DefiHistorical.Convex.reachableDecidable._simp_2; module=DefiHistorical.Convex.Saturation; axioms=[propext,
 Classical.choice,
 Quot.sound]
info: DefiHistorical/Convex/Verify.lean:5:0: AXIOM AUDIT theorem: DefiHistorical.Convex.reachableDecidable._simp_3; module=DefiHistorical.Convex.Saturation; axioms=[propext]
info: DefiHistorical/Convex/Verify.lean:5:0: AXIOM AUDIT theorem: DefiHistorical.Convex.remove_loops_saturate._simp_1_1; module=DefiHistorical.Convex.Saturation; axioms=[propext]
info: DefiHistorical/Convex/Verify.lean:5:0: AXIOM AUDIT theorem: DefiHistorical.Convex.round.congr_simp; module=DefiHistorical.Convex.Saturation; axioms=[propext,
 Classical.choice,
 Quot.sound]
info: DefiHistorical/Convex/Verify.lean:5:0: AXIOM AUDIT theorem: DefiHistorical.Convex.round.eq_1; module=DefiHistorical.Convex.Saturation; axioms=[propext,
 Classical.choice,
 Quot.sound]
info: DefiHistorical/Convex/Verify.lean:5:0: AXIOM AUDIT theorem: DefiHistorical.Convex.rounds.congr_simp; module=DefiHistorical.Convex.Saturation; axioms=[propext,
 Classical.choice,
 Quot.sound]
info: DefiHistorical/Convex/Verify.lean:5:0: AXIOM AUDIT theorem: DefiHistorical.Convex.rounds.eq_1; module=DefiHistorical.Convex.Saturation; axioms=[propext,
 Classical.choice,
 Quot.sound]
info: DefiHistorical/Convex/Verify.lean:5:0: AXIOM AUDIT theorem: DefiHistorical.Convex.rounds.eq_2; module=DefiHistorical.Convex.Saturation; axioms=[propext,
 Classical.choice,
 Quot.sound]
info: DefiHistorical/Convex/Verify.lean:5:0: AXIOM AUDIT theorem: DefiHistorical.Convex.rounds.eq_def; module=DefiHistorical.Convex.Saturation; axioms=[propext,
 Classical.choice,
 Quot.sound]
info: DefiHistorical/Convex/Verify.lean:5:0: AXIOM AUDIT theorem: DefiHistorical.Convex.rounds_fixed_or_card._proof_1_4; module=DefiHistorical.Convex.Saturation; axioms=[propext,
 Classical.choice,
 Quot.sound]
info: DefiHistorical/Convex/Verify.lean:5:0: AXIOM AUDIT theorem: DefiHistorical.Convex.saturate.congr_simp; module=DefiHistorical.Convex.Saturation; axioms=[propext,
 Classical.choice,
 Quot.sound]
info: DefiHistorical/Convex/Verify.lean:5:0: AXIOM AUDIT theorem: DefiHistorical.Convex.saturate.eq_1; module=DefiHistorical.Convex.Saturation; axioms=[propext,
 Classical.choice,
 Quot.sound]
info: DefiHistorical/Convex/Verify.lean:5:0: AXIOM AUDIT theorem: DefiHistorical.Convex.saturate_fixed._proof_1_1; module=DefiHistorical.Convex.Saturation; axioms=[propext,
 Classical.choice,
 Quot.sound]
info: DefiHistorical/Convex/Verify.lean:5:0: AXIOM AUDIT theorem: DefiHistorical.Convex.Counterexamples.chain._proof_1; module=DefiHistorical.Convex.Counterexamples; axioms=[propext]
info: DefiHistorical/Convex/Verify.lean:5:0: AXIOM AUDIT theorem: DefiHistorical.Convex.Data.Instance.ofNat_ctorIdx; module=DefiHistorical.Convex.Data; axioms=[]
info: DefiHistorical/Convex/Verify.lean:5:0: AXIOM AUDIT theorem: DefiHistorical.Convex.Data.decode_encode._simp_1_1; module=DefiHistorical.Convex.Data; axioms=[propext]
info: DefiHistorical/Convex/Verify.lean:5:0: AXIOM AUDIT theorem: DefiHistorical.Convex.Data.instDecidableEqInstance._proof_1; module=DefiHistorical.Convex.Data; axioms=[]
info: DefiHistorical/Convex/Verify.lean:5:0: AXIOM AUDIT theorem: DefiHistorical.Convex.Data.instDecidableEqInstance._proof_2; module=DefiHistorical.Convex.Data; axioms=[]
info: DefiHistorical/Convex/Verify.lean:5:0: AXIOM AUDIT theorem: DefiHistorical.Convex.Data.instFintypeInstance._proof_1; module=DefiHistorical.Convex.Data; axioms=[propext,
 Classical.choice,
 Quot.sound]
info: DefiHistorical/Convex/Verify.lean:5:0: AXIOM AUDIT theorem: _private.DefiHistorical.Convex.Saturation.0.DefiHistorical.Convex.rounds.match_1.eq_1; module=DefiHistorical.Convex.Saturation; axioms=[propext,
 Quot.sound]
info: DefiHistorical/Convex/Verify.lean:5:0: AXIOM AUDIT theorem: _private.DefiHistorical.Convex.Saturation.0.DefiHistorical.Convex.rounds.match_1.eq_2; module=DefiHistorical.Convex.Saturation; axioms=[propext,
 Quot.sound]
info: DefiHistorical/Convex/Verify.lean:5:0: AXIOM AUDIT theorem: DefiHistorical.Convex.Data.Instance.lstar.sizeOf_spec; module=DefiHistorical.Convex.Data; axioms=[]
info: DefiHistorical/Convex/Verify.lean:5:0: AXIOM AUDIT theorem: DefiHistorical.Convex.Data.Instance.parsedNew.sizeOf_spec; module=DefiHistorical.Convex.Data; axioms=[]
info: DefiHistorical/Convex/Verify.lean:5:0: AXIOM AUDIT theorem: DefiHistorical.Convex.Data.Law.mk.inj; module=DefiHistorical.Convex.Data; axioms=[]
info: DefiHistorical/Convex/Verify.lean:5:0: AXIOM AUDIT theorem: DefiHistorical.Convex.Data.Law.mk.injEq; module=DefiHistorical.Convex.Data; axioms=[propext]
info: DefiHistorical/Convex/Verify.lean:5:0: AXIOM AUDIT theorem: DefiHistorical.Convex.Data.Law.mk.sizeOf_spec; module=DefiHistorical.Convex.Data; axioms=[]
info: DefiHistorical/Convex/Verify.lean:5:0: AXIOM AUDIT theorem: DefiHistorical.Convex.Data.Symbol.mk.inj; module=DefiHistorical.Convex.Data; axioms=[]
info: DefiHistorical/Convex/Verify.lean:5:0: AXIOM AUDIT theorem: DefiHistorical.Convex.Data.Symbol.mk.injEq; module=DefiHistorical.Convex.Data; axioms=[propext]
info: DefiHistorical/Convex/Verify.lean:5:0: AXIOM AUDIT theorem: DefiHistorical.Convex.Data.Symbol.mk.sizeOf_spec; module=DefiHistorical.Convex.Data; axioms=[]
info: DefiHistorical/Convex/Verify.lean:5:0: AXIOM AUDIT theorem: DefiHistorical.Convex.Data.Term.mk.inj; module=DefiHistorical.Convex.Data; axioms=[]
info: DefiHistorical/Convex/Verify.lean:5:0: AXIOM AUDIT theorem: DefiHistorical.Convex.Data.Term.mk.injEq; module=DefiHistorical.Convex.Data; axioms=[propext]
info: DefiHistorical/Convex/Verify.lean:5:0: AXIOM AUDIT theorem: DefiHistorical.Convex.Data.Term.mk.sizeOf_spec; module=DefiHistorical.Convex.Data; axioms=[]
info: DefiHistorical/Convex/Verify.lean:5:0: AXIOM AUDIT theorem: DefiHistorical.Convex.Data.instDecidableEqLaw.decEq._proof_1; module=DefiHistorical.Convex.Data; axioms=[]
info: DefiHistorical/Convex/Verify.lean:5:0: AXIOM AUDIT theorem: DefiHistorical.Convex.Data.instDecidableEqLaw.decEq._proof_10; module=DefiHistorical.Convex.Data; axioms=[]
info: DefiHistorical/Convex/Verify.lean:5:0: AXIOM AUDIT theorem: DefiHistorical.Convex.Data.instDecidableEqLaw.decEq._proof_2; module=DefiHistorical.Convex.Data; axioms=[]
info: DefiHistorical/Convex/Verify.lean:5:0: AXIOM AUDIT theorem: DefiHistorical.Convex.Data.instDecidableEqLaw.decEq._proof_3; module=DefiHistorical.Convex.Data; axioms=[]
info: DefiHistorical/Convex/Verify.lean:5:0: AXIOM AUDIT theorem: DefiHistorical.Convex.Data.instDecidableEqLaw.decEq._proof_4; module=DefiHistorical.Convex.Data; axioms=[]
info: DefiHistorical/Convex/Verify.lean:5:0: AXIOM AUDIT theorem: DefiHistorical.Convex.Data.instDecidableEqLaw.decEq._proof_5; module=DefiHistorical.Convex.Data; axioms=[]
info: DefiHistorical/Convex/Verify.lean:5:0: AXIOM AUDIT theorem: DefiHistorical.Convex.Data.instDecidableEqLaw.decEq._proof_6; module=DefiHistorical.Convex.Data; axioms=[]
info: DefiHistorical/Convex/Verify.lean:5:0: AXIOM AUDIT theorem: DefiHistorical.Convex.Data.instDecidableEqLaw.decEq._proof_7; module=DefiHistorical.Convex.Data; axioms=[]
info: DefiHistorical/Convex/Verify.lean:5:0: AXIOM AUDIT theorem: DefiHistorical.Convex.Data.instDecidableEqLaw.decEq._proof_8; module=DefiHistorical.Convex.Data; axioms=[]
info: DefiHistorical/Convex/Verify.lean:5:0: AXIOM AUDIT theorem: DefiHistorical.Convex.Data.instDecidableEqLaw.decEq._proof_9; module=DefiHistorical.Convex.Data; axioms=[]
info: DefiHistorical/Convex/Verify.lean:5:0: AXIOM AUDIT theorem: DefiHistorical.Convex.Data.instDecidableEqSymbol.decEq._proof_1; module=DefiHistorical.Convex.Data; axioms=[]
info: DefiHistorical/Convex/Verify.lean:5:0: AXIOM AUDIT theorem: DefiHistorical.Convex.Data.instDecidableEqSymbol.decEq._proof_2; module=DefiHistorical.Convex.Data; axioms=[]
info: DefiHistorical/Convex/Verify.lean:5:0: AXIOM AUDIT theorem: DefiHistorical.Convex.Data.instDecidableEqSymbol.decEq._proof_3; module=DefiHistorical.Convex.Data; axioms=[]
info: DefiHistorical/Convex/Verify.lean:5:0: AXIOM AUDIT theorem: DefiHistorical.Convex.Data.instDecidableEqSymbol.decEq._proof_4; module=DefiHistorical.Convex.Data; axioms=[]
info: DefiHistorical/Convex/Verify.lean:5:0: AXIOM AUDIT theorem: DefiHistorical.Convex.Data.instDecidableEqSymbol.decEq._proof_5; module=DefiHistorical.Convex.Data; axioms=[]
info: DefiHistorical/Convex/Verify.lean:5:0: AXIOM AUDIT theorem: DefiHistorical.Convex.Data.instDecidableEqSymbol.decEq._proof_6; module=DefiHistorical.Convex.Data; axioms=[]
info: DefiHistorical/Convex/Verify.lean:5:0: AXIOM AUDIT theorem: DefiHistorical.Convex.Data.instDecidableEqSymbol.decEq._proof_7; module=DefiHistorical.Convex.Data; axioms=[]
info: DefiHistorical/Convex/Verify.lean:5:0: AXIOM AUDIT theorem: DefiHistorical.Convex.Data.instDecidableEqSymbol.decEq._proof_8; module=DefiHistorical.Convex.Data; axioms=[]
info: DefiHistorical/Convex/Verify.lean:5:0: AXIOM AUDIT theorem: DefiHistorical.Convex.Data.instDecidableEqTerm.decEq._proof_1; module=DefiHistorical.Convex.Data; axioms=[]
info: DefiHistorical/Convex/Verify.lean:5:0: AXIOM AUDIT theorem: DefiHistorical.Convex.Data.instDecidableEqTerm.decEq._proof_2; module=DefiHistorical.Convex.Data; axioms=[]
info: DefiHistorical/Convex/Verify.lean:5:0: AXIOM AUDIT theorem: DefiHistorical.Convex.Data.instDecidableEqTerm.decEq._proof_3; module=DefiHistorical.Convex.Data; axioms=[]
info: DefiHistorical/Convex/Verify.lean:5:0: AXIOM AUDIT theorem: DefiHistorical.Convex.Data.instDecidableEqTerm.decEq._proof_4; module=DefiHistorical.Convex.Data; axioms=[]
info: DefiHistorical/Convex/Verify.lean:5:0: AXIOM AUDIT theorem: DefiHistorical.Convex.Data.instDecidableEqTerm.decEq._proof_5; module=DefiHistorical.Convex.Data; axioms=[]
info: DefiHistorical/Convex/Verify.lean:5:0: AXIOM AUDIT declaration: DefiHistorical.Convex.RelationClosed; module=DefiHistorical.Convex.Saturation; kind=definition; axioms=[propext,
 Classical.choice,
 Quot.sound]
info: DefiHistorical/Convex/Verify.lean:5:0: AXIOM AUDIT declaration: DefiHistorical.Convex.instDecidableRelVertexReflTransGenEdge; module=DefiHistorical.Convex.Instances; kind=definition; axioms=[propext,
 Classical.choice,
 Quot.sound]
info: DefiHistorical/Convex/Verify.lean:5:0: AXIOM AUDIT declaration: DefiHistorical.Convex.instanceClosure; module=DefiHistorical.Convex.Instances; kind=definition; axioms=[propext,
 Classical.choice,
 Quot.sound]
info: DefiHistorical/Convex/Verify.lean:5:0: AXIOM AUDIT declaration: DefiHistorical.Convex.intrinsic; module=DefiHistorical.Convex.Instances; kind=definition; axioms=[propext,
 Classical.choice,
 Quot.sound]
info: DefiHistorical/Convex/Verify.lean:5:0: AXIOM AUDIT declaration: DefiHistorical.Convex.paperMaximal; module=DefiHistorical.Convex.Instances; kind=definition; axioms=[propext,
 Classical.choice,
 Quot.sound]
info: DefiHistorical/Convex/Verify.lean:5:0: AXIOM AUDIT declaration: DefiHistorical.Convex.rank; module=DefiHistorical.Convex.Instances; kind=definition; axioms=[propext]
info: DefiHistorical/Convex/Verify.lean:5:0: AXIOM AUDIT declaration: DefiHistorical.Convex.rankName; module=DefiHistorical.Convex.Instances; kind=definition; axioms=[propext]
info: DefiHistorical/Convex/Verify.lean:5:0: AXIOM AUDIT declaration: DefiHistorical.Convex.reachableDecidable; module=DefiHistorical.Convex.Saturation; kind=definition; axioms=[propext,
 Classical.choice,
 Quot.sound]
info: DefiHistorical/Convex/Verify.lean:5:0: AXIOM AUDIT declaration: DefiHistorical.Convex.round; module=DefiHistorical.Convex.Saturation; kind=definition; axioms=[propext,
 Classical.choice,
 Quot.sound]
info: DefiHistorical/Convex/Verify.lean:5:0: AXIOM AUDIT declaration: DefiHistorical.Convex.rounds; module=DefiHistorical.Convex.Saturation; kind=definition; axioms=[propext,
 Classical.choice,
 Quot.sound]
info: DefiHistorical/Convex/Verify.lean:5:0: AXIOM AUDIT declaration: DefiHistorical.Convex.saturate; module=DefiHistorical.Convex.Saturation; kind=definition; axioms=[propext,
 Classical.choice,
 Quot.sound]
info: DefiHistorical/Convex/Verify.lean:5:0: AXIOM AUDIT declaration: DefiHistorical.Convex.Audit.«_aux_DefiHistorical_Convex_Audit___elabRules_DefiHistorical_Convex_Audit_command#historical_inventory_1»; module=DefiHistorical.Convex.Audit; kind=definition; axioms=[propext,
 Classical.choice,
 Quot.sound]
info: DefiHistorical/Convex/Verify.lean:5:0: AXIOM AUDIT declaration: DefiHistorical.Convex.Audit.«command#historical_inventory»; module=DefiHistorical.Convex.Audit; kind=definition; axioms=[]
info: DefiHistorical/Convex/Verify.lean:5:0: AXIOM AUDIT declaration: DefiHistorical.Convex.Counterexamples.V; module=DefiHistorical.Convex.Counterexamples; kind=definition; axioms=[]
info: DefiHistorical/Convex/Verify.lean:5:0: AXIOM AUDIT declaration: DefiHistorical.Convex.Counterexamples.chain; module=DefiHistorical.Convex.Counterexamples; kind=definition; axioms=[propext]
info: DefiHistorical/Convex/Verify.lean:5:0: AXIOM AUDIT declaration: DefiHistorical.Convex.Counterexamples.cycle; module=DefiHistorical.Convex.Counterexamples; kind=definition; axioms=[]
info: DefiHistorical/Convex/Verify.lean:5:0: AXIOM AUDIT declaration: DefiHistorical.Convex.Counterexamples.deletionExtreme; module=DefiHistorical.Convex.Counterexamples; kind=definition; axioms=[propext,
 Classical.choice,
 Quot.sound]
info: DefiHistorical/Convex/Verify.lean:5:0: AXIOM AUDIT declaration: DefiHistorical.Convex.Counterexamples.instDecidableRelVChain; module=DefiHistorical.Convex.Counterexamples; kind=definition; axioms=[propext]
info: DefiHistorical/Convex/Verify.lean:5:0: AXIOM AUDIT declaration: DefiHistorical.Convex.Counterexamples.instDecidableRelVCycle; module=DefiHistorical.Convex.Counterexamples; kind=definition; axioms=[]
info: DefiHistorical/Convex/Verify.lean:5:0: AXIOM AUDIT declaration: DefiHistorical.Convex.Counterexamples.instDecidableRelVReflTransGenCycle; module=DefiHistorical.Convex.Counterexamples; kind=definition; axioms=[propext,
 Classical.choice,
 Quot.sound]
info: DefiHistorical/Convex/Verify.lean:5:0: AXIOM AUDIT declaration: DefiHistorical.Convex.Counterexamples.instDecidableRelVReverseChain; module=DefiHistorical.Convex.Counterexamples; kind=definition; axioms=[propext]
info: DefiHistorical/Convex/Verify.lean:5:0: AXIOM AUDIT declaration: DefiHistorical.Convex.Counterexamples.omittedDeletion; module=DefiHistorical.Convex.Counterexamples; kind=definition; axioms=[propext,
 Classical.choice,
 Quot.sound]
info: DefiHistorical/Convex/Verify.lean:5:0: AXIOM AUDIT declaration: DefiHistorical.Convex.Counterexamples.reverseChain; module=DefiHistorical.Convex.Counterexamples; kind=definition; axioms=[propext]
info: DefiHistorical/Convex/Verify.lean:5:0: AXIOM AUDIT declaration: DefiHistorical.Convex.Data.Vertex; module=DefiHistorical.Convex.Data; kind=definition; axioms=[]
info: DefiHistorical/Convex/Verify.lean:5:0: AXIOM AUDIT declaration: DefiHistorical.Convex.Data.allNamesBound; module=DefiHistorical.Convex.Data; kind=definition; axioms=[]
info: DefiHistorical/Convex/Verify.lean:5:0: AXIOM AUDIT declaration: DefiHistorical.Convex.Data.decode; module=DefiHistorical.Convex.Data; kind=definition; axioms=[propext]
info: DefiHistorical/Convex/Verify.lean:5:0: AXIOM AUDIT declaration: DefiHistorical.Convex.Data.edge; module=DefiHistorical.Convex.Data; kind=definition; axioms=[propext]
info: DefiHistorical/Convex/Verify.lean:5:0: AXIOM AUDIT declaration: DefiHistorical.Convex.Data.encode; module=DefiHistorical.Convex.Data; kind=definition; axioms=[propext]
info: DefiHistorical/Convex/Verify.lean:5:0: AXIOM AUDIT declaration: DefiHistorical.Convex.Data.instDecidableEqInstance; module=DefiHistorical.Convex.Data; kind=definition; axioms=[]
info: DefiHistorical/Convex/Verify.lean:5:0: AXIOM AUDIT declaration: DefiHistorical.Convex.Data.instDecidableEqLaw; module=DefiHistorical.Convex.Data; kind=definition; axioms=[]
info: DefiHistorical/Convex/Verify.lean:5:0: AXIOM AUDIT declaration: DefiHistorical.Convex.Data.instDecidableEqSymbol; module=DefiHistorical.Convex.Data; kind=definition; axioms=[]
info: DefiHistorical/Convex/Verify.lean:5:0: AXIOM AUDIT declaration: DefiHistorical.Convex.Data.instDecidableEqTerm; module=DefiHistorical.Convex.Data; kind=definition; axioms=[]
info: DefiHistorical/Convex/Verify.lean:5:0: AXIOM AUDIT declaration: DefiHistorical.Convex.Data.instDecidableRelVertexEdge; module=DefiHistorical.Convex.Data; kind=definition; axioms=[propext]
info: DefiHistorical/Convex/Verify.lean:5:0: AXIOM AUDIT declaration: DefiHistorical.Convex.Data.instFintypeInstance; module=DefiHistorical.Convex.Data; kind=definition; axioms=[propext,
 Classical.choice,
 Quot.sound]
info: DefiHistorical/Convex/Verify.lean:5:0: AXIOM AUDIT declaration: DefiHistorical.Convex.Data.instReprInstance; module=DefiHistorical.Convex.Data; kind=definition; axioms=[]
info: DefiHistorical/Convex/Verify.lean:5:0: AXIOM AUDIT declaration: DefiHistorical.Convex.Data.instReprLaw; module=DefiHistorical.Convex.Data; kind=definition; axioms=[propext]
info: DefiHistorical/Convex/Verify.lean:5:0: AXIOM AUDIT declaration: DefiHistorical.Convex.Data.instReprSymbol; module=DefiHistorical.Convex.Data; kind=definition; axioms=[propext]
info: DefiHistorical/Convex/Verify.lean:5:0: AXIOM AUDIT declaration: DefiHistorical.Convex.Data.instReprTerm; module=DefiHistorical.Convex.Data; kind=definition; axioms=[propext]
info: DefiHistorical/Convex/Verify.lean:5:0: AXIOM AUDIT declaration: DefiHistorical.Convex.Data.laws; module=DefiHistorical.Convex.Data; kind=definition; axioms=[]
info: DefiHistorical/Convex/Verify.lean:5:0: AXIOM AUDIT declaration: DefiHistorical.Convex.Data.lstarLaws; module=DefiHistorical.Convex.Data; kind=definition; axioms=[]
info: DefiHistorical/Convex/Verify.lean:5:0: AXIOM AUDIT declaration: DefiHistorical.Convex.Data.mechanismNames; module=DefiHistorical.Convex.Data; kind=definition; axioms=[]
info: DefiHistorical/Convex/Verify.lean:5:0: AXIOM AUDIT declaration: DefiHistorical.Convex.Data.occurrencePairs; module=DefiHistorical.Convex.Data; kind=definition; axioms=[]
info: DefiHistorical/Convex/Verify.lean:5:0: AXIOM AUDIT declaration: DefiHistorical.Convex.Data.parsedNewLaws; module=DefiHistorical.Convex.Data; kind=definition; axioms=[]
info: DefiHistorical/Convex/Verify.lean:5:0: AXIOM AUDIT declaration: DefiHistorical.Convex.Data.relationEdges; module=DefiHistorical.Convex.Data; kind=definition; axioms=[]
info: DefiHistorical/Convex/Verify.lean:5:0: AXIOM AUDIT declaration: DefiHistorical.Convex.Data.symbols; module=DefiHistorical.Convex.Data; kind=definition; axioms=[]
info: DefiHistorical/Convex/Verify.lean:5:0: AXIOM AUDIT declaration: DefiHistorical.Convex.rounds._f; module=DefiHistorical.Convex.Saturation; kind=definition; axioms=[propext,
 Classical.choice,
 Quot.sound]
info: DefiHistorical/Convex/Verify.lean:5:0: AXIOM AUDIT declaration: DefiHistorical.Convex.rounds._sunfold; module=DefiHistorical.Convex.Saturation; kind=definition; axioms=[propext,
 Classical.choice,
 Quot.sound]
info: DefiHistorical/Convex/Verify.lean:5:0: AXIOM AUDIT declaration: DefiHistorical.Convex.rounds._unsafe_rec; module=DefiHistorical.Convex.Saturation; kind=definition; axioms=[propext,
 Classical.choice,
 Quot.sound]
info: DefiHistorical/Convex/Verify.lean:5:0: AXIOM AUDIT declaration: DefiHistorical.Convex.rounds.match_1; module=DefiHistorical.Convex.Saturation; kind=definition; axioms=[propext,
 Quot.sound]
info: DefiHistorical/Convex/Verify.lean:5:0: AXIOM AUDIT declaration: DefiHistorical.Convex.Audit.«_aux_DefiHistorical_Convex_Audit___elabRules_DefiHistorical_Convex_Audit_command#historical_inventory_1»._sparseCasesOn_3; module=DefiHistorical.Convex.Audit; kind=definition; axioms=[propext]
info: DefiHistorical/Convex/Verify.lean:5:0: AXIOM AUDIT declaration: DefiHistorical.Convex.Audit.«_aux_DefiHistorical_Convex_Audit___elabRules_DefiHistorical_Convex_Audit_command#historical_inventory_1».match_1; module=DefiHistorical.Convex.Audit; kind=definition; axioms=[]
info: DefiHistorical/Convex/Verify.lean:5:0: AXIOM AUDIT declaration: DefiHistorical.Convex.Audit.«_aux_DefiHistorical_Convex_Audit___elabRules_DefiHistorical_Convex_Audit_command#historical_inventory_1».match_3; module=DefiHistorical.Convex.Audit; kind=definition; axioms=[propext]
info: DefiHistorical/Convex/Verify.lean:5:0: AXIOM AUDIT declaration: DefiHistorical.Convex.Audit.«_aux_DefiHistorical_Convex_Audit___elabRules_DefiHistorical_Convex_Audit_command#historical_inventory_1».match_6; module=DefiHistorical.Convex.Audit; kind=definition; axioms=[]
info: DefiHistorical/Convex/Verify.lean:5:0: AXIOM AUDIT declaration: DefiHistorical.Convex.Counterexamples.instDecidableRelVChain._aux_1; module=DefiHistorical.Convex.Counterexamples; kind=definition; axioms=[propext]
info: DefiHistorical/Convex/Verify.lean:5:0: AXIOM AUDIT declaration: DefiHistorical.Convex.Counterexamples.instDecidableRelVCycle._aux_1; module=DefiHistorical.Convex.Counterexamples; kind=definition; axioms=[]
info: DefiHistorical/Convex/Verify.lean:5:0: AXIOM AUDIT declaration: DefiHistorical.Convex.Counterexamples.instDecidableRelVReverseChain._aux_1; module=DefiHistorical.Convex.Counterexamples; kind=definition; axioms=[propext]
info: DefiHistorical/Convex/Verify.lean:5:0: AXIOM AUDIT declaration: DefiHistorical.Convex.Data.Instance._sizeOf_1; module=DefiHistorical.Convex.Data; kind=definition; axioms=[]
info: DefiHistorical/Convex/Verify.lean:5:0: AXIOM AUDIT declaration: DefiHistorical.Convex.Data.Instance._sizeOf_inst; module=DefiHistorical.Convex.Data; kind=definition; axioms=[]
info: DefiHistorical/Convex/Verify.lean:5:0: AXIOM AUDIT declaration: DefiHistorical.Convex.Data.Instance.casesOn; module=DefiHistorical.Convex.Data; kind=definition; axioms=[]
info: DefiHistorical/Convex/Verify.lean:5:0: AXIOM AUDIT declaration: DefiHistorical.Convex.Data.Instance.ctorElim; module=DefiHistorical.Convex.Data; kind=definition; axioms=[]
info: DefiHistorical/Convex/Verify.lean:5:0: AXIOM AUDIT declaration: DefiHistorical.Convex.Data.Instance.ctorElimType; module=DefiHistorical.Convex.Data; kind=definition; axioms=[]
info: DefiHistorical/Convex/Verify.lean:5:0: AXIOM AUDIT declaration: DefiHistorical.Convex.Data.Instance.ctorIdx; module=DefiHistorical.Convex.Data; kind=definition; axioms=[]
info: DefiHistorical/Convex/Verify.lean:5:0: AXIOM AUDIT declaration: DefiHistorical.Convex.Data.Instance.noConfusion; module=DefiHistorical.Convex.Data; kind=definition; axioms=[]
info: DefiHistorical/Convex/Verify.lean:5:0: AXIOM AUDIT declaration: DefiHistorical.Convex.Data.Instance.noConfusionType; module=DefiHistorical.Convex.Data; kind=definition; axioms=[]
info: DefiHistorical/Convex/Verify.lean:5:0: AXIOM AUDIT declaration: DefiHistorical.Convex.Data.Instance.ofNat; module=DefiHistorical.Convex.Data; kind=definition; axioms=[]
info: DefiHistorical/Convex/Verify.lean:5:0: AXIOM AUDIT declaration: DefiHistorical.Convex.Data.Instance.recOn; module=DefiHistorical.Convex.Data; kind=definition; axioms=[]
info: DefiHistorical/Convex/Verify.lean:5:0: AXIOM AUDIT declaration: DefiHistorical.Convex.Data.Instance.toCtorIdx; module=DefiHistorical.Convex.Data; kind=definition; axioms=[]
info: DefiHistorical/Convex/Verify.lean:5:0: AXIOM AUDIT declaration: DefiHistorical.Convex.Data.Law._sizeOf_1; module=DefiHistorical.Convex.Data; kind=definition; axioms=[]
info: DefiHistorical/Convex/Verify.lean:5:0: AXIOM AUDIT declaration: DefiHistorical.Convex.Data.Law._sizeOf_inst; module=DefiHistorical.Convex.Data; kind=definition; axioms=[]
info: DefiHistorical/Convex/Verify.lean:5:0: AXIOM AUDIT declaration: DefiHistorical.Convex.Data.Law.casesOn; module=DefiHistorical.Convex.Data; kind=definition; axioms=[]
info: DefiHistorical/Convex/Verify.lean:5:0: AXIOM AUDIT declaration: DefiHistorical.Convex.Data.Law.ctorIdx; module=DefiHistorical.Convex.Data; kind=definition; axioms=[]
info: DefiHistorical/Convex/Verify.lean:5:0: AXIOM AUDIT declaration: DefiHistorical.Convex.Data.Law.id; module=DefiHistorical.Convex.Data; kind=definition; axioms=[]
info: DefiHistorical/Convex/Verify.lean:5:0: AXIOM AUDIT declaration: DefiHistorical.Convex.Data.Law.noConfusion; module=DefiHistorical.Convex.Data; kind=definition; axioms=[]
info: DefiHistorical/Convex/Verify.lean:5:0: AXIOM AUDIT declaration: DefiHistorical.Convex.Data.Law.noConfusionType; module=DefiHistorical.Convex.Data; kind=definition; axioms=[]
info: DefiHistorical/Convex/Verify.lean:5:0: AXIOM AUDIT declaration: DefiHistorical.Convex.Data.Law.rawRule; module=DefiHistorical.Convex.Data; kind=definition; axioms=[]
info: DefiHistorical/Convex/Verify.lean:5:0: AXIOM AUDIT declaration: DefiHistorical.Convex.Data.Law.rawSubject; module=DefiHistorical.Convex.Data; kind=definition; axioms=[]
info: DefiHistorical/Convex/Verify.lean:5:0: AXIOM AUDIT declaration: DefiHistorical.Convex.Data.Law.recOn; module=DefiHistorical.Convex.Data; kind=definition; axioms=[]
info: DefiHistorical/Convex/Verify.lean:5:0: AXIOM AUDIT declaration: DefiHistorical.Convex.Data.Law.sourceLine; module=DefiHistorical.Convex.Data; kind=definition; axioms=[]
info: DefiHistorical/Convex/Verify.lean:5:0: AXIOM AUDIT declaration: DefiHistorical.Convex.Data.Law.sourcePath; module=DefiHistorical.Convex.Data; kind=definition; axioms=[]
info: DefiHistorical/Convex/Verify.lean:5:0: AXIOM AUDIT declaration: DefiHistorical.Convex.Data.Law.sourceText; module=DefiHistorical.Convex.Data; kind=definition; axioms=[]
info: DefiHistorical/Convex/Verify.lean:5:0: AXIOM AUDIT declaration: DefiHistorical.Convex.Data.Law.subjectDecision; module=DefiHistorical.Convex.Data; kind=definition; axioms=[]
info: DefiHistorical/Convex/Verify.lean:5:0: AXIOM AUDIT declaration: DefiHistorical.Convex.Data.Law.subjects; module=DefiHistorical.Convex.Data; kind=definition; axioms=[]
info: DefiHistorical/Convex/Verify.lean:5:0: AXIOM AUDIT declaration: DefiHistorical.Convex.Data.Law.terms; module=DefiHistorical.Convex.Data; kind=definition; axioms=[]
info: DefiHistorical/Convex/Verify.lean:5:0: AXIOM AUDIT declaration: DefiHistorical.Convex.Data.Symbol._sizeOf_1; module=DefiHistorical.Convex.Data; kind=definition; axioms=[]
info: DefiHistorical/Convex/Verify.lean:5:0: AXIOM AUDIT declaration: DefiHistorical.Convex.Data.Symbol._sizeOf_inst; module=DefiHistorical.Convex.Data; kind=definition; axioms=[]
info: DefiHistorical/Convex/Verify.lean:5:0: AXIOM AUDIT declaration: DefiHistorical.Convex.Data.Symbol.atom; module=DefiHistorical.Convex.Data; kind=definition; axioms=[]
info: DefiHistorical/Convex/Verify.lean:5:0: AXIOM AUDIT declaration: DefiHistorical.Convex.Data.Symbol.casesOn; module=DefiHistorical.Convex.Data; kind=definition; axioms=[]
info: DefiHistorical/Convex/Verify.lean:5:0: AXIOM AUDIT declaration: DefiHistorical.Convex.Data.Symbol.ctorIdx; module=DefiHistorical.Convex.Data; kind=definition; axioms=[]
info: DefiHistorical/Convex/Verify.lean:5:0: AXIOM AUDIT declaration: DefiHistorical.Convex.Data.Symbol.group; module=DefiHistorical.Convex.Data; kind=definition; axioms=[]
info: DefiHistorical/Convex/Verify.lean:5:0: AXIOM AUDIT declaration: DefiHistorical.Convex.Data.Symbol.id; module=DefiHistorical.Convex.Data; kind=definition; axioms=[]
info: DefiHistorical/Convex/Verify.lean:5:0: AXIOM AUDIT declaration: DefiHistorical.Convex.Data.Symbol.name; module=DefiHistorical.Convex.Data; kind=definition; axioms=[]
info: DefiHistorical/Convex/Verify.lean:5:0: AXIOM AUDIT declaration: DefiHistorical.Convex.Data.Symbol.noConfusion; module=DefiHistorical.Convex.Data; kind=definition; axioms=[]
info: DefiHistorical/Convex/Verify.lean:5:0: AXIOM AUDIT declaration: DefiHistorical.Convex.Data.Symbol.noConfusionType; module=DefiHistorical.Convex.Data; kind=definition; axioms=[]
info: DefiHistorical/Convex/Verify.lean:5:0: AXIOM AUDIT declaration: DefiHistorical.Convex.Data.Symbol.recOn; module=DefiHistorical.Convex.Data; kind=definition; axioms=[]
info: DefiHistorical/Convex/Verify.lean:5:0: AXIOM AUDIT declaration: DefiHistorical.Convex.Data.Symbol.status; module=DefiHistorical.Convex.Data; kind=definition; axioms=[]
info: DefiHistorical/Convex/Verify.lean:5:0: AXIOM AUDIT declaration: DefiHistorical.Convex.Data.Symbol.stratum; module=DefiHistorical.Convex.Data; kind=definition; axioms=[]
info: DefiHistorical/Convex/Verify.lean:5:0: AXIOM AUDIT declaration: DefiHistorical.Convex.Data.Symbol.sym; module=DefiHistorical.Convex.Data; kind=definition; axioms=[]
info: DefiHistorical/Convex/Verify.lean:5:0: AXIOM AUDIT declaration: DefiHistorical.Convex.Data.Term._sizeOf_1; module=DefiHistorical.Convex.Data; kind=definition; axioms=[]
info: DefiHistorical/Convex/Verify.lean:5:0: AXIOM AUDIT declaration: DefiHistorical.Convex.Data.Term._sizeOf_inst; module=DefiHistorical.Convex.Data; kind=definition; axioms=[]
info: DefiHistorical/Convex/Verify.lean:5:0: AXIOM AUDIT declaration: DefiHistorical.Convex.Data.Term.alts; module=DefiHistorical.Convex.Data; kind=definition; axioms=[]
info: DefiHistorical/Convex/Verify.lean:5:0: AXIOM AUDIT declaration: DefiHistorical.Convex.Data.Term.casesOn; module=DefiHistorical.Convex.Data; kind=definition; axioms=[]
info: DefiHistorical/Convex/Verify.lean:5:0: AXIOM AUDIT declaration: DefiHistorical.Convex.Data.Term.ctorIdx; module=DefiHistorical.Convex.Data; kind=definition; axioms=[]
info: DefiHistorical/Convex/Verify.lean:5:0: AXIOM AUDIT declaration: DefiHistorical.Convex.Data.Term.external; module=DefiHistorical.Convex.Data; kind=definition; axioms=[]
info: DefiHistorical/Convex/Verify.lean:5:0: AXIOM AUDIT declaration: DefiHistorical.Convex.Data.Term.mixed; module=DefiHistorical.Convex.Data; kind=definition; axioms=[]
info: DefiHistorical/Convex/Verify.lean:5:0: AXIOM AUDIT declaration: DefiHistorical.Convex.Data.Term.noConfusion; module=DefiHistorical.Convex.Data; kind=definition; axioms=[]
info: DefiHistorical/Convex/Verify.lean:5:0: AXIOM AUDIT declaration: DefiHistorical.Convex.Data.Term.noConfusionType; module=DefiHistorical.Convex.Data; kind=definition; axioms=[]
info: DefiHistorical/Convex/Verify.lean:5:0: AXIOM AUDIT declaration: DefiHistorical.Convex.Data.Term.prose; module=DefiHistorical.Convex.Data; kind=definition; axioms=[]
info: DefiHistorical/Convex/Verify.lean:5:0: AXIOM AUDIT declaration: DefiHistorical.Convex.Data.Term.recOn; module=DefiHistorical.Convex.Data; kind=definition; axioms=[]
info: DefiHistorical/Convex/Verify.lean:5:0: AXIOM AUDIT declaration: DefiHistorical.Convex.Data.instDecidableEqLaw.decEq; module=DefiHistorical.Convex.Data; kind=definition; axioms=[]
info: DefiHistorical/Convex/Verify.lean:5:0: AXIOM AUDIT declaration: DefiHistorical.Convex.Data.instDecidableEqSymbol.decEq; module=DefiHistorical.Convex.Data; kind=definition; axioms=[]
info: DefiHistorical/Convex/Verify.lean:5:0: AXIOM AUDIT declaration: DefiHistorical.Convex.Data.instDecidableEqTerm.decEq; module=DefiHistorical.Convex.Data; kind=definition; axioms=[]
info: DefiHistorical/Convex/Verify.lean:5:0: AXIOM AUDIT declaration: DefiHistorical.Convex.Data.instDecidableRelVertexEdge._aux_1; module=DefiHistorical.Convex.Data; kind=definition; axioms=[propext]
info: DefiHistorical/Convex/Verify.lean:5:0: AXIOM AUDIT declaration: DefiHistorical.Convex.Data.instReprInstance.repr; module=DefiHistorical.Convex.Data; kind=definition; axioms=[]
info: DefiHistorical/Convex/Verify.lean:5:0: AXIOM AUDIT declaration: DefiHistorical.Convex.Data.instReprLaw.repr; module=DefiHistorical.Convex.Data; kind=definition; axioms=[propext]
info: DefiHistorical/Convex/Verify.lean:5:0: AXIOM AUDIT declaration: DefiHistorical.Convex.Data.instReprSymbol.repr; module=DefiHistorical.Convex.Data; kind=definition; axioms=[propext]
info: DefiHistorical/Convex/Verify.lean:5:0: AXIOM AUDIT declaration: DefiHistorical.Convex.Data.instReprTerm.repr; module=DefiHistorical.Convex.Data; kind=definition; axioms=[propext]
info: DefiHistorical/Convex/Verify.lean:5:0: AXIOM AUDIT declaration: _private.DefiHistorical.Convex.Saturation.0.DefiHistorical.Convex.rounds.match_1.splitter; module=DefiHistorical.Convex.Saturation; kind=definition; axioms=[propext,
 Quot.sound]
info: DefiHistorical/Convex/Verify.lean:5:0: AXIOM AUDIT declaration: DefiHistorical.Convex.Data.Instance.lstar.elim; module=DefiHistorical.Convex.Data; kind=definition; axioms=[]
info: DefiHistorical/Convex/Verify.lean:5:0: AXIOM AUDIT declaration: DefiHistorical.Convex.Data.Instance.parsedNew.elim; module=DefiHistorical.Convex.Data; kind=definition; axioms=[]
info: DefiHistorical/Convex/Verify.lean:5:0: AXIOM AUDIT declaration: DefiHistorical.Convex.Data.Law.mk._flat_ctor; module=DefiHistorical.Convex.Data; kind=definition; axioms=[]
info: DefiHistorical/Convex/Verify.lean:5:0: AXIOM AUDIT declaration: DefiHistorical.Convex.Data.Law.mk.noConfusion; module=DefiHistorical.Convex.Data; kind=definition; axioms=[]
info: DefiHistorical/Convex/Verify.lean:5:0: AXIOM AUDIT declaration: DefiHistorical.Convex.Data.Symbol.mk._flat_ctor; module=DefiHistorical.Convex.Data; kind=definition; axioms=[]
info: DefiHistorical/Convex/Verify.lean:5:0: AXIOM AUDIT declaration: DefiHistorical.Convex.Data.Symbol.mk.noConfusion; module=DefiHistorical.Convex.Data; kind=definition; axioms=[]
info: DefiHistorical/Convex/Verify.lean:5:0: AXIOM AUDIT declaration: DefiHistorical.Convex.Data.Term.mk._flat_ctor; module=DefiHistorical.Convex.Data; kind=definition; axioms=[]
info: DefiHistorical/Convex/Verify.lean:5:0: AXIOM AUDIT declaration: DefiHistorical.Convex.Data.Term.mk.noConfusion; module=DefiHistorical.Convex.Data; kind=definition; axioms=[]
info: DefiHistorical/Convex/Verify.lean:5:0: AXIOM AUDIT declaration: DefiHistorical.Convex.Data.instDecidableEqLaw.decEq.match_1; module=DefiHistorical.Convex.Data; kind=definition; axioms=[]
info: DefiHistorical/Convex/Verify.lean:5:0: AXIOM AUDIT declaration: DefiHistorical.Convex.Data.instDecidableEqSymbol.decEq.match_1; module=DefiHistorical.Convex.Data; kind=definition; axioms=[]
info: DefiHistorical/Convex/Verify.lean:5:0: AXIOM AUDIT declaration: DefiHistorical.Convex.Data.instDecidableEqTerm.decEq.match_1; module=DefiHistorical.Convex.Data; kind=definition; axioms=[]
info: DefiHistorical/Convex/Verify.lean:5:0: AXIOM AUDIT declaration: DefiHistorical.Convex.Data.instReprInstance.repr.match_1; module=DefiHistorical.Convex.Data; kind=definition; axioms=[]
info: DefiHistorical/Convex/Verify.lean:5:0: AXIOM AUDIT DECLARATIONS PASSED: 129/129 supplemental declarations; forbidden=0
info: DefiHistorical/Convex/Verify.lean:5:0: AXIOM AUDIT PASSED: 136/136 theorems; forbidden=0
info: DefiHistorical/Convex/Verify.lean:6:0: HISTORICAL INVENTORY {"axioms":["propext"],"kind":"theorem","module":"DefiHistorical.Convex.Instances","name":"DefiHistorical.Convex.edge_loopless","statement":"∀ (i : DefiHistorical.Convex.Data.Instance) (a : DefiHistorical.Convex.Data.Vertex),\n  Not (DefiHistorical.Convex.Data.edge i a a)"}
info: DefiHistorical/Convex/Verify.lean:6:0: HISTORICAL INVENTORY {"axioms":["propext"],"kind":"theorem","module":"DefiHistorical.Convex.Instances","name":"DefiHistorical.Convex.edge_ranked","statement":"∀ (i : DefiHistorical.Convex.Data.Instance) {a b : DefiHistorical.Convex.Data.Vertex},\n  DefiHistorical.Convex.Data.edge i a b →\n    @LT.lt.{0} Nat instLTNat (DefiHistorical.Convex.rank a) (DefiHistorical.Convex.rank b)"}
info: DefiHistorical/Convex/Verify.lean:6:0: HISTORICAL INVENTORY {"axioms":["propext","Classical.choice","Quot.sound"],"kind":"theorem","module":"DefiHistorical.Convex.Instances","name":"DefiHistorical.Convex.instanceClosure_eq_reachCl","statement":"∀ (i : DefiHistorical.Convex.Data.Instance) (S : Finset.{0} DefiHistorical.Convex.Data.Vertex),\n  @Eq.{1} (Finset.{0} DefiHistorical.Convex.Data.Vertex) (DefiHistorical.Convex.instanceClosure i S)\n    (@DFunLike.coe.{1, 1, 1}\n      (@ClosureOperator.{0} (Finset.{0} DefiHistorical.Convex.Data.Vertex)\n        (@PartialOrder.toPreorder.{0} (Finset.{0} DefiHistorical.Convex.Data.Vertex)\n          (@Finset.instPartialOrder.{0} DefiHistorical.Convex.Data.Vertex)))\n      (Finset.{0} DefiHistorical.Convex.Data.Vertex) (fun x ↦ Finset.{0} DefiHistorical.Convex.Data.Vertex)\n      (@ClosureOperator.instFunLike.{0} (Finset.{0} DefiHistorical.Convex.Data.Vertex)\n        (@PartialOrder.toPreorder.{0} (Finset.{0} DefiHistorical.Convex.Data.Vertex)\n          (@Finset.instPartialOrder.{0} DefiHistorical.Convex.Data.Vertex)))\n      (@Defialgebra.ConvexGeometry.reachCl.{0} DefiHistorical.Convex.Data.Vertex\n        (Fin.fintype (@OfNat.ofNat.{0} Nat (nat_lit 58) (instOfNatNat (nat_lit 58))))\n        (instDecidableEqFin (@OfNat.ofNat.{0} Nat (nat_lit 58) (instOfNatNat (nat_lit 58))))\n        (DefiHistorical.Convex.Data.edge i) (DefiHistorical.Convex.instDecidableRelVertexReflTransGenEdge i))\n      S)"}
info: DefiHistorical/Convex/Verify.lean:6:0: HISTORICAL INVENTORY {"axioms":["propext","Classical.choice","Quot.sound"],"kind":"theorem","module":"DefiHistorical.Convex.Instances","name":"DefiHistorical.Convex.instance_antiExchange","statement":"∀ (i : DefiHistorical.Convex.Data.Instance),\n  @Defialgebra.ConvexGeometry.AntiExchange.{0} DefiHistorical.Convex.Data.Vertex\n    (instDecidableEqFin (@OfNat.ofNat.{0} Nat (nat_lit 58) (instOfNatNat (nat_lit 58))))\n    (@Defialgebra.ConvexGeometry.reachCl.{0} DefiHistorical.Convex.Data.Vertex\n      (Fin.fintype (@OfNat.ofNat.{0} Nat (nat_lit 58) (instOfNatNat (nat_lit 58))))\n      (instDecidableEqFin (@OfNat.ofNat.{0} Nat (nat_lit 58) (instOfNatNat (nat_lit 58))))\n      (DefiHistorical.Convex.Data.edge i) (DefiHistorical.Convex.instDecidableRelVertexReflTransGenEdge i))"}
info: DefiHistorical/Convex/Verify.lean:6:0: HISTORICAL INVENTORY {"axioms":["propext","Classical.choice","Quot.sound"],"kind":"theorem","module":"DefiHistorical.Convex.Instances","name":"DefiHistorical.Convex.instance_antiExchange_iff","statement":"∀ (i : DefiHistorical.Convex.Data.Instance),\n  Iff\n    (@Defialgebra.ConvexGeometry.AntiExchange.{0} DefiHistorical.Convex.Data.Vertex\n      (instDecidableEqFin (@OfNat.ofNat.{0} Nat (nat_lit 58) (instOfNatNat (nat_lit 58))))\n      (@Defialgebra.ConvexGeometry.reachCl.{0} DefiHistorical.Convex.Data.Vertex\n        (Fin.fintype (@OfNat.ofNat.{0} Nat (nat_lit 58) (instOfNatNat (nat_lit 58))))\n        (instDecidableEqFin (@OfNat.ofNat.{0} Nat (nat_lit 58) (instOfNatNat (nat_lit 58))))\n        (DefiHistorical.Convex.Data.edge i) (DefiHistorical.Convex.instDecidableRelVertexReflTransGenEdge i)))\n    (∀ (a b : DefiHistorical.Convex.Data.Vertex),\n      @Relation.ReflTransGen.{0} DefiHistorical.Convex.Data.Vertex (DefiHistorical.Convex.Data.edge i) a b →\n        @Relation.ReflTransGen.{0} DefiHistorical.Convex.Data.Vertex (DefiHistorical.Convex.Data.edge i) b a →\n          @Eq.{1} DefiHistorical.Convex.Data.Vertex a b)"}
info: DefiHistorical/Convex/Verify.lean:6:0: HISTORICAL INVENTORY {"axioms":["propext"],"kind":"theorem","module":"DefiHistorical.Convex.Instances","name":"DefiHistorical.Convex.instance_antisymm","statement":"∀ (i : DefiHistorical.Convex.Data.Instance) (a b : DefiHistorical.Convex.Data.Vertex),\n  @Relation.ReflTransGen.{0} DefiHistorical.Convex.Data.Vertex (DefiHistorical.Convex.Data.edge i) a b →\n    @Relation.ReflTransGen.{0} DefiHistorical.Convex.Data.Vertex (DefiHistorical.Convex.Data.edge i) b a →\n      @Eq.{1} DefiHistorical.Convex.Data.Vertex a b"}
info: DefiHistorical/Convex/Verify.lean:6:0: HISTORICAL INVENTORY {"axioms":["propext","Classical.choice","Quot.sound"],"kind":"theorem","module":"DefiHistorical.Convex.Instances","name":"DefiHistorical.Convex.instance_convex","statement":"∀ (i : DefiHistorical.Convex.Data.Instance),\n  And\n    (∀ (A B : Finset.{0} DefiHistorical.Convex.Data.Vertex),\n      @Eq.{1} (Finset.{0} DefiHistorical.Convex.Data.Vertex)\n        (@DFunLike.coe.{1, 1, 1}\n          (@ClosureOperator.{0} (Finset.{0} DefiHistorical.Convex.Data.Vertex)\n            (@PartialOrder.toPreorder.{0} (Finset.{0} DefiHistorical.Convex.Data.Vertex)\n              (@Finset.instPartialOrder.{0} DefiHistorical.Convex.Data.Vertex)))\n          (Finset.{0} DefiHistorical.Convex.Data.Vertex) (fun x ↦ Finset.{0} DefiHistorical.Convex.Data.Vertex)\n          (@ClosureOperator.instFunLike.{0} (Finset.{0} DefiHistorical.Convex.Data.Vertex)\n            (@PartialOrder.toPreorder.{0} (Finset.{0} DefiHistorical.Convex.Data.Vertex)\n              (@Finset.instPartialOrder.{0} DefiHistorical.Convex.Data.Vertex)))\n          (@Defialgebra.ConvexGeometry.reachCl.{0} DefiHistorical.Convex.Data.Vertex\n            (Fin.fintype (@OfNat.ofNat.{0} Nat (nat_lit 58) (instOfNatNat (nat_lit 58))))\n            (instDecidableEqFin (@OfNat.ofNat.{0} Nat (nat_lit 58) (instOfNatNat (nat_lit 58))))\n            (DefiHistorical.Convex.Data.edge i) (DefiHistorical.Convex.instDecidableRelVertexReflTransGenEdge i))\n          (@Union.union.{0} (Finset.{0} DefiHistorical.Convex.Data.Vertex)\n            (@Finset.instUnion.{0} DefiHistorical.Convex.Data.Vertex\n              (instDecidableEqFin (@OfNat.ofNat.{0} Nat (nat_lit 58) (instOfNatNat (nat_lit 58)))))\n            A B))\n        (@Union.union.{0} (Finset.{0} DefiHistorical.Convex.Data.Vertex)\n          (@Finset.instUnion.{0} DefiHistorical.Convex.Data.Vertex\n            (instDecidableEqFin (@OfNat.ofNat.{0} Nat (nat_lit 58) (instOfNatNat (nat_lit 58)))))\n          (@DFunLike.coe.{1, 1, 1}\n            (@ClosureOperator.{0} (Finset.{0} DefiHistorical.Convex.Data.Vertex)\n              (@PartialOrder.toPreorder.{0} (Finset.{0} DefiHistorical.Convex.Data.Vertex)\n                (@Finset.instPartialOrder.{0} DefiHistorical.Convex.Data.Vertex)))\n            (Finset.{0} DefiHistorical.Convex.Data.Vertex) (fun x ↦ Finset.{0} DefiHistorical.Convex.Data.Vertex)\n            (@ClosureOperator.instFunLike.{0} (Finset.{0} DefiHistorical.Convex.Data.Vertex)\n              (@PartialOrder.toPreorder.{0} (Finset.{0} DefiHistorical.Convex.Data.Vertex)\n                (@Finset.instPartialOrder.{0} DefiHistorical.Convex.Data.Vertex)))\n            (@Defialgebra.ConvexGeometry.reachCl.{0} DefiHistorical.Convex.Data.Vertex\n              (Fin.fintype (@OfNat.ofNat.{0} Nat (nat_lit 58) (instOfNatNat (nat_lit 58))))\n              (instDecidableEqFin (@OfNat.ofNat.{0} Nat (nat_lit 58) (instOfNatNat (nat_lit 58))))\n              (DefiHistorical.Convex.Data.edge i) (DefiHistorical.Convex.instDecidableRelVertexReflTransGenEdge i))\n            A)\n          (@DFunLike.coe.{1, 1, 1}\n            (@ClosureOperator.{0} (Finset.{0} DefiHistorical.Convex.Data.Vertex)\n              (@PartialOrder.toPreorder.{0} (Finset.{0} DefiHistorical.Convex.Data.Vertex)\n                (@Finset.instPartialOrder.{0} DefiHistorical.Convex.Data.Vertex)))\n            (Finset.{0} DefiHistorical.Convex.Data.Vertex) (fun x ↦ Finset.{0} DefiHistorical.Convex.Data.Vertex)\n            (@ClosureOperator.instFunLike.{0} (Finset.{0} DefiHistorical.Convex.Data.Vertex)\n              (@PartialOrder.toPreorder.{0} (Finset.{0} DefiHistorical.Convex.Data.Vertex)\n                (@Finset.instPartialOrder.{0} DefiHistorical.Convex.Data.Vertex)))\n            (@Defialgebra.ConvexGeometry.reachCl.{0} DefiHistorical.Convex.Data.Vertex\n              (Fin.fintype (@OfNat.ofNat.{0} Nat (nat_lit 58) (instOfNatNat (nat_lit 58))))\n              (instDecidableEqFin (@OfNat.ofNat.{0} Nat (nat_lit 58) (instOfNatNat (nat_lit 58))))\n              (DefiHistorical.Convex.Data.edge i) (DefiHistorical.Convex.instDecidableRelVertexReflTransGenEdge i))\n            B)))\n    (And\n      (∀ (A : Finset.{0} DefiHistorical.Convex.Data.Vertex),\n        Iff\n          (@Eq.{1} (Finset.{0} DefiHistorical.Convex.Data.Vertex)\n            (@DFunLike.coe.{1, 1, 1}\n              (@ClosureOperator.{0} (Finset.{0} DefiHistorical.Convex.Data.Vertex)\n                (@PartialOrder.toPreorder.{0} (Finset.{0} DefiHistorical.Convex.Data.Vertex)\n                  (@Finset.instPartialOrder.{0} DefiHistorical.Convex.Data.Vertex)))\n              (Finset.{0} DefiHistorical.Convex.Data.Vertex) (fun x ↦ Finset.{0} DefiHistorical.Convex.Data.Vertex)\n              (@ClosureOperator.instFunLike.{0} (Finset.{0} DefiHistorical.Convex.Data.Vertex)\n                (@PartialOrder.toPreorder.{0} (Finset.{0} DefiHistorical.Convex.Data.Vertex)\n                  (@Finset.instPartialOrder.{0} DefiHistorical.Convex.Data.Vertex)))\n              (@Defialgebra.ConvexGeometry.reachCl.{0} DefiHistorical.Convex.Data.Vertex\n                (Fin.fintype (@OfNat.ofNat.{0} Nat (nat_lit 58) (instOfNatNat (nat_lit 58))))\n                (instDecidableEqFin (@OfNat.ofNat.{0} Nat (nat_lit 58) (instOfNatNat (nat_lit 58))))\n                (DefiHistorical.Convex.Data.edge i) (DefiHistorical.Convex.instDecidableRelVertexReflTransGenEdge i))\n              A)\n            A)\n          (∀ (a : DefiHistorical.Convex.Data.Vertex),\n            @Membership.mem.{0, 0} DefiHistorical.Convex.Data.Vertex (Finset.{0} DefiHistorical.Convex.Data.Vertex)\n                (@SetLike.instMembership.{0, 0} (Finset.{0} DefiHistorical.Convex.Data.Vertex)\n                  DefiHistorical.Convex.Data.Vertex (@Finset.instSetLike.{0} DefiHistorical.Convex.Data.Vertex))\n                A a →\n              ∀ (b : DefiHistorical.Convex.Data.Vertex),\n                @Relation.ReflTransGen.{0} DefiHistorical.Convex.Data.Vertex (DefiHistorical.Convex.Data.edge i) a b →\n                  @Membership.mem.{0, 0} DefiHistorical.Convex.Data.Vertex\n                    (Finset.{0} DefiHistorical.Convex.Data.Vertex)\n                    (@SetLike.instMembership.{0, 0} (Finset.{0} DefiHistorical.Convex.Data.Vertex)\n                      DefiHistorical.Convex.Data.Vertex (@Finset.instSetLike.{0} DefiHistorical.Convex.Data.Vertex))\n                    A b))\n      (Iff\n        (@Defialgebra.ConvexGeometry.AntiExchange.{0} DefiHistorical.Convex.Data.Vertex\n          (instDecidableEqFin (@OfNat.ofNat.{0} Nat (nat_lit 58) (instOfNatNat (nat_lit 58))))\n          (@Defialgebra.ConvexGeometry.reachCl.{0} DefiHistorical.Convex.Data.Vertex\n            (Fin.fintype (@OfNat.ofNat.{0} Nat (nat_lit 58) (instOfNatNat (nat_lit 58))))\n            (instDecidableEqFin (@OfNat.ofNat.{0} Nat (nat_lit 58) (instOfNatNat (nat_lit 58))))\n            (DefiHistorical.Convex.Data.edge i) (DefiHistorical.Convex.instDecidableRelVertexReflTransGenEdge i)))\n        (∀ (a b : DefiHistorical.Convex.Data.Vertex),\n          @Relation.ReflTransGen.{0} DefiHistorical.Convex.Data.Vertex (DefiHistorical.Convex.Data.edge i) a b →\n            @Relation.ReflTransGen.{0} DefiHistorical.Convex.Data.Vertex (DefiHistorical.Convex.Data.edge i) b a →\n              @Eq.{1} DefiHistorical.Convex.Data.Vertex a b)))"}
info: DefiHistorical/Convex/Verify.lean:6:0: HISTORICAL INVENTORY {"axioms":["propext","Classical.choice","Quot.sound"],"kind":"theorem","module":"DefiHistorical.Convex.Instances","name":"DefiHistorical.Convex.instance_saturation","statement":"∀ (i : DefiHistorical.Convex.Data.Instance) (S : Finset.{0} DefiHistorical.Convex.Data.Vertex),\n  @Eq.{1} (Finset.{0} DefiHistorical.Convex.Data.Vertex) (DefiHistorical.Convex.instanceClosure i S)\n    (@Defialgebra.ConvexGeometry.reachSet.{0} DefiHistorical.Convex.Data.Vertex\n      (Fin.fintype (@OfNat.ofNat.{0} Nat (nat_lit 58) (instOfNatNat (nat_lit 58)))) (DefiHistorical.Convex.Data.edge i)\n      (DefiHistorical.Convex.instDecidableRelVertexReflTransGenEdge i) S)"}
info: DefiHistorical/Convex/Verify.lean:6:0: HISTORICAL INVENTORY {"axioms":["propext","Classical.choice","Quot.sound"],"kind":"theorem","module":"DefiHistorical.Convex.Instances","name":"DefiHistorical.Convex.instance_unique_minimum_generator","statement":"∀ (i : DefiHistorical.Convex.Data.Instance) {A : Finset.{0} DefiHistorical.Convex.Data.Vertex},\n  @Eq.{1} (Finset.{0} DefiHistorical.Convex.Data.Vertex) (DefiHistorical.Convex.instanceClosure i A) A →\n    @ExistsUnique.{1} (Finset.{0} DefiHistorical.Convex.Data.Vertex) fun G ↦\n      And (@Eq.{1} (Finset.{0} DefiHistorical.Convex.Data.Vertex) (DefiHistorical.Convex.instanceClosure i G) A)\n        (∀ (G' : Finset.{0} DefiHistorical.Convex.Data.Vertex),\n          @Eq.{1} (Finset.{0} DefiHistorical.Convex.Data.Vertex) (DefiHistorical.Convex.instanceClosure i G') A →\n            @LE.le.{0} (Finset.{0} DefiHistorical.Convex.Data.Vertex)\n              (@Preorder.toLE.{0} (Finset.{0} DefiHistorical.Convex.Data.Vertex)\n                (@PartialOrder.toPreorder.{0} (Finset.{0} DefiHistorical.Convex.Data.Vertex)\n                  (@Finset.instPartialOrder.{0} DefiHistorical.Convex.Data.Vertex)))\n              G G')"}
info: DefiHistorical/Convex/Verify.lean:6:0: HISTORICAL INVENTORY {"axioms":["propext","Classical.choice","Quot.sound"],"kind":"theorem","module":"DefiHistorical.Convex.Instances","name":"DefiHistorical.Convex.intrinsic_contained_in_generator","statement":"∀ (i : DefiHistorical.Convex.Data.Instance) {A G : Finset.{0} DefiHistorical.Convex.Data.Vertex},\n  @Eq.{1} (Finset.{0} DefiHistorical.Convex.Data.Vertex) (DefiHistorical.Convex.instanceClosure i G) A →\n    @LE.le.{0} (Finset.{0} DefiHistorical.Convex.Data.Vertex)\n      (@Preorder.toLE.{0} (Finset.{0} DefiHistorical.Convex.Data.Vertex)\n        (@PartialOrder.toPreorder.{0} (Finset.{0} DefiHistorical.Convex.Data.Vertex)\n          (@Finset.instPartialOrder.{0} DefiHistorical.Convex.Data.Vertex)))\n      (DefiHistorical.Convex.intrinsic i A) G"}
info: DefiHistorical/Convex/Verify.lean:6:0: HISTORICAL INVENTORY {"axioms":["propext","Classical.choice","Quot.sound"],"kind":"theorem","module":"DefiHistorical.Convex.Instances","name":"DefiHistorical.Convex.intrinsic_eq_ex","statement":"∀ (i : DefiHistorical.Convex.Data.Instance) (S : Finset.{0} DefiHistorical.Convex.Data.Vertex),\n  @Eq.{1} (Finset.{0} DefiHistorical.Convex.Data.Vertex) (DefiHistorical.Convex.intrinsic i S)\n    (@Defialgebra.ConvexGeometry.ex.{0} DefiHistorical.Convex.Data.Vertex\n      (instDecidableEqFin (@OfNat.ofNat.{0} Nat (nat_lit 58) (instOfNatNat (nat_lit 58))))\n      (@Defialgebra.ConvexGeometry.reachCl.{0} DefiHistorical.Convex.Data.Vertex\n        (Fin.fintype (@OfNat.ofNat.{0} Nat (nat_lit 58) (instOfNatNat (nat_lit 58))))\n        (instDecidableEqFin (@OfNat.ofNat.{0} Nat (nat_lit 58) (instOfNatNat (nat_lit 58))))\n        (DefiHistorical.Convex.Data.edge i) (DefiHistorical.Convex.instDecidableRelVertexReflTransGenEdge i))\n      S)"}
info: DefiHistorical/Convex/Verify.lean:6:0: HISTORICAL INVENTORY {"axioms":["propext","Classical.choice","Quot.sound"],"kind":"theorem","module":"DefiHistorical.Convex.Instances","name":"DefiHistorical.Convex.intrinsic_eq_paperMaximal","statement":"∀ (i : DefiHistorical.Convex.Data.Instance) (S : Finset.{0} DefiHistorical.Convex.Data.Vertex),\n  @Eq.{1} (Finset.{0} DefiHistorical.Convex.Data.Vertex) (DefiHistorical.Convex.intrinsic i S)\n    (DefiHistorical.Convex.paperMaximal i S)"}
info: DefiHistorical/Convex/Verify.lean:6:0: HISTORICAL INVENTORY {"axioms":["propext","Classical.choice","Quot.sound"],"kind":"theorem","module":"DefiHistorical.Convex.Instances","name":"DefiHistorical.Convex.intrinsic_generates","statement":"∀ (i : DefiHistorical.Convex.Data.Instance) {A : Finset.{0} DefiHistorical.Convex.Data.Vertex},\n  @Eq.{1} (Finset.{0} DefiHistorical.Convex.Data.Vertex) (DefiHistorical.Convex.instanceClosure i A) A →\n    @Eq.{1} (Finset.{0} DefiHistorical.Convex.Data.Vertex)\n      (DefiHistorical.Convex.instanceClosure i (DefiHistorical.Convex.intrinsic i A)) A"}
info: DefiHistorical/Convex/Verify.lean:6:0: HISTORICAL INVENTORY {"axioms":["propext","Classical.choice","Quot.sound"],"kind":"theorem","module":"DefiHistorical.Convex.Instances","name":"DefiHistorical.Convex.intrinsic_oplus","statement":"∀ (i : DefiHistorical.Convex.Data.Instance) {A B : Finset.{0} DefiHistorical.Convex.Data.Vertex},\n  @Eq.{1} (Finset.{0} DefiHistorical.Convex.Data.Vertex) (DefiHistorical.Convex.instanceClosure i A) A →\n    @Eq.{1} (Finset.{0} DefiHistorical.Convex.Data.Vertex) (DefiHistorical.Convex.instanceClosure i B) B →\n      @Eq.{1} (Finset.{0} DefiHistorical.Convex.Data.Vertex)\n        (DefiHistorical.Convex.intrinsic i\n          (DefiHistorical.Convex.instanceClosure i\n            (@Union.union.{0} (Finset.{0} DefiHistorical.Convex.Data.Vertex)\n              (@Finset.instUnion.{0} DefiHistorical.Convex.Data.Vertex\n                (instDecidableEqFin (@OfNat.ofNat.{0} Nat (nat_lit 58) (instOfNatNat (nat_lit 58)))))\n              A B)))\n        (DefiHistorical.Convex.paperMaximal i\n          (@Union.union.{0} (Finset.{0} DefiHistorical.Convex.Data.Vertex)\n            (@Finset.instUnion.{0} DefiHistorical.Convex.Data.Vertex\n              (instDecidableEqFin (@OfNat.ofNat.{0} Nat (nat_lit 58) (instOfNatNat (nat_lit 58)))))\n            (DefiHistorical.Convex.intrinsic i A) (DefiHistorical.Convex.intrinsic i B)))"}
info: DefiHistorical/Convex/Verify.lean:6:0: HISTORICAL INVENTORY {"axioms":["propext","Classical.choice","Quot.sound"],"kind":"theorem","module":"DefiHistorical.Convex.Instances","name":"DefiHistorical.Convex.intrinsic_union","statement":"∀ (i : DefiHistorical.Convex.Data.Instance) (A B : Finset.{0} DefiHistorical.Convex.Data.Vertex),\n  @Eq.{1} (Finset.{0} DefiHistorical.Convex.Data.Vertex)\n    (DefiHistorical.Convex.intrinsic i\n      (@Union.union.{0} (Finset.{0} DefiHistorical.Convex.Data.Vertex)\n        (@Finset.instUnion.{0} DefiHistorical.Convex.Data.Vertex\n          (instDecidableEqFin (@OfNat.ofNat.{0} Nat (nat_lit 58) (instOfNatNat (nat_lit 58)))))\n        A B))\n    (DefiHistorical.Convex.paperMaximal i\n      (@Union.union.{0} (Finset.{0} DefiHistorical.Convex.Data.Vertex)\n        (@Finset.instUnion.{0} DefiHistorical.Convex.Data.Vertex\n          (instDecidableEqFin (@OfNat.ofNat.{0} Nat (nat_lit 58) (instOfNatNat (nat_lit 58)))))\n        (DefiHistorical.Convex.intrinsic i A) (DefiHistorical.Convex.intrinsic i B)))"}
info: DefiHistorical/Convex/Verify.lean:6:0: HISTORICAL INVENTORY {"axioms":["propext","Classical.choice","Quot.sound"],"kind":"theorem","module":"DefiHistorical.Convex.Saturation","name":"DefiHistorical.Convex.mem_round","statement":"∀ {E : Type} [inst : Fintype.{0} E] [inst_1 : DecidableEq.{1} E] (r : E → E → Prop)\n  [inst_2 : @DecidableRel.{1, 1} E E r] (S : Finset.{0} E) (b : E),\n  Iff\n    (@Membership.mem.{0, 0} E (Finset.{0} E)\n      (@SetLike.instMembership.{0, 0} (Finset.{0} E) E (@Finset.instSetLike.{0} E))\n      (@DefiHistorical.Convex.round E inst inst_1 r inst_2 S) b)\n    (Or\n      (@Membership.mem.{0, 0} E (Finset.{0} E)\n        (@SetLike.instMembership.{0, 0} (Finset.{0} E) E (@Finset.instSetLike.{0} E)) S b)\n      (∃ a,\n        And\n          (@Membership.mem.{0, 0} E (Finset.{0} E)\n            (@SetLike.instMembership.{0, 0} (Finset.{0} E) E (@Finset.instSetLike.{0} E)) S a)\n          (r a b)))"}
info: DefiHistorical/Convex/Verify.lean:6:0: HISTORICAL INVENTORY {"axioms":["propext","Classical.choice","Quot.sound"],"kind":"theorem","module":"DefiHistorical.Convex.Saturation","name":"DefiHistorical.Convex.mem_saturate","statement":"∀ {E : Type} [inst : Fintype.{0} E] [inst_1 : DecidableEq.{1} E] (r : E → E → Prop)\n  [inst_2 : @DecidableRel.{1, 1} E E r] (S : Finset.{0} E) (b : E),\n  Iff\n    (@Membership.mem.{0, 0} E (Finset.{0} E)\n      (@SetLike.instMembership.{0, 0} (Finset.{0} E) E (@Finset.instSetLike.{0} E))\n      (@DefiHistorical.Convex.saturate E inst inst_1 r inst_2 S) b)\n    (∃ a,\n      And\n        (@Membership.mem.{0, 0} E (Finset.{0} E)\n          (@SetLike.instMembership.{0, 0} (Finset.{0} E) E (@Finset.instSetLike.{0} E)) S a)\n        (@Relation.ReflTransGen.{0} E r a b))"}
info: DefiHistorical/Convex/Verify.lean:6:0: HISTORICAL INVENTORY {"axioms":["propext"],"kind":"theorem","module":"DefiHistorical.Convex.Instances","name":"DefiHistorical.Convex.named_edges_ranked","statement":"∀ (i : DefiHistorical.Convex.Data.Instance) (pair : Prod.{0, 0} String String),\n  @Membership.mem.{0, 0} (Prod.{0, 0} String String) (List.{0} (Prod.{0, 0} String String))\n      (@List.instMembership.{0} (Prod.{0, 0} String String)) (DefiHistorical.Convex.Data.relationEdges i) pair →\n    @LT.lt.{0} Nat instLTNat (DefiHistorical.Convex.rankName (@Prod.fst.{0, 0} String String pair))\n      (DefiHistorical.Convex.rankName (@Prod.snd.{0, 0} String String pair))"}
info: DefiHistorical/Convex/Verify.lean:6:0: HISTORICAL INVENTORY {"axioms":[],"kind":"theorem","module":"DefiHistorical.Convex.Instances","name":"DefiHistorical.Convex.path_rank","statement":"∀ {E : Type} (r : E → E → Prop) (rank : E → Nat),\n  (∀ (a b : E), r a b → @LT.lt.{0} Nat instLTNat (rank a) (rank b)) →\n    ∀ {a b : E}, @Relation.ReflTransGen.{0} E r a b → Or (@Eq.{1} E a b) (@LT.lt.{0} Nat instLTNat (rank a) (rank b))"}
info: DefiHistorical/Convex/Verify.lean:6:0: HISTORICAL INVENTORY {"axioms":[],"kind":"theorem","module":"DefiHistorical.Convex.Instances","name":"DefiHistorical.Convex.ranked_antisymm","statement":"∀ {E : Type} (r : E → E → Prop) (rank : E → Nat),\n  (∀ (a b : E), r a b → @LT.lt.{0} Nat instLTNat (rank a) (rank b)) →\n    ∀ (a b : E), @Relation.ReflTransGen.{0} E r a b → @Relation.ReflTransGen.{0} E r b a → @Eq.{1} E a b"}
info: DefiHistorical/Convex/Verify.lean:6:0: HISTORICAL INVENTORY {"axioms":["propext","Classical.choice","Quot.sound"],"kind":"theorem","module":"DefiHistorical.Convex.Saturation","name":"DefiHistorical.Convex.reachSet_decider_independent","statement":"∀ {E : Type} [inst : Fintype.{0} E] [DecidableEq.{1} E] (r : E → E → Prop) [@DecidableRel.{1, 1} E E r]\n  (d₁ d₂ : @DecidableRel.{1, 1} E E (@Relation.ReflTransGen.{0} E r)) (S : Finset.{0} E),\n  @Eq.{1} (Finset.{0} E) (@Defialgebra.ConvexGeometry.reachSet.{0} E inst r d₁ S)\n    (@Defialgebra.ConvexGeometry.reachSet.{0} E inst r d₂ S)"}
info: DefiHistorical/Convex/Verify.lean:6:0: HISTORICAL INVENTORY {"axioms":["propext","Classical.choice","Quot.sound"],"kind":"theorem","module":"DefiHistorical.Convex.Saturation","name":"DefiHistorical.Convex.reachable_mem_of_closed","statement":"∀ {E : Type} (r : E → E → Prop) {S : Finset.{0} E},\n  @DefiHistorical.Convex.RelationClosed E r S →\n    ∀ {a b : E},\n      @Membership.mem.{0, 0} E (Finset.{0} E)\n          (@SetLike.instMembership.{0, 0} (Finset.{0} E) E (@Finset.instSetLike.{0} E)) S a →\n        @Relation.ReflTransGen.{0} E r a b →\n          @Membership.mem.{0, 0} E (Finset.{0} E)\n            (@SetLike.instMembership.{0, 0} (Finset.{0} E) E (@Finset.instSetLike.{0} E)) S b"}
info: DefiHistorical/Convex/Verify.lean:6:0: HISTORICAL INVENTORY {"axioms":[],"kind":"theorem","module":"DefiHistorical.Convex.Saturation","name":"DefiHistorical.Convex.remove_loops_reachable","statement":"∀ {E : Type} [DecidableEq.{1} E] (r : E → E → Prop) (a b : E),\n  Iff (@Relation.ReflTransGen.{0} E (fun x y ↦ And (r x y) (@Ne.{1} E x y)) a b) (@Relation.ReflTransGen.{0} E r a b)"}
info: DefiHistorical/Convex/Verify.lean:6:0: HISTORICAL INVENTORY {"axioms":["propext","Classical.choice","Quot.sound"],"kind":"theorem","module":"DefiHistorical.Convex.Saturation","name":"DefiHistorical.Convex.remove_loops_saturate","statement":"∀ {E : Type} [inst : Fintype.{0} E] [inst_1 : DecidableEq.{1} E] (r : E → E → Prop)\n  [inst_2 : @DecidableRel.{1, 1} E E r] (S : Finset.{0} E),\n  @Eq.{1} (Finset.{0} E)\n    (@DefiHistorical.Convex.saturate E inst inst_1 (fun a b ↦ And (r a b) (@Ne.{1} E a b))\n      (fun a b ↦\n        @instDecidableAnd (r a b) (@Ne.{1} E a b) (inst_2 a b) (@instDecidableNot (@Eq.{1} E a b) (inst_1 a b)))\n      S)\n    (@DefiHistorical.Convex.saturate E inst inst_1 r inst_2 S)"}
info: DefiHistorical/Convex/Verify.lean:6:0: HISTORICAL INVENTORY {"axioms":["propext","Classical.choice","Quot.sound"],"kind":"theorem","module":"DefiHistorical.Convex.Saturation","name":"DefiHistorical.Convex.round_eq_iff","statement":"∀ {E : Type} [inst : Fintype.{0} E] [inst_1 : DecidableEq.{1} E] (r : E → E → Prop)\n  [inst_2 : @DecidableRel.{1, 1} E E r] (S : Finset.{0} E),\n  Iff (@Eq.{1} (Finset.{0} E) (@DefiHistorical.Convex.round E inst inst_1 r inst_2 S) S)\n    (@DefiHistorical.Convex.RelationClosed E r S)"}
info: DefiHistorical/Convex/Verify.lean:6:0: HISTORICAL INVENTORY {"axioms":["propext","Classical.choice","Quot.sound"],"kind":"theorem","module":"DefiHistorical.Convex.Saturation","name":"DefiHistorical.Convex.round_mono","statement":"∀ {E : Type} [inst : Fintype.{0} E] [inst_1 : DecidableEq.{1} E] (r : E → E → Prop)\n  [inst_2 : @DecidableRel.{1, 1} E E r] {S T : Finset.{0} E},\n  @LE.le.{0} (Finset.{0} E)\n      (@Preorder.toLE.{0} (Finset.{0} E) (@PartialOrder.toPreorder.{0} (Finset.{0} E) (@Finset.instPartialOrder.{0} E)))\n      S T →\n    @LE.le.{0} (Finset.{0} E)\n      (@Preorder.toLE.{0} (Finset.{0} E) (@PartialOrder.toPreorder.{0} (Finset.{0} E) (@Finset.instPartialOrder.{0} E)))\n      (@DefiHistorical.Convex.round E inst inst_1 r inst_2 S) (@DefiHistorical.Convex.round E inst inst_1 r inst_2 T)"}
info: DefiHistorical/Convex/Verify.lean:6:0: HISTORICAL INVENTORY {"axioms":["propext","Classical.choice","Quot.sound"],"kind":"theorem","module":"DefiHistorical.Convex.Saturation","name":"DefiHistorical.Convex.rounds_add","statement":"∀ {E : Type} [inst : Fintype.{0} E] [inst_1 : DecidableEq.{1} E] (r : E → E → Prop)\n  [inst_2 : @DecidableRel.{1, 1} E E r] (m n : Nat) (S : Finset.{0} E),\n  @Eq.{1} (Finset.{0} E)\n    (@DefiHistorical.Convex.rounds E inst inst_1 r inst_2\n      (@HAdd.hAdd.{0, 0, 0} Nat Nat Nat (@instHAdd.{0} Nat instAddNat) m n) S)\n    (@DefiHistorical.Convex.rounds E inst inst_1 r inst_2 n (@DefiHistorical.Convex.rounds E inst inst_1 r inst_2 m S))"}
info: DefiHistorical/Convex/Verify.lean:6:0: HISTORICAL INVENTORY {"axioms":["propext","Classical.choice","Quot.sound"],"kind":"theorem","module":"DefiHistorical.Convex.Saturation","name":"DefiHistorical.Convex.rounds_fixed_or_card","statement":"∀ {E : Type} [inst : Fintype.{0} E] [inst_1 : DecidableEq.{1} E] (r : E → E → Prop)\n  [inst_2 : @DecidableRel.{1, 1} E E r] (n : Nat) (S : Finset.{0} E),\n  Or\n    (@Eq.{1} (Finset.{0} E)\n      (@DefiHistorical.Convex.round E inst inst_1 r inst_2 (@DefiHistorical.Convex.rounds E inst inst_1 r inst_2 n S))\n      (@DefiHistorical.Convex.rounds E inst inst_1 r inst_2 n S))\n    (@LE.le.{0} Nat instLENat (@HAdd.hAdd.{0, 0, 0} Nat Nat Nat (@instHAdd.{0} Nat instAddNat) n (@Finset.card.{0} E S))\n      (@Finset.card.{0} E (@DefiHistorical.Convex.rounds E inst inst_1 r inst_2 n S)))"}
info: DefiHistorical/Convex/Verify.lean:6:0: HISTORICAL INVENTORY {"axioms":["propext","Classical.choice","Quot.sound"],"kind":"theorem","module":"DefiHistorical.Convex.Saturation","name":"DefiHistorical.Convex.rounds_least","statement":"∀ {E : Type} [inst : Fintype.{0} E] [inst_1 : DecidableEq.{1} E] (r : E → E → Prop)\n  [inst_2 : @DecidableRel.{1, 1} E E r] (n : Nat) {S T : Finset.{0} E},\n  @LE.le.{0} (Finset.{0} E)\n      (@Preorder.toLE.{0} (Finset.{0} E) (@PartialOrder.toPreorder.{0} (Finset.{0} E) (@Finset.instPartialOrder.{0} E)))\n      S T →\n    @DefiHistorical.Convex.RelationClosed E r T →\n      @LE.le.{0} (Finset.{0} E)\n        (@Preorder.toLE.{0} (Finset.{0} E)\n          (@PartialOrder.toPreorder.{0} (Finset.{0} E) (@Finset.instPartialOrder.{0} E)))\n        (@DefiHistorical.Convex.rounds E inst inst_1 r inst_2 n S) T"}
info: DefiHistorical/Convex/Verify.lean:6:0: HISTORICAL INVENTORY {"axioms":["propext","Classical.choice","Quot.sound"],"kind":"theorem","module":"DefiHistorical.Convex.Saturation","name":"DefiHistorical.Convex.rounds_mono","statement":"∀ {E : Type} [inst : Fintype.{0} E] [inst_1 : DecidableEq.{1} E] (r : E → E → Prop)\n  [inst_2 : @DecidableRel.{1, 1} E E r] (n : Nat) {S T : Finset.{0} E},\n  @LE.le.{0} (Finset.{0} E)\n      (@Preorder.toLE.{0} (Finset.{0} E) (@PartialOrder.toPreorder.{0} (Finset.{0} E) (@Finset.instPartialOrder.{0} E)))\n      S T →\n    @LE.le.{0} (Finset.{0} E)\n      (@Preorder.toLE.{0} (Finset.{0} E) (@PartialOrder.toPreorder.{0} (Finset.{0} E) (@Finset.instPartialOrder.{0} E)))\n      (@DefiHistorical.Convex.rounds E inst inst_1 r inst_2 n S)\n      (@DefiHistorical.Convex.rounds E inst inst_1 r inst_2 n T)"}
info: DefiHistorical/Convex/Verify.lean:6:0: HISTORICAL INVENTORY {"axioms":["propext","Classical.choice","Quot.sound"],"kind":"theorem","module":"DefiHistorical.Convex.Saturation","name":"DefiHistorical.Convex.rounds_of_fixed","statement":"∀ {E : Type} [inst : Fintype.{0} E] [inst_1 : DecidableEq.{1} E] (r : E → E → Prop)\n  [inst_2 : @DecidableRel.{1, 1} E E r] (n : Nat) (S : Finset.{0} E),\n  @Eq.{1} (Finset.{0} E) (@DefiHistorical.Convex.round E inst inst_1 r inst_2 S) S →\n    @Eq.{1} (Finset.{0} E) (@DefiHistorical.Convex.rounds E inst inst_1 r inst_2 n S) S"}
info: DefiHistorical/Convex/Verify.lean:6:0: HISTORICAL INVENTORY {"axioms":["propext","Classical.choice","Quot.sound"],"kind":"theorem","module":"DefiHistorical.Convex.Saturation","name":"DefiHistorical.Convex.rounds_reachable","statement":"∀ {E : Type} [inst : Fintype.{0} E] [inst_1 : DecidableEq.{1} E] (r : E → E → Prop)\n  [inst_2 : @DecidableRel.{1, 1} E E r] (n : Nat) (S : Finset.{0} E) {b : E},\n  @Membership.mem.{0, 0} E (Finset.{0} E) (@SetLike.instMembership.{0, 0} (Finset.{0} E) E (@Finset.instSetLike.{0} E))\n      (@DefiHistorical.Convex.rounds E inst inst_1 r inst_2 n S) b →\n    ∃ a,\n      And\n        (@Membership.mem.{0, 0} E (Finset.{0} E)\n          (@SetLike.instMembership.{0, 0} (Finset.{0} E) E (@Finset.instSetLike.{0} E)) S a)\n        (@Relation.ReflTransGen.{0} E r a b)"}
info: DefiHistorical/Convex/Verify.lean:6:0: HISTORICAL INVENTORY {"axioms":["propext","Classical.choice","Quot.sound"],"kind":"theorem","module":"DefiHistorical.Convex.Saturation","name":"DefiHistorical.Convex.saturate_closed","statement":"∀ {E : Type} [inst : Fintype.{0} E] [inst_1 : DecidableEq.{1} E] (r : E → E → Prop)\n  [inst_2 : @DecidableRel.{1, 1} E E r] (S : Finset.{0} E),\n  @DefiHistorical.Convex.RelationClosed E r (@DefiHistorical.Convex.saturate E inst inst_1 r inst_2 S)"}
info: DefiHistorical/Convex/Verify.lean:6:0: HISTORICAL INVENTORY {"axioms":["propext","Classical.choice","Quot.sound"],"kind":"theorem","module":"DefiHistorical.Convex.Saturation","name":"DefiHistorical.Convex.saturate_empty","statement":"∀ {E : Type} [inst : Fintype.{0} E] [inst_1 : DecidableEq.{1} E] (r : E → E → Prop)\n  [inst_2 : @DecidableRel.{1, 1} E E r],\n  @Eq.{1} (Finset.{0} E)\n    (@DefiHistorical.Convex.saturate E inst inst_1 r inst_2\n      (@EmptyCollection.emptyCollection.{0} (Finset.{0} E) (@Finset.instEmptyCollection.{0} E)))\n    (@EmptyCollection.emptyCollection.{0} (Finset.{0} E) (@Finset.instEmptyCollection.{0} E))"}
info: DefiHistorical/Convex/Verify.lean:6:0: HISTORICAL INVENTORY {"axioms":["propext","Classical.choice","Quot.sound"],"kind":"theorem","module":"DefiHistorical.Convex.Saturation","name":"DefiHistorical.Convex.saturate_eq_reachSet","statement":"∀ {E : Type} [inst : Fintype.{0} E] [inst_1 : DecidableEq.{1} E] (r : E → E → Prop)\n  [inst_2 : @DecidableRel.{1, 1} E E r] [inst_3 : @DecidableRel.{1, 1} E E (@Relation.ReflTransGen.{0} E r)]\n  (S : Finset.{0} E),\n  @Eq.{1} (Finset.{0} E) (@DefiHistorical.Convex.saturate E inst inst_1 r inst_2 S)\n    (@Defialgebra.ConvexGeometry.reachSet.{0} E inst r inst_3 S)"}
info: DefiHistorical/Convex/Verify.lean:6:0: HISTORICAL INVENTORY {"axioms":["propext","Classical.choice","Quot.sound"],"kind":"theorem","module":"DefiHistorical.Convex.Saturation","name":"DefiHistorical.Convex.saturate_fixed","statement":"∀ {E : Type} [inst : Fintype.{0} E] [inst_1 : DecidableEq.{1} E] (r : E → E → Prop)\n  [inst_2 : @DecidableRel.{1, 1} E E r] (S : Finset.{0} E),\n  @Eq.{1} (Finset.{0} E)\n    (@DefiHistorical.Convex.round E inst inst_1 r inst_2 (@DefiHistorical.Convex.saturate E inst inst_1 r inst_2 S))\n    (@DefiHistorical.Convex.saturate E inst inst_1 r inst_2 S)"}
info: DefiHistorical/Convex/Verify.lean:6:0: HISTORICAL INVENTORY {"axioms":["propext","Classical.choice","Quot.sound"],"kind":"theorem","module":"DefiHistorical.Convex.Saturation","name":"DefiHistorical.Convex.saturate_least","statement":"∀ {E : Type} [inst : Fintype.{0} E] [inst_1 : DecidableEq.{1} E] (r : E → E → Prop)\n  [inst_2 : @DecidableRel.{1, 1} E E r] {S T : Finset.{0} E},\n  @LE.le.{0} (Finset.{0} E)\n      (@Preorder.toLE.{0} (Finset.{0} E) (@PartialOrder.toPreorder.{0} (Finset.{0} E) (@Finset.instPartialOrder.{0} E)))\n      S T →\n    @DefiHistorical.Convex.RelationClosed E r T →\n      @LE.le.{0} (Finset.{0} E)\n        (@Preorder.toLE.{0} (Finset.{0} E)\n          (@PartialOrder.toPreorder.{0} (Finset.{0} E) (@Finset.instPartialOrder.{0} E)))\n        (@DefiHistorical.Convex.saturate E inst inst_1 r inst_2 S) T"}
info: DefiHistorical/Convex/Verify.lean:6:0: HISTORICAL INVENTORY {"axioms":["propext","Classical.choice","Quot.sound"],"kind":"theorem","module":"DefiHistorical.Convex.Saturation","name":"DefiHistorical.Convex.saturate_univ","statement":"∀ {E : Type} [inst : Fintype.{0} E] [inst_1 : DecidableEq.{1} E] (r : E → E → Prop)\n  [inst_2 : @DecidableRel.{1, 1} E E r],\n  @Eq.{1} (Finset.{0} E) (@DefiHistorical.Convex.saturate E inst inst_1 r inst_2 (@Finset.univ.{0} E inst))\n    (@Finset.univ.{0} E inst)"}
info: DefiHistorical/Convex/Verify.lean:6:0: HISTORICAL INVENTORY {"axioms":["propext","Classical.choice","Quot.sound"],"kind":"theorem","module":"DefiHistorical.Convex.Saturation","name":"DefiHistorical.Convex.saturated_after_extra_rounds","statement":"∀ {E : Type} [inst : Fintype.{0} E] [inst_1 : DecidableEq.{1} E] (r : E → E → Prop)\n  [inst_2 : @DecidableRel.{1, 1} E E r] (S : Finset.{0} E) (n : Nat),\n  @Eq.{1} (Finset.{0} E)\n    (@DefiHistorical.Convex.rounds E inst inst_1 r inst_2\n      (@HAdd.hAdd.{0, 0, 0} Nat Nat Nat (@instHAdd.{0} Nat instAddNat) (@Fintype.card.{0} E inst) n) S)\n    (@DefiHistorical.Convex.saturate E inst inst_1 r inst_2 S)"}
info: DefiHistorical/Convex/Verify.lean:6:0: HISTORICAL INVENTORY {"axioms":["propext","Classical.choice","Quot.sound"],"kind":"theorem","module":"DefiHistorical.Convex.Saturation","name":"DefiHistorical.Convex.subset_round","statement":"∀ {E : Type} [inst : Fintype.{0} E] [inst_1 : DecidableEq.{1} E] (r : E → E → Prop)\n  [inst_2 : @DecidableRel.{1, 1} E E r] (S : Finset.{0} E),\n  @LE.le.{0} (Finset.{0} E)\n    (@Preorder.toLE.{0} (Finset.{0} E) (@PartialOrder.toPreorder.{0} (Finset.{0} E) (@Finset.instPartialOrder.{0} E))) S\n    (@DefiHistorical.Convex.round E inst inst_1 r inst_2 S)"}
info: DefiHistorical/Convex/Verify.lean:6:0: HISTORICAL INVENTORY {"axioms":["propext","Classical.choice","Quot.sound"],"kind":"theorem","module":"DefiHistorical.Convex.Saturation","name":"DefiHistorical.Convex.subset_rounds","statement":"∀ {E : Type} [inst : Fintype.{0} E] [inst_1 : DecidableEq.{1} E] (r : E → E → Prop)\n  [inst_2 : @DecidableRel.{1, 1} E E r] (n : Nat) (S : Finset.{0} E),\n  @LE.le.{0} (Finset.{0} E)\n    (@Preorder.toLE.{0} (Finset.{0} E) (@PartialOrder.toPreorder.{0} (Finset.{0} E) (@Finset.instPartialOrder.{0} E))) S\n    (@DefiHistorical.Convex.rounds E inst inst_1 r inst_2 n S)"}
info: DefiHistorical/Convex/Verify.lean:6:0: HISTORICAL INVENTORY {"axioms":["propext"],"kind":"theorem","module":"DefiHistorical.Convex.Counterexamples","name":"DefiHistorical.Convex.Counterexamples.actual_edge_and_rank","statement":"∀ (i : DefiHistorical.Convex.Data.Instance),\n  And\n    (DefiHistorical.Convex.Data.edge i\n      (@OfNat.ofNat.{0} DefiHistorical.Convex.Data.Vertex (nat_lit 14)\n        (@Fin.instOfNat (@OfNat.ofNat.{0} Nat (nat_lit 58) (instOfNatNat (nat_lit 58)))\n          (@Nat.instNeZeroSucc (@OfNat.ofNat.{0} Nat (nat_lit 57) (instOfNatNat (nat_lit 57)))) (nat_lit 14)))\n      (@OfNat.ofNat.{0} DefiHistorical.Convex.Data.Vertex (nat_lit 19)\n        (@Fin.instOfNat (@OfNat.ofNat.{0} Nat (nat_lit 58) (instOfNatNat (nat_lit 58)))\n          (@Nat.instNeZeroSucc (@OfNat.ofNat.{0} Nat (nat_lit 57) (instOfNatNat (nat_lit 57)))) (nat_lit 19))))\n    (@LT.lt.{0} Nat instLTNat\n      (DefiHistorical.Convex.rank\n        (@OfNat.ofNat.{0} DefiHistorical.Convex.Data.Vertex (nat_lit 14)\n          (@Fin.instOfNat (@OfNat.ofNat.{0} Nat (nat_lit 58) (instOfNatNat (nat_lit 58)))\n            (@Nat.instNeZeroSucc (@OfNat.ofNat.{0} Nat (nat_lit 57) (instOfNatNat (nat_lit 57)))) (nat_lit 14))))\n      (DefiHistorical.Convex.rank\n        (@OfNat.ofNat.{0} DefiHistorical.Convex.Data.Vertex (nat_lit 19)\n          (@Fin.instOfNat (@OfNat.ofNat.{0} Nat (nat_lit 58) (instOfNatNat (nat_lit 58)))\n            (@Nat.instNeZeroSucc (@OfNat.ofNat.{0} Nat (nat_lit 57) (instOfNatNat (nat_lit 57)))) (nat_lit 19)))))"}
info: DefiHistorical/Convex/Verify.lean:6:0: HISTORICAL INVENTORY {"axioms":["propext"],"kind":"theorem","module":"DefiHistorical.Convex.Counterexamples","name":"DefiHistorical.Convex.Counterexamples.actual_reversed_rank_rejected","statement":"Not\n  (@LT.lt.{0} Nat instLTNat\n    (DefiHistorical.Convex.rank\n      (@OfNat.ofNat.{0} DefiHistorical.Convex.Data.Vertex (nat_lit 19)\n        (@Fin.instOfNat (@OfNat.ofNat.{0} Nat (nat_lit 58) (instOfNatNat (nat_lit 58)))\n          (@Nat.instNeZeroSucc (@OfNat.ofNat.{0} Nat (nat_lit 57) (instOfNatNat (nat_lit 57)))) (nat_lit 19))))\n    (DefiHistorical.Convex.rank\n      (@OfNat.ofNat.{0} DefiHistorical.Convex.Data.Vertex (nat_lit 14)\n        (@Fin.instOfNat (@OfNat.ofNat.{0} Nat (nat_lit 58) (instOfNatNat (nat_lit 58)))\n          (@Nat.instNeZeroSucc (@OfNat.ofNat.{0} Nat (nat_lit 57) (instOfNatNat (nat_lit 57)))) (nat_lit 14)))))"}
info: DefiHistorical/Convex/Verify.lean:6:0: HISTORICAL INVENTORY {"axioms":["propext","Classical.choice","Quot.sound"],"kind":"theorem","module":"DefiHistorical.Convex.Counterexamples","name":"DefiHistorical.Convex.Counterexamples.chain_forward","statement":"@Eq.{1} (Finset.{0} DefiHistorical.Convex.Counterexamples.V)\n  (@DefiHistorical.Convex.saturate DefiHistorical.Convex.Counterexamples.V\n    (Fin.fintype (@OfNat.ofNat.{0} Nat (nat_lit 2) (instOfNatNat (nat_lit 2))))\n    (instDecidableEqFin (@OfNat.ofNat.{0} Nat (nat_lit 2) (instOfNatNat (nat_lit 2))))\n    DefiHistorical.Convex.Counterexamples.chain DefiHistorical.Convex.Counterexamples.instDecidableRelVChain\n    (@Singleton.singleton.{0, 0} DefiHistorical.Convex.Counterexamples.V\n      (Finset.{0} DefiHistorical.Convex.Counterexamples.V)\n      (@Finset.instSingleton.{0} DefiHistorical.Convex.Counterexamples.V)\n      (@OfNat.ofNat.{0} DefiHistorical.Convex.Counterexamples.V (nat_lit 0)\n        (@Fin.instOfNat (@OfNat.ofNat.{0} Nat (nat_lit 2) (instOfNatNat (nat_lit 2)))\n          (@Nat.instNeZeroSucc (@OfNat.ofNat.{0} Nat (nat_lit 1) (instOfNatNat (nat_lit 1)))) (nat_lit 0)))))\n  (@Insert.insert.{0, 0} DefiHistorical.Convex.Counterexamples.V (Finset.{0} DefiHistorical.Convex.Counterexamples.V)\n    (@Finset.instInsert.{0} DefiHistorical.Convex.Counterexamples.V\n      (instDecidableEqFin (@OfNat.ofNat.{0} Nat (nat_lit 2) (instOfNatNat (nat_lit 2)))))\n    (@OfNat.ofNat.{0} DefiHistorical.Convex.Counterexamples.V (nat_lit 0)\n      (@Fin.instOfNat (@OfNat.ofNat.{0} Nat (nat_lit 2) (instOfNatNat (nat_lit 2)))\n        (@Nat.instNeZeroSucc (@OfNat.ofNat.{0} Nat (nat_lit 1) (instOfNatNat (nat_lit 1)))) (nat_lit 0)))\n    (@Singleton.singleton.{0, 0} DefiHistorical.Convex.Counterexamples.V\n      (Finset.{0} DefiHistorical.Convex.Counterexamples.V)\n      (@Finset.instSingleton.{0} DefiHistorical.Convex.Counterexamples.V)\n      (@OfNat.ofNat.{0} DefiHistorical.Convex.Counterexamples.V (nat_lit 1)\n        (@Fin.instOfNat (@OfNat.ofNat.{0} Nat (nat_lit 2) (instOfNatNat (nat_lit 2)))\n          (@Nat.instNeZeroSucc (@OfNat.ofNat.{0} Nat (nat_lit 1) (instOfNatNat (nat_lit 1)))) (nat_lit 1)))))"}
info: DefiHistorical/Convex/Verify.lean:6:0: HISTORICAL INVENTORY {"axioms":["propext","Classical.choice","Quot.sound"],"kind":"theorem","module":"DefiHistorical.Convex.Counterexamples","name":"DefiHistorical.Convex.Counterexamples.chain_intrinsic","statement":"@Eq.{1} (Finset.{0} DefiHistorical.Convex.Counterexamples.V)\n  (@DefiHistorical.Convex.Counterexamples.deletionExtreme DefiHistorical.Convex.Counterexamples.chain\n    DefiHistorical.Convex.Counterexamples.instDecidableRelVChain\n    (@Insert.insert.{0, 0} DefiHistorical.Convex.Counterexamples.V (Finset.{0} DefiHistorical.Convex.Counterexamples.V)\n      (@Finset.instInsert.{0} DefiHistorical.Convex.Counterexamples.V\n        (instDecidableEqFin (@OfNat.ofNat.{0} Nat (nat_lit 2) (instOfNatNat (nat_lit 2)))))\n      (@OfNat.ofNat.{0} DefiHistorical.Convex.Counterexamples.V (nat_lit 0)\n        (@Fin.instOfNat (@OfNat.ofNat.{0} Nat (nat_lit 2) (instOfNatNat (nat_lit 2)))\n          (@Nat.instNeZeroSucc (@OfNat.ofNat.{0} Nat (nat_lit 1) (instOfNatNat (nat_lit 1)))) (nat_lit 0)))\n      (@Singleton.singleton.{0, 0} DefiHistorical.Convex.Counterexamples.V\n        (Finset.{0} DefiHistorical.Convex.Counterexamples.V)\n        (@Finset.instSingleton.{0} DefiHistorical.Convex.Counterexamples.V)\n        (@OfNat.ofNat.{0} DefiHistorical.Convex.Counterexamples.V (nat_lit 1)\n          (@Fin.instOfNat (@OfNat.ofNat.{0} Nat (nat_lit 2) (instOfNatNat (nat_lit 2)))\n            (@Nat.instNeZeroSucc (@OfNat.ofNat.{0} Nat (nat_lit 1) (instOfNatNat (nat_lit 1)))) (nat_lit 1))))))\n  (@Singleton.singleton.{0, 0} DefiHistorical.Convex.Counterexamples.V\n    (Finset.{0} DefiHistorical.Convex.Counterexamples.V)\n    (@Finset.instSingleton.{0} DefiHistorical.Convex.Counterexamples.V)\n    (@OfNat.ofNat.{0} DefiHistorical.Convex.Counterexamples.V (nat_lit 0)\n      (@Fin.instOfNat (@OfNat.ofNat.{0} Nat (nat_lit 2) (instOfNatNat (nat_lit 2)))\n        (@Nat.instNeZeroSucc (@OfNat.ofNat.{0} Nat (nat_lit 1) (instOfNatNat (nat_lit 1)))) (nat_lit 0))))"}
info: DefiHistorical/Convex/Verify.lean:6:0: HISTORICAL INVENTORY {"axioms":["propext"],"kind":"theorem","module":"DefiHistorical.Convex.Counterexamples","name":"DefiHistorical.Convex.Counterexamples.chain_ranked","statement":"∀ (a b : DefiHistorical.Convex.Counterexamples.V),\n  DefiHistorical.Convex.Counterexamples.chain a b →\n    @LT.lt.{0} Nat instLTNat (@Fin.val (@OfNat.ofNat.{0} Nat (nat_lit 2) (instOfNatNat (nat_lit 2))) a)\n      (@Fin.val (@OfNat.ofNat.{0} Nat (nat_lit 2) (instOfNatNat (nat_lit 2))) b)"}
info: DefiHistorical/Convex/Verify.lean:6:0: HISTORICAL INVENTORY {"axioms":["propext","Classical.choice","Quot.sound"],"kind":"theorem","module":"DefiHistorical.Convex.Counterexamples","name":"DefiHistorical.Convex.Counterexamples.chain_reversed","statement":"@Eq.{1} (Finset.{0} DefiHistorical.Convex.Counterexamples.V)\n  (@DefiHistorical.Convex.saturate DefiHistorical.Convex.Counterexamples.V\n    (Fin.fintype (@OfNat.ofNat.{0} Nat (nat_lit 2) (instOfNatNat (nat_lit 2))))\n    (instDecidableEqFin (@OfNat.ofNat.{0} Nat (nat_lit 2) (instOfNatNat (nat_lit 2))))\n    DefiHistorical.Convex.Counterexamples.reverseChain\n    DefiHistorical.Convex.Counterexamples.instDecidableRelVReverseChain\n    (@Singleton.singleton.{0, 0} DefiHistorical.Convex.Counterexamples.V\n      (Finset.{0} DefiHistorical.Convex.Counterexamples.V)\n      (@Finset.instSingleton.{0} DefiHistorical.Convex.Counterexamples.V)\n      (@OfNat.ofNat.{0} DefiHistorical.Convex.Counterexamples.V (nat_lit 0)\n        (@Fin.instOfNat (@OfNat.ofNat.{0} Nat (nat_lit 2) (instOfNatNat (nat_lit 2)))\n          (@Nat.instNeZeroSucc (@OfNat.ofNat.{0} Nat (nat_lit 1) (instOfNatNat (nat_lit 1)))) (nat_lit 0)))))\n  (@Singleton.singleton.{0, 0} DefiHistorical.Convex.Counterexamples.V\n    (Finset.{0} DefiHistorical.Convex.Counterexamples.V)\n    (@Finset.instSingleton.{0} DefiHistorical.Convex.Counterexamples.V)\n    (@OfNat.ofNat.{0} DefiHistorical.Convex.Counterexamples.V (nat_lit 0)\n      (@Fin.instOfNat (@OfNat.ofNat.{0} Nat (nat_lit 2) (instOfNatNat (nat_lit 2)))\n        (@Nat.instNeZeroSucc (@OfNat.ofNat.{0} Nat (nat_lit 1) (instOfNatNat (nat_lit 1)))) (nat_lit 0))))"}
info: DefiHistorical/Convex/Verify.lean:6:0: HISTORICAL INVENTORY {"axioms":["propext","Classical.choice","Quot.sound"],"kind":"theorem","module":"DefiHistorical.Convex.Counterexamples","name":"DefiHistorical.Convex.Counterexamples.cycle_extremes_do_not_generate","statement":"@Ne.{1} (Finset.{0} DefiHistorical.Convex.Counterexamples.V)\n  (@DefiHistorical.Convex.saturate DefiHistorical.Convex.Counterexamples.V\n    (Fin.fintype (@OfNat.ofNat.{0} Nat (nat_lit 2) (instOfNatNat (nat_lit 2))))\n    (instDecidableEqFin (@OfNat.ofNat.{0} Nat (nat_lit 2) (instOfNatNat (nat_lit 2))))\n    DefiHistorical.Convex.Counterexamples.cycle DefiHistorical.Convex.Counterexamples.instDecidableRelVCycle\n    (@DefiHistorical.Convex.Counterexamples.deletionExtreme DefiHistorical.Convex.Counterexamples.cycle\n      DefiHistorical.Convex.Counterexamples.instDecidableRelVCycle\n      (@Insert.insert.{0, 0} DefiHistorical.Convex.Counterexamples.V\n        (Finset.{0} DefiHistorical.Convex.Counterexamples.V)\n        (@Finset.instInsert.{0} DefiHistorical.Convex.Counterexamples.V\n          (instDecidableEqFin (@OfNat.ofNat.{0} Nat (nat_lit 2) (instOfNatNat (nat_lit 2)))))\n        (@OfNat.ofNat.{0} DefiHistorical.Convex.Counterexamples.V (nat_lit 0)\n          (@Fin.instOfNat (@OfNat.ofNat.{0} Nat (nat_lit 2) (instOfNatNat (nat_lit 2)))\n            (@Nat.instNeZeroSucc (@OfNat.ofNat.{0} Nat (nat_lit 1) (instOfNatNat (nat_lit 1)))) (nat_lit 0)))\n        (@Singleton.singleton.{0, 0} DefiHistorical.Convex.Counterexamples.V\n          (Finset.{0} DefiHistorical.Convex.Counterexamples.V)\n          (@Finset.instSingleton.{0} DefiHistorical.Convex.Counterexamples.V)\n          (@OfNat.ofNat.{0} DefiHistorical.Convex.Counterexamples.V (nat_lit 1)\n            (@Fin.instOfNat (@OfNat.ofNat.{0} Nat (nat_lit 2) (instOfNatNat (nat_lit 2)))\n              (@Nat.instNeZeroSucc (@OfNat.ofNat.{0} Nat (nat_lit 1) (instOfNatNat (nat_lit 1)))) (nat_lit 1)))))))\n  (@Insert.insert.{0, 0} DefiHistorical.Convex.Counterexamples.V (Finset.{0} DefiHistorical.Convex.Counterexamples.V)\n    (@Finset.instInsert.{0} DefiHistorical.Convex.Counterexamples.V\n      (instDecidableEqFin (@OfNat.ofNat.{0} Nat (nat_lit 2) (instOfNatNat (nat_lit 2)))))\n    (@OfNat.ofNat.{0} DefiHistorical.Convex.Counterexamples.V (nat_lit 0)\n      (@Fin.instOfNat (@OfNat.ofNat.{0} Nat (nat_lit 2) (instOfNatNat (nat_lit 2)))\n        (@Nat.instNeZeroSucc (@OfNat.ofNat.{0} Nat (nat_lit 1) (instOfNatNat (nat_lit 1)))) (nat_lit 0)))\n    (@Singleton.singleton.{0, 0} DefiHistorical.Convex.Counterexamples.V\n      (Finset.{0} DefiHistorical.Convex.Counterexamples.V)\n      (@Finset.instSingleton.{0} DefiHistorical.Convex.Counterexamples.V)\n      (@OfNat.ofNat.{0} DefiHistorical.Convex.Counterexamples.V (nat_lit 1)\n        (@Fin.instOfNat (@OfNat.ofNat.{0} Nat (nat_lit 2) (instOfNatNat (nat_lit 2)))\n          (@Nat.instNeZeroSucc (@OfNat.ofNat.{0} Nat (nat_lit 1) (instOfNatNat (nat_lit 1)))) (nat_lit 1)))))"}
info: DefiHistorical/Convex/Verify.lean:6:0: HISTORICAL INVENTORY {"axioms":["propext","Classical.choice","Quot.sound"],"kind":"theorem","module":"DefiHistorical.Convex.Counterexamples","name":"DefiHistorical.Convex.Counterexamples.cycle_has_no_extremes","statement":"@Eq.{1} (Finset.{0} DefiHistorical.Convex.Counterexamples.V)\n  (@DefiHistorical.Convex.Counterexamples.deletionExtreme DefiHistorical.Convex.Counterexamples.cycle\n    DefiHistorical.Convex.Counterexamples.instDecidableRelVCycle\n    (@Insert.insert.{0, 0} DefiHistorical.Convex.Counterexamples.V (Finset.{0} DefiHistorical.Convex.Counterexamples.V)\n      (@Finset.instInsert.{0} DefiHistorical.Convex.Counterexamples.V\n        (instDecidableEqFin (@OfNat.ofNat.{0} Nat (nat_lit 2) (instOfNatNat (nat_lit 2)))))\n      (@OfNat.ofNat.{0} DefiHistorical.Convex.Counterexamples.V (nat_lit 0)\n        (@Fin.instOfNat (@OfNat.ofNat.{0} Nat (nat_lit 2) (instOfNatNat (nat_lit 2)))\n          (@Nat.instNeZeroSucc (@OfNat.ofNat.{0} Nat (nat_lit 1) (instOfNatNat (nat_lit 1)))) (nat_lit 0)))\n      (@Singleton.singleton.{0, 0} DefiHistorical.Convex.Counterexamples.V\n        (Finset.{0} DefiHistorical.Convex.Counterexamples.V)\n        (@Finset.instSingleton.{0} DefiHistorical.Convex.Counterexamples.V)\n        (@OfNat.ofNat.{0} DefiHistorical.Convex.Counterexamples.V (nat_lit 1)\n          (@Fin.instOfNat (@OfNat.ofNat.{0} Nat (nat_lit 2) (instOfNatNat (nat_lit 2)))\n            (@Nat.instNeZeroSucc (@OfNat.ofNat.{0} Nat (nat_lit 1) (instOfNatNat (nat_lit 1)))) (nat_lit 1))))))\n  (@EmptyCollection.emptyCollection.{0} (Finset.{0} DefiHistorical.Convex.Counterexamples.V)\n    (@Finset.instEmptyCollection.{0} DefiHistorical.Convex.Counterexamples.V))"}
info: DefiHistorical/Convex/Verify.lean:6:0: HISTORICAL INVENTORY {"axioms":["propext","Classical.choice","Quot.sound"],"kind":"theorem","module":"DefiHistorical.Convex.Counterexamples","name":"DefiHistorical.Convex.Counterexamples.cycle_not_antiExchange","statement":"Not\n  (@Defialgebra.ConvexGeometry.AntiExchange.{0} DefiHistorical.Convex.Counterexamples.V\n    (instDecidableEqFin (@OfNat.ofNat.{0} Nat (nat_lit 2) (instOfNatNat (nat_lit 2))))\n    (@Defialgebra.ConvexGeometry.reachCl.{0} DefiHistorical.Convex.Counterexamples.V\n      (Fin.fintype (@OfNat.ofNat.{0} Nat (nat_lit 2) (instOfNatNat (nat_lit 2))))\n      (instDecidableEqFin (@OfNat.ofNat.{0} Nat (nat_lit 2) (instOfNatNat (nat_lit 2))))\n      DefiHistorical.Convex.Counterexamples.cycle\n      DefiHistorical.Convex.Counterexamples.instDecidableRelVReflTransGenCycle))"}
info: DefiHistorical/Convex/Verify.lean:6:0: HISTORICAL INVENTORY {"axioms":["propext"],"kind":"theorem","module":"DefiHistorical.Convex.Counterexamples","name":"DefiHistorical.Convex.Counterexamples.cycle_not_antisymmetric","statement":"Not\n  (∀ (a b : DefiHistorical.Convex.Counterexamples.V),\n    @Relation.ReflTransGen.{0} DefiHistorical.Convex.Counterexamples.V DefiHistorical.Convex.Counterexamples.cycle a b →\n      @Relation.ReflTransGen.{0} DefiHistorical.Convex.Counterexamples.V DefiHistorical.Convex.Counterexamples.cycle b\n          a →\n        @Eq.{1} DefiHistorical.Convex.Counterexamples.V a b)"}
info: DefiHistorical/Convex/Verify.lean:6:0: HISTORICAL INVENTORY {"axioms":["propext"],"kind":"theorem","module":"DefiHistorical.Convex.Counterexamples","name":"DefiHistorical.Convex.Counterexamples.cycle_reach_backward","statement":"@Relation.ReflTransGen.{0} DefiHistorical.Convex.Counterexamples.V DefiHistorical.Convex.Counterexamples.cycle\n  (@OfNat.ofNat.{0} DefiHistorical.Convex.Counterexamples.V (nat_lit 1)\n    (@Fin.instOfNat (@OfNat.ofNat.{0} Nat (nat_lit 2) (instOfNatNat (nat_lit 2)))\n      (@Nat.instNeZeroSucc (@OfNat.ofNat.{0} Nat (nat_lit 1) (instOfNatNat (nat_lit 1)))) (nat_lit 1)))\n  (@OfNat.ofNat.{0} DefiHistorical.Convex.Counterexamples.V (nat_lit 0)\n    (@Fin.instOfNat (@OfNat.ofNat.{0} Nat (nat_lit 2) (instOfNatNat (nat_lit 2)))\n      (@Nat.instNeZeroSucc (@OfNat.ofNat.{0} Nat (nat_lit 1) (instOfNatNat (nat_lit 1)))) (nat_lit 0)))"}
info: DefiHistorical/Convex/Verify.lean:6:0: HISTORICAL INVENTORY {"axioms":["propext"],"kind":"theorem","module":"DefiHistorical.Convex.Counterexamples","name":"DefiHistorical.Convex.Counterexamples.cycle_reach_forward","statement":"@Relation.ReflTransGen.{0} DefiHistorical.Convex.Counterexamples.V DefiHistorical.Convex.Counterexamples.cycle\n  (@OfNat.ofNat.{0} DefiHistorical.Convex.Counterexamples.V (nat_lit 0)\n    (@Fin.instOfNat (@OfNat.ofNat.{0} Nat (nat_lit 2) (instOfNatNat (nat_lit 2)))\n      (@Nat.instNeZeroSucc (@OfNat.ofNat.{0} Nat (nat_lit 1) (instOfNatNat (nat_lit 1)))) (nat_lit 0)))\n  (@OfNat.ofNat.{0} DefiHistorical.Convex.Counterexamples.V (nat_lit 1)\n    (@Fin.instOfNat (@OfNat.ofNat.{0} Nat (nat_lit 2) (instOfNatNat (nat_lit 2)))\n      (@Nat.instNeZeroSucc (@OfNat.ofNat.{0} Nat (nat_lit 1) (instOfNatNat (nat_lit 1)))) (nat_lit 1)))"}
info: DefiHistorical/Convex/Verify.lean:6:0: HISTORICAL INVENTORY {"axioms":["propext","Classical.choice","Quot.sound"],"kind":"theorem","module":"DefiHistorical.Convex.Counterexamples","name":"DefiHistorical.Convex.Counterexamples.deletion_is_material","statement":"@Ne.{1} (Finset.{0} DefiHistorical.Convex.Counterexamples.V)\n  (@DefiHistorical.Convex.Counterexamples.deletionExtreme (fun x x_1 ↦ False) (fun a b ↦ instDecidableFalse)\n    (@Singleton.singleton.{0, 0} DefiHistorical.Convex.Counterexamples.V\n      (Finset.{0} DefiHistorical.Convex.Counterexamples.V)\n      (@Finset.instSingleton.{0} DefiHistorical.Convex.Counterexamples.V)\n      (@OfNat.ofNat.{0} DefiHistorical.Convex.Counterexamples.V (nat_lit 0)\n        (@Fin.instOfNat (@OfNat.ofNat.{0} Nat (nat_lit 2) (instOfNatNat (nat_lit 2)))\n          (@Nat.instNeZeroSucc (@OfNat.ofNat.{0} Nat (nat_lit 1) (instOfNatNat (nat_lit 1)))) (nat_lit 0)))))\n  (@DefiHistorical.Convex.Counterexamples.omittedDeletion (fun x x_1 ↦ False) (fun a b ↦ instDecidableFalse)\n    (@Singleton.singleton.{0, 0} DefiHistorical.Convex.Counterexamples.V\n      (Finset.{0} DefiHistorical.Convex.Counterexamples.V)\n      (@Finset.instSingleton.{0} DefiHistorical.Convex.Counterexamples.V)\n      (@OfNat.ofNat.{0} DefiHistorical.Convex.Counterexamples.V (nat_lit 0)\n        (@Fin.instOfNat (@OfNat.ofNat.{0} Nat (nat_lit 2) (instOfNatNat (nat_lit 2)))\n          (@Nat.instNeZeroSucc (@OfNat.ofNat.{0} Nat (nat_lit 1) (instOfNatNat (nat_lit 1)))) (nat_lit 0)))))"}
info: DefiHistorical/Convex/Verify.lean:6:0: HISTORICAL INVENTORY {"axioms":["propext","Classical.choice","Quot.sound"],"kind":"theorem","module":"DefiHistorical.Convex.Counterexamples","name":"DefiHistorical.Convex.Counterexamples.empty_input","statement":"@Eq.{1} (Finset.{0} DefiHistorical.Convex.Counterexamples.V)\n  (@DefiHistorical.Convex.saturate DefiHistorical.Convex.Counterexamples.V\n    (Fin.fintype (@OfNat.ofNat.{0} Nat (nat_lit 2) (instOfNatNat (nat_lit 2))))\n    (instDecidableEqFin (@OfNat.ofNat.{0} Nat (nat_lit 2) (instOfNatNat (nat_lit 2))))\n    DefiHistorical.Convex.Counterexamples.chain DefiHistorical.Convex.Counterexamples.instDecidableRelVChain\n    (@EmptyCollection.emptyCollection.{0} (Finset.{0} DefiHistorical.Convex.Counterexamples.V)\n      (@Finset.instEmptyCollection.{0} DefiHistorical.Convex.Counterexamples.V)))\n  (@EmptyCollection.emptyCollection.{0} (Finset.{0} DefiHistorical.Convex.Counterexamples.V)\n    (@Finset.instEmptyCollection.{0} DefiHistorical.Convex.Counterexamples.V))"}
info: DefiHistorical/Convex/Verify.lean:6:0: HISTORICAL INVENTORY {"axioms":["propext","Classical.choice","Quot.sound"],"kind":"theorem","module":"DefiHistorical.Convex.Counterexamples","name":"DefiHistorical.Convex.Counterexamples.full_input","statement":"@Eq.{1} (Finset.{0} DefiHistorical.Convex.Counterexamples.V)\n  (@DefiHistorical.Convex.saturate DefiHistorical.Convex.Counterexamples.V\n    (Fin.fintype (@OfNat.ofNat.{0} Nat (nat_lit 2) (instOfNatNat (nat_lit 2))))\n    (instDecidableEqFin (@OfNat.ofNat.{0} Nat (nat_lit 2) (instOfNatNat (nat_lit 2))))\n    DefiHistorical.Convex.Counterexamples.chain DefiHistorical.Convex.Counterexamples.instDecidableRelVChain\n    (@Finset.univ.{0} DefiHistorical.Convex.Counterexamples.V\n      (Fin.fintype (@OfNat.ofNat.{0} Nat (nat_lit 2) (instOfNatNat (nat_lit 2))))))\n  (@Finset.univ.{0} DefiHistorical.Convex.Counterexamples.V\n    (Fin.fintype (@OfNat.ofNat.{0} Nat (nat_lit 2) (instOfNatNat (nat_lit 2)))))"}
info: DefiHistorical/Convex/Verify.lean:6:0: HISTORICAL INVENTORY {"axioms":["propext","Classical.choice","Quot.sound"],"kind":"theorem","module":"DefiHistorical.Convex.Counterexamples","name":"DefiHistorical.Convex.Counterexamples.isolated_singleton_intrinsic","statement":"@Eq.{1} (Finset.{0} DefiHistorical.Convex.Counterexamples.V)\n  (@DefiHistorical.Convex.Counterexamples.deletionExtreme (fun x x_1 ↦ False) (fun a b ↦ instDecidableFalse)\n    (@Singleton.singleton.{0, 0} DefiHistorical.Convex.Counterexamples.V\n      (Finset.{0} DefiHistorical.Convex.Counterexamples.V)\n      (@Finset.instSingleton.{0} DefiHistorical.Convex.Counterexamples.V)\n      (@OfNat.ofNat.{0} DefiHistorical.Convex.Counterexamples.V (nat_lit 0)\n        (@Fin.instOfNat (@OfNat.ofNat.{0} Nat (nat_lit 2) (instOfNatNat (nat_lit 2)))\n          (@Nat.instNeZeroSucc (@OfNat.ofNat.{0} Nat (nat_lit 1) (instOfNatNat (nat_lit 1)))) (nat_lit 0)))))\n  (@Singleton.singleton.{0, 0} DefiHistorical.Convex.Counterexamples.V\n    (Finset.{0} DefiHistorical.Convex.Counterexamples.V)\n    (@Finset.instSingleton.{0} DefiHistorical.Convex.Counterexamples.V)\n    (@OfNat.ofNat.{0} DefiHistorical.Convex.Counterexamples.V (nat_lit 0)\n      (@Fin.instOfNat (@OfNat.ofNat.{0} Nat (nat_lit 2) (instOfNatNat (nat_lit 2)))\n        (@Nat.instNeZeroSucc (@OfNat.ofNat.{0} Nat (nat_lit 1) (instOfNatNat (nat_lit 1)))) (nat_lit 0))))"}
info: DefiHistorical/Convex/Verify.lean:6:0: HISTORICAL INVENTORY {"axioms":["propext","Classical.choice","Quot.sound"],"kind":"theorem","module":"DefiHistorical.Convex.Counterexamples","name":"DefiHistorical.Convex.Counterexamples.missing_closed_input","statement":"@Ne.{1} (Finset.{0} DefiHistorical.Convex.Counterexamples.V)\n  (@DefiHistorical.Convex.saturate DefiHistorical.Convex.Counterexamples.V\n    (Fin.fintype (@OfNat.ofNat.{0} Nat (nat_lit 2) (instOfNatNat (nat_lit 2))))\n    (instDecidableEqFin (@OfNat.ofNat.{0} Nat (nat_lit 2) (instOfNatNat (nat_lit 2))))\n    DefiHistorical.Convex.Counterexamples.chain DefiHistorical.Convex.Counterexamples.instDecidableRelVChain\n    (@Singleton.singleton.{0, 0} DefiHistorical.Convex.Counterexamples.V\n      (Finset.{0} DefiHistorical.Convex.Counterexamples.V)\n      (@Finset.instSingleton.{0} DefiHistorical.Convex.Counterexamples.V)\n      (@OfNat.ofNat.{0} DefiHistorical.Convex.Counterexamples.V (nat_lit 0)\n        (@Fin.instOfNat (@OfNat.ofNat.{0} Nat (nat_lit 2) (instOfNatNat (nat_lit 2)))\n          (@Nat.instNeZeroSucc (@OfNat.ofNat.{0} Nat (nat_lit 1) (instOfNatNat (nat_lit 1)))) (nat_lit 0)))))\n  (@Singleton.singleton.{0, 0} DefiHistorical.Convex.Counterexamples.V\n    (Finset.{0} DefiHistorical.Convex.Counterexamples.V)\n    (@Finset.instSingleton.{0} DefiHistorical.Convex.Counterexamples.V)\n    (@OfNat.ofNat.{0} DefiHistorical.Convex.Counterexamples.V (nat_lit 0)\n      (@Fin.instOfNat (@OfNat.ofNat.{0} Nat (nat_lit 2) (instOfNatNat (nat_lit 2)))\n        (@Nat.instNeZeroSucc (@OfNat.ofNat.{0} Nat (nat_lit 1) (instOfNatNat (nat_lit 1)))) (nat_lit 0))))"}
info: DefiHistorical/Convex/Verify.lean:6:0: HISTORICAL INVENTORY {"axioms":["propext","Classical.choice","Quot.sound"],"kind":"theorem","module":"DefiHistorical.Convex.Counterexamples","name":"DefiHistorical.Convex.Counterexamples.omitted_deletion_loses_singleton","statement":"@Eq.{1} (Finset.{0} DefiHistorical.Convex.Counterexamples.V)\n  (@DefiHistorical.Convex.Counterexamples.omittedDeletion (fun x x_1 ↦ False) (fun a b ↦ instDecidableFalse)\n    (@Singleton.singleton.{0, 0} DefiHistorical.Convex.Counterexamples.V\n      (Finset.{0} DefiHistorical.Convex.Counterexamples.V)\n      (@Finset.instSingleton.{0} DefiHistorical.Convex.Counterexamples.V)\n      (@OfNat.ofNat.{0} DefiHistorical.Convex.Counterexamples.V (nat_lit 0)\n        (@Fin.instOfNat (@OfNat.ofNat.{0} Nat (nat_lit 2) (instOfNatNat (nat_lit 2)))\n          (@Nat.instNeZeroSucc (@OfNat.ofNat.{0} Nat (nat_lit 1) (instOfNatNat (nat_lit 1)))) (nat_lit 0)))))\n  (@EmptyCollection.emptyCollection.{0} (Finset.{0} DefiHistorical.Convex.Counterexamples.V)\n    (@Finset.instEmptyCollection.{0} DefiHistorical.Convex.Counterexamples.V))"}
info: DefiHistorical/Convex/Verify.lean:6:0: HISTORICAL INVENTORY {"axioms":["propext","Classical.choice","Quot.sound"],"kind":"theorem","module":"DefiHistorical.Convex.Counterexamples","name":"DefiHistorical.Convex.Counterexamples.orientation_matters","statement":"@Ne.{1} (Finset.{0} DefiHistorical.Convex.Counterexamples.V)\n  (@DefiHistorical.Convex.saturate DefiHistorical.Convex.Counterexamples.V\n    (Fin.fintype (@OfNat.ofNat.{0} Nat (nat_lit 2) (instOfNatNat (nat_lit 2))))\n    (instDecidableEqFin (@OfNat.ofNat.{0} Nat (nat_lit 2) (instOfNatNat (nat_lit 2))))\n    DefiHistorical.Convex.Counterexamples.chain DefiHistorical.Convex.Counterexamples.instDecidableRelVChain\n    (@Singleton.singleton.{0, 0} DefiHistorical.Convex.Counterexamples.V\n      (Finset.{0} DefiHistorical.Convex.Counterexamples.V)\n      (@Finset.instSingleton.{0} DefiHistorical.Convex.Counterexamples.V)\n      (@OfNat.ofNat.{0} DefiHistorical.Convex.Counterexamples.V (nat_lit 0)\n        (@Fin.instOfNat (@OfNat.ofNat.{0} Nat (nat_lit 2) (instOfNatNat (nat_lit 2)))\n          (@Nat.instNeZeroSucc (@OfNat.ofNat.{0} Nat (nat_lit 1) (instOfNatNat (nat_lit 1)))) (nat_lit 0)))))\n  (@DefiHistorical.Convex.saturate DefiHistorical.Convex.Counterexamples.V\n    (Fin.fintype (@OfNat.ofNat.{0} Nat (nat_lit 2) (instOfNatNat (nat_lit 2))))\n    (instDecidableEqFin (@OfNat.ofNat.{0} Nat (nat_lit 2) (instOfNatNat (nat_lit 2))))\n    DefiHistorical.Convex.Counterexamples.reverseChain\n    DefiHistorical.Convex.Counterexamples.instDecidableRelVReverseChain\n    (@Singleton.singleton.{0, 0} DefiHistorical.Convex.Counterexamples.V\n      (Finset.{0} DefiHistorical.Convex.Counterexamples.V)\n      (@Finset.instSingleton.{0} DefiHistorical.Convex.Counterexamples.V)\n      (@OfNat.ofNat.{0} DefiHistorical.Convex.Counterexamples.V (nat_lit 0)\n        (@Fin.instOfNat (@OfNat.ofNat.{0} Nat (nat_lit 2) (instOfNatNat (nat_lit 2)))\n          (@Nat.instNeZeroSucc (@OfNat.ofNat.{0} Nat (nat_lit 1) (instOfNatNat (nat_lit 1)))) (nat_lit 0)))))"}
info: DefiHistorical/Convex/Verify.lean:6:0: HISTORICAL INVENTORY {"axioms":["propext"],"kind":"theorem","module":"DefiHistorical.Convex.Counterexamples","name":"DefiHistorical.Convex.Counterexamples.reverse_rank_rejected","statement":"Not\n  (∀ (a b : DefiHistorical.Convex.Counterexamples.V),\n    DefiHistorical.Convex.Counterexamples.reverseChain a b →\n      @LT.lt.{0} Nat instLTNat (@Fin.val (@OfNat.ofNat.{0} Nat (nat_lit 2) (instOfNatNat (nat_lit 2))) a)\n        (@Fin.val (@OfNat.ofNat.{0} Nat (nat_lit 2) (instOfNatNat (nat_lit 2))) b))"}
info: DefiHistorical/Convex/Verify.lean:6:0: HISTORICAL INVENTORY {"axioms":["propext"],"kind":"theorem","module":"DefiHistorical.Convex.Data","name":"DefiHistorical.Convex.Data.decode_encode","statement":"∀ (name : String) (v : DefiHistorical.Convex.Data.Vertex),\n  @Eq.{1} (Option.{0} DefiHistorical.Convex.Data.Vertex) (DefiHistorical.Convex.Data.encode name)\n      (@Option.some.{0} DefiHistorical.Convex.Data.Vertex v) →\n    @Eq.{1} String (DefiHistorical.Convex.Data.decode v) name"}
info: DefiHistorical/Convex/Verify.lean:6:0: HISTORICAL INVENTORY {"axioms":["propext"],"kind":"theorem","module":"DefiHistorical.Convex.Data","name":"DefiHistorical.Convex.Data.encode_decode","statement":"∀ (v : DefiHistorical.Convex.Data.Vertex),\n  @Eq.{1} (Option.{0} DefiHistorical.Convex.Data.Vertex)\n    (DefiHistorical.Convex.Data.encode (DefiHistorical.Convex.Data.decode v))\n    (@Option.some.{0} DefiHistorical.Convex.Data.Vertex v)"}
info: DefiHistorical/Convex/Verify.lean:6:0: HISTORICAL INVENTORY {"axioms":[],"kind":"theorem","module":"DefiHistorical.Convex.Data","name":"DefiHistorical.Convex.Data.mechanismNames_length","statement":"@Eq.{1} Nat (@List.length.{0} String DefiHistorical.Convex.Data.mechanismNames)\n  (@OfNat.ofNat.{0} Nat (nat_lit 58) (instOfNatNat (nat_lit 58)))"}
info: DefiHistorical/Convex/Verify.lean:6:0: HISTORICAL INVENTORY {"axioms":[],"kind":"theorem","module":"DefiHistorical.Convex.Data","name":"DefiHistorical.Convex.Data.mechanismNames_nodup","statement":"@List.Nodup.{0} String DefiHistorical.Convex.Data.mechanismNames"}
info: DefiHistorical/Convex/Verify.lean:6:0: HISTORICAL INVENTORY {"axioms":[],"kind":"theorem","module":"DefiHistorical.Convex.Data","name":"DefiHistorical.Convex.Data.names_bound","statement":"∀ (i : DefiHistorical.Convex.Data.Instance), @Eq.{1} Bool (DefiHistorical.Convex.Data.allNamesBound i) Bool.true"}
info: DefiHistorical/Convex/Verify.lean:6:0: HISTORICAL INVENTORY {"axioms":[],"kind":"theorem","module":"DefiHistorical.Convex.Data","name":"DefiHistorical.Convex.Data.symbols_length","statement":"@Eq.{1} Nat (@List.length.{0} DefiHistorical.Convex.Data.Symbol DefiHistorical.Convex.Data.symbols)\n  (@OfNat.ofNat.{0} Nat (nat_lit 59) (instOfNatNat (nat_lit 59)))"}
info: DefiHistorical/Convex/Verify.lean:6:0: HISTORICAL INVENTORY {"axioms":["propext","Classical.choice","Quot.sound"],"kind":"theorem","module":"DefiHistorical.Convex.Instances","name":"DefiHistorical.Convex.instance_unique_minimum_generator._simp_1_1","statement":"∀ (i : DefiHistorical.Convex.Data.Instance) (S : Finset.{0} DefiHistorical.Convex.Data.Vertex),\n  @Eq.{1} (Finset.{0} DefiHistorical.Convex.Data.Vertex)\n    (@DFunLike.coe.{1, 1, 1}\n      (@ClosureOperator.{0} (Finset.{0} DefiHistorical.Convex.Data.Vertex)\n        (@PartialOrder.toPreorder.{0} (Finset.{0} DefiHistorical.Convex.Data.Vertex)\n          (@Finset.instPartialOrder.{0} DefiHistorical.Convex.Data.Vertex)))\n      (Finset.{0} DefiHistorical.Convex.Data.Vertex) (fun x ↦ Finset.{0} DefiHistorical.Convex.Data.Vertex)\n      (@ClosureOperator.instFunLike.{0} (Finset.{0} DefiHistorical.Convex.Data.Vertex)\n        (@PartialOrder.toPreorder.{0} (Finset.{0} DefiHistorical.Convex.Data.Vertex)\n          (@Finset.instPartialOrder.{0} DefiHistorical.Convex.Data.Vertex)))\n      (@Defialgebra.ConvexGeometry.reachCl.{0} DefiHistorical.Convex.Data.Vertex\n        (Fin.fintype (@OfNat.ofNat.{0} Nat (nat_lit 58) (instOfNatNat (nat_lit 58))))\n        (instDecidableEqFin (@OfNat.ofNat.{0} Nat (nat_lit 58) (instOfNatNat (nat_lit 58))))\n        (DefiHistorical.Convex.Data.edge i) (DefiHistorical.Convex.instDecidableRelVertexReflTransGenEdge i))\n      S)\n    (DefiHistorical.Convex.instanceClosure i S)"}
info: DefiHistorical/Convex/Verify.lean:6:0: HISTORICAL INVENTORY {"axioms":["propext","Classical.choice","Quot.sound"],"kind":"theorem","module":"DefiHistorical.Convex.Instances","name":"DefiHistorical.Convex.intrinsic.eq_1","statement":"∀ (i : DefiHistorical.Convex.Data.Instance) (S : Finset.{0} DefiHistorical.Convex.Data.Vertex),\n  @Eq.{1} (Finset.{0} DefiHistorical.Convex.Data.Vertex) (DefiHistorical.Convex.intrinsic i S)\n    ({a ∈ S |\n      a ∉\n        DefiHistorical.Convex.instanceClosure i\n          (@Finset.erase.{0} DefiHistorical.Convex.Data.Vertex\n            (instDecidableEqFin (@OfNat.ofNat.{0} Nat (nat_lit 58) (instOfNatNat (nat_lit 58)))) S a)})"}
info: DefiHistorical/Convex/Verify.lean:6:0: HISTORICAL INVENTORY {"axioms":["propext","Classical.choice","Quot.sound"],"kind":"theorem","module":"DefiHistorical.Convex.Instances","name":"DefiHistorical.Convex.intrinsic_contained_in_generator._simp_1_1","statement":"∀ (i : DefiHistorical.Convex.Data.Instance) (S : Finset.{0} DefiHistorical.Convex.Data.Vertex),\n  @Eq.{1} (Finset.{0} DefiHistorical.Convex.Data.Vertex)\n    (@DFunLike.coe.{1, 1, 1}\n      (@ClosureOperator.{0} (Finset.{0} DefiHistorical.Convex.Data.Vertex)\n        (@PartialOrder.toPreorder.{0} (Finset.{0} DefiHistorical.Convex.Data.Vertex)\n          (@Finset.instPartialOrder.{0} DefiHistorical.Convex.Data.Vertex)))\n      (Finset.{0} DefiHistorical.Convex.Data.Vertex) (fun x ↦ Finset.{0} DefiHistorical.Convex.Data.Vertex)\n      (@ClosureOperator.instFunLike.{0} (Finset.{0} DefiHistorical.Convex.Data.Vertex)\n        (@PartialOrder.toPreorder.{0} (Finset.{0} DefiHistorical.Convex.Data.Vertex)\n          (@Finset.instPartialOrder.{0} DefiHistorical.Convex.Data.Vertex)))\n      (@Defialgebra.ConvexGeometry.reachCl.{0} DefiHistorical.Convex.Data.Vertex\n        (Fin.fintype (@OfNat.ofNat.{0} Nat (nat_lit 58) (instOfNatNat (nat_lit 58))))\n        (instDecidableEqFin (@OfNat.ofNat.{0} Nat (nat_lit 58) (instOfNatNat (nat_lit 58))))\n        (DefiHistorical.Convex.Data.edge i) (DefiHistorical.Convex.instDecidableRelVertexReflTransGenEdge i))\n      S)\n    (DefiHistorical.Convex.instanceClosure i S)"}
info: DefiHistorical/Convex/Verify.lean:6:0: HISTORICAL INVENTORY {"axioms":["propext","Classical.choice","Quot.sound"],"kind":"theorem","module":"DefiHistorical.Convex.Instances","name":"DefiHistorical.Convex.intrinsic_eq_ex._simp_1_2","statement":"∀ {α : Type u_1} {p : α → Prop} [inst : @DecidablePred.{u_1 + 1} α p] {s : Finset.{u_1} α} {a : α},\n  @Eq.{1} Prop\n    (@Membership.mem.{u_1, u_1} α (Finset.{u_1} α)\n      (@SetLike.instMembership.{u_1, u_1} (Finset.{u_1} α) α (@Finset.instSetLike.{u_1} α))\n      (@Finset.filter.{u_1} α p inst s) a)\n    (And\n      (@Membership.mem.{u_1, u_1} α (Finset.{u_1} α)\n        (@SetLike.instMembership.{u_1, u_1} (Finset.{u_1} α) α (@Finset.instSetLike.{u_1} α)) s a)\n      (p a))"}
info: DefiHistorical/Convex/Verify.lean:6:0: HISTORICAL INVENTORY {"axioms":["propext","Classical.choice","Quot.sound"],"kind":"theorem","module":"DefiHistorical.Convex.Instances","name":"DefiHistorical.Convex.intrinsic_eq_ex._simp_1_3","statement":"∀ {E : Type u_1} [Fintype.{u_1} E] [inst : DecidableEq.{u_1 + 1} E]\n  {c :\n    @ClosureOperator.{u_1} (Finset.{u_1} E)\n      (@PartialOrder.toPreorder.{u_1} (Finset.{u_1} E) (@Finset.instPartialOrder.{u_1} E))}\n  {A : Finset.{u_1} E} {a : E},\n  @Eq.{1} Prop\n    (@Membership.mem.{u_1, u_1} E (Finset.{u_1} E)\n      (@SetLike.instMembership.{u_1, u_1} (Finset.{u_1} E) E (@Finset.instSetLike.{u_1} E))\n      (@Defialgebra.ConvexGeometry.ex.{u_1} E inst c A) a)\n    (And\n      (@Membership.mem.{u_1, u_1} E (Finset.{u_1} E)\n        (@SetLike.instMembership.{u_1, u_1} (Finset.{u_1} E) E (@Finset.instSetLike.{u_1} E)) A a)\n      (a ∉\n        @DFunLike.coe.{u_1 + 1, u_1 + 1, u_1 + 1}\n          (@ClosureOperator.{u_1} (Finset.{u_1} E)\n            (@PartialOrder.toPreorder.{u_1} (Finset.{u_1} E) (@Finset.instPartialOrder.{u_1} E)))\n          (Finset.{u_1} E) (fun x ↦ Finset.{u_1} E)\n          (@ClosureOperator.instFunLike.{u_1} (Finset.{u_1} E)\n            (@PartialOrder.toPreorder.{u_1} (Finset.{u_1} E) (@Finset.instPartialOrder.{u_1} E)))\n          c (@Finset.erase.{u_1} E inst A a)))"}
info: DefiHistorical/Convex/Verify.lean:6:0: HISTORICAL INVENTORY {"axioms":["propext","Classical.choice","Quot.sound"],"kind":"theorem","module":"DefiHistorical.Convex.Instances","name":"DefiHistorical.Convex.intrinsic_eq_paperMaximal._simp_1_2","statement":"∀ {α : Type u_1} {p : α → Prop} [inst : @DecidablePred.{u_1 + 1} α p] {s : Finset.{u_1} α} {a : α},\n  @Eq.{1} Prop\n    (@Membership.mem.{u_1, u_1} α (Finset.{u_1} α)\n      (@SetLike.instMembership.{u_1, u_1} (Finset.{u_1} α) α (@Finset.instSetLike.{u_1} α))\n      (@Finset.filter.{u_1} α p inst s) a)\n    (And\n      (@Membership.mem.{u_1, u_1} α (Finset.{u_1} α)\n        (@SetLike.instMembership.{u_1, u_1} (Finset.{u_1} α) α (@Finset.instSetLike.{u_1} α)) s a)\n      (p a))"}
info: DefiHistorical/Convex/Verify.lean:6:0: HISTORICAL INVENTORY {"axioms":["propext","Classical.choice","Quot.sound"],"kind":"theorem","module":"DefiHistorical.Convex.Instances","name":"DefiHistorical.Convex.intrinsic_generates._simp_1_1","statement":"∀ (i : DefiHistorical.Convex.Data.Instance) (S : Finset.{0} DefiHistorical.Convex.Data.Vertex),\n  @Eq.{1} (Finset.{0} DefiHistorical.Convex.Data.Vertex)\n    (@DFunLike.coe.{1, 1, 1}\n      (@ClosureOperator.{0} (Finset.{0} DefiHistorical.Convex.Data.Vertex)\n        (@PartialOrder.toPreorder.{0} (Finset.{0} DefiHistorical.Convex.Data.Vertex)\n          (@Finset.instPartialOrder.{0} DefiHistorical.Convex.Data.Vertex)))\n      (Finset.{0} DefiHistorical.Convex.Data.Vertex) (fun x ↦ Finset.{0} DefiHistorical.Convex.Data.Vertex)\n      (@ClosureOperator.instFunLike.{0} (Finset.{0} DefiHistorical.Convex.Data.Vertex)\n        (@PartialOrder.toPreorder.{0} (Finset.{0} DefiHistorical.Convex.Data.Vertex)\n          (@Finset.instPartialOrder.{0} DefiHistorical.Convex.Data.Vertex)))\n      (@Defialgebra.ConvexGeometry.reachCl.{0} DefiHistorical.Convex.Data.Vertex\n        (Fin.fintype (@OfNat.ofNat.{0} Nat (nat_lit 58) (instOfNatNat (nat_lit 58))))\n        (instDecidableEqFin (@OfNat.ofNat.{0} Nat (nat_lit 58) (instOfNatNat (nat_lit 58))))\n        (DefiHistorical.Convex.Data.edge i) (DefiHistorical.Convex.instDecidableRelVertexReflTransGenEdge i))\n      S)\n    (DefiHistorical.Convex.instanceClosure i S)"}
info: DefiHistorical/Convex/Verify.lean:6:0: HISTORICAL INVENTORY {"axioms":["propext","Classical.choice","Quot.sound"],"kind":"theorem","module":"DefiHistorical.Convex.Instances","name":"DefiHistorical.Convex.intrinsic_oplus._simp_1_2","statement":"∀ (i : DefiHistorical.Convex.Data.Instance) (S : Finset.{0} DefiHistorical.Convex.Data.Vertex),\n  @Eq.{1} (Finset.{0} DefiHistorical.Convex.Data.Vertex)\n    (@DFunLike.coe.{1, 1, 1}\n      (@ClosureOperator.{0} (Finset.{0} DefiHistorical.Convex.Data.Vertex)\n        (@PartialOrder.toPreorder.{0} (Finset.{0} DefiHistorical.Convex.Data.Vertex)\n          (@Finset.instPartialOrder.{0} DefiHistorical.Convex.Data.Vertex)))\n      (Finset.{0} DefiHistorical.Convex.Data.Vertex) (fun x ↦ Finset.{0} DefiHistorical.Convex.Data.Vertex)\n      (@ClosureOperator.instFunLike.{0} (Finset.{0} DefiHistorical.Convex.Data.Vertex)\n        (@PartialOrder.toPreorder.{0} (Finset.{0} DefiHistorical.Convex.Data.Vertex)\n          (@Finset.instPartialOrder.{0} DefiHistorical.Convex.Data.Vertex)))\n      (@Defialgebra.ConvexGeometry.reachCl.{0} DefiHistorical.Convex.Data.Vertex\n        (Fin.fintype (@OfNat.ofNat.{0} Nat (nat_lit 58) (instOfNatNat (nat_lit 58))))\n        (instDecidableEqFin (@OfNat.ofNat.{0} Nat (nat_lit 58) (instOfNatNat (nat_lit 58))))\n        (DefiHistorical.Convex.Data.edge i) (DefiHistorical.Convex.instDecidableRelVertexReflTransGenEdge i))\n      S)\n    (DefiHistorical.Convex.instanceClosure i S)"}
info: DefiHistorical/Convex/Verify.lean:6:0: HISTORICAL INVENTORY {"axioms":["propext","Classical.choice","Quot.sound"],"kind":"theorem","module":"DefiHistorical.Convex.Instances","name":"DefiHistorical.Convex.intrinsic_oplus._simp_1_3","statement":"∀ {α : Type u_1} {p : α → Prop} [inst : @DecidablePred.{u_1 + 1} α p] {s : Finset.{u_1} α} {a : α},\n  @Eq.{1} Prop\n    (@Membership.mem.{u_1, u_1} α (Finset.{u_1} α)\n      (@SetLike.instMembership.{u_1, u_1} (Finset.{u_1} α) α (@Finset.instSetLike.{u_1} α))\n      (@Finset.filter.{u_1} α p inst s) a)\n    (And\n      (@Membership.mem.{u_1, u_1} α (Finset.{u_1} α)\n        (@SetLike.instMembership.{u_1, u_1} (Finset.{u_1} α) α (@Finset.instSetLike.{u_1} α)) s a)\n      (p a))"}
info: DefiHistorical/Convex/Verify.lean:6:0: HISTORICAL INVENTORY {"axioms":["propext","Classical.choice","Quot.sound"],"kind":"theorem","module":"DefiHistorical.Convex.Instances","name":"DefiHistorical.Convex.intrinsic_union._simp_1_2","statement":"∀ {α : Type u_1} {p : α → Prop} [inst : @DecidablePred.{u_1 + 1} α p] {s : Finset.{u_1} α} {a : α},\n  @Eq.{1} Prop\n    (@Membership.mem.{u_1, u_1} α (Finset.{u_1} α)\n      (@SetLike.instMembership.{u_1, u_1} (Finset.{u_1} α) α (@Finset.instSetLike.{u_1} α))\n      (@Finset.filter.{u_1} α p inst s) a)\n    (And\n      (@Membership.mem.{u_1, u_1} α (Finset.{u_1} α)\n        (@SetLike.instMembership.{u_1, u_1} (Finset.{u_1} α) α (@Finset.instSetLike.{u_1} α)) s a)\n      (p a))"}
info: DefiHistorical/Convex/Verify.lean:6:0: HISTORICAL INVENTORY {"axioms":["propext","Classical.choice","Quot.sound"],"kind":"theorem","module":"DefiHistorical.Convex.Saturation","name":"DefiHistorical.Convex.mem_round._simp_1","statement":"∀ {E : Type} [inst : Fintype.{0} E] [inst_1 : DecidableEq.{1} E] (r : E → E → Prop)\n  [inst_2 : @DecidableRel.{1, 1} E E r] (S : Finset.{0} E) (b : E),\n  @Eq.{1} Prop\n    (@Membership.mem.{0, 0} E (Finset.{0} E)\n      (@SetLike.instMembership.{0, 0} (Finset.{0} E) E (@Finset.instSetLike.{0} E))\n      (@DefiHistorical.Convex.round E inst inst_1 r inst_2 S) b)\n    (Or\n      (@Membership.mem.{0, 0} E (Finset.{0} E)\n        (@SetLike.instMembership.{0, 0} (Finset.{0} E) E (@Finset.instSetLike.{0} E)) S b)\n      (∃ a,\n        And\n          (@Membership.mem.{0, 0} E (Finset.{0} E)\n            (@SetLike.instMembership.{0, 0} (Finset.{0} E) E (@Finset.instSetLike.{0} E)) S a)\n          (r a b)))"}
info: DefiHistorical/Convex/Verify.lean:6:0: HISTORICAL INVENTORY {"axioms":["propext","Classical.choice","Quot.sound"],"kind":"theorem","module":"DefiHistorical.Convex.Instances","name":"DefiHistorical.Convex.paperMaximal.eq_1","statement":"∀ (i : DefiHistorical.Convex.Data.Instance) (S : Finset.{0} DefiHistorical.Convex.Data.Vertex),\n  @Eq.{1} (Finset.{0} DefiHistorical.Convex.Data.Vertex) (DefiHistorical.Convex.paperMaximal i S)\n    ({a ∈ S |\n      ∀ (b : DefiHistorical.Convex.Data.Vertex),\n        @Membership.mem.{0, 0} DefiHistorical.Convex.Data.Vertex (Finset.{0} DefiHistorical.Convex.Data.Vertex)\n            (@SetLike.instMembership.{0, 0} (Finset.{0} DefiHistorical.Convex.Data.Vertex)\n              DefiHistorical.Convex.Data.Vertex (@Finset.instSetLike.{0} DefiHistorical.Convex.Data.Vertex))\n            S b →\n          @Relation.ReflTransGen.{0} DefiHistorical.Convex.Data.Vertex (DefiHistorical.Convex.Data.edge i) b a →\n            @Eq.{1} DefiHistorical.Convex.Data.Vertex b a})"}
info: DefiHistorical/Convex/Verify.lean:6:0: HISTORICAL INVENTORY {"axioms":["propext","Classical.choice","Quot.sound"],"kind":"theorem","module":"DefiHistorical.Convex.Saturation","name":"DefiHistorical.Convex.reachableDecidable._proof_1","statement":"∀ {E : Type} [inst : Fintype.{0} E] [inst_1 : DecidableEq.{1} E] (r : E → E → Prop)\n  [inst_2 : @DecidableRel.{1, 1} E E r] (a b : E),\n  Iff\n    (@Membership.mem.{0, 0} E (Finset.{0} E)\n      (@SetLike.instMembership.{0, 0} (Finset.{0} E) E (@Finset.instSetLike.{0} E))\n      (@DefiHistorical.Convex.saturate E inst inst_1 r inst_2\n        (@Singleton.singleton.{0, 0} E (Finset.{0} E) (@Finset.instSingleton.{0} E) a))\n      b)\n    (@Relation.ReflTransGen.{0} E r a b)"}
info: DefiHistorical/Convex/Verify.lean:6:0: HISTORICAL INVENTORY {"axioms":["propext","Classical.choice","Quot.sound"],"kind":"theorem","module":"DefiHistorical.Convex.Saturation","name":"DefiHistorical.Convex.reachableDecidable._simp_1","statement":"∀ {E : Type} [inst : Fintype.{0} E] [inst_1 : DecidableEq.{1} E] (r : E → E → Prop)\n  [inst_2 : @DecidableRel.{1, 1} E E r] (S : Finset.{0} E) (b : E),\n  @Eq.{1} Prop\n    (@Membership.mem.{0, 0} E (Finset.{0} E)\n      (@SetLike.instMembership.{0, 0} (Finset.{0} E) E (@Finset.instSetLike.{0} E))\n      (@DefiHistorical.Convex.saturate E inst inst_1 r inst_2 S) b)\n    (∃ a,\n      And\n        (@Membership.mem.{0, 0} E (Finset.{0} E)\n          (@SetLike.instMembership.{0, 0} (Finset.{0} E) E (@Finset.instSetLike.{0} E)) S a)\n        (@Relation.ReflTransGen.{0} E r a b))"}
info: DefiHistorical/Convex/Verify.lean:6:0: HISTORICAL INVENTORY {"axioms":["propext","Classical.choice","Quot.sound"],"kind":"theorem","module":"DefiHistorical.Convex.Saturation","name":"DefiHistorical.Convex.reachableDecidable._simp_2","statement":"∀ {α : Type u_1} {a b : α},\n  @Eq.{1} Prop\n    (@Membership.mem.{u_1, u_1} α (Finset.{u_1} α)\n      (@SetLike.instMembership.{u_1, u_1} (Finset.{u_1} α) α (@Finset.instSetLike.{u_1} α))\n      (@Singleton.singleton.{u_1, u_1} α (Finset.{u_1} α) (@Finset.instSingleton.{u_1} α) a) b)\n    (@Eq.{u_1 + 1} α b a)"}
info: DefiHistorical/Convex/Verify.lean:6:0: HISTORICAL INVENTORY {"axioms":["propext"],"kind":"theorem","module":"DefiHistorical.Convex.Saturation","name":"DefiHistorical.Convex.reachableDecidable._simp_3","statement":"∀ {α : Sort u_1} {p : α → Prop} {a' : α}, @Eq.{1} Prop (∃ a, And (@Eq.{u_1} α a a') (p a)) (p a')"}
info: DefiHistorical/Convex/Verify.lean:6:0: HISTORICAL INVENTORY {"axioms":["propext"],"kind":"theorem","module":"DefiHistorical.Convex.Saturation","name":"DefiHistorical.Convex.remove_loops_saturate._simp_1_1","statement":"∀ {E : Type} [DecidableEq.{1} E] (r : E → E → Prop) (a b : E),\n  @Eq.{1} Prop (@Relation.ReflTransGen.{0} E (fun x y ↦ And (r x y) (@Ne.{1} E x y)) a b)\n    (@Relation.ReflTransGen.{0} E r a b)"}
info: DefiHistorical/Convex/Verify.lean:6:0: HISTORICAL INVENTORY {"axioms":["propext","Classical.choice","Quot.sound"],"kind":"theorem","module":"DefiHistorical.Convex.Saturation","name":"DefiHistorical.Convex.round.congr_simp","statement":"∀ {E : Type} [inst : Fintype.{0} E] [inst_1 : DecidableEq.{1} E] (r r_1 : E → E → Prop),\n  @Eq.{1} (E → E → Prop) r r_1 →\n    ∀ {inst_2 : @DecidableRel.{1, 1} E E r} [inst_3 : @DecidableRel.{1, 1} E E r_1] (S S_1 : Finset.{0} E),\n      @Eq.{1} (Finset.{0} E) S S_1 →\n        @Eq.{1} (Finset.{0} E) (@DefiHistorical.Convex.round E inst inst_1 r inst_2 S)\n          (@DefiHistorical.Convex.round E inst inst_1 r_1 inst_3 S_1)"}
info: DefiHistorical/Convex/Verify.lean:6:0: HISTORICAL INVENTORY {"axioms":["propext","Classical.choice","Quot.sound"],"kind":"theorem","module":"DefiHistorical.Convex.Saturation","name":"DefiHistorical.Convex.round.eq_1","statement":"∀ {E : Type} [inst : Fintype.{0} E] [inst_1 : DecidableEq.{1} E] (r : E → E → Prop)\n  [inst_2 : @DecidableRel.{1, 1} E E r] (S : Finset.{0} E),\n  @Eq.{1} (Finset.{0} E) (@DefiHistorical.Convex.round E inst inst_1 r inst_2 S)\n    (@Union.union.{0} (Finset.{0} E) (@Finset.instUnion.{0} E inst_1) S\n      {b |\n        ∃ a,\n          And\n            (@Membership.mem.{0, 0} E (Finset.{0} E)\n              (@SetLike.instMembership.{0, 0} (Finset.{0} E) E (@Finset.instSetLike.{0} E)) S a)\n            (r a b)})"}
info: DefiHistorical/Convex/Verify.lean:6:0: HISTORICAL INVENTORY {"axioms":["propext","Classical.choice","Quot.sound"],"kind":"theorem","module":"DefiHistorical.Convex.Saturation","name":"DefiHistorical.Convex.rounds.congr_simp","statement":"∀ {E : Type} [inst : Fintype.{0} E] [inst_1 : DecidableEq.{1} E] (r r_1 : E → E → Prop),\n  @Eq.{1} (E → E → Prop) r r_1 →\n    ∀ {inst_2 : @DecidableRel.{1, 1} E E r} [inst_3 : @DecidableRel.{1, 1} E E r_1] (a a_1 : Nat),\n      @Eq.{1} Nat a a_1 →\n        ∀ (a_2 a_3 : Finset.{0} E),\n          @Eq.{1} (Finset.{0} E) a_2 a_3 →\n            @Eq.{1} (Finset.{0} E) (@DefiHistorical.Convex.rounds E inst inst_1 r inst_2 a a_2)\n              (@DefiHistorical.Convex.rounds E inst inst_1 r_1 inst_3 a_1 a_3)"}
info: DefiHistorical/Convex/Verify.lean:6:0: HISTORICAL INVENTORY {"axioms":["propext","Classical.choice","Quot.sound"],"kind":"theorem","module":"DefiHistorical.Convex.Saturation","name":"DefiHistorical.Convex.rounds.eq_1","statement":"∀ {E : Type} [inst : Fintype.{0} E] [inst_1 : DecidableEq.{1} E] (r : E → E → Prop)\n  [inst_2 : @DecidableRel.{1, 1} E E r] (x : Finset.{0} E),\n  @Eq.{1} (Finset.{0} E)\n    (@DefiHistorical.Convex.rounds E inst inst_1 r inst_2 (@OfNat.ofNat.{0} Nat (nat_lit 0) (instOfNatNat (nat_lit 0)))\n      x)\n    x"}
info: DefiHistorical/Convex/Verify.lean:6:0: HISTORICAL INVENTORY {"axioms":["propext","Classical.choice","Quot.sound"],"kind":"theorem","module":"DefiHistorical.Convex.Saturation","name":"DefiHistorical.Convex.rounds.eq_2","statement":"∀ {E : Type} [inst : Fintype.{0} E] [inst_1 : DecidableEq.{1} E] (r : E → E → Prop)\n  [inst_2 : @DecidableRel.{1, 1} E E r] (x : Finset.{0} E) (n : Nat),\n  @Eq.{1} (Finset.{0} E) (@DefiHistorical.Convex.rounds E inst inst_1 r inst_2 n.succ x)\n    (@DefiHistorical.Convex.round E inst inst_1 r inst_2 (@DefiHistorical.Convex.rounds E inst inst_1 r inst_2 n x))"}
info: DefiHistorical/Convex/Verify.lean:6:0: HISTORICAL INVENTORY {"axioms":["propext","Classical.choice","Quot.sound"],"kind":"theorem","module":"DefiHistorical.Convex.Saturation","name":"DefiHistorical.Convex.rounds.eq_def","statement":"∀ {E : Type} [inst : Fintype.{0} E] [inst_1 : DecidableEq.{1} E] (r : E → E → Prop)\n  [inst_2 : @DecidableRel.{1, 1} E E r] (x : Nat) (x_1 : Finset.{0} E),\n  @Eq.{1} (Finset.{0} E) (@DefiHistorical.Convex.rounds E inst inst_1 r inst_2 x x_1)\n    (@DefiHistorical.Convex.rounds.match_1.{1} E (fun x x_2 ↦ Finset.{0} E) x x_1 (fun S ↦ S) fun n S ↦\n      @DefiHistorical.Convex.round E inst inst_1 r inst_2 (@DefiHistorical.Convex.rounds E inst inst_1 r inst_2 n S))"}
info: DefiHistorical/Convex/Verify.lean:6:0: HISTORICAL INVENTORY {"axioms":["propext","Classical.choice","Quot.sound"],"kind":"theorem","module":"DefiHistorical.Convex.Saturation","name":"DefiHistorical.Convex.rounds_fixed_or_card._proof_1_4","statement":"∀ {E : Type} [inst : Fintype.{0} E] [inst_1 : DecidableEq.{1} E] (r : E → E → Prop)\n  [inst_2 : @DecidableRel.{1, 1} E E r] (S : Finset.{0} E) (n : Nat),\n  @LE.le.{0} Nat instLENat (@HAdd.hAdd.{0, 0, 0} Nat Nat Nat (@instHAdd.{0} Nat instAddNat) n (@Finset.card.{0} E S))\n      (@Finset.card.{0} E (@DefiHistorical.Convex.rounds E inst inst_1 r inst_2 n S)) →\n    @LT.lt.{0} Nat instLTNat (@Finset.card.{0} E (@DefiHistorical.Convex.rounds E inst inst_1 r inst_2 n S))\n        (@Finset.card.{0} E\n          (@DefiHistorical.Convex.round E inst inst_1 r inst_2\n            (@DefiHistorical.Convex.rounds E inst inst_1 r inst_2 n S))) →\n      Not\n          (@LE.le.{0} Nat instLENat\n            (@HAdd.hAdd.{0, 0, 0} Nat Nat Nat (@instHAdd.{0} Nat instAddNat)\n              (@HAdd.hAdd.{0, 0, 0} Nat Nat Nat (@instHAdd.{0} Nat instAddNat) n\n                (@OfNat.ofNat.{0} Nat (nat_lit 1) (instOfNatNat (nat_lit 1))))\n              (@Finset.card.{0} E S))\n            (@Finset.card.{0} E\n              (@DefiHistorical.Convex.round E inst inst_1 r inst_2\n                (@DefiHistorical.Convex.rounds E inst inst_1 r inst_2 n S)))) →\n        False"}
info: DefiHistorical/Convex/Verify.lean:6:0: HISTORICAL INVENTORY {"axioms":["propext","Classical.choice","Quot.sound"],"kind":"theorem","module":"DefiHistorical.Convex.Saturation","name":"DefiHistorical.Convex.saturate.congr_simp","statement":"∀ {E : Type} [inst : Fintype.{0} E] [inst_1 : DecidableEq.{1} E] (r r_1 : E → E → Prop),\n  @Eq.{1} (E → E → Prop) r r_1 →\n    ∀ {inst_2 : @DecidableRel.{1, 1} E E r} [inst_3 : @DecidableRel.{1, 1} E E r_1] (S S_1 : Finset.{0} E),\n      @Eq.{1} (Finset.{0} E) S S_1 →\n        @Eq.{1} (Finset.{0} E) (@DefiHistorical.Convex.saturate E inst inst_1 r inst_2 S)\n          (@DefiHistorical.Convex.saturate E inst inst_1 r_1 inst_3 S_1)"}
info: DefiHistorical/Convex/Verify.lean:6:0: HISTORICAL INVENTORY {"axioms":["propext","Classical.choice","Quot.sound"],"kind":"theorem","module":"DefiHistorical.Convex.Saturation","name":"DefiHistorical.Convex.saturate.eq_1","statement":"∀ {E : Type} [inst : Fintype.{0} E] [inst_1 : DecidableEq.{1} E] (r : E → E → Prop)\n  [inst_2 : @DecidableRel.{1, 1} E E r] (S : Finset.{0} E),\n  @Eq.{1} (Finset.{0} E) (@DefiHistorical.Convex.saturate E inst inst_1 r inst_2 S)\n    (@DefiHistorical.Convex.rounds E inst inst_1 r inst_2 (@Fintype.card.{0} E inst) S)"}
info: DefiHistorical/Convex/Verify.lean:6:0: HISTORICAL INVENTORY {"axioms":["propext","Classical.choice","Quot.sound"],"kind":"theorem","module":"DefiHistorical.Convex.Saturation","name":"DefiHistorical.Convex.saturate_fixed._proof_1_1","statement":"∀ {E : Type} [inst : Fintype.{0} E] [inst_1 : DecidableEq.{1} E] (r : E → E → Prop)\n  [inst_2 : @DecidableRel.{1, 1} E E r] (S : Finset.{0} E),\n  @LE.le.{0} Nat instLENat\n      (@HAdd.hAdd.{0, 0, 0} Nat Nat Nat (@instHAdd.{0} Nat instAddNat) (@Fintype.card.{0} E inst)\n        (@Finset.card.{0} E S))\n      (@Finset.card.{0} E (@DefiHistorical.Convex.rounds E inst inst_1 r inst_2 (@Fintype.card.{0} E inst) S)) →\n    @LE.le.{0} Nat instLENat\n        (@Finset.card.{0} E (@DefiHistorical.Convex.rounds E inst inst_1 r inst_2 (@Fintype.card.{0} E inst) S))\n        (@Fintype.card.{0} E inst) →\n      Not\n          (@Eq.{1} Nat\n            (@Finset.card.{0} E (@DefiHistorical.Convex.rounds E inst inst_1 r inst_2 (@Fintype.card.{0} E inst) S))\n            (@Fintype.card.{0} E inst)) →\n        False"}
info: DefiHistorical/Convex/Verify.lean:6:0: HISTORICAL INVENTORY {"axioms":["propext"],"kind":"theorem","module":"DefiHistorical.Convex.Counterexamples","name":"DefiHistorical.Convex.Counterexamples.chain._proof_1","statement":"@NeZero.{0} Nat (@Zero.ofOfNat0.{0} Nat (instOfNatNat (nat_lit 0)))\n  (@HAdd.hAdd.{0, 0, 0} Nat Nat Nat (@instHAdd.{0} Nat instAddNat)\n    (@OfNat.ofNat.{0} Nat (nat_lit 1) (instOfNatNat (nat_lit 1)))\n    (@OfNat.ofNat.{0} Nat (nat_lit 1) (instOfNatNat (nat_lit 1))))"}
info: DefiHistorical/Convex/Verify.lean:6:0: HISTORICAL INVENTORY {"axioms":[],"kind":"theorem","module":"DefiHistorical.Convex.Data","name":"DefiHistorical.Convex.Data.Instance.ofNat_ctorIdx","statement":"∀ (x : DefiHistorical.Convex.Data.Instance),\n  @Eq.{1} DefiHistorical.Convex.Data.Instance (DefiHistorical.Convex.Data.Instance.ofNat x.ctorIdx) x"}
info: DefiHistorical/Convex/Verify.lean:6:0: HISTORICAL INVENTORY {"axioms":["propext"],"kind":"theorem","module":"DefiHistorical.Convex.Data","name":"DefiHistorical.Convex.Data.decode_encode._simp_1_1","statement":"∀ {α : Type u_1} [inst : BEq.{u_1} α] [@LawfulBEq.{u_1} α inst] {a b : α},\n  @Eq.{1} Prop (@Eq.{1} Bool (@BEq.beq.{u_1} α inst a b) Bool.true) (@Eq.{u_1 + 1} α a b)"}
info: DefiHistorical/Convex/Verify.lean:6:0: HISTORICAL INVENTORY {"axioms":[],"kind":"theorem","module":"DefiHistorical.Convex.Data","name":"DefiHistorical.Convex.Data.instDecidableEqInstance._proof_1","statement":"∀ (x y : DefiHistorical.Convex.Data.Instance),\n  @Eq.{1} Nat x.ctorIdx y.ctorIdx → @Eq.{1} DefiHistorical.Convex.Data.Instance x y"}
info: DefiHistorical/Convex/Verify.lean:6:0: HISTORICAL INVENTORY {"axioms":[],"kind":"theorem","module":"DefiHistorical.Convex.Data","name":"DefiHistorical.Convex.Data.instDecidableEqInstance._proof_2","statement":"∀ (x y : DefiHistorical.Convex.Data.Instance),\n  Not (@Eq.{1} Nat x.ctorIdx y.ctorIdx) → @Eq.{1} DefiHistorical.Convex.Data.Instance x y → False"}
info: DefiHistorical/Convex/Verify.lean:6:0: HISTORICAL INVENTORY {"axioms":["propext","Classical.choice","Quot.sound"],"kind":"theorem","module":"DefiHistorical.Convex.Data","name":"DefiHistorical.Convex.Data.instFintypeInstance._proof_1","statement":"∀ (i : DefiHistorical.Convex.Data.Instance),\n  @Membership.mem.{0, 0} DefiHistorical.Convex.Data.Instance (Finset.{0} DefiHistorical.Convex.Data.Instance)\n    (@SetLike.instMembership.{0, 0} (Finset.{0} DefiHistorical.Convex.Data.Instance) DefiHistorical.Convex.Data.Instance\n      (@Finset.instSetLike.{0} DefiHistorical.Convex.Data.Instance))\n    (@Insert.insert.{0, 0} DefiHistorical.Convex.Data.Instance (Finset.{0} DefiHistorical.Convex.Data.Instance)\n      (@Finset.instInsert.{0} DefiHistorical.Convex.Data.Instance DefiHistorical.Convex.Data.instDecidableEqInstance)\n      DefiHistorical.Convex.Data.Instance.lstar\n      (@Singleton.singleton.{0, 0} DefiHistorical.Convex.Data.Instance (Finset.{0} DefiHistorical.Convex.Data.Instance)\n        (@Finset.instSingleton.{0} DefiHistorical.Convex.Data.Instance) DefiHistorical.Convex.Data.Instance.parsedNew))\n    i"}
info: DefiHistorical/Convex/Verify.lean:6:0: HISTORICAL INVENTORY {"axioms":["propext","Quot.sound"],"kind":"theorem","module":"DefiHistorical.Convex.Saturation","name":"_private.DefiHistorical.Convex.Saturation.0.DefiHistorical.Convex.rounds.match_1.eq_1","statement":"∀ {E : Type} (motive : Nat → Finset.{0} E → Sort u_1) (S : Finset.{0} E)\n  (h_1 : (S : Finset.{0} E) → motive (@OfNat.ofNat.{0} Nat (nat_lit 0) (instOfNatNat (nat_lit 0))) S)\n  (h_2 : (n : Nat) → (S : Finset.{0} E) → motive n.succ S),\n  @Eq.{u_1} (motive (@OfNat.ofNat.{0} Nat (nat_lit 0) (instOfNatNat (nat_lit 0))) S)\n    (@DefiHistorical.Convex.rounds.match_1.{u_1} E motive (@OfNat.ofNat.{0} Nat (nat_lit 0) (instOfNatNat (nat_lit 0)))\n      S h_1 h_2)\n    (h_1 S)"}
info: DefiHistorical/Convex/Verify.lean:6:0: HISTORICAL INVENTORY {"axioms":["propext","Quot.sound"],"kind":"theorem","module":"DefiHistorical.Convex.Saturation","name":"_private.DefiHistorical.Convex.Saturation.0.DefiHistorical.Convex.rounds.match_1.eq_2","statement":"∀ {E : Type} (motive : Nat → Finset.{0} E → Sort u_1) (n : Nat) (S : Finset.{0} E)\n  (h_1 : (S : Finset.{0} E) → motive (@OfNat.ofNat.{0} Nat (nat_lit 0) (instOfNatNat (nat_lit 0))) S)\n  (h_2 : (n : Nat) → (S : Finset.{0} E) → motive n.succ S),\n  @Eq.{u_1} (motive n.succ S) (@DefiHistorical.Convex.rounds.match_1.{u_1} E motive n.succ S h_1 h_2) (h_2 n S)"}
info: DefiHistorical/Convex/Verify.lean:6:0: HISTORICAL INVENTORY {"axioms":[],"kind":"theorem","module":"DefiHistorical.Convex.Data","name":"DefiHistorical.Convex.Data.Instance.lstar.sizeOf_spec","statement":"@Eq.{1} Nat\n  (@SizeOf.sizeOf.{1} DefiHistorical.Convex.Data.Instance DefiHistorical.Convex.Data.Instance._sizeOf_inst\n    DefiHistorical.Convex.Data.Instance.lstar)\n  (@OfNat.ofNat.{0} Nat (nat_lit 1) (instOfNatNat (nat_lit 1)))"}
info: DefiHistorical/Convex/Verify.lean:6:0: HISTORICAL INVENTORY {"axioms":[],"kind":"theorem","module":"DefiHistorical.Convex.Data","name":"DefiHistorical.Convex.Data.Instance.parsedNew.sizeOf_spec","statement":"@Eq.{1} Nat\n  (@SizeOf.sizeOf.{1} DefiHistorical.Convex.Data.Instance DefiHistorical.Convex.Data.Instance._sizeOf_inst\n    DefiHistorical.Convex.Data.Instance.parsedNew)\n  (@OfNat.ofNat.{0} Nat (nat_lit 1) (instOfNatNat (nat_lit 1)))"}
info: DefiHistorical/Convex/Verify.lean:6:0: HISTORICAL INVENTORY {"axioms":[],"kind":"theorem","module":"DefiHistorical.Convex.Data","name":"DefiHistorical.Convex.Data.Law.mk.inj","statement":"∀ {id rawRule rawSubject sourcePath : String} {sourceLine : Nat} {sourceText subjectDecision : String}\n  {subjects : List.{0} String} {terms : List.{0} DefiHistorical.Convex.Data.Term}\n  {id_1 rawRule_1 rawSubject_1 sourcePath_1 : String} {sourceLine_1 : Nat} {sourceText_1 subjectDecision_1 : String}\n  {subjects_1 : List.{0} String} {terms_1 : List.{0} DefiHistorical.Convex.Data.Term},\n  @Eq.{1} DefiHistorical.Convex.Data.Law\n      { id := id, rawRule := rawRule, rawSubject := rawSubject, sourcePath := sourcePath, sourceLine := sourceLine,\n        sourceText := sourceText, subjectDecision := subjectDecision, subjects := subjects, terms := terms }\n      { id := id_1, rawRule := rawRule_1, rawSubject := rawSubject_1, sourcePath := sourcePath_1,\n        sourceLine := sourceLine_1, sourceText := sourceText_1, subjectDecision := subjectDecision_1,\n        subjects := subjects_1, terms := terms_1 } →\n    And (@Eq.{1} String id id_1)\n      (And (@Eq.{1} String rawRule rawRule_1)\n        (And (@Eq.{1} String rawSubject rawSubject_1)\n          (And (@Eq.{1} String sourcePath sourcePath_1)\n            (And (@Eq.{1} Nat sourceLine sourceLine_1)\n              (And (@Eq.{1} String sourceText sourceText_1)\n                (And (@Eq.{1} String subjectDecision subjectDecision_1)\n                  (And (@Eq.{1} (List.{0} String) subjects subjects_1)\n                    (@Eq.{1} (List.{0} DefiHistorical.Convex.Data.Term) terms terms_1))))))))"}
info: DefiHistorical/Convex/Verify.lean:6:0: HISTORICAL INVENTORY {"axioms":["propext"],"kind":"theorem","module":"DefiHistorical.Convex.Data","name":"DefiHistorical.Convex.Data.Law.mk.injEq","statement":"∀ (id rawRule rawSubject sourcePath : String) (sourceLine : Nat) (sourceText subjectDecision : String)\n  (subjects : List.{0} String) (terms : List.{0} DefiHistorical.Convex.Data.Term)\n  (id_1 rawRule_1 rawSubject_1 sourcePath_1 : String) (sourceLine_1 : Nat) (sourceText_1 subjectDecision_1 : String)\n  (subjects_1 : List.{0} String) (terms_1 : List.{0} DefiHistorical.Convex.Data.Term),\n  @Eq.{1} Prop\n    (@Eq.{1} DefiHistorical.Convex.Data.Law\n      { id := id, rawRule := rawRule, rawSubject := rawSubject, sourcePath := sourcePath, sourceLine := sourceLine,\n        sourceText := sourceText, subjectDecision := subjectDecision, subjects := subjects, terms := terms }\n      { id := id_1, rawRule := rawRule_1, rawSubject := rawSubject_1, sourcePath := sourcePath_1,\n        sourceLine := sourceLine_1, sourceText := sourceText_1, subjectDecision := subjectDecision_1,\n        subjects := subjects_1, terms := terms_1 })\n    (And (@Eq.{1} String id id_1)\n      (And (@Eq.{1} String rawRule rawRule_1)\n        (And (@Eq.{1} String rawSubject rawSubject_1)\n          (And (@Eq.{1} String sourcePath sourcePath_1)\n            (And (@Eq.{1} Nat sourceLine sourceLine_1)\n              (And (@Eq.{1} String sourceText sourceText_1)\n                (And (@Eq.{1} String subjectDecision subjectDecision_1)\n                  (And (@Eq.{1} (List.{0} String) subjects subjects_1)\n                    (@Eq.{1} (List.{0} DefiHistorical.Convex.Data.Term) terms terms_1)))))))))"}
info: DefiHistorical/Convex/Verify.lean:6:0: HISTORICAL INVENTORY {"axioms":[],"kind":"theorem","module":"DefiHistorical.Convex.Data","name":"DefiHistorical.Convex.Data.Law.mk.sizeOf_spec","statement":"∀ (id rawRule rawSubject sourcePath : String) (sourceLine : Nat) (sourceText subjectDecision : String)\n  (subjects : List.{0} String) (terms : List.{0} DefiHistorical.Convex.Data.Term),\n  @Eq.{1} Nat\n    (@SizeOf.sizeOf.{1} DefiHistorical.Convex.Data.Law DefiHistorical.Convex.Data.Law._sizeOf_inst\n      { id := id, rawRule := rawRule, rawSubject := rawSubject, sourcePath := sourcePath, sourceLine := sourceLine,\n        sourceText := sourceText, subjectDecision := subjectDecision, subjects := subjects, terms := terms })\n    (@HAdd.hAdd.{0, 0, 0} Nat Nat Nat (@instHAdd.{0} Nat instAddNat)\n      (@HAdd.hAdd.{0, 0, 0} Nat Nat Nat (@instHAdd.{0} Nat instAddNat)\n        (@HAdd.hAdd.{0, 0, 0} Nat Nat Nat (@instHAdd.{0} Nat instAddNat)\n          (@HAdd.hAdd.{0, 0, 0} Nat Nat Nat (@instHAdd.{0} Nat instAddNat)\n            (@HAdd.hAdd.{0, 0, 0} Nat Nat Nat (@instHAdd.{0} Nat instAddNat)\n              (@HAdd.hAdd.{0, 0, 0} Nat Nat Nat (@instHAdd.{0} Nat instAddNat)\n                (@HAdd.hAdd.{0, 0, 0} Nat Nat Nat (@instHAdd.{0} Nat instAddNat)\n                  (@HAdd.hAdd.{0, 0, 0} Nat Nat Nat (@instHAdd.{0} Nat instAddNat)\n                    (@HAdd.hAdd.{0, 0, 0} Nat Nat Nat (@instHAdd.{0} Nat instAddNat)\n                      (@OfNat.ofNat.{0} Nat (nat_lit 1) (instOfNatNat (nat_lit 1)))\n                      (@SizeOf.sizeOf.{1} String String._sizeOf_inst id))\n                    (@SizeOf.sizeOf.{1} String String._sizeOf_inst rawRule))\n                  (@SizeOf.sizeOf.{1} String String._sizeOf_inst rawSubject))\n                (@SizeOf.sizeOf.{1} String String._sizeOf_inst sourcePath))\n              (@SizeOf.sizeOf.{1} Nat instSizeOfNat sourceLine))\n            (@SizeOf.sizeOf.{1} String String._sizeOf_inst sourceText))\n          (@SizeOf.sizeOf.{1} String String._sizeOf_inst subjectDecision))\n        (@SizeOf.sizeOf.{1} (List.{0} String) (@List._sizeOf_inst.{0} String String._sizeOf_inst) subjects))\n      (@SizeOf.sizeOf.{1} (List.{0} DefiHistorical.Convex.Data.Term)\n        (@List._sizeOf_inst.{0} DefiHistorical.Convex.Data.Term DefiHistorical.Convex.Data.Term._sizeOf_inst) terms))"}
info: DefiHistorical/Convex/Verify.lean:6:0: HISTORICAL INVENTORY {"axioms":[],"kind":"theorem","module":"DefiHistorical.Convex.Data","name":"DefiHistorical.Convex.Data.Symbol.mk.inj","statement":"∀ {id sym name group : String} {stratum : Nat} {atom status id_1 sym_1 name_1 group_1 : String} {stratum_1 : Nat}\n  {atom_1 status_1 : String},\n  @Eq.{1} DefiHistorical.Convex.Data.Symbol\n      { id := id, sym := sym, name := name, group := group, stratum := stratum, atom := atom, status := status }\n      { id := id_1, sym := sym_1, name := name_1, group := group_1, stratum := stratum_1, atom := atom_1,\n        status := status_1 } →\n    And (@Eq.{1} String id id_1)\n      (And (@Eq.{1} String sym sym_1)\n        (And (@Eq.{1} String name name_1)\n          (And (@Eq.{1} String group group_1)\n            (And (@Eq.{1} Nat stratum stratum_1) (And (@Eq.{1} String atom atom_1) (@Eq.{1} String status status_1))))))"}
info: DefiHistorical/Convex/Verify.lean:6:0: HISTORICAL INVENTORY {"axioms":["propext"],"kind":"theorem","module":"DefiHistorical.Convex.Data","name":"DefiHistorical.Convex.Data.Symbol.mk.injEq","statement":"∀ (id sym name group : String) (stratum : Nat) (atom status id_1 sym_1 name_1 group_1 : String) (stratum_1 : Nat)\n  (atom_1 status_1 : String),\n  @Eq.{1} Prop\n    (@Eq.{1} DefiHistorical.Convex.Data.Symbol\n      { id := id, sym := sym, name := name, group := group, stratum := stratum, atom := atom, status := status }\n      { id := id_1, sym := sym_1, name := name_1, group := group_1, stratum := stratum_1, atom := atom_1,\n        status := status_1 })\n    (And (@Eq.{1} String id id_1)\n      (And (@Eq.{1} String sym sym_1)\n        (And (@Eq.{1} String name name_1)\n          (And (@Eq.{1} String group group_1)\n            (And (@Eq.{1} Nat stratum stratum_1)\n              (And (@Eq.{1} String atom atom_1) (@Eq.{1} String status status_1)))))))"}
info: DefiHistorical/Convex/Verify.lean:6:0: HISTORICAL INVENTORY {"axioms":[],"kind":"theorem","module":"DefiHistorical.Convex.Data","name":"DefiHistorical.Convex.Data.Symbol.mk.sizeOf_spec","statement":"∀ (id sym name group : String) (stratum : Nat) (atom status : String),\n  @Eq.{1} Nat\n    (@SizeOf.sizeOf.{1} DefiHistorical.Convex.Data.Symbol DefiHistorical.Convex.Data.Symbol._sizeOf_inst\n      { id := id, sym := sym, name := name, group := group, stratum := stratum, atom := atom, status := status })\n    (@HAdd.hAdd.{0, 0, 0} Nat Nat Nat (@instHAdd.{0} Nat instAddNat)\n      (@HAdd.hAdd.{0, 0, 0} Nat Nat Nat (@instHAdd.{0} Nat instAddNat)\n        (@HAdd.hAdd.{0, 0, 0} Nat Nat Nat (@instHAdd.{0} Nat instAddNat)\n          (@HAdd.hAdd.{0, 0, 0} Nat Nat Nat (@instHAdd.{0} Nat instAddNat)\n            (@HAdd.hAdd.{0, 0, 0} Nat Nat Nat (@instHAdd.{0} Nat instAddNat)\n              (@HAdd.hAdd.{0, 0, 0} Nat Nat Nat (@instHAdd.{0} Nat instAddNat)\n                (@HAdd.hAdd.{0, 0, 0} Nat Nat Nat (@instHAdd.{0} Nat instAddNat)\n                  (@OfNat.ofNat.{0} Nat (nat_lit 1) (instOfNatNat (nat_lit 1)))\n                  (@SizeOf.sizeOf.{1} String String._sizeOf_inst id))\n                (@SizeOf.sizeOf.{1} String String._sizeOf_inst sym))\n              (@SizeOf.sizeOf.{1} String String._sizeOf_inst name))\n            (@SizeOf.sizeOf.{1} String String._sizeOf_inst group))\n          (@SizeOf.sizeOf.{1} Nat instSizeOfNat stratum))\n        (@SizeOf.sizeOf.{1} String String._sizeOf_inst atom))\n      (@SizeOf.sizeOf.{1} String String._sizeOf_inst status))"}
info: DefiHistorical/Convex/Verify.lean:6:0: HISTORICAL INVENTORY {"axioms":[],"kind":"theorem","module":"DefiHistorical.Convex.Data","name":"DefiHistorical.Convex.Data.Term.mk.inj","statement":"∀ {alts : List.{0} String} {prose : String} {external mixed : Bool} {alts_1 : List.{0} String} {prose_1 : String}\n  {external_1 mixed_1 : Bool},\n  @Eq.{1} DefiHistorical.Convex.Data.Term { alts := alts, prose := prose, external := external, mixed := mixed }\n      { alts := alts_1, prose := prose_1, external := external_1, mixed := mixed_1 } →\n    And (@Eq.{1} (List.{0} String) alts alts_1)\n      (And (@Eq.{1} String prose prose_1) (And (@Eq.{1} Bool external external_1) (@Eq.{1} Bool mixed mixed_1)))"}
info: DefiHistorical/Convex/Verify.lean:6:0: HISTORICAL INVENTORY {"axioms":["propext"],"kind":"theorem","module":"DefiHistorical.Convex.Data","name":"DefiHistorical.Convex.Data.Term.mk.injEq","statement":"∀ (alts : List.{0} String) (prose : String) (external mixed : Bool) (alts_1 : List.{0} String) (prose_1 : String)\n  (external_1 mixed_1 : Bool),\n  @Eq.{1} Prop\n    (@Eq.{1} DefiHistorical.Convex.Data.Term { alts := alts, prose := prose, external := external, mixed := mixed }\n      { alts := alts_1, prose := prose_1, external := external_1, mixed := mixed_1 })\n    (And (@Eq.{1} (List.{0} String) alts alts_1)\n      (And (@Eq.{1} String prose prose_1) (And (@Eq.{1} Bool external external_1) (@Eq.{1} Bool mixed mixed_1))))"}
info: DefiHistorical/Convex/Verify.lean:6:0: HISTORICAL INVENTORY {"axioms":[],"kind":"theorem","module":"DefiHistorical.Convex.Data","name":"DefiHistorical.Convex.Data.Term.mk.sizeOf_spec","statement":"∀ (alts : List.{0} String) (prose : String) (external mixed : Bool),\n  @Eq.{1} Nat\n    (@SizeOf.sizeOf.{1} DefiHistorical.Convex.Data.Term DefiHistorical.Convex.Data.Term._sizeOf_inst\n      { alts := alts, prose := prose, external := external, mixed := mixed })\n    (@HAdd.hAdd.{0, 0, 0} Nat Nat Nat (@instHAdd.{0} Nat instAddNat)\n      (@HAdd.hAdd.{0, 0, 0} Nat Nat Nat (@instHAdd.{0} Nat instAddNat)\n        (@HAdd.hAdd.{0, 0, 0} Nat Nat Nat (@instHAdd.{0} Nat instAddNat)\n          (@HAdd.hAdd.{0, 0, 0} Nat Nat Nat (@instHAdd.{0} Nat instAddNat)\n            (@OfNat.ofNat.{0} Nat (nat_lit 1) (instOfNatNat (nat_lit 1)))\n            (@SizeOf.sizeOf.{1} (List.{0} String) (@List._sizeOf_inst.{0} String String._sizeOf_inst) alts))\n          (@SizeOf.sizeOf.{1} String String._sizeOf_inst prose))\n        (@SizeOf.sizeOf.{1} Bool Bool._sizeOf_inst external))\n      (@SizeOf.sizeOf.{1} Bool Bool._sizeOf_inst mixed))"}
info: DefiHistorical/Convex/Verify.lean:6:0: HISTORICAL INVENTORY {"axioms":[],"kind":"theorem","module":"DefiHistorical.Convex.Data","name":"DefiHistorical.Convex.Data.instDecidableEqLaw.decEq._proof_1","statement":"∀ (a a_1 a_2 a_3 : String) (a_4 : Nat) (a_5 a_6 : String) (a_7 : List.{0} String)\n  (a_8 : List.{0} DefiHistorical.Convex.Data.Term),\n  @Eq.{1} DefiHistorical.Convex.Data.Law\n    { id := a, rawRule := a_1, rawSubject := a_2, sourcePath := a_3, sourceLine := a_4, sourceText := a_5,\n      subjectDecision := a_6, subjects := a_7, terms := a_8 }\n    { id := a, rawRule := a_1, rawSubject := a_2, sourcePath := a_3, sourceLine := a_4, sourceText := a_5,\n      subjectDecision := a_6, subjects := a_7, terms := a_8 }"}
info: DefiHistorical/Convex/Verify.lean:6:0: HISTORICAL INVENTORY {"axioms":[],"kind":"theorem","module":"DefiHistorical.Convex.Data","name":"DefiHistorical.Convex.Data.instDecidableEqLaw.decEq._proof_10","statement":"∀ (a a_1 a_2 a_3 : String) (a_4 : Nat) (a_5 a_6 : String) (a_7 : List.{0} String)\n  (a_8 : List.{0} DefiHistorical.Convex.Data.Term) (b b_1 b_2 b_3 : String) (b_4 : Nat) (b_5 b_6 : String)\n  (b_7 : List.{0} String) (b_8 : List.{0} DefiHistorical.Convex.Data.Term),\n  Not (@Eq.{1} String a b) →\n    @Eq.{1} DefiHistorical.Convex.Data.Law\n        { id := a, rawRule := a_1, rawSubject := a_2, sourcePath := a_3, sourceLine := a_4, sourceText := a_5,\n          subjectDecision := a_6, subjects := a_7, terms := a_8 }\n        { id := b, rawRule := b_1, rawSubject := b_2, sourcePath := b_3, sourceLine := b_4, sourceText := b_5,\n          subjectDecision := b_6, subjects := b_7, terms := b_8 } →\n      False"}
info: DefiHistorical/Convex/Verify.lean:6:0: HISTORICAL INVENTORY {"axioms":[],"kind":"theorem","module":"DefiHistorical.Convex.Data","name":"DefiHistorical.Convex.Data.instDecidableEqLaw.decEq._proof_2","statement":"∀ (a a_1 a_2 a_3 : String) (a_4 : Nat) (a_5 a_6 : String) (a_7 : List.{0} String)\n  (a_8 b : List.{0} DefiHistorical.Convex.Data.Term),\n  Not (@Eq.{1} (List.{0} DefiHistorical.Convex.Data.Term) a_8 b) →\n    @Eq.{1} DefiHistorical.Convex.Data.Law\n        { id := a, rawRule := a_1, rawSubject := a_2, sourcePath := a_3, sourceLine := a_4, sourceText := a_5,\n          subjectDecision := a_6, subjects := a_7, terms := a_8 }\n        { id := a, rawRule := a_1, rawSubject := a_2, sourcePath := a_3, sourceLine := a_4, sourceText := a_5,\n          subjectDecision := a_6, subjects := a_7, terms := b } →\n      False"}
info: DefiHistorical/Convex/Verify.lean:6:0: HISTORICAL INVENTORY {"axioms":[],"kind":"theorem","module":"DefiHistorical.Convex.Data","name":"DefiHistorical.Convex.Data.instDecidableEqLaw.decEq._proof_3","statement":"∀ (a a_1 a_2 a_3 : String) (a_4 : Nat) (a_5 a_6 : String) (a_7 : List.{0} String)\n  (a_8 : List.{0} DefiHistorical.Convex.Data.Term) (b : List.{0} String)\n  (b_1 : List.{0} DefiHistorical.Convex.Data.Term),\n  Not (@Eq.{1} (List.{0} String) a_7 b) →\n    @Eq.{1} DefiHistorical.Convex.Data.Law\n        { id := a, rawRule := a_1, rawSubject := a_2, sourcePath := a_3, sourceLine := a_4, sourceText := a_5,\n          subjectDecision := a_6, subjects := a_7, terms := a_8 }\n        { id := a, rawRule := a_1, rawSubject := a_2, sourcePath := a_3, sourceLine := a_4, sourceText := a_5,\n          subjectDecision := a_6, subjects := b, terms := b_1 } →\n      False"}
info: DefiHistorical/Convex/Verify.lean:6:0: HISTORICAL INVENTORY {"axioms":[],"kind":"theorem","module":"DefiHistorical.Convex.Data","name":"DefiHistorical.Convex.Data.instDecidableEqLaw.decEq._proof_4","statement":"∀ (a a_1 a_2 a_3 : String) (a_4 : Nat) (a_5 a_6 : String) (a_7 : List.{0} String)\n  (a_8 : List.{0} DefiHistorical.Convex.Data.Term) (b : String) (b_1 : List.{0} String)\n  (b_2 : List.{0} DefiHistorical.Convex.Data.Term),\n  Not (@Eq.{1} String a_6 b) →\n    @Eq.{1} DefiHistorical.Convex.Data.Law\n        { id := a, rawRule := a_1, rawSubject := a_2, sourcePath := a_3, sourceLine := a_4, sourceText := a_5,\n          subjectDecision := a_6, subjects := a_7, terms := a_8 }\n        { id := a, rawRule := a_1, rawSubject := a_2, sourcePath := a_3, sourceLine := a_4, sourceText := a_5,\n          subjectDecision := b, subjects := b_1, terms := b_2 } →\n      False"}
info: DefiHistorical/Convex/Verify.lean:6:0: HISTORICAL INVENTORY {"axioms":[],"kind":"theorem","module":"DefiHistorical.Convex.Data","name":"DefiHistorical.Convex.Data.instDecidableEqLaw.decEq._proof_5","statement":"∀ (a a_1 a_2 a_3 : String) (a_4 : Nat) (a_5 a_6 : String) (a_7 : List.{0} String)\n  (a_8 : List.{0} DefiHistorical.Convex.Data.Term) (b b_1 : String) (b_2 : List.{0} String)\n  (b_3 : List.{0} DefiHistorical.Convex.Data.Term),\n  Not (@Eq.{1} String a_5 b) →\n    @Eq.{1} DefiHistorical.Convex.Data.Law\n        { id := a, rawRule := a_1, rawSubject := a_2, sourcePath := a_3, sourceLine := a_4, sourceText := a_5,\n          subjectDecision := a_6, subjects := a_7, terms := a_8 }\n        { id := a, rawRule := a_1, rawSubject := a_2, sourcePath := a_3, sourceLine := a_4, sourceText := b,\n          subjectDecision := b_1, subjects := b_2, terms := b_3 } →\n      False"}
info: DefiHistorical/Convex/Verify.lean:6:0: HISTORICAL INVENTORY {"axioms":[],"kind":"theorem","module":"DefiHistorical.Convex.Data","name":"DefiHistorical.Convex.Data.instDecidableEqLaw.decEq._proof_6","statement":"∀ (a a_1 a_2 a_3 : String) (a_4 : Nat) (a_5 a_6 : String) (a_7 : List.{0} String)\n  (a_8 : List.{0} DefiHistorical.Convex.Data.Term) (b : Nat) (b_1 b_2 : String) (b_3 : List.{0} String)\n  (b_4 : List.{0} DefiHistorical.Convex.Data.Term),\n  Not (@Eq.{1} Nat a_4 b) →\n    @Eq.{1} DefiHistorical.Convex.Data.Law\n        { id := a, rawRule := a_1, rawSubject := a_2, sourcePath := a_3, sourceLine := a_4, sourceText := a_5,\n          subjectDecision := a_6, subjects := a_7, terms := a_8 }\n        { id := a, rawRule := a_1, rawSubject := a_2, sourcePath := a_3, sourceLine := b, sourceText := b_1,\n          subjectDecision := b_2, subjects := b_3, terms := b_4 } →\n      False"}
info: DefiHistorical/Convex/Verify.lean:6:0: HISTORICAL INVENTORY {"axioms":[],"kind":"theorem","module":"DefiHistorical.Convex.Data","name":"DefiHistorical.Convex.Data.instDecidableEqLaw.decEq._proof_7","statement":"∀ (a a_1 a_2 a_3 : String) (a_4 : Nat) (a_5 a_6 : String) (a_7 : List.{0} String)\n  (a_8 : List.{0} DefiHistorical.Convex.Data.Term) (b : String) (b_1 : Nat) (b_2 b_3 : String) (b_4 : List.{0} String)\n  (b_5 : List.{0} DefiHistorical.Convex.Data.Term),\n  Not (@Eq.{1} String a_3 b) →\n    @Eq.{1} DefiHistorical.Convex.Data.Law\n        { id := a, rawRule := a_1, rawSubject := a_2, sourcePath := a_3, sourceLine := a_4, sourceText := a_5,\n          subjectDecision := a_6, subjects := a_7, terms := a_8 }\n        { id := a, rawRule := a_1, rawSubject := a_2, sourcePath := b, sourceLine := b_1, sourceText := b_2,\n          subjectDecision := b_3, subjects := b_4, terms := b_5 } →\n      False"}
info: DefiHistorical/Convex/Verify.lean:6:0: HISTORICAL INVENTORY {"axioms":[],"kind":"theorem","module":"DefiHistorical.Convex.Data","name":"DefiHistorical.Convex.Data.instDecidableEqLaw.decEq._proof_8","statement":"∀ (a a_1 a_2 a_3 : String) (a_4 : Nat) (a_5 a_6 : String) (a_7 : List.{0} String)\n  (a_8 : List.{0} DefiHistorical.Convex.Data.Term) (b b_1 : String) (b_2 : Nat) (b_3 b_4 : String)\n  (b_5 : List.{0} String) (b_6 : List.{0} DefiHistorical.Convex.Data.Term),\n  Not (@Eq.{1} String a_2 b) →\n    @Eq.{1} DefiHistorical.Convex.Data.Law\n        { id := a, rawRule := a_1, rawSubject := a_2, sourcePath := a_3, sourceLine := a_4, sourceText := a_5,\n          subjectDecision := a_6, subjects := a_7, terms := a_8 }\n        { id := a, rawRule := a_1, rawSubject := b, sourcePath := b_1, sourceLine := b_2, sourceText := b_3,\n          subjectDecision := b_4, subjects := b_5, terms := b_6 } →\n      False"}
info: DefiHistorical/Convex/Verify.lean:6:0: HISTORICAL INVENTORY {"axioms":[],"kind":"theorem","module":"DefiHistorical.Convex.Data","name":"DefiHistorical.Convex.Data.instDecidableEqLaw.decEq._proof_9","statement":"∀ (a a_1 a_2 a_3 : String) (a_4 : Nat) (a_5 a_6 : String) (a_7 : List.{0} String)\n  (a_8 : List.{0} DefiHistorical.Convex.Data.Term) (b b_1 b_2 : String) (b_3 : Nat) (b_4 b_5 : String)\n  (b_6 : List.{0} String) (b_7 : List.{0} DefiHistorical.Convex.Data.Term),\n  Not (@Eq.{1} String a_1 b) →\n    @Eq.{1} DefiHistorical.Convex.Data.Law\n        { id := a, rawRule := a_1, rawSubject := a_2, sourcePath := a_3, sourceLine := a_4, sourceText := a_5,\n          subjectDecision := a_6, subjects := a_7, terms := a_8 }\n        { id := a, rawRule := b, rawSubject := b_1, sourcePath := b_2, sourceLine := b_3, sourceText := b_4,\n          subjectDecision := b_5, subjects := b_6, terms := b_7 } →\n      False"}
info: DefiHistorical/Convex/Verify.lean:6:0: HISTORICAL INVENTORY {"axioms":[],"kind":"theorem","module":"DefiHistorical.Convex.Data","name":"DefiHistorical.Convex.Data.instDecidableEqSymbol.decEq._proof_1","statement":"∀ (a a_1 a_2 a_3 : String) (a_4 : Nat) (a_5 a_6 : String),\n  @Eq.{1} DefiHistorical.Convex.Data.Symbol\n    { id := a, sym := a_1, name := a_2, group := a_3, stratum := a_4, atom := a_5, status := a_6 }\n    { id := a, sym := a_1, name := a_2, group := a_3, stratum := a_4, atom := a_5, status := a_6 }"}
info: DefiHistorical/Convex/Verify.lean:6:0: HISTORICAL INVENTORY {"axioms":[],"kind":"theorem","module":"DefiHistorical.Convex.Data","name":"DefiHistorical.Convex.Data.instDecidableEqSymbol.decEq._proof_2","statement":"∀ (a a_1 a_2 a_3 : String) (a_4 : Nat) (a_5 a_6 b : String),\n  Not (@Eq.{1} String a_6 b) →\n    @Eq.{1} DefiHistorical.Convex.Data.Symbol\n        { id := a, sym := a_1, name := a_2, group := a_3, stratum := a_4, atom := a_5, status := a_6 }\n        { id := a, sym := a_1, name := a_2, group := a_3, stratum := a_4, atom := a_5, status := b } →\n      False"}
info: DefiHistorical/Convex/Verify.lean:6:0: HISTORICAL INVENTORY {"axioms":[],"kind":"theorem","module":"DefiHistorical.Convex.Data","name":"DefiHistorical.Convex.Data.instDecidableEqSymbol.decEq._proof_3","statement":"∀ (a a_1 a_2 a_3 : String) (a_4 : Nat) (a_5 a_6 b b_1 : String),\n  Not (@Eq.{1} String a_5 b) →\n    @Eq.{1} DefiHistorical.Convex.Data.Symbol\n        { id := a, sym := a_1, name := a_2, group := a_3, stratum := a_4, atom := a_5, status := a_6 }\n        { id := a, sym := a_1, name := a_2, group := a_3, stratum := a_4, atom := b, status := b_1 } →\n      False"}
info: DefiHistorical/Convex/Verify.lean:6:0: HISTORICAL INVENTORY {"axioms":[],"kind":"theorem","module":"DefiHistorical.Convex.Data","name":"DefiHistorical.Convex.Data.instDecidableEqSymbol.decEq._proof_4","statement":"∀ (a a_1 a_2 a_3 : String) (a_4 : Nat) (a_5 a_6 : String) (b : Nat) (b_1 b_2 : String),\n  Not (@Eq.{1} Nat a_4 b) →\n    @Eq.{1} DefiHistorical.Convex.Data.Symbol\n        { id := a, sym := a_1, name := a_2, group := a_3, stratum := a_4, atom := a_5, status := a_6 }\n        { id := a, sym := a_1, name := a_2, group := a_3, stratum := b, atom := b_1, status := b_2 } →\n      False"}
info: DefiHistorical/Convex/Verify.lean:6:0: HISTORICAL INVENTORY {"axioms":[],"kind":"theorem","module":"DefiHistorical.Convex.Data","name":"DefiHistorical.Convex.Data.instDecidableEqSymbol.decEq._proof_5","statement":"∀ (a a_1 a_2 a_3 : String) (a_4 : Nat) (a_5 a_6 b : String) (b_1 : Nat) (b_2 b_3 : String),\n  Not (@Eq.{1} String a_3 b) →\n    @Eq.{1} DefiHistorical.Convex.Data.Symbol\n        { id := a, sym := a_1, name := a_2, group := a_3, stratum := a_4, atom := a_5, status := a_6 }\n        { id := a, sym := a_1, name := a_2, group := b, stratum := b_1, atom := b_2, status := b_3 } →\n      False"}
info: DefiHistorical/Convex/Verify.lean:6:0: HISTORICAL INVENTORY {"axioms":[],"kind":"theorem","module":"DefiHistorical.Convex.Data","name":"DefiHistorical.Convex.Data.instDecidableEqSymbol.decEq._proof_6","statement":"∀ (a a_1 a_2 a_3 : String) (a_4 : Nat) (a_5 a_6 b b_1 : String) (b_2 : Nat) (b_3 b_4 : String),\n  Not (@Eq.{1} String a_2 b) →\n    @Eq.{1} DefiHistorical.Convex.Data.Symbol\n        { id := a, sym := a_1, name := a_2, group := a_3, stratum := a_4, atom := a_5, status := a_6 }\n        { id := a, sym := a_1, name := b, group := b_1, stratum := b_2, atom := b_3, status := b_4 } →\n      False"}
info: DefiHistorical/Convex/Verify.lean:6:0: HISTORICAL INVENTORY {"axioms":[],"kind":"theorem","module":"DefiHistorical.Convex.Data","name":"DefiHistorical.Convex.Data.instDecidableEqSymbol.decEq._proof_7","statement":"∀ (a a_1 a_2 a_3 : String) (a_4 : Nat) (a_5 a_6 b b_1 b_2 : String) (b_3 : Nat) (b_4 b_5 : String),\n  Not (@Eq.{1} String a_1 b) →\n    @Eq.{1} DefiHistorical.Convex.Data.Symbol\n        { id := a, sym := a_1, name := a_2, group := a_3, stratum := a_4, atom := a_5, status := a_6 }\n        { id := a, sym := b, name := b_1, group := b_2, stratum := b_3, atom := b_4, status := b_5 } →\n      False"}
info: DefiHistorical/Convex/Verify.lean:6:0: HISTORICAL INVENTORY {"axioms":[],"kind":"theorem","module":"DefiHistorical.Convex.Data","name":"DefiHistorical.Convex.Data.instDecidableEqSymbol.decEq._proof_8","statement":"∀ (a a_1 a_2 a_3 : String) (a_4 : Nat) (a_5 a_6 b b_1 b_2 b_3 : String) (b_4 : Nat) (b_5 b_6 : String),\n  Not (@Eq.{1} String a b) →\n    @Eq.{1} DefiHistorical.Convex.Data.Symbol\n        { id := a, sym := a_1, name := a_2, group := a_3, stratum := a_4, atom := a_5, status := a_6 }\n        { id := b, sym := b_1, name := b_2, group := b_3, stratum := b_4, atom := b_5, status := b_6 } →\n      False"}
info: DefiHistorical/Convex/Verify.lean:6:0: HISTORICAL INVENTORY {"axioms":[],"kind":"theorem","module":"DefiHistorical.Convex.Data","name":"DefiHistorical.Convex.Data.instDecidableEqTerm.decEq._proof_1","statement":"∀ (a : List.{0} String) (a_1 : String) (a_2 a_3 : Bool),\n  @Eq.{1} DefiHistorical.Convex.Data.Term { alts := a, prose := a_1, external := a_2, mixed := a_3 }\n    { alts := a, prose := a_1, external := a_2, mixed := a_3 }"}
info: DefiHistorical/Convex/Verify.lean:6:0: HISTORICAL INVENTORY {"axioms":[],"kind":"theorem","module":"DefiHistorical.Convex.Data","name":"DefiHistorical.Convex.Data.instDecidableEqTerm.decEq._proof_2","statement":"∀ (a : List.{0} String) (a_1 : String) (a_2 a_3 b : Bool),\n  Not (@Eq.{1} Bool a_3 b) →\n    @Eq.{1} DefiHistorical.Convex.Data.Term { alts := a, prose := a_1, external := a_2, mixed := a_3 }\n        { alts := a, prose := a_1, external := a_2, mixed := b } →\n      False"}
info: DefiHistorical/Convex/Verify.lean:6:0: HISTORICAL INVENTORY {"axioms":[],"kind":"theorem","module":"DefiHistorical.Convex.Data","name":"DefiHistorical.Convex.Data.instDecidableEqTerm.decEq._proof_3","statement":"∀ (a : List.{0} String) (a_1 : String) (a_2 a_3 b b_1 : Bool),\n  Not (@Eq.{1} Bool a_2 b) →\n    @Eq.{1} DefiHistorical.Convex.Data.Term { alts := a, prose := a_1, external := a_2, mixed := a_3 }\n        { alts := a, prose := a_1, external := b, mixed := b_1 } →\n      False"}
info: DefiHistorical/Convex/Verify.lean:6:0: HISTORICAL INVENTORY {"axioms":[],"kind":"theorem","module":"DefiHistorical.Convex.Data","name":"DefiHistorical.Convex.Data.instDecidableEqTerm.decEq._proof_4","statement":"∀ (a : List.{0} String) (a_1 : String) (a_2 a_3 : Bool) (b : String) (b_1 b_2 : Bool),\n  Not (@Eq.{1} String a_1 b) →\n    @Eq.{1} DefiHistorical.Convex.Data.Term { alts := a, prose := a_1, external := a_2, mixed := a_3 }\n        { alts := a, prose := b, external := b_1, mixed := b_2 } →\n      False"}
info: DefiHistorical/Convex/Verify.lean:6:0: HISTORICAL INVENTORY {"axioms":[],"kind":"theorem","module":"DefiHistorical.Convex.Data","name":"DefiHistorical.Convex.Data.instDecidableEqTerm.decEq._proof_5","statement":"∀ (a : List.{0} String) (a_1 : String) (a_2 a_3 : Bool) (b : List.{0} String) (b_1 : String) (b_2 b_3 : Bool),\n  Not (@Eq.{1} (List.{0} String) a b) →\n    @Eq.{1} DefiHistorical.Convex.Data.Term { alts := a, prose := a_1, external := a_2, mixed := a_3 }\n        { alts := b, prose := b_1, external := b_2, mixed := b_3 } →\n      False"}
info: DefiHistorical/Convex/Verify.lean:6:0: HISTORICAL INVENTORY {"axioms":["propext","Classical.choice","Quot.sound"],"kind":"definition","module":"DefiHistorical.Convex.Saturation","name":"DefiHistorical.Convex.RelationClosed","statement":"{E : Type} → (E → E → Prop) → Finset.{0} E → Prop"}
info: DefiHistorical/Convex/Verify.lean:6:0: HISTORICAL INVENTORY {"axioms":["propext","Classical.choice","Quot.sound"],"kind":"definition","module":"DefiHistorical.Convex.Instances","name":"DefiHistorical.Convex.instDecidableRelVertexReflTransGenEdge","statement":"(i : DefiHistorical.Convex.Data.Instance) →\n  @DecidableRel.{1, 1} DefiHistorical.Convex.Data.Vertex DefiHistorical.Convex.Data.Vertex\n    (@Relation.ReflTransGen.{0} DefiHistorical.Convex.Data.Vertex (DefiHistorical.Convex.Data.edge i))"}
info: DefiHistorical/Convex/Verify.lean:6:0: HISTORICAL INVENTORY {"axioms":["propext","Classical.choice","Quot.sound"],"kind":"definition","module":"DefiHistorical.Convex.Instances","name":"DefiHistorical.Convex.instanceClosure","statement":"DefiHistorical.Convex.Data.Instance →\n  Finset.{0} DefiHistorical.Convex.Data.Vertex → Finset.{0} DefiHistorical.Convex.Data.Vertex"}
info: DefiHistorical/Convex/Verify.lean:6:0: HISTORICAL INVENTORY {"axioms":["propext","Classical.choice","Quot.sound"],"kind":"definition","module":"DefiHistorical.Convex.Instances","name":"DefiHistorical.Convex.intrinsic","statement":"DefiHistorical.Convex.Data.Instance →\n  Finset.{0} DefiHistorical.Convex.Data.Vertex → Finset.{0} DefiHistorical.Convex.Data.Vertex"}
info: DefiHistorical/Convex/Verify.lean:6:0: HISTORICAL INVENTORY {"axioms":["propext","Classical.choice","Quot.sound"],"kind":"definition","module":"DefiHistorical.Convex.Instances","name":"DefiHistorical.Convex.paperMaximal","statement":"DefiHistorical.Convex.Data.Instance →\n  Finset.{0} DefiHistorical.Convex.Data.Vertex → Finset.{0} DefiHistorical.Convex.Data.Vertex"}
info: DefiHistorical/Convex/Verify.lean:6:0: HISTORICAL INVENTORY {"axioms":["propext"],"kind":"definition","module":"DefiHistorical.Convex.Instances","name":"DefiHistorical.Convex.rank","statement":"DefiHistorical.Convex.Data.Vertex → Nat"}
info: DefiHistorical/Convex/Verify.lean:6:0: HISTORICAL INVENTORY {"axioms":["propext"],"kind":"definition","module":"DefiHistorical.Convex.Instances","name":"DefiHistorical.Convex.rankName","statement":"String → Nat"}
info: DefiHistorical/Convex/Verify.lean:6:0: HISTORICAL INVENTORY {"axioms":["propext","Classical.choice","Quot.sound"],"kind":"definition","module":"DefiHistorical.Convex.Saturation","name":"DefiHistorical.Convex.reachableDecidable","statement":"{E : Type} →\n  [Fintype.{0} E] →\n    [DecidableEq.{1} E] →\n      (r : E → E → Prop) → [@DecidableRel.{1, 1} E E r] → @DecidableRel.{1, 1} E E (@Relation.ReflTransGen.{0} E r)"}
info: DefiHistorical/Convex/Verify.lean:6:0: HISTORICAL INVENTORY {"axioms":["propext","Classical.choice","Quot.sound"],"kind":"definition","module":"DefiHistorical.Convex.Saturation","name":"DefiHistorical.Convex.round","statement":"{E : Type} →\n  [Fintype.{0} E] →\n    [DecidableEq.{1} E] → (r : E → E → Prop) → [@DecidableRel.{1, 1} E E r] → Finset.{0} E → Finset.{0} E"}
info: DefiHistorical/Convex/Verify.lean:6:0: HISTORICAL INVENTORY {"axioms":["propext","Classical.choice","Quot.sound"],"kind":"definition","module":"DefiHistorical.Convex.Saturation","name":"DefiHistorical.Convex.rounds","statement":"{E : Type} →\n  [Fintype.{0} E] →\n    [DecidableEq.{1} E] → (r : E → E → Prop) → [@DecidableRel.{1, 1} E E r] → Nat → Finset.{0} E → Finset.{0} E"}
info: DefiHistorical/Convex/Verify.lean:6:0: HISTORICAL INVENTORY {"axioms":["propext","Classical.choice","Quot.sound"],"kind":"definition","module":"DefiHistorical.Convex.Saturation","name":"DefiHistorical.Convex.saturate","statement":"{E : Type} →\n  [Fintype.{0} E] →\n    [DecidableEq.{1} E] → (r : E → E → Prop) → [@DecidableRel.{1, 1} E E r] → Finset.{0} E → Finset.{0} E"}
info: DefiHistorical/Convex/Verify.lean:6:0: HISTORICAL INVENTORY {"axioms":["propext","Classical.choice","Quot.sound"],"kind":"definition","module":"DefiHistorical.Convex.Audit","name":"DefiHistorical.Convex.Audit.«_aux_DefiHistorical_Convex_Audit___elabRules_DefiHistorical_Convex_Audit_command#historical_inventory_1»","statement":"Lean.Elab.Command.CommandElab"}
info: DefiHistorical/Convex/Verify.lean:6:0: HISTORICAL INVENTORY {"axioms":[],"kind":"definition","module":"DefiHistorical.Convex.Audit","name":"DefiHistorical.Convex.Audit.«command#historical_inventory»","statement":"Lean.ParserDescr"}
info: DefiHistorical/Convex/Verify.lean:6:0: HISTORICAL INVENTORY {"axioms":[],"kind":"definition","module":"DefiHistorical.Convex.Counterexamples","name":"DefiHistorical.Convex.Counterexamples.V","statement":"Type"}
info: DefiHistorical/Convex/Verify.lean:6:0: HISTORICAL INVENTORY {"axioms":["propext"],"kind":"definition","module":"DefiHistorical.Convex.Counterexamples","name":"DefiHistorical.Convex.Counterexamples.chain","statement":"DefiHistorical.Convex.Counterexamples.V → DefiHistorical.Convex.Counterexamples.V → Prop"}
info: DefiHistorical/Convex/Verify.lean:6:0: HISTORICAL INVENTORY {"axioms":[],"kind":"definition","module":"DefiHistorical.Convex.Counterexamples","name":"DefiHistorical.Convex.Counterexamples.cycle","statement":"DefiHistorical.Convex.Counterexamples.V → DefiHistorical.Convex.Counterexamples.V → Prop"}
info: DefiHistorical/Convex/Verify.lean:6:0: HISTORICAL INVENTORY {"axioms":["propext","Classical.choice","Quot.sound"],"kind":"definition","module":"DefiHistorical.Convex.Counterexamples","name":"DefiHistorical.Convex.Counterexamples.deletionExtreme","statement":"(r : DefiHistorical.Convex.Counterexamples.V → DefiHistorical.Convex.Counterexamples.V → Prop) →\n  [@DecidableRel.{1, 1} DefiHistorical.Convex.Counterexamples.V DefiHistorical.Convex.Counterexamples.V r] →\n    Finset.{0} DefiHistorical.Convex.Counterexamples.V → Finset.{0} DefiHistorical.Convex.Counterexamples.V"}
info: DefiHistorical/Convex/Verify.lean:6:0: HISTORICAL INVENTORY {"axioms":["propext"],"kind":"definition","module":"DefiHistorical.Convex.Counterexamples","name":"DefiHistorical.Convex.Counterexamples.instDecidableRelVChain","statement":"@DecidableRel.{1, 1} DefiHistorical.Convex.Counterexamples.V DefiHistorical.Convex.Counterexamples.V\n  DefiHistorical.Convex.Counterexamples.chain"}
info: DefiHistorical/Convex/Verify.lean:6:0: HISTORICAL INVENTORY {"axioms":[],"kind":"definition","module":"DefiHistorical.Convex.Counterexamples","name":"DefiHistorical.Convex.Counterexamples.instDecidableRelVCycle","statement":"@DecidableRel.{1, 1} DefiHistorical.Convex.Counterexamples.V DefiHistorical.Convex.Counterexamples.V\n  DefiHistorical.Convex.Counterexamples.cycle"}
info: DefiHistorical/Convex/Verify.lean:6:0: HISTORICAL INVENTORY {"axioms":["propext","Classical.choice","Quot.sound"],"kind":"definition","module":"DefiHistorical.Convex.Counterexamples","name":"DefiHistorical.Convex.Counterexamples.instDecidableRelVReflTransGenCycle","statement":"@DecidableRel.{1, 1} DefiHistorical.Convex.Counterexamples.V DefiHistorical.Convex.Counterexamples.V\n  (@Relation.ReflTransGen.{0} DefiHistorical.Convex.Counterexamples.V DefiHistorical.Convex.Counterexamples.cycle)"}
info: DefiHistorical/Convex/Verify.lean:6:0: HISTORICAL INVENTORY {"axioms":["propext"],"kind":"definition","module":"DefiHistorical.Convex.Counterexamples","name":"DefiHistorical.Convex.Counterexamples.instDecidableRelVReverseChain","statement":"@DecidableRel.{1, 1} DefiHistorical.Convex.Counterexamples.V DefiHistorical.Convex.Counterexamples.V\n  DefiHistorical.Convex.Counterexamples.reverseChain"}
info: DefiHistorical/Convex/Verify.lean:6:0: HISTORICAL INVENTORY {"axioms":["propext","Classical.choice","Quot.sound"],"kind":"definition","module":"DefiHistorical.Convex.Counterexamples","name":"DefiHistorical.Convex.Counterexamples.omittedDeletion","statement":"(r : DefiHistorical.Convex.Counterexamples.V → DefiHistorical.Convex.Counterexamples.V → Prop) →\n  [@DecidableRel.{1, 1} DefiHistorical.Convex.Counterexamples.V DefiHistorical.Convex.Counterexamples.V r] →\n    Finset.{0} DefiHistorical.Convex.Counterexamples.V → Finset.{0} DefiHistorical.Convex.Counterexamples.V"}
info: DefiHistorical/Convex/Verify.lean:6:0: HISTORICAL INVENTORY {"axioms":["propext"],"kind":"definition","module":"DefiHistorical.Convex.Counterexamples","name":"DefiHistorical.Convex.Counterexamples.reverseChain","statement":"DefiHistorical.Convex.Counterexamples.V → DefiHistorical.Convex.Counterexamples.V → Prop"}
info: DefiHistorical/Convex/Verify.lean:6:0: HISTORICAL INVENTORY {"axioms":[],"kind":"definition","module":"DefiHistorical.Convex.Data","name":"DefiHistorical.Convex.Data.Vertex","statement":"Type"}
info: DefiHistorical/Convex/Verify.lean:6:0: HISTORICAL INVENTORY {"axioms":[],"kind":"definition","module":"DefiHistorical.Convex.Data","name":"DefiHistorical.Convex.Data.allNamesBound","statement":"DefiHistorical.Convex.Data.Instance → Bool"}
info: DefiHistorical/Convex/Verify.lean:6:0: HISTORICAL INVENTORY {"axioms":["propext"],"kind":"definition","module":"DefiHistorical.Convex.Data","name":"DefiHistorical.Convex.Data.decode","statement":"DefiHistorical.Convex.Data.Vertex → String"}
info: DefiHistorical/Convex/Verify.lean:6:0: HISTORICAL INVENTORY {"axioms":["propext"],"kind":"definition","module":"DefiHistorical.Convex.Data","name":"DefiHistorical.Convex.Data.edge","statement":"DefiHistorical.Convex.Data.Instance → DefiHistorical.Convex.Data.Vertex → DefiHistorical.Convex.Data.Vertex → Prop"}
info: DefiHistorical/Convex/Verify.lean:6:0: HISTORICAL INVENTORY {"axioms":["propext"],"kind":"definition","module":"DefiHistorical.Convex.Data","name":"DefiHistorical.Convex.Data.encode","statement":"String → Option.{0} DefiHistorical.Convex.Data.Vertex"}
info: DefiHistorical/Convex/Verify.lean:6:0: HISTORICAL INVENTORY {"axioms":[],"kind":"definition","module":"DefiHistorical.Convex.Data","name":"DefiHistorical.Convex.Data.instDecidableEqInstance","statement":"DecidableEq.{1} DefiHistorical.Convex.Data.Instance"}
info: DefiHistorical/Convex/Verify.lean:6:0: HISTORICAL INVENTORY {"axioms":[],"kind":"definition","module":"DefiHistorical.Convex.Data","name":"DefiHistorical.Convex.Data.instDecidableEqLaw","statement":"DecidableEq.{1} DefiHistorical.Convex.Data.Law"}
info: DefiHistorical/Convex/Verify.lean:6:0: HISTORICAL INVENTORY {"axioms":[],"kind":"definition","module":"DefiHistorical.Convex.Data","name":"DefiHistorical.Convex.Data.instDecidableEqSymbol","statement":"DecidableEq.{1} DefiHistorical.Convex.Data.Symbol"}
info: DefiHistorical/Convex/Verify.lean:6:0: HISTORICAL INVENTORY {"axioms":[],"kind":"definition","module":"DefiHistorical.Convex.Data","name":"DefiHistorical.Convex.Data.instDecidableEqTerm","statement":"DecidableEq.{1} DefiHistorical.Convex.Data.Term"}
info: DefiHistorical/Convex/Verify.lean:6:0: HISTORICAL INVENTORY {"axioms":["propext"],"kind":"definition","module":"DefiHistorical.Convex.Data","name":"DefiHistorical.Convex.Data.instDecidableRelVertexEdge","statement":"(i : DefiHistorical.Convex.Data.Instance) →\n  @DecidableRel.{1, 1} DefiHistorical.Convex.Data.Vertex DefiHistorical.Convex.Data.Vertex\n    (DefiHistorical.Convex.Data.edge i)"}
info: DefiHistorical/Convex/Verify.lean:6:0: HISTORICAL INVENTORY {"axioms":["propext","Classical.choice","Quot.sound"],"kind":"definition","module":"DefiHistorical.Convex.Data","name":"DefiHistorical.Convex.Data.instFintypeInstance","statement":"Fintype.{0} DefiHistorical.Convex.Data.Instance"}
info: DefiHistorical/Convex/Verify.lean:6:0: HISTORICAL INVENTORY {"axioms":[],"kind":"definition","module":"DefiHistorical.Convex.Data","name":"DefiHistorical.Convex.Data.instReprInstance","statement":"Repr.{0} DefiHistorical.Convex.Data.Instance"}
info: DefiHistorical/Convex/Verify.lean:6:0: HISTORICAL INVENTORY {"axioms":["propext"],"kind":"definition","module":"DefiHistorical.Convex.Data","name":"DefiHistorical.Convex.Data.instReprLaw","statement":"Repr.{0} DefiHistorical.Convex.Data.Law"}
info: DefiHistorical/Convex/Verify.lean:6:0: HISTORICAL INVENTORY {"axioms":["propext"],"kind":"definition","module":"DefiHistorical.Convex.Data","name":"DefiHistorical.Convex.Data.instReprSymbol","statement":"Repr.{0} DefiHistorical.Convex.Data.Symbol"}
info: DefiHistorical/Convex/Verify.lean:6:0: HISTORICAL INVENTORY {"axioms":["propext"],"kind":"definition","module":"DefiHistorical.Convex.Data","name":"DefiHistorical.Convex.Data.instReprTerm","statement":"Repr.{0} DefiHistorical.Convex.Data.Term"}
info: DefiHistorical/Convex/Verify.lean:6:0: HISTORICAL INVENTORY {"axioms":[],"kind":"definition","module":"DefiHistorical.Convex.Data","name":"DefiHistorical.Convex.Data.laws","statement":"DefiHistorical.Convex.Data.Instance → List.{0} DefiHistorical.Convex.Data.Law"}
info: DefiHistorical/Convex/Verify.lean:6:0: HISTORICAL INVENTORY {"axioms":[],"kind":"definition","module":"DefiHistorical.Convex.Data","name":"DefiHistorical.Convex.Data.lstarLaws","statement":"List.{0} DefiHistorical.Convex.Data.Law"}
info: DefiHistorical/Convex/Verify.lean:6:0: HISTORICAL INVENTORY {"axioms":[],"kind":"definition","module":"DefiHistorical.Convex.Data","name":"DefiHistorical.Convex.Data.mechanismNames","statement":"List.{0} String"}
info: DefiHistorical/Convex/Verify.lean:6:0: HISTORICAL INVENTORY {"axioms":[],"kind":"definition","module":"DefiHistorical.Convex.Data","name":"DefiHistorical.Convex.Data.occurrencePairs","statement":"DefiHistorical.Convex.Data.Instance → List.{0} (Prod.{0, 0} String String)"}
info: DefiHistorical/Convex/Verify.lean:6:0: HISTORICAL INVENTORY {"axioms":[],"kind":"definition","module":"DefiHistorical.Convex.Data","name":"DefiHistorical.Convex.Data.parsedNewLaws","statement":"List.{0} DefiHistorical.Convex.Data.Law"}
info: DefiHistorical/Convex/Verify.lean:6:0: HISTORICAL INVENTORY {"axioms":[],"kind":"definition","module":"DefiHistorical.Convex.Data","name":"DefiHistorical.Convex.Data.relationEdges","statement":"DefiHistorical.Convex.Data.Instance → List.{0} (Prod.{0, 0} String String)"}
info: DefiHistorical/Convex/Verify.lean:6:0: HISTORICAL INVENTORY {"axioms":[],"kind":"definition","module":"DefiHistorical.Convex.Data","name":"DefiHistorical.Convex.Data.symbols","statement":"List.{0} DefiHistorical.Convex.Data.Symbol"}
info: DefiHistorical/Convex/Verify.lean:6:0: HISTORICAL INVENTORY {"axioms":["propext","Classical.choice","Quot.sound"],"kind":"definition","module":"DefiHistorical.Convex.Saturation","name":"DefiHistorical.Convex.rounds._f","statement":"{E : Type} →\n  [Fintype.{0} E] →\n    [DecidableEq.{1} E] →\n      (r : E → E → Prop) →\n        [@DecidableRel.{1, 1} E E r] →\n          (x : Nat) → @Nat.below.{1} (fun x ↦ Finset.{0} E → Finset.{0} E) x → Finset.{0} E → Finset.{0} E"}
info: DefiHistorical/Convex/Verify.lean:6:0: HISTORICAL INVENTORY {"axioms":["propext","Classical.choice","Quot.sound"],"kind":"definition","module":"DefiHistorical.Convex.Saturation","name":"DefiHistorical.Convex.rounds._sunfold","statement":"{E : Type} →\n  [Fintype.{0} E] →\n    [DecidableEq.{1} E] → (r : E → E → Prop) → [@DecidableRel.{1, 1} E E r] → Nat → Finset.{0} E → Finset.{0} E"}
info: DefiHistorical/Convex/Verify.lean:6:0: HISTORICAL INVENTORY {"axioms":["propext","Classical.choice","Quot.sound"],"kind":"definition","module":"DefiHistorical.Convex.Saturation","name":"DefiHistorical.Convex.rounds._unsafe_rec","statement":"{E : Type} →\n  [Fintype.{0} E] →\n    [DecidableEq.{1} E] → (r : E → E → Prop) → [@DecidableRel.{1, 1} E E r] → Nat → Finset.{0} E → Finset.{0} E"}
info: DefiHistorical/Convex/Verify.lean:6:0: HISTORICAL INVENTORY {"axioms":["propext","Quot.sound"],"kind":"definition","module":"DefiHistorical.Convex.Saturation","name":"DefiHistorical.Convex.rounds.match_1","statement":"{E : Type} →\n  (motive : Nat → Finset.{0} E → Sort u_1) →\n    (x : Nat) →\n      (x_1 : Finset.{0} E) →\n        ((S : Finset.{0} E) → motive (@OfNat.ofNat.{0} Nat (nat_lit 0) (instOfNatNat (nat_lit 0))) S) →\n          ((n : Nat) → (S : Finset.{0} E) → motive n.succ S) → motive x x_1"}
info: DefiHistorical/Convex/Verify.lean:6:0: HISTORICAL INVENTORY {"axioms":["propext"],"kind":"definition","module":"DefiHistorical.Convex.Audit","name":"DefiHistorical.Convex.Audit.«_aux_DefiHistorical_Convex_Audit___elabRules_DefiHistorical_Convex_Audit_command#historical_inventory_1»._sparseCasesOn_3","statement":"{α : Type u} →\n  {motive : Option.{u} α → Sort u_1} →\n    (t : Option.{u} α) →\n      ((val : α) → motive (@Option.some.{u} α val)) →\n        (Nat.hasNotBit (nat_lit 2) (@Option.ctorIdx.{u} α t) → motive t) → motive t"}
info: DefiHistorical/Convex/Verify.lean:6:0: HISTORICAL INVENTORY {"axioms":[],"kind":"definition","module":"DefiHistorical.Convex.Audit","name":"DefiHistorical.Convex.Audit.«_aux_DefiHistorical_Convex_Audit___elabRules_DefiHistorical_Convex_Audit_command#historical_inventory_1».match_1","statement":"(motive : Prod.{0, 0} Lean.Name Lean.Name → Sort u_1) →\n  (x : Prod.{0, 0} Lean.Name Lean.Name) →\n    ((name mod : Lean.Name) → motive (@Prod.mk.{0, 0} Lean.Name Lean.Name name mod)) → motive x"}
info: DefiHistorical/Convex/Verify.lean:6:0: HISTORICAL INVENTORY {"axioms":["propext"],"kind":"definition","module":"DefiHistorical.Convex.Audit","name":"DefiHistorical.Convex.Audit.«_aux_DefiHistorical_Convex_Audit___elabRules_DefiHistorical_Convex_Audit_command#historical_inventory_1».match_3","statement":"(motive : Option.{0} Lean.ConstantInfo → Sort u_1) →\n  (x : Option.{0} Lean.ConstantInfo) →\n    ((info : Lean.ConstantInfo) → motive (@Option.some.{0} Lean.ConstantInfo info)) →\n      ((x : Option.{0} Lean.ConstantInfo) → motive x) → motive x"}
info: DefiHistorical/Convex/Verify.lean:6:0: HISTORICAL INVENTORY {"axioms":[],"kind":"definition","module":"DefiHistorical.Convex.Audit","name":"DefiHistorical.Convex.Audit.«_aux_DefiHistorical_Convex_Audit___elabRules_DefiHistorical_Convex_Audit_command#historical_inventory_1».match_6","statement":"(motive : Prod.{0, 0} Lean.Name (Prod.{0, 0} Lean.Name String) → Sort u_1) →\n  (x : Prod.{0, 0} Lean.Name (Prod.{0, 0} Lean.Name String)) →\n    ((name mod : Lean.Name) →\n        (kind : String) →\n          motive\n            (@Prod.mk.{0, 0} Lean.Name (Prod.{0, 0} Lean.Name String) name\n              (@Prod.mk.{0, 0} Lean.Name String mod kind))) →\n      motive x"}
info: DefiHistorical/Convex/Verify.lean:6:0: HISTORICAL INVENTORY {"axioms":["propext"],"kind":"definition","module":"DefiHistorical.Convex.Counterexamples","name":"DefiHistorical.Convex.Counterexamples.instDecidableRelVChain._aux_1","statement":"(x x_1 : DefiHistorical.Convex.Counterexamples.V) → Decidable (DefiHistorical.Convex.Counterexamples.chain x x_1)"}
info: DefiHistorical/Convex/Verify.lean:6:0: HISTORICAL INVENTORY {"axioms":[],"kind":"definition","module":"DefiHistorical.Convex.Counterexamples","name":"DefiHistorical.Convex.Counterexamples.instDecidableRelVCycle._aux_1","statement":"(a b : DefiHistorical.Convex.Counterexamples.V) → Decidable (DefiHistorical.Convex.Counterexamples.cycle a b)"}
info: DefiHistorical/Convex/Verify.lean:6:0: HISTORICAL INVENTORY {"axioms":["propext"],"kind":"definition","module":"DefiHistorical.Convex.Counterexamples","name":"DefiHistorical.Convex.Counterexamples.instDecidableRelVReverseChain._aux_1","statement":"(a b : DefiHistorical.Convex.Counterexamples.V) → Decidable (DefiHistorical.Convex.Counterexamples.reverseChain a b)"}
info: DefiHistorical/Convex/Verify.lean:6:0: HISTORICAL INVENTORY {"axioms":[],"kind":"definition","module":"DefiHistorical.Convex.Data","name":"DefiHistorical.Convex.Data.Instance._sizeOf_1","statement":"DefiHistorical.Convex.Data.Instance → Nat"}
info: DefiHistorical/Convex/Verify.lean:6:0: HISTORICAL INVENTORY {"axioms":[],"kind":"definition","module":"DefiHistorical.Convex.Data","name":"DefiHistorical.Convex.Data.Instance._sizeOf_inst","statement":"SizeOf.{1} DefiHistorical.Convex.Data.Instance"}
info: DefiHistorical/Convex/Verify.lean:6:0: HISTORICAL INVENTORY {"axioms":[],"kind":"definition","module":"DefiHistorical.Convex.Data","name":"DefiHistorical.Convex.Data.Instance.casesOn","statement":"{motive : DefiHistorical.Convex.Data.Instance → Sort u} →\n  (t : DefiHistorical.Convex.Data.Instance) →\n    motive DefiHistorical.Convex.Data.Instance.lstar → motive DefiHistorical.Convex.Data.Instance.parsedNew → motive t"}
info: DefiHistorical/Convex/Verify.lean:6:0: HISTORICAL INVENTORY {"axioms":[],"kind":"definition","module":"DefiHistorical.Convex.Data","name":"DefiHistorical.Convex.Data.Instance.ctorElim","statement":"{motive : DefiHistorical.Convex.Data.Instance → Sort u} →\n  (ctorIdx : Nat) →\n    (t : DefiHistorical.Convex.Data.Instance) →\n      @Eq.{1} Nat ctorIdx t.ctorIdx → @DefiHistorical.Convex.Data.Instance.ctorElimType.{u} motive ctorIdx → motive t"}
info: DefiHistorical/Convex/Verify.lean:6:0: HISTORICAL INVENTORY {"axioms":[],"kind":"definition","module":"DefiHistorical.Convex.Data","name":"DefiHistorical.Convex.Data.Instance.ctorElimType","statement":"{motive : DefiHistorical.Convex.Data.Instance → Sort u} → Nat → Sort (max 1 u)"}
info: DefiHistorical/Convex/Verify.lean:6:0: HISTORICAL INVENTORY {"axioms":[],"kind":"definition","module":"DefiHistorical.Convex.Data","name":"DefiHistorical.Convex.Data.Instance.ctorIdx","statement":"DefiHistorical.Convex.Data.Instance → Nat"}
info: DefiHistorical/Convex/Verify.lean:6:0: HISTORICAL INVENTORY {"axioms":[],"kind":"definition","module":"DefiHistorical.Convex.Data","name":"DefiHistorical.Convex.Data.Instance.noConfusion","statement":"{P : Sort v✝} →\n  {x y : DefiHistorical.Convex.Data.Instance} →\n    @Eq.{1} DefiHistorical.Convex.Data.Instance x y → DefiHistorical.Convex.Data.Instance.noConfusionType.{v✝} P x y"}
info: DefiHistorical/Convex/Verify.lean:6:0: HISTORICAL INVENTORY {"axioms":[],"kind":"definition","module":"DefiHistorical.Convex.Data","name":"DefiHistorical.Convex.Data.Instance.noConfusionType","statement":"Sort v✝ → DefiHistorical.Convex.Data.Instance → DefiHistorical.Convex.Data.Instance → Sort v✝"}
info: DefiHistorical/Convex/Verify.lean:6:0: HISTORICAL INVENTORY {"axioms":[],"kind":"definition","module":"DefiHistorical.Convex.Data","name":"DefiHistorical.Convex.Data.Instance.ofNat","statement":"Nat → DefiHistorical.Convex.Data.Instance"}
info: DefiHistorical/Convex/Verify.lean:6:0: HISTORICAL INVENTORY {"axioms":[],"kind":"definition","module":"DefiHistorical.Convex.Data","name":"DefiHistorical.Convex.Data.Instance.recOn","statement":"{motive : DefiHistorical.Convex.Data.Instance → Sort u} →\n  (t : DefiHistorical.Convex.Data.Instance) →\n    motive DefiHistorical.Convex.Data.Instance.lstar → motive DefiHistorical.Convex.Data.Instance.parsedNew → motive t"}
info: DefiHistorical/Convex/Verify.lean:6:0: HISTORICAL INVENTORY {"axioms":[],"kind":"definition","module":"DefiHistorical.Convex.Data","name":"DefiHistorical.Convex.Data.Instance.toCtorIdx","statement":"DefiHistorical.Convex.Data.Instance → Nat"}
info: DefiHistorical/Convex/Verify.lean:6:0: HISTORICAL INVENTORY {"axioms":[],"kind":"definition","module":"DefiHistorical.Convex.Data","name":"DefiHistorical.Convex.Data.Law._sizeOf_1","statement":"DefiHistorical.Convex.Data.Law → Nat"}
info: DefiHistorical/Convex/Verify.lean:6:0: HISTORICAL INVENTORY {"axioms":[],"kind":"definition","module":"DefiHistorical.Convex.Data","name":"DefiHistorical.Convex.Data.Law._sizeOf_inst","statement":"SizeOf.{1} DefiHistorical.Convex.Data.Law"}
info: DefiHistorical/Convex/Verify.lean:6:0: HISTORICAL INVENTORY {"axioms":[],"kind":"definition","module":"DefiHistorical.Convex.Data","name":"DefiHistorical.Convex.Data.Law.casesOn","statement":"{motive : DefiHistorical.Convex.Data.Law → Sort u} →\n  (t : DefiHistorical.Convex.Data.Law) →\n    ((id rawRule rawSubject sourcePath : String) →\n        (sourceLine : Nat) →\n          (sourceText subjectDecision : String) →\n            (subjects : List.{0} String) →\n              (terms : List.{0} DefiHistorical.Convex.Data.Term) →\n                motive\n                  { id := id, rawRule := rawRule, rawSubject := rawSubject, sourcePath := sourcePath,\n                    sourceLine := sourceLine, sourceText := sourceText, subjectDecision := subjectDecision,\n                    subjects := subjects, terms := terms }) →\n      motive t"}
info: DefiHistorical/Convex/Verify.lean:6:0: HISTORICAL INVENTORY {"axioms":[],"kind":"definition","module":"DefiHistorical.Convex.Data","name":"DefiHistorical.Convex.Data.Law.ctorIdx","statement":"DefiHistorical.Convex.Data.Law → Nat"}
info: DefiHistorical/Convex/Verify.lean:6:0: HISTORICAL INVENTORY {"axioms":[],"kind":"definition","module":"DefiHistorical.Convex.Data","name":"DefiHistorical.Convex.Data.Law.id","statement":"DefiHistorical.Convex.Data.Law → String"}
info: DefiHistorical/Convex/Verify.lean:6:0: HISTORICAL INVENTORY {"axioms":[],"kind":"definition","module":"DefiHistorical.Convex.Data","name":"DefiHistorical.Convex.Data.Law.noConfusion","statement":"{P : Sort u} →\n  {t t' : DefiHistorical.Convex.Data.Law} →\n    @Eq.{1} DefiHistorical.Convex.Data.Law t t' → DefiHistorical.Convex.Data.Law.noConfusionType.{u} P t t'"}
info: DefiHistorical/Convex/Verify.lean:6:0: HISTORICAL INVENTORY {"axioms":[],"kind":"definition","module":"DefiHistorical.Convex.Data","name":"DefiHistorical.Convex.Data.Law.noConfusionType","statement":"Sort u → DefiHistorical.Convex.Data.Law → DefiHistorical.Convex.Data.Law → Sort u"}
info: DefiHistorical/Convex/Verify.lean:6:0: HISTORICAL INVENTORY {"axioms":[],"kind":"definition","module":"DefiHistorical.Convex.Data","name":"DefiHistorical.Convex.Data.Law.rawRule","statement":"DefiHistorical.Convex.Data.Law → String"}
info: DefiHistorical/Convex/Verify.lean:6:0: HISTORICAL INVENTORY {"axioms":[],"kind":"definition","module":"DefiHistorical.Convex.Data","name":"DefiHistorical.Convex.Data.Law.rawSubject","statement":"DefiHistorical.Convex.Data.Law → String"}
info: DefiHistorical/Convex/Verify.lean:6:0: HISTORICAL INVENTORY {"axioms":[],"kind":"definition","module":"DefiHistorical.Convex.Data","name":"DefiHistorical.Convex.Data.Law.recOn","statement":"{motive : DefiHistorical.Convex.Data.Law → Sort u} →\n  (t : DefiHistorical.Convex.Data.Law) →\n    ((id rawRule rawSubject sourcePath : String) →\n        (sourceLine : Nat) →\n          (sourceText subjectDecision : String) →\n            (subjects : List.{0} String) →\n              (terms : List.{0} DefiHistorical.Convex.Data.Term) →\n                motive\n                  { id := id, rawRule := rawRule, rawSubject := rawSubject, sourcePath := sourcePath,\n                    sourceLine := sourceLine, sourceText := sourceText, subjectDecision := subjectDecision,\n                    subjects := subjects, terms := terms }) →\n      motive t"}
info: DefiHistorical/Convex/Verify.lean:6:0: HISTORICAL INVENTORY {"axioms":[],"kind":"definition","module":"DefiHistorical.Convex.Data","name":"DefiHistorical.Convex.Data.Law.sourceLine","statement":"DefiHistorical.Convex.Data.Law → Nat"}
info: DefiHistorical/Convex/Verify.lean:6:0: HISTORICAL INVENTORY {"axioms":[],"kind":"definition","module":"DefiHistorical.Convex.Data","name":"DefiHistorical.Convex.Data.Law.sourcePath","statement":"DefiHistorical.Convex.Data.Law → String"}
info: DefiHistorical/Convex/Verify.lean:6:0: HISTORICAL INVENTORY {"axioms":[],"kind":"definition","module":"DefiHistorical.Convex.Data","name":"DefiHistorical.Convex.Data.Law.sourceText","statement":"DefiHistorical.Convex.Data.Law → String"}
info: DefiHistorical/Convex/Verify.lean:6:0: HISTORICAL INVENTORY {"axioms":[],"kind":"definition","module":"DefiHistorical.Convex.Data","name":"DefiHistorical.Convex.Data.Law.subjectDecision","statement":"DefiHistorical.Convex.Data.Law → String"}
info: DefiHistorical/Convex/Verify.lean:6:0: HISTORICAL INVENTORY {"axioms":[],"kind":"definition","module":"DefiHistorical.Convex.Data","name":"DefiHistorical.Convex.Data.Law.subjects","statement":"DefiHistorical.Convex.Data.Law → List.{0} String"}
info: DefiHistorical/Convex/Verify.lean:6:0: HISTORICAL INVENTORY {"axioms":[],"kind":"definition","module":"DefiHistorical.Convex.Data","name":"DefiHistorical.Convex.Data.Law.terms","statement":"DefiHistorical.Convex.Data.Law → List.{0} DefiHistorical.Convex.Data.Term"}
info: DefiHistorical/Convex/Verify.lean:6:0: HISTORICAL INVENTORY {"axioms":[],"kind":"definition","module":"DefiHistorical.Convex.Data","name":"DefiHistorical.Convex.Data.Symbol._sizeOf_1","statement":"DefiHistorical.Convex.Data.Symbol → Nat"}
info: DefiHistorical/Convex/Verify.lean:6:0: HISTORICAL INVENTORY {"axioms":[],"kind":"definition","module":"DefiHistorical.Convex.Data","name":"DefiHistorical.Convex.Data.Symbol._sizeOf_inst","statement":"SizeOf.{1} DefiHistorical.Convex.Data.Symbol"}
info: DefiHistorical/Convex/Verify.lean:6:0: HISTORICAL INVENTORY {"axioms":[],"kind":"definition","module":"DefiHistorical.Convex.Data","name":"DefiHistorical.Convex.Data.Symbol.atom","statement":"DefiHistorical.Convex.Data.Symbol → String"}
info: DefiHistorical/Convex/Verify.lean:6:0: HISTORICAL INVENTORY {"axioms":[],"kind":"definition","module":"DefiHistorical.Convex.Data","name":"DefiHistorical.Convex.Data.Symbol.casesOn","statement":"{motive : DefiHistorical.Convex.Data.Symbol → Sort u} →\n  (t : DefiHistorical.Convex.Data.Symbol) →\n    ((id sym name group : String) →\n        (stratum : Nat) →\n          (atom status : String) →\n            motive\n              { id := id, sym := sym, name := name, group := group, stratum := stratum, atom := atom,\n                status := status }) →\n      motive t"}
info: DefiHistorical/Convex/Verify.lean:6:0: HISTORICAL INVENTORY {"axioms":[],"kind":"definition","module":"DefiHistorical.Convex.Data","name":"DefiHistorical.Convex.Data.Symbol.ctorIdx","statement":"DefiHistorical.Convex.Data.Symbol → Nat"}
info: DefiHistorical/Convex/Verify.lean:6:0: HISTORICAL INVENTORY {"axioms":[],"kind":"definition","module":"DefiHistorical.Convex.Data","name":"DefiHistorical.Convex.Data.Symbol.group","statement":"DefiHistorical.Convex.Data.Symbol → String"}
info: DefiHistorical/Convex/Verify.lean:6:0: HISTORICAL INVENTORY {"axioms":[],"kind":"definition","module":"DefiHistorical.Convex.Data","name":"DefiHistorical.Convex.Data.Symbol.id","statement":"DefiHistorical.Convex.Data.Symbol → String"}
info: DefiHistorical/Convex/Verify.lean:6:0: HISTORICAL INVENTORY {"axioms":[],"kind":"definition","module":"DefiHistorical.Convex.Data","name":"DefiHistorical.Convex.Data.Symbol.name","statement":"DefiHistorical.Convex.Data.Symbol → String"}
info: DefiHistorical/Convex/Verify.lean:6:0: HISTORICAL INVENTORY {"axioms":[],"kind":"definition","module":"DefiHistorical.Convex.Data","name":"DefiHistorical.Convex.Data.Symbol.noConfusion","statement":"{P : Sort u} →\n  {t t' : DefiHistorical.Convex.Data.Symbol} →\n    @Eq.{1} DefiHistorical.Convex.Data.Symbol t t' → DefiHistorical.Convex.Data.Symbol.noConfusionType.{u} P t t'"}
info: DefiHistorical/Convex/Verify.lean:6:0: HISTORICAL INVENTORY {"axioms":[],"kind":"definition","module":"DefiHistorical.Convex.Data","name":"DefiHistorical.Convex.Data.Symbol.noConfusionType","statement":"Sort u → DefiHistorical.Convex.Data.Symbol → DefiHistorical.Convex.Data.Symbol → Sort u"}
info: DefiHistorical/Convex/Verify.lean:6:0: HISTORICAL INVENTORY {"axioms":[],"kind":"definition","module":"DefiHistorical.Convex.Data","name":"DefiHistorical.Convex.Data.Symbol.recOn","statement":"{motive : DefiHistorical.Convex.Data.Symbol → Sort u} →\n  (t : DefiHistorical.Convex.Data.Symbol) →\n    ((id sym name group : String) →\n        (stratum : Nat) →\n          (atom status : String) →\n            motive\n              { id := id, sym := sym, name := name, group := group, stratum := stratum, atom := atom,\n                status := status }) →\n      motive t"}
info: DefiHistorical/Convex/Verify.lean:6:0: HISTORICAL INVENTORY {"axioms":[],"kind":"definition","module":"DefiHistorical.Convex.Data","name":"DefiHistorical.Convex.Data.Symbol.status","statement":"DefiHistorical.Convex.Data.Symbol → String"}
info: DefiHistorical/Convex/Verify.lean:6:0: HISTORICAL INVENTORY {"axioms":[],"kind":"definition","module":"DefiHistorical.Convex.Data","name":"DefiHistorical.Convex.Data.Symbol.stratum","statement":"DefiHistorical.Convex.Data.Symbol → Nat"}
info: DefiHistorical/Convex/Verify.lean:6:0: HISTORICAL INVENTORY {"axioms":[],"kind":"definition","module":"DefiHistorical.Convex.Data","name":"DefiHistorical.Convex.Data.Symbol.sym","statement":"DefiHistorical.Convex.Data.Symbol → String"}
info: DefiHistorical/Convex/Verify.lean:6:0: HISTORICAL INVENTORY {"axioms":[],"kind":"definition","module":"DefiHistorical.Convex.Data","name":"DefiHistorical.Convex.Data.Term._sizeOf_1","statement":"DefiHistorical.Convex.Data.Term → Nat"}
info: DefiHistorical/Convex/Verify.lean:6:0: HISTORICAL INVENTORY {"axioms":[],"kind":"definition","module":"DefiHistorical.Convex.Data","name":"DefiHistorical.Convex.Data.Term._sizeOf_inst","statement":"SizeOf.{1} DefiHistorical.Convex.Data.Term"}
info: DefiHistorical/Convex/Verify.lean:6:0: HISTORICAL INVENTORY {"axioms":[],"kind":"definition","module":"DefiHistorical.Convex.Data","name":"DefiHistorical.Convex.Data.Term.alts","statement":"DefiHistorical.Convex.Data.Term → List.{0} String"}
info: DefiHistorical/Convex/Verify.lean:6:0: HISTORICAL INVENTORY {"axioms":[],"kind":"definition","module":"DefiHistorical.Convex.Data","name":"DefiHistorical.Convex.Data.Term.casesOn","statement":"{motive : DefiHistorical.Convex.Data.Term → Sort u} →\n  (t : DefiHistorical.Convex.Data.Term) →\n    ((alts : List.{0} String) →\n        (prose : String) →\n          (external mixed : Bool) → motive { alts := alts, prose := prose, external := external, mixed := mixed }) →\n      motive t"}
info: DefiHistorical/Convex/Verify.lean:6:0: HISTORICAL INVENTORY {"axioms":[],"kind":"definition","module":"DefiHistorical.Convex.Data","name":"DefiHistorical.Convex.Data.Term.ctorIdx","statement":"DefiHistorical.Convex.Data.Term → Nat"}
info: DefiHistorical/Convex/Verify.lean:6:0: HISTORICAL INVENTORY {"axioms":[],"kind":"definition","module":"DefiHistorical.Convex.Data","name":"DefiHistorical.Convex.Data.Term.external","statement":"DefiHistorical.Convex.Data.Term → Bool"}
info: DefiHistorical/Convex/Verify.lean:6:0: HISTORICAL INVENTORY {"axioms":[],"kind":"definition","module":"DefiHistorical.Convex.Data","name":"DefiHistorical.Convex.Data.Term.mixed","statement":"DefiHistorical.Convex.Data.Term → Bool"}
info: DefiHistorical/Convex/Verify.lean:6:0: HISTORICAL INVENTORY {"axioms":[],"kind":"definition","module":"DefiHistorical.Convex.Data","name":"DefiHistorical.Convex.Data.Term.noConfusion","statement":"{P : Sort u} →\n  {t t' : DefiHistorical.Convex.Data.Term} →\n    @Eq.{1} DefiHistorical.Convex.Data.Term t t' → DefiHistorical.Convex.Data.Term.noConfusionType.{u} P t t'"}
info: DefiHistorical/Convex/Verify.lean:6:0: HISTORICAL INVENTORY {"axioms":[],"kind":"definition","module":"DefiHistorical.Convex.Data","name":"DefiHistorical.Convex.Data.Term.noConfusionType","statement":"Sort u → DefiHistorical.Convex.Data.Term → DefiHistorical.Convex.Data.Term → Sort u"}
info: DefiHistorical/Convex/Verify.lean:6:0: HISTORICAL INVENTORY {"axioms":[],"kind":"definition","module":"DefiHistorical.Convex.Data","name":"DefiHistorical.Convex.Data.Term.prose","statement":"DefiHistorical.Convex.Data.Term → String"}
info: DefiHistorical/Convex/Verify.lean:6:0: HISTORICAL INVENTORY {"axioms":[],"kind":"definition","module":"DefiHistorical.Convex.Data","name":"DefiHistorical.Convex.Data.Term.recOn","statement":"{motive : DefiHistorical.Convex.Data.Term → Sort u} →\n  (t : DefiHistorical.Convex.Data.Term) →\n    ((alts : List.{0} String) →\n        (prose : String) →\n          (external mixed : Bool) → motive { alts := alts, prose := prose, external := external, mixed := mixed }) →\n      motive t"}
info: DefiHistorical/Convex/Verify.lean:6:0: HISTORICAL INVENTORY {"axioms":[],"kind":"definition","module":"DefiHistorical.Convex.Data","name":"DefiHistorical.Convex.Data.instDecidableEqLaw.decEq","statement":"(x x_1 : DefiHistorical.Convex.Data.Law) → Decidable (@Eq.{1} DefiHistorical.Convex.Data.Law x x_1)"}
info: DefiHistorical/Convex/Verify.lean:6:0: HISTORICAL INVENTORY {"axioms":[],"kind":"definition","module":"DefiHistorical.Convex.Data","name":"DefiHistorical.Convex.Data.instDecidableEqSymbol.decEq","statement":"(x x_1 : DefiHistorical.Convex.Data.Symbol) → Decidable (@Eq.{1} DefiHistorical.Convex.Data.Symbol x x_1)"}
info: DefiHistorical/Convex/Verify.lean:6:0: HISTORICAL INVENTORY {"axioms":[],"kind":"definition","module":"DefiHistorical.Convex.Data","name":"DefiHistorical.Convex.Data.instDecidableEqTerm.decEq","statement":"(x x_1 : DefiHistorical.Convex.Data.Term) → Decidable (@Eq.{1} DefiHistorical.Convex.Data.Term x x_1)"}
info: DefiHistorical/Convex/Verify.lean:6:0: HISTORICAL INVENTORY {"axioms":["propext"],"kind":"definition","module":"DefiHistorical.Convex.Data","name":"DefiHistorical.Convex.Data.instDecidableRelVertexEdge._aux_1","statement":"(i : DefiHistorical.Convex.Data.Instance) →\n  (a b : DefiHistorical.Convex.Data.Vertex) → Decidable (DefiHistorical.Convex.Data.edge i a b)"}
info: DefiHistorical/Convex/Verify.lean:6:0: HISTORICAL INVENTORY {"axioms":[],"kind":"definition","module":"DefiHistorical.Convex.Data","name":"DefiHistorical.Convex.Data.instReprInstance.repr","statement":"DefiHistorical.Convex.Data.Instance → Nat → Std.Format"}
info: DefiHistorical/Convex/Verify.lean:6:0: HISTORICAL INVENTORY {"axioms":["propext"],"kind":"definition","module":"DefiHistorical.Convex.Data","name":"DefiHistorical.Convex.Data.instReprLaw.repr","statement":"DefiHistorical.Convex.Data.Law → Nat → Std.Format"}
info: DefiHistorical/Convex/Verify.lean:6:0: HISTORICAL INVENTORY {"axioms":["propext"],"kind":"definition","module":"DefiHistorical.Convex.Data","name":"DefiHistorical.Convex.Data.instReprSymbol.repr","statement":"DefiHistorical.Convex.Data.Symbol → Nat → Std.Format"}
info: DefiHistorical/Convex/Verify.lean:6:0: HISTORICAL INVENTORY {"axioms":["propext"],"kind":"definition","module":"DefiHistorical.Convex.Data","name":"DefiHistorical.Convex.Data.instReprTerm.repr","statement":"DefiHistorical.Convex.Data.Term → Nat → Std.Format"}
info: DefiHistorical/Convex/Verify.lean:6:0: HISTORICAL INVENTORY {"axioms":["propext","Quot.sound"],"kind":"definition","module":"DefiHistorical.Convex.Saturation","name":"_private.DefiHistorical.Convex.Saturation.0.DefiHistorical.Convex.rounds.match_1.splitter","statement":"{E : Type} →\n  (motive : Nat → Finset.{0} E → Sort u_1) →\n    (x : Nat) →\n      (x_1 : Finset.{0} E) →\n        ((S : Finset.{0} E) → motive (@OfNat.ofNat.{0} Nat (nat_lit 0) (instOfNatNat (nat_lit 0))) S) →\n          ((n : Nat) → (S : Finset.{0} E) → motive n.succ S) → motive x x_1"}
info: DefiHistorical/Convex/Verify.lean:6:0: HISTORICAL INVENTORY {"axioms":[],"kind":"definition","module":"DefiHistorical.Convex.Data","name":"DefiHistorical.Convex.Data.Instance.lstar.elim","statement":"{motive : DefiHistorical.Convex.Data.Instance → Sort u} →\n  (t : DefiHistorical.Convex.Data.Instance) →\n    @Eq.{1} Nat t.ctorIdx (nat_lit 0) → motive DefiHistorical.Convex.Data.Instance.lstar → motive t"}
info: DefiHistorical/Convex/Verify.lean:6:0: HISTORICAL INVENTORY {"axioms":[],"kind":"definition","module":"DefiHistorical.Convex.Data","name":"DefiHistorical.Convex.Data.Instance.parsedNew.elim","statement":"{motive : DefiHistorical.Convex.Data.Instance → Sort u} →\n  (t : DefiHistorical.Convex.Data.Instance) →\n    @Eq.{1} Nat t.ctorIdx (nat_lit 1) → motive DefiHistorical.Convex.Data.Instance.parsedNew → motive t"}
info: DefiHistorical/Convex/Verify.lean:6:0: HISTORICAL INVENTORY {"axioms":[],"kind":"definition","module":"DefiHistorical.Convex.Data","name":"DefiHistorical.Convex.Data.Law.mk._flat_ctor","statement":"String →\n  String →\n    String →\n      String →\n        Nat →\n          String → String → List.{0} String → List.{0} DefiHistorical.Convex.Data.Term → DefiHistorical.Convex.Data.Law"}
info: DefiHistorical/Convex/Verify.lean:6:0: HISTORICAL INVENTORY {"axioms":[],"kind":"definition","module":"DefiHistorical.Convex.Data","name":"DefiHistorical.Convex.Data.Law.mk.noConfusion","statement":"{P : Sort u} →\n  {id rawRule rawSubject sourcePath : String} →\n    {sourceLine : Nat} →\n      {sourceText subjectDecision : String} →\n        {subjects : List.{0} String} →\n          {terms : List.{0} DefiHistorical.Convex.Data.Term} →\n            {id' rawRule' rawSubject' sourcePath' : String} →\n              {sourceLine' : Nat} →\n                {sourceText' subjectDecision' : String} →\n                  {subjects' : List.{0} String} →\n                    {terms' : List.{0} DefiHistorical.Convex.Data.Term} →\n                      @Eq.{1} DefiHistorical.Convex.Data.Law\n                          { id := id, rawRule := rawRule, rawSubject := rawSubject, sourcePath := sourcePath,\n                            sourceLine := sourceLine, sourceText := sourceText, subjectDecision := subjectDecision,\n                            subjects := subjects, terms := terms }\n                          { id := id', rawRule := rawRule', rawSubject := rawSubject', sourcePath := sourcePath',\n                            sourceLine := sourceLine', sourceText := sourceText', subjectDecision := subjectDecision',\n                            subjects := subjects', terms := terms' } →\n                        (@Eq.{1} String id id' →\n                            @Eq.{1} String rawRule rawRule' →\n                              @Eq.{1} String rawSubject rawSubject' →\n                                @Eq.{1} String sourcePath sourcePath' →\n                                  @Eq.{1} Nat sourceLine sourceLine' →\n                                    @Eq.{1} String sourceText sourceText' →\n                                      @Eq.{1} String subjectDecision subjectDecision' →\n                                        @Eq.{1} (List.{0} String) subjects subjects' →\n                                          @Eq.{1} (List.{0} DefiHistorical.Convex.Data.Term) terms terms' → P) →\n                          P"}
info: DefiHistorical/Convex/Verify.lean:6:0: HISTORICAL INVENTORY {"axioms":[],"kind":"definition","module":"DefiHistorical.Convex.Data","name":"DefiHistorical.Convex.Data.Symbol.mk._flat_ctor","statement":"String → String → String → String → Nat → String → String → DefiHistorical.Convex.Data.Symbol"}
info: DefiHistorical/Convex/Verify.lean:6:0: HISTORICAL INVENTORY {"axioms":[],"kind":"definition","module":"DefiHistorical.Convex.Data","name":"DefiHistorical.Convex.Data.Symbol.mk.noConfusion","statement":"{P : Sort u} →\n  {id sym name group : String} →\n    {stratum : Nat} →\n      {atom status id' sym' name' group' : String} →\n        {stratum' : Nat} →\n          {atom' status' : String} →\n            @Eq.{1} DefiHistorical.Convex.Data.Symbol\n                { id := id, sym := sym, name := name, group := group, stratum := stratum, atom := atom,\n                  status := status }\n                { id := id', sym := sym', name := name', group := group', stratum := stratum', atom := atom',\n                  status := status' } →\n              (@Eq.{1} String id id' →\n                  @Eq.{1} String sym sym' →\n                    @Eq.{1} String name name' →\n                      @Eq.{1} String group group' →\n                        @Eq.{1} Nat stratum stratum' → @Eq.{1} String atom atom' → @Eq.{1} String status status' → P) →\n                P"}
info: DefiHistorical/Convex/Verify.lean:6:0: HISTORICAL INVENTORY {"axioms":[],"kind":"definition","module":"DefiHistorical.Convex.Data","name":"DefiHistorical.Convex.Data.Term.mk._flat_ctor","statement":"List.{0} String → String → Bool → Bool → DefiHistorical.Convex.Data.Term"}
info: DefiHistorical/Convex/Verify.lean:6:0: HISTORICAL INVENTORY {"axioms":[],"kind":"definition","module":"DefiHistorical.Convex.Data","name":"DefiHistorical.Convex.Data.Term.mk.noConfusion","statement":"{P : Sort u} →\n  {alts : List.{0} String} →\n    {prose : String} →\n      {external mixed : Bool} →\n        {alts' : List.{0} String} →\n          {prose' : String} →\n            {external' mixed' : Bool} →\n              @Eq.{1} DefiHistorical.Convex.Data.Term\n                  { alts := alts, prose := prose, external := external, mixed := mixed }\n                  { alts := alts', prose := prose', external := external', mixed := mixed' } →\n                (@Eq.{1} (List.{0} String) alts alts' →\n                    @Eq.{1} String prose prose' → @Eq.{1} Bool external external' → @Eq.{1} Bool mixed mixed' → P) →\n                  P"}
info: DefiHistorical/Convex/Verify.lean:6:0: HISTORICAL INVENTORY {"axioms":[],"kind":"definition","module":"DefiHistorical.Convex.Data","name":"DefiHistorical.Convex.Data.instDecidableEqLaw.decEq.match_1","statement":"(motive : DefiHistorical.Convex.Data.Law → DefiHistorical.Convex.Data.Law → Sort u_1) →\n  (x x_1 : DefiHistorical.Convex.Data.Law) →\n    ((a a_1 a_2 a_3 : String) →\n        (a_4 : Nat) →\n          (a_5 a_6 : String) →\n            (a_7 : List.{0} String) →\n              (a_8 : List.{0} DefiHistorical.Convex.Data.Term) →\n                (b b_1 b_2 b_3 : String) →\n                  (b_4 : Nat) →\n                    (b_5 b_6 : String) →\n                      (b_7 : List.{0} String) →\n                        (b_8 : List.{0} DefiHistorical.Convex.Data.Term) →\n                          motive\n                            { id := a, rawRule := a_1, rawSubject := a_2, sourcePath := a_3, sourceLine := a_4,\n                              sourceText := a_5, subjectDecision := a_6, subjects := a_7, terms := a_8 }\n                            { id := b, rawRule := b_1, rawSubject := b_2, sourcePath := b_3, sourceLine := b_4,\n                              sourceText := b_5, subjectDecision := b_6, subjects := b_7, terms := b_8 }) →\n      motive x x_1"}
info: DefiHistorical/Convex/Verify.lean:6:0: HISTORICAL INVENTORY {"axioms":[],"kind":"definition","module":"DefiHistorical.Convex.Data","name":"DefiHistorical.Convex.Data.instDecidableEqSymbol.decEq.match_1","statement":"(motive : DefiHistorical.Convex.Data.Symbol → DefiHistorical.Convex.Data.Symbol → Sort u_1) →\n  (x x_1 : DefiHistorical.Convex.Data.Symbol) →\n    ((a a_1 a_2 a_3 : String) →\n        (a_4 : Nat) →\n          (a_5 a_6 b b_1 b_2 b_3 : String) →\n            (b_4 : Nat) →\n              (b_5 b_6 : String) →\n                motive { id := a, sym := a_1, name := a_2, group := a_3, stratum := a_4, atom := a_5, status := a_6 }\n                  { id := b, sym := b_1, name := b_2, group := b_3, stratum := b_4, atom := b_5, status := b_6 }) →\n      motive x x_1"}
info: DefiHistorical/Convex/Verify.lean:6:0: HISTORICAL INVENTORY {"axioms":[],"kind":"definition","module":"DefiHistorical.Convex.Data","name":"DefiHistorical.Convex.Data.instDecidableEqTerm.decEq.match_1","statement":"(motive : DefiHistorical.Convex.Data.Term → DefiHistorical.Convex.Data.Term → Sort u_1) →\n  (x x_1 : DefiHistorical.Convex.Data.Term) →\n    ((a : List.{0} String) →\n        (a_1 : String) →\n          (a_2 a_3 : Bool) →\n            (b : List.{0} String) →\n              (b_1 : String) →\n                (b_2 b_3 : Bool) →\n                  motive { alts := a, prose := a_1, external := a_2, mixed := a_3 }\n                    { alts := b, prose := b_1, external := b_2, mixed := b_3 }) →\n      motive x x_1"}
info: DefiHistorical/Convex/Verify.lean:6:0: HISTORICAL INVENTORY {"axioms":[],"kind":"definition","module":"DefiHistorical.Convex.Data","name":"DefiHistorical.Convex.Data.instReprInstance.repr.match_1","statement":"(motive : DefiHistorical.Convex.Data.Instance → Sort u_1) →\n  (x : DefiHistorical.Convex.Data.Instance) →\n    (Unit → motive DefiHistorical.Convex.Data.Instance.lstar) →\n      (Unit → motive DefiHistorical.Convex.Data.Instance.parsedNew) → motive x"}
info: DefiHistorical/Convex/Verify.lean:6:0: HISTORICAL INVENTORY COMPLETE theorems=136; supplemental=129
✔ [737/738] Built DefiHistorical (1.1s)
Build completed successfully (738 jobs).
