⚠ [921/963] Replayed DefiKernel.Typed.Transition
warning: DefiKernel/Typed/Transition.lean:239:20: `simp_all [throw, throwThe]` is a flexible tactic modifying `⊢`. Try `simp_all?` and use the suggested `simp_all only [...]`. Alternatively, use `suffices` to explicitly state the simplified form.

Note: This linter can be disabled with `set_option linter.flexible false`
info: DefiKernel/Typed/Transition.lean:239:20: Try this:
  [apply] simp_all only [or_false, Prod.forall, true_and]
info: DefiKernel/Typed/Transition.lean:244:6: `rename_i args`
modifies the current goal, which was modified by the flexible tactic `simp_all` on line 239!
warning: DefiKernel/Typed/Transition.lean:239:20: `simp_all [throw, throwThe]` is a flexible tactic modifying `⊢`. Try `simp_all?` and use the suggested `simp_all only [...]`. Alternatively, use `suffices` to explicitly state the simplified form.

Note: This linter can be disabled with `set_option linter.flexible false`
info: DefiKernel/Typed/Transition.lean:239:20: Try this:
  [apply] simp_all only [Option.some.injEq, false_or, Prod.forall]
info: DefiKernel/Typed/Transition.lean:244:6: `rename_i args`
modifies the current goal, which was modified by the flexible tactic `simp_all` on line 239!
⚠ [948/963] Replayed DefiKernel.Parallel.Dependency
warning: DefiKernel/Parallel/Dependency.lean:59:44: This simp argument is unused:
  bind

Hint: Omit it from the simp argument list.
  [apply] simp only [ht, Except.bind, pure, Except.pure] at h

Note: This linter can be disabled with `set_option linter.unusedSimpArgs false`
warning: DefiKernel/Parallel/Dependency.lean:59:50: This simp argument is unused:
  Except.bind

Hint: Omit it from the simp argument list.
  [apply] simp only [ht, bind, pure, Except.pure] at h

Note: This linter can be disabled with `set_option linter.unusedSimpArgs false`
warning: DefiKernel/Parallel/Dependency.lean:68:0: automatically included section variable(s) unused in theorem `DefiKernel.Parallel.evaluate_congr`:
  [DecidableEq P]
  [DecidableEq D]
consider restructuring your `variable` declarations so that the variables are not in scope or explicitly omit them:
  omit [DecidableEq P] [DecidableEq D] in theorem ...

Note: This linter can be disabled with `set_option linter.unusedSectionVars false`
warning: DefiKernel/Parallel/Dependency.lean:68:0: `evaluate_congr` does not use the following hypotheses in its type:
  • [DecidableEq P] (#4)
  • [DecidableEq D] (#6)

Consider removing these hypotheses and using `classical` in the proof instead. For terms, consider using `open scoped Classical in` at the term level (not the command level).

Note: This linter can be disabled with `set_option linter.unusedDecidableInType false`
warning: DefiKernel/Parallel/Dependency.lean:115:0: automatically included section variable(s) unused in theorem `DefiKernel.Parallel.evaluated_targets`:
  [DecidableEq P]
  [DecidableEq D]
consider restructuring your `variable` declarations so that the variables are not in scope or explicitly omit them:
  omit [DecidableEq P] [DecidableEq D] in theorem ...

Note: This linter can be disabled with `set_option linter.unusedSectionVars false`
warning: DefiKernel/Parallel/Dependency.lean:140:19: This simp argument is unused:
  bind

Hint: Omit it from the simp argument list.
  [apply] simp only [hc, Except.bind] at hv

Note: This linter can be disabled with `set_option linter.unusedSimpArgs false`
warning: DefiKernel/Parallel/Dependency.lean:140:25: This simp argument is unused:
  Except.bind

Hint: Omit it from the simp argument list.
  [apply] simp only [hc, bind] at hv

Note: This linter can be disabled with `set_option linter.unusedSimpArgs false`
warning: DefiKernel/Parallel/Dependency.lean:142:50: This simp argument is unused:
  bind

Hint: Omit it from the simp argument list.
  [apply] simp only [ha, Except.bind] at hv

Note: This linter can be disabled with `set_option linter.unusedSimpArgs false`
warning: DefiKernel/Parallel/Dependency.lean:142:56: This simp argument is unused:
  Except.bind

Hint: Omit it from the simp argument list.
  [apply] simp only [ha, bind] at hv

Note: This linter can be disabled with `set_option linter.unusedSimpArgs false`
warning: DefiKernel/Parallel/Dependency.lean:115:0: `evaluated_targets` does not use the following hypotheses in its type:
  • [DecidableEq P] (#4)
  • [DecidableEq D] (#6)

Consider removing these hypotheses and using `classical` in the proof instead. For terms, consider using `open scoped Classical in` at the term level (not the command level).

Note: This linter can be disabled with `set_option linter.unusedDecidableInType false`
warning: DefiKernel/Parallel/Dependency.lean:164:0: automatically included section variable(s) unused in theorem `DefiKernel.Parallel.funds_iff`:
  [Fintype P]
  [Fintype A]
  [Fintype D]
consider restructuring your `variable` declarations so that the variables are not in scope or explicitly omit them:
  omit [Fintype P] [Fintype A] [Fintype D] in theorem ...

Note: This linter can be disabled with `set_option linter.unusedSectionVars false`
warning: DefiKernel/Parallel/Dependency.lean:163:0: `funds_iff` does not use the following hypotheses in its type:
  • [Fintype P] (#7)
  • [Fintype A] (#8)
  • [Fintype D] (#9)

Consider replacing these hypotheses with the corresponding instances of `Finite` and using `Fintype.ofFinite` in the proof, or removing them entirely.

Note: This linter can be disabled with `set_option linter.unusedFintypeInType false`
warning: DefiKernel/Parallel/Dependency.lean:224:51: This simp argument is unused:
  bind

Hint: Omit it from the simp argument list.
  [apply] simp only [throw, throwThe, Except.bind]

Note: This linter can be disabled with `set_option linter.unusedSimpArgs false`
warning: DefiKernel/Parallel/Dependency.lean:224:57: This simp argument is unused:
  Except.bind

Hint: Omit it from the simp argument list.
  [apply] simp only [throw, throwThe, bind]

Note: This linter can be disabled with `set_option linter.unusedSimpArgs false`
warning: DefiKernel/Parallel/Dependency.lean:228:36: This simp argument is unused:
  bind

Hint: Omit it from the simp argument list.
  [apply] simp only [Except.mapError, Except.bind]

Note: This linter can be disabled with `set_option linter.unusedSimpArgs false`
warning: DefiKernel/Parallel/Dependency.lean:228:42: This simp argument is unused:
  Except.bind

Hint: Omit it from the simp argument list.
  [apply] simp only [Except.mapError, bind]

Note: This linter can be disabled with `set_option linter.unusedSimpArgs false`
warning: DefiKernel/Parallel/Dependency.lean:237:17: This simp argument is unused:
  Except.mapError

Hint: Omit it from the simp argument list.
  [apply] simp only [bind, Except.bind]

Note: This linter can be disabled with `set_option linter.unusedSimpArgs false`
warning: DefiKernel/Parallel/Dependency.lean:237:34: This simp argument is unused:
  bind

Hint: Omit it from the simp argument list.
  [apply] simp only [Except.mapError, Except.bind]

Note: This linter can be disabled with `set_option linter.unusedSimpArgs false`
warning: DefiKernel/Parallel/Dependency.lean:237:40: This simp argument is unused:
  Except.bind

Hint: Omit it from the simp argument list.
  [apply] simp only [Except.mapError, bind]

Note: This linter can be disabled with `set_option linter.unusedSimpArgs false`
⚠ [949/963] Replayed DefiKernel.Parallel.Dependency.Adapter
warning: DefiKernel/Parallel/Dependency/Adapter.lean:14:0: automatically included section variable(s) unused in theorem `DefiKernel.Parallel.prepareInvocation_shape`:
  [Fintype P]
  [Fintype A]
  [Fintype D]
consider restructuring your `variable` declarations so that the variables are not in scope or explicitly omit them:
  omit [Fintype P] [Fintype A] [Fintype D] in theorem ...

Note: This linter can be disabled with `set_option linter.unusedSectionVars false`
warning: DefiKernel/Parallel/Dependency/Adapter.lean:14:0: `prepareInvocation_shape` does not use the following hypotheses in its type:
  • [Fintype P] (#7)
  • [Fintype A] (#8)
  • [Fintype D] (#9)

Consider replacing these hypotheses with the corresponding instances of `Finite` and using `Fintype.ofFinite` in the proof, or removing them entirely.

Note: This linter can be disabled with `set_option linter.unusedFintypeInType false`
warning: DefiKernel/Parallel/Dependency/Adapter.lean:36:0: automatically included section variable(s) unused in theorem `DefiKernel.Parallel.analyzed_dependencies`:
  [Fintype P]
  [Fintype A]
  [Fintype D]
consider restructuring your `variable` declarations so that the variables are not in scope or explicitly omit them:
  omit [Fintype P] [Fintype A] [Fintype D] in theorem ...

Note: This linter can be disabled with `set_option linter.unusedSectionVars false`
warning: DefiKernel/Parallel/Dependency/Adapter.lean:36:0: `analyzed_dependencies` does not use the following hypotheses in its type:
  • [Fintype P] (#7)
  • [Fintype A] (#8)
  • [Fintype D] (#9)

Consider replacing these hypotheses with the corresponding instances of `Finite` and using `Fintype.ofFinite` in the proof, or removing them entirely.

Note: This linter can be disabled with `set_option linter.unusedFintypeInType false`
warning: DefiKernel/Parallel/Dependency/Adapter.lean:63:0: automatically included section variable(s) unused in theorem `DefiKernel.Parallel.analyzed_outputs`:
  [Fintype P]
  [Fintype A]
  [Fintype D]
consider restructuring your `variable` declarations so that the variables are not in scope or explicitly omit them:
  omit [Fintype P] [Fintype A] [Fintype D] in theorem ...

Note: This linter can be disabled with `set_option linter.unusedSectionVars false`
warning: DefiKernel/Parallel/Dependency/Adapter.lean:63:0: `analyzed_outputs` does not use the following hypotheses in its type:
  • [Fintype P] (#7)
  • [Fintype A] (#8)
  • [Fintype D] (#9)

Consider replacing these hypotheses with the corresponding instances of `Finite` and using `Fintype.ofFinite` in the proof, or removing them entirely.

Note: This linter can be disabled with `set_option linter.unusedFintypeInType false`
warning: DefiKernel/Parallel/Dependency/Adapter.lean:77:0: automatically included section variable(s) unused in theorem `DefiKernel.Parallel.snapshots_congr`:
  [DecidableEq P]
  [DecidableEq A]
  [DecidableEq D]
  [Fintype P]
  [Fintype A]
  [Fintype D]
consider restructuring your `variable` declarations so that the variables are not in scope or explicitly omit them:
  omit [DecidableEq P] [DecidableEq A] [DecidableEq D] [Fintype P] [Fintype A] [Fintype D] in theorem ...

Note: This linter can be disabled with `set_option linter.unusedSectionVars false`
warning: DefiKernel/Parallel/Dependency/Adapter.lean:77:0: `snapshots_congr` does not use the following hypotheses in its type:
  • [DecidableEq P] (#4)
  • [DecidableEq A] (#5)
  • [DecidableEq D] (#6)

Consider removing these hypotheses and using `classical` in the proof instead. For terms, consider using `open scoped Classical in` at the term level (not the command level).

Note: This linter can be disabled with `set_option linter.unusedDecidableInType false`
warning: DefiKernel/Parallel/Dependency/Adapter.lean:77:0: `snapshots_congr` does not use the following hypotheses in its type:
  • [Fintype P] (#7)
  • [Fintype A] (#8)
  • [Fintype D] (#9)

Consider replacing these hypotheses with the corresponding instances of `Finite` and using `Fintype.ofFinite` in the proof, or removing them entirely.

Note: This linter can be disabled with `set_option linter.unusedFintypeInType false`
warning: DefiKernel/Parallel/Dependency/Adapter.lean:86:0: automatically included section variable(s) unused in theorem `DefiKernel.Parallel.extractReceipt_congr`:
  [Fintype P]
  [Fintype A]
  [Fintype D]
consider restructuring your `variable` declarations so that the variables are not in scope or explicitly omit them:
  omit [Fintype P] [Fintype A] [Fintype D] in theorem ...

Note: This linter can be disabled with `set_option linter.unusedSectionVars false`
warning: DefiKernel/Parallel/Dependency/Adapter.lean:99:34: This simp argument is unused:
  bind

Hint: Omit it from the simp argument list.
  [apply] simp only [Except.mapError, Except.bind]

Note: This linter can be disabled with `set_option linter.unusedSimpArgs false`
warning: DefiKernel/Parallel/Dependency/Adapter.lean:99:40: This simp argument is unused:
  Except.bind

Hint: Omit it from the simp argument list.
  [apply] simp only [Except.mapError, bind]

Note: This linter can be disabled with `set_option linter.unusedSimpArgs false`
warning: DefiKernel/Parallel/Dependency/Adapter.lean:86:0: `extractReceipt_congr` does not use the following hypotheses in its type:
  • [DecidableEq P] (#4)
  • [DecidableEq D] (#6)

Consider removing these hypotheses and using `classical` in the proof instead. For terms, consider using `open scoped Classical in` at the term level (not the command level).

Note: This linter can be disabled with `set_option linter.unusedDecidableInType false`
warning: DefiKernel/Parallel/Dependency/Adapter.lean:86:0: `extractReceipt_congr` does not use the following hypotheses in its type:
  • [Fintype P] (#7)
  • [Fintype A] (#8)
  • [Fintype D] (#9)

Consider replacing these hypotheses with the corresponding instances of `Finite` and using `Fintype.ofFinite` in the proof, or removing them entirely.

Note: This linter can be disabled with `set_option linter.unusedFintypeInType false`
warning: DefiKernel/Parallel/Dependency/Adapter.lean:125:17: This simp argument is unused:
  bind

Hint: Omit it from the simp argument list.
  [apply] simp only [Except.bind]

Note: This linter can be disabled with `set_option linter.unusedSimpArgs false`
warning: DefiKernel/Parallel/Dependency/Adapter.lean:125:23: This simp argument is unused:
  Except.bind

Hint: Omit it from the simp argument list.
  [apply] simp only [bind]

Note: This linter can be disabled with `set_option linter.unusedSimpArgs false`
warning: DefiKernel/Parallel/Dependency/Adapter.lean:153:36: This simp argument is unused:
  bind

Hint: Omit it from the simp argument list.
  [apply] simp only [Except.mapError, Except.bind]

Note: This linter can be disabled with `set_option linter.unusedSimpArgs false`
warning: DefiKernel/Parallel/Dependency/Adapter.lean:153:42: This simp argument is unused:
  Except.bind

Hint: Omit it from the simp argument list.
  [apply] simp only [Except.mapError, bind]

Note: This linter can be disabled with `set_option linter.unusedSimpArgs false`
⚠ [953/963] Replayed DefiKernel.Parallel.Preservation
warning: DefiKernel/Parallel/Preservation.lean:18:0: automatically included section variable(s) unused in theorem `DefiKernel.Parallel.mergeWorld_balance_sum`:
  [Fintype P]
  [Fintype A]
  [Fintype D]
consider restructuring your `variable` declarations so that the variables are not in scope or explicitly omit them:
  omit [Fintype P] [Fintype A] [Fintype D] in theorem ...

Note: This linter can be disabled with `set_option linter.unusedSectionVars false`
warning: DefiKernel/Parallel/Preservation.lean:18:0: `mergeWorld_balance_sum` does not use the following hypotheses in its type:
  • [Fintype P] (#7)
  • [Fintype A] (#8)
  • [Fintype D] (#9)

Consider replacing these hypotheses with the corresponding instances of `Finite` and using `Fintype.ofFinite` in the proof, or removing them entirely.

Note: This linter can be disabled with `set_option linter.unusedFintypeInType false`
warning: DefiKernel/Parallel/Preservation.lean:31:0: `mergeWorld_accounting` does not use the following hypotheses in its type:
  • [Fintype A] (#8)
  • [Fintype D] (#9)

Consider replacing these hypotheses with the corresponding instances of `Finite` and using `Fintype.ofFinite` in the proof, or removing them entirely.

Note: This linter can be disabled with `set_option linter.unusedFintypeInType false`
warning: DefiKernel/Parallel/Preservation.lean:131:0: automatically included section variable(s) unused in theorem `DefiKernel.Parallel.mergeWorld_supported_frame`:
  [Fintype P]
  [Fintype A]
  [Fintype D]
consider restructuring your `variable` declarations so that the variables are not in scope or explicitly omit them:
  omit [Fintype P] [Fintype A] [Fintype D] in theorem ...

Note: This linter can be disabled with `set_option linter.unusedSectionVars false`
warning: DefiKernel/Parallel/Preservation.lean:130:0: `mergeWorld_supported_frame` does not use the following hypotheses in its type:
  • [Fintype P] (#7)
  • [Fintype A] (#8)
  • [Fintype D] (#9)

Consider replacing these hypotheses with the corresponding instances of `Finite` and using `Fintype.ofFinite` in the proof, or removing them entirely.

Note: This linter can be disabled with `set_option linter.unusedFintypeInType false`
warning: DefiKernel/Parallel/Preservation.lean:141:0: automatically included section variable(s) unused in theorem `DefiKernel.Parallel.mergeWorld_agrees_left`:
  [Fintype P]
  [Fintype A]
  [Fintype D]
consider restructuring your `variable` declarations so that the variables are not in scope or explicitly omit them:
  omit [Fintype P] [Fintype A] [Fintype D] in theorem ...

Note: This linter can be disabled with `set_option linter.unusedSectionVars false`
warning: DefiKernel/Parallel/Preservation.lean:141:0: `mergeWorld_agrees_left` does not use the following hypotheses in its type:
  • [Fintype P] (#7)
  • [Fintype A] (#8)
  • [Fintype D] (#9)

Consider replacing these hypotheses with the corresponding instances of `Finite` and using `Fintype.ofFinite` in the proof, or removing them entirely.

Note: This linter can be disabled with `set_option linter.unusedFintypeInType false`
warning: DefiKernel/Parallel/Preservation.lean:151:0: automatically included section variable(s) unused in theorem `DefiKernel.Parallel.mergeWorld_agrees_right`:
  [Fintype P]
  [Fintype A]
  [Fintype D]
consider restructuring your `variable` declarations so that the variables are not in scope or explicitly omit them:
  omit [Fintype P] [Fintype A] [Fintype D] in theorem ...

Note: This linter can be disabled with `set_option linter.unusedSectionVars false`
warning: DefiKernel/Parallel/Preservation.lean:151:0: `mergeWorld_agrees_right` does not use the following hypotheses in its type:
  • [Fintype P] (#7)
  • [Fintype A] (#8)
  • [Fintype D] (#9)

Consider replacing these hypotheses with the corresponding instances of `Finite` and using `Fintype.ofFinite` in the proof, or removing them entirely.

Note: This linter can be disabled with `set_option linter.unusedFintypeInType false`
warning: DefiKernel/Parallel/Preservation.lean:161:0: `mergeWorld_two_invariants` does not use the following hypotheses in its type:
  • [Fintype P] (#7)
  • [Fintype A] (#8)
  • [Fintype D] (#9)

Consider replacing these hypotheses with the corresponding instances of `Finite` and using `Fintype.ofFinite` in the proof, or removing them entirely.

Note: This linter can be disabled with `set_option linter.unusedFintypeInType false`
warning: DefiKernel/Parallel/Preservation.lean:186:0: automatically included section variable(s) unused in theorem `DefiKernel.Parallel.evaluated_supplies_empty`:
  [DecidableEq P]
  [DecidableEq D]
  [Fintype P]
  [Fintype A]
  [Fintype D]
consider restructuring your `variable` declarations so that the variables are not in scope or explicitly omit them:
  omit [DecidableEq P] [DecidableEq D] [Fintype P] [Fintype A] [Fintype D] in theorem ...

Note: This linter can be disabled with `set_option linter.unusedSectionVars false`
warning: DefiKernel/Parallel/Preservation.lean:186:0: `evaluated_supplies_empty` does not use the following hypotheses in its type:
  • [DecidableEq P] (#4)
  • [DecidableEq D] (#6)

Consider removing these hypotheses and using `classical` in the proof instead. For terms, consider using `open scoped Classical in` at the term level (not the command level).

Note: This linter can be disabled with `set_option linter.unusedDecidableInType false`
warning: DefiKernel/Parallel/Preservation.lean:186:0: `evaluated_supplies_empty` does not use the following hypotheses in its type:
  • [Fintype P] (#7)
  • [Fintype A] (#8)
  • [Fintype D] (#9)

Consider replacing these hypotheses with the corresponding instances of `Finite` and using `Fintype.ofFinite` in the proof, or removing them entirely.

Note: This linter can be disabled with `set_option linter.unusedFintypeInType false`
warning: DefiKernel/Parallel/Preservation.lean:209:38: This simp argument is unused:
  bind

Hint: Omit it from the simp argument list.
  [apply] simp only [ha, Except.mapError, Except.bind] at he

Note: This linter can be disabled with `set_option linter.unusedSimpArgs false`
warning: DefiKernel/Parallel/Preservation.lean:209:44: This simp argument is unused:
  Except.bind

Hint: Omit it from the simp argument list.
  [apply] simp only [ha, Except.mapError, bind] at he

Note: This linter can be disabled with `set_option linter.unusedSimpArgs false`
warning: DefiKernel/Parallel/Preservation.lean:212:29: This simp argument is unused:
  Except.mapError

Hint: Omit it from the simp argument list.
  [apply] simp only [hv] at he

Note: This linter can be disabled with `set_option linter.unusedSimpArgs false`
warning: DefiKernel/Parallel/Preservation.lean:197:0: `extractReceipt_supplies_empty` does not use the following hypotheses in its type:
  • [DecidableEq P] (#4)
  • [DecidableEq D] (#6)

Consider removing these hypotheses and using `classical` in the proof instead. For terms, consider using `open scoped Classical in` at the term level (not the command level).

Note: This linter can be disabled with `set_option linter.unusedDecidableInType false`
warning: DefiKernel/Parallel/Preservation.lean:197:0: `extractReceipt_supplies_empty` does not use the following hypotheses in its type:
  • [Fintype P] (#7)
  • [Fintype A] (#8)
  • [Fintype D] (#9)

Consider replacing these hypotheses with the corresponding instances of `Finite` and using `Fintype.ofFinite` in the proof, or removing them entirely.

Note: This linter can be disabled with `set_option linter.unusedFintypeInType false`
warning: DefiKernel/Parallel/Preservation.lean:238:0: automatically included section variable(s) unused in theorem `DefiKernel.Parallel.supports_total`:
  [DecidableEq P]
  [DecidableEq A]
  [DecidableEq D]
  [Fintype A]
  [Fintype D]
consider restructuring your `variable` declarations so that the variables are not in scope or explicitly omit them:
  omit [DecidableEq P] [DecidableEq A] [DecidableEq D] [Fintype A] [Fintype D] in theorem ...

Note: This linter can be disabled with `set_option linter.unusedSectionVars false`
warning: DefiKernel/Parallel/Preservation.lean:238:0: `supports_total` does not use the following hypotheses in its type:
  • [DecidableEq P] (#4)
  • [DecidableEq A] (#5)
  • [DecidableEq D] (#6)

Consider removing these hypotheses and using `classical` in the proof instead. For terms, consider using `open scoped Classical in` at the term level (not the command level).

Note: This linter can be disabled with `set_option linter.unusedDecidableInType false`
warning: DefiKernel/Parallel/Preservation.lean:238:0: `supports_total` does not use the following hypotheses in its type:
  • [Fintype A] (#8)
  • [Fintype D] (#9)

Consider replacing these hypotheses with the corresponding instances of `Finite` and using `Fintype.ofFinite` in the proof, or removing them entirely.

Note: This linter can be disabled with `set_option linter.unusedFintypeInType false`
warning: DefiKernel/Parallel/Preservation.lean:317:5: Variable name `hx` is not explicitly referenced.

Hint: The binding can be removed (if unused) or named `_` (if used implicitly). Alternatively, prefix the name with `_` to silence this warning:
  [apply] _hx

Note: This linter can be disabled with `set_option linter.unusedVariables false`
✔ [956/963] Built DefiKernel.Atomic.Soundness (994ms)
ℹ [957/963] Built DefiKernel.Atomic.Audit (1.3s)
info: DefiKernel/Atomic/Audit.lean:15:0: atomic.fixture.catalog: true
atomic.fixture.store: true
atomic.fixture.empty: true
atomic.fixture.empty.batch: true
atomic.fixture.settlement.draw.return: true
atomic.fixture.settlement.draw.prefix: true
atomic.fixture.settlement.initial.table: true
atomic.fixture.settlement.clear.table: true
atomic.fixture.settlement.under: true
atomic.fixture.settlement.under.diagnostic: true
atomic.fixture.settlement.over: true
atomic.fixture.settlement.credit.prefix: true
atomic.fixture.settlement.credit.commit: true
atomic.fixture.settlement.cross.principal: true
atomic.fixture.settlement.cross.principal.table: true
atomic.fixture.settlement.cross.asset: true
atomic.fixture.settlement.cross.domain: true
atomic.fixture.settlement.last.lane: true
atomic.fixture.settlement.last.participant: true
atomic.fixture.settlement.noop: true
atomic.fixture.settlement.noop.table: true
atomic.fixture.settlement.repeated.prefix: true
atomic.fixture.settlement.repeated.commit: true
atomic.fixture.supply.lane.nonvault: true
atomic.fixture.supply.lane.diagnostic: true
atomic.fixture.supply.nonlane: true
atomic.fixture.abort.first.public: true
atomic.fixture.abort.first.stopped: true
atomic.fixture.abort.middle.public: true
atomic.fixture.abort.middle.stopped: true
atomic.fixture.abort.outputs: true
atomic.fixture.abort.supply: true
atomic.fixture.abort.supply.diagnostic: true
atomic.fixture.collateral: true
atomic.fixture.capability.revoked: true
atomic.fixture.capability.live: true
atomic.fixture.live.complete: true
atomic.fixture.history.peer.only: true
atomic.fixture.history.own: true
atomic.fixture.boundary.local: true
atomic.fixture.batch.single: true
atomic.fixture.order.commit: true
atomic.fixture.order.abort: true
atomic.fixture.capability.missing: true
atomic.fixture.capability.debit: true
atomic.admission.configuration: true
atomic.admission.left: true
atomic.admission.right: true
atomic.admission.lane.alternate.vault: true
atomic.admission.lane.same.vault: true
atomic.admission.participant.duplicate: true
atomic.admission.participant.peer: true
atomic.admission.participant.suffix: true
atomic.admission.schedule.missing: true
atomic.admission.schedule.excess: true
atomic.admission.extra.participant: true
atomic.observe.equal: true
atomic.observe.kind: true
atomic.observe.label: true
atomic.observe.schedule: true
atomic.observe.world: true
atomic.observe.store: true
atomic.observe.supply: true
atomic.observe.events: true
atomic.observe.event.label: true
atomic.observe.event.schedule: true
atomic.observe.event.inner: true
atomic.observe.inner.branch: true
atomic.observe.inner.index: true
atomic.observe.inner.invocation: true
atomic.observe.inner.outputs: true
atomic.observe.output.index: true
atomic.observe.output.component: true
atomic.observe.output.port: true
atomic.observe.output.asset: true
atomic.observe.output.amount: true
atomic.observe.abort.equal: true
atomic.observe.abort.reason: true
atomic.observe.abort.branch: true
atomic.observe.abort.index: true
atomic.observe.abort.position: true
atomic.observe.abort.invocation: true
atomic.observe.abort.label: true
atomic.observe.abort.schedule: true
atomic.observe.residual.equal: true
atomic.observe.residual.amount: true
atomic.observe.residual.principal: true
atomic.observe.residual.asset: true
atomic.observe.residual.domain: true
atomic.observe.residual.vault: true
atomic.observe.residual.order: true
atomic.observe.residual.omitted: true
atomic.observe.supply.abort.amount: true
atomic.observe.supply.abort.lane: true
atomic.observe.supply.abort.branch: true
atomic.observe.supply.abort.index: true
atomic.observe.supply.abort.position: true
atomic.observe.supply.abort.invocation: true
atomic.observe.admission.reason: true
atomic.observe.admission.label: true
atomic.observe.admission.schedule: true
atomic.observe.diagnostic.erased: true
atomic.observe.request.operation: true
atomic.observe.request.parties: true
atomic.observe.request.arguments: true
atomic.observe.request.capabilities: true
atomic.observe.request.actor: true
atomic.observe.receipt.guard: true
atomic.observe.receipt.deltas: true
atomic.observe.receipt.supply: true
atomic.observe.receipt.required.state: true
atomic.observe.receipt.required.environment: true
atomic.observe.receipt.declared.state: true
atomic.observe.receipt.declared.environment: true
atomic.observe.receipt.writes: true
atomic.observe.receipt.constructor: true
atomic.fixture.settlement.over.diagnostic: true
atomic.fixture.settlement.cross.asset.table: true
atomic.fixture.settlement.cross.domain.table: true
atomic.fixture.settlement.last.lane.table: true
atomic.fixture.settlement.last.participant.table: true
atomic.fixture.supply.lane.after.draw: true
atomic.fixture.supply.lane.after.draw.table: true
atomic.fixture.history.funded.literal: true
atomic.fixture.history.both.own: true
atomic.fixture.followup.producer.aborted: true
atomic.fixture.followup.producer.diagnostic: true
atomic.fixture.followup.fresh.history: true
atomic.fixture.followup.funded.literal: true
atomic.admission.precedence.lane.participant.uncovered.count: true
atomic.admission.precedence.participant.uncovered.count: true
atomic.fixture.supply.first.lane.usd: true
atomic.fixture.supply.first.lane.share: true
atomic.fixture.supply.first.lane.diagnostic.usd: true
atomic.fixture.supply.first.lane.diagnostic.share: true
✔ [958/963] Built DefiKernel.Atomic.Completion (944ms)
✔ [959/963] Built DefiKernel.Atomic.Settlement (1.2s)
✔ [960/963] Built DefiKernel.Atomic.Preservation (1.1s)
✔ [961/963] Built DefiKernel.Atomic.Correspondence (1.0s)
✔ [962/963] Built DefiKernel.Atomic.InvariantFixtures (3.0s)
⚠ [963/963] Built DefiKernel.Atomic.Verify (3.0s)
warning: DefiKernel/Atomic/Verify.lean:1:1: * '-/':
Copyright too short!


Note: This linter can be disabled with `set_option linter.style.header false`
info: DefiKernel/Atomic/Verify.lean:14:0: AXIOM AUDIT scope: imported module prefix DefiKernel.Atomic; modules=[DefiKernel.Atomic.Policy,
 DefiKernel.Atomic.Examples,
 DefiKernel.Atomic.Execution,
 DefiKernel.Atomic.Observation,
 DefiKernel.Atomic.Tests,
 DefiKernel.Atomic.Audit,
 DefiKernel.Atomic.PolicyProofs,
 DefiKernel.Atomic.Admission,
 DefiKernel.Atomic.Soundness,
 DefiKernel.Atomic.Completion,
 DefiKernel.Atomic.Settlement,
 DefiKernel.Atomic.Preservation,
 DefiKernel.Atomic.Correspondence,
 DefiKernel.Atomic.InvariantFixtures]
info: DefiKernel/Atomic/Verify.lean:14:0: AXIOM AUDIT theorem: DefiKernel.Atomic.accepted_cash_owed; module=DefiKernel.Atomic.Settlement; axioms=[propext,
 Classical.choice,
 Quot.sound]
info: DefiKernel/Atomic/Verify.lean:14:0: AXIOM AUDIT theorem: DefiKernel.Atomic.admit_interleaving; module=DefiKernel.Atomic.Admission; axioms=[propext,
 Classical.choice,
 Quot.sound]
info: DefiKernel/Atomic/Verify.lean:14:0: AXIOM AUDIT theorem: DefiKernel.Atomic.admit_of_checks; module=DefiKernel.Atomic.Admission; axioms=[propext,
 Classical.choice,
 Quot.sound]
info: DefiKernel/Atomic/Verify.lean:14:0: AXIOM AUDIT theorem: DefiKernel.Atomic.admit_ok; module=DefiKernel.Atomic.Admission; axioms=[propext,
 Classical.choice,
 Quot.sound]
info: DefiKernel/Atomic/Verify.lean:14:0: AXIOM AUDIT theorem: DefiKernel.Atomic.advance_aborted; module=DefiKernel.Atomic.Execution; axioms=[propext,
 Classical.choice,
 Quot.sound]
info: DefiKernel/Atomic/Verify.lean:14:0: AXIOM AUDIT theorem: DefiKernel.Atomic.advance_entry; module=DefiKernel.Atomic.Soundness; axioms=[propext,
 Classical.choice,
 Quot.sound]
info: DefiKernel/Atomic/Verify.lean:14:0: AXIOM AUDIT theorem: DefiKernel.Atomic.advance_goodAttempts; module=DefiKernel.Atomic.Correspondence; axioms=[propext,
 Classical.choice,
 Quot.sound]
info: DefiKernel/Atomic/Verify.lean:14:0: AXIOM AUDIT theorem: DefiKernel.Atomic.advance_last_good; module=DefiKernel.Atomic.Correspondence; axioms=[propext,
 Classical.choice,
 Quot.sound]
info: DefiKernel/Atomic/Verify.lean:14:0: AXIOM AUDIT theorem: DefiKernel.Atomic.advance_no_abort_of_good_attempts; module=DefiKernel.Atomic.Correspondence; axioms=[propext,
 Classical.choice,
 Quot.sound]
info: DefiKernel/Atomic/Verify.lean:14:0: AXIOM AUDIT theorem: DefiKernel.Atomic.advance_no_failures; module=DefiKernel.Atomic.Soundness; axioms=[propext,
 Classical.choice,
 Quot.sound]
info: DefiKernel/Atomic/Verify.lean:14:0: AXIOM AUDIT theorem: DefiKernel.Atomic.advance_none_before; module=DefiKernel.Atomic.Soundness; axioms=[propext,
 Classical.choice,
 Quot.sound]
info: DefiKernel/Atomic/Verify.lean:14:0: AXIOM AUDIT theorem: DefiKernel.Atomic.advance_outstanding; module=DefiKernel.Atomic.Settlement; axioms=[propext,
 Classical.choice,
 Quot.sound]
info: DefiKernel/Atomic/Verify.lean:14:0: AXIOM AUDIT theorem: DefiKernel.Atomic.advance_outstanding_fold; module=DefiKernel.Atomic.Settlement; axioms=[propext,
 Classical.choice,
 Quot.sound]
info: DefiKernel/Atomic/Verify.lean:14:0: AXIOM AUDIT theorem: DefiKernel.Atomic.advance_position; module=DefiKernel.Atomic.Soundness; axioms=[propext,
 Classical.choice,
 Quot.sound]
info: DefiKernel/Atomic/Verify.lean:14:0: AXIOM AUDIT theorem: DefiKernel.Atomic.advance_speculative; module=DefiKernel.Atomic.Soundness; axioms=[propext,
 Classical.choice,
 Quot.sound]
info: DefiKernel/Atomic/Verify.lean:14:0: AXIOM AUDIT theorem: DefiKernel.Atomic.checkPolicy_covers; module=DefiKernel.Atomic.PolicyProofs; axioms=[propext,
 Classical.choice,
 Quot.sound]
info: DefiKernel/Atomic/Verify.lean:14:0: AXIOM AUDIT theorem: DefiKernel.Atomic.checkPolicy_lanes_nodup; module=DefiKernel.Atomic.PolicyProofs; axioms=[propext,
 Classical.choice,
 Quot.sound]
info: DefiKernel/Atomic/Verify.lean:14:0: AXIOM AUDIT theorem: DefiKernel.Atomic.checkPolicy_ok_iff; module=DefiKernel.Atomic.PolicyProofs; axioms=[propext,
 Classical.choice,
 Quot.sound]
info: DefiKernel/Atomic/Verify.lean:14:0: AXIOM AUDIT theorem: DefiKernel.Atomic.checkPolicy_participants_nodup; module=DefiKernel.Atomic.PolicyProofs; axioms=[propext,
 Classical.choice,
 Quot.sound]
info: DefiKernel/Atomic/Verify.lean:14:0: AXIOM AUDIT theorem: DefiKernel.Atomic.checkSupply_none_iff; module=DefiKernel.Atomic.PolicyProofs; axioms=[propext,
 Classical.choice,
 Quot.sound]
info: DefiKernel/Atomic/Verify.lean:14:0: AXIOM AUDIT theorem: DefiKernel.Atomic.continueRun_aborted; module=DefiKernel.Atomic.Execution; axioms=[propext,
 Classical.choice,
 Quot.sound]
info: DefiKernel/Atomic/Verify.lean:14:0: AXIOM AUDIT theorem: DefiKernel.Atomic.continueRun_append; module=DefiKernel.Atomic.Execution; axioms=[propext,
 Classical.choice,
 Quot.sound]
info: DefiKernel/Atomic/Verify.lean:14:0: AXIOM AUDIT theorem: DefiKernel.Atomic.continueRun_no_abort_of_good_attempts; module=DefiKernel.Atomic.Correspondence; axioms=[propext,
 Classical.choice,
 Quot.sound]
info: DefiKernel/Atomic/Verify.lean:14:0: AXIOM AUDIT theorem: DefiKernel.Atomic.continueRun_prefix; module=DefiKernel.Atomic.Soundness; axioms=[propext,
 Classical.choice,
 Quot.sound]
info: DefiKernel/Atomic/Verify.lean:14:0: AXIOM AUDIT theorem: DefiKernel.Atomic.continueRun_reachable; module=DefiKernel.Atomic.Soundness; axioms=[propext,
 Classical.choice,
 Quot.sound]
info: DefiKernel/Atomic/Verify.lean:14:0: AXIOM AUDIT theorem: DefiKernel.Atomic.finish_commit_data; module=DefiKernel.Atomic.Completion; axioms=[propext,
 Quot.sound]
info: DefiKernel/Atomic/Verify.lean:14:0: AXIOM AUDIT theorem: DefiKernel.Atomic.finish_commit_iff; module=DefiKernel.Atomic.Completion; axioms=[propext,
 Quot.sound]
info: DefiKernel/Atomic/Verify.lean:14:0: AXIOM AUDIT theorem: DefiKernel.Atomic.firstDuplicate_none_iff; module=DefiKernel.Atomic.PolicyProofs; axioms=[propext,
 Quot.sound]
info: DefiKernel/Atomic/Verify.lean:14:0: AXIOM AUDIT theorem: DefiKernel.Atomic.interleaving_advance_appended; module=DefiKernel.Atomic.Soundness; axioms=[propext,
 Classical.choice,
 Quot.sound]
info: DefiKernel/Atomic/Verify.lean:14:0: AXIOM AUDIT theorem: DefiKernel.Atomic.interleaving_advance_attempt; module=DefiKernel.Atomic.Soundness; axioms=[propext,
 Classical.choice,
 Quot.sound]
info: DefiKernel/Atomic/Verify.lean:14:0: AXIOM AUDIT theorem: DefiKernel.Atomic.interleaving_advance_attempts_sublist; module=DefiKernel.Atomic.Correspondence; axioms=[propext,
 Classical.choice,
 Quot.sound]
info: DefiKernel/Atomic/Verify.lean:14:0: AXIOM AUDIT theorem: DefiKernel.Atomic.interleaving_continueRun_attempts_sublist; module=DefiKernel.Atomic.Correspondence; axioms=[propext,
 Classical.choice,
 Quot.sound]
info: DefiKernel/Atomic/Verify.lean:14:0: AXIOM AUDIT theorem: DefiKernel.Atomic.mem_residuals_iff; module=DefiKernel.Atomic.PolicyProofs; axioms=[propext,
 Quot.sound]
info: DefiKernel/Atomic/Verify.lean:14:0: AXIOM AUDIT theorem: DefiKernel.Atomic.observationEq_iff; module=DefiKernel.Atomic.Observation; axioms=[propext,
 Classical.choice,
 Quot.sound]
info: DefiKernel/Atomic/Verify.lean:14:0: AXIOM AUDIT theorem: DefiKernel.Atomic.observationsEqual_iff; module=DefiKernel.Atomic.Observation; axioms=[propext,
 Classical.choice,
 Quot.sound]
info: DefiKernel/Atomic/Verify.lean:14:0: AXIOM AUDIT theorem: DefiKernel.Atomic.observe_aborted_history; module=DefiKernel.Atomic.Observation; axioms=[propext,
 Classical.choice,
 Quot.sound]
info: DefiKernel/Atomic/Verify.lean:14:0: AXIOM AUDIT theorem: DefiKernel.Atomic.observe_aborted_supply; module=DefiKernel.Atomic.Observation; axioms=[propext,
 Classical.choice,
 Quot.sound]
info: DefiKernel/Atomic/Verify.lean:14:0: AXIOM AUDIT theorem: DefiKernel.Atomic.observe_aborted_world; module=DefiKernel.Atomic.Observation; axioms=[propext,
 Classical.choice,
 Quot.sound]
info: DefiKernel/Atomic/Verify.lean:14:0: AXIOM AUDIT theorem: DefiKernel.Atomic.observe_commit_one_event; module=DefiKernel.Atomic.Observation; axioms=[propext,
 Classical.choice,
 Quot.sound]
info: DefiKernel/Atomic/Verify.lean:14:0: AXIOM AUDIT theorem: DefiKernel.Atomic.observe_commit_world; module=DefiKernel.Atomic.Observation; axioms=[propext,
 Classical.choice,
 Quot.sound]
info: DefiKernel/Atomic/Verify.lean:14:0: AXIOM AUDIT theorem: DefiKernel.Atomic.observe_refused_history; module=DefiKernel.Atomic.Observation; axioms=[propext,
 Classical.choice,
 Quot.sound]
info: DefiKernel/Atomic/Verify.lean:14:0: AXIOM AUDIT theorem: DefiKernel.Atomic.observe_refused_supply; module=DefiKernel.Atomic.Observation; axioms=[propext,
 Classical.choice,
 Quot.sound]
info: DefiKernel/Atomic/Verify.lean:14:0: AXIOM AUDIT theorem: DefiKernel.Atomic.observe_refused_world; module=DefiKernel.Atomic.Observation; axioms=[propext,
 Classical.choice,
 Quot.sound]
info: DefiKernel/Atomic/Verify.lean:14:0: AXIOM AUDIT theorem: DefiKernel.Atomic.outstandingFromAttempts_append; module=DefiKernel.Atomic.Settlement; axioms=[propext,
 Classical.choice,
 Quot.sound]
info: DefiKernel/Atomic/Verify.lean:14:0: AXIOM AUDIT theorem: DefiKernel.Atomic.receiptEffect_invoked; module=DefiKernel.Atomic.PolicyProofs; axioms=[propext,
 Classical.choice,
 Quot.sound]
info: DefiKernel/Atomic/Verify.lean:14:0: AXIOM AUDIT theorem: DefiKernel.Atomic.receiptEffect_issued; module=DefiKernel.Atomic.PolicyProofs; axioms=[propext,
 Classical.choice,
 Quot.sound]
info: DefiKernel/Atomic/Verify.lean:14:0: AXIOM AUDIT theorem: DefiKernel.Atomic.receiptEffect_revoked; module=DefiKernel.Atomic.PolicyProofs; axioms=[propext,
 Classical.choice,
 Quot.sound]
info: DefiKernel/Atomic/Verify.lean:14:0: AXIOM AUDIT theorem: DefiKernel.Atomic.residuals_eq_filterMap_product; module=DefiKernel.Atomic.PolicyProofs; axioms=[propext,
 Quot.sound]
info: DefiKernel/Atomic/Verify.lean:14:0: AXIOM AUDIT theorem: DefiKernel.Atomic.residuals_eq_nil_iff; module=DefiKernel.Atomic.PolicyProofs; axioms=[propext,
 Classical.choice,
 Quot.sound]
info: DefiKernel/Atomic/Verify.lean:14:0: AXIOM AUDIT theorem: DefiKernel.Atomic.residuals_keys; module=DefiKernel.Atomic.PolicyProofs; axioms=[propext,
 Quot.sound]
info: DefiKernel/Atomic/Verify.lean:14:0: AXIOM AUDIT theorem: DefiKernel.Atomic.residuals_keys_nodup; module=DefiKernel.Atomic.PolicyProofs; axioms=[propext,
 Quot.sound]
info: DefiKernel/Atomic/Verify.lean:14:0: AXIOM AUDIT theorem: DefiKernel.Atomic.residuals_nodup; module=DefiKernel.Atomic.PolicyProofs; axioms=[propext,
 Quot.sound]
info: DefiKernel/Atomic/Verify.lean:14:0: AXIOM AUDIT theorem: DefiKernel.Atomic.residuals_zero; module=DefiKernel.Atomic.PolicyProofs; axioms=[propext,
 Classical.choice,
 Quot.sound]
info: DefiKernel/Atomic/Verify.lean:14:0: AXIOM AUDIT theorem: DefiKernel.Atomic.runAtomic_accounting; module=DefiKernel.Atomic.Preservation; axioms=[propext,
 Classical.choice,
 Quot.sound]
info: DefiKernel/Atomic/Verify.lean:14:0: AXIOM AUDIT theorem: DefiKernel.Atomic.runAtomic_analyzed_locality; module=DefiKernel.Atomic.Preservation; axioms=[propext,
 Classical.choice,
 Quot.sound]
info: DefiKernel/Atomic/Verify.lean:14:0: AXIOM AUDIT theorem: DefiKernel.Atomic.runAtomic_analyzed_predicate_frame; module=DefiKernel.Atomic.Preservation; axioms=[propext,
 Classical.choice,
 Quot.sound]
info: DefiKernel/Atomic/Verify.lean:14:0: AXIOM AUDIT theorem: DefiKernel.Atomic.runAtomic_commit_authority; module=DefiKernel.Atomic.Preservation; axioms=[propext,
 Classical.choice,
 Quot.sound]
info: DefiKernel/Atomic/Verify.lean:14:0: AXIOM AUDIT theorem: DefiKernel.Atomic.runAtomic_commit_before_store; module=DefiKernel.Atomic.Preservation; axioms=[propext,
 Classical.choice,
 Quot.sound]
info: DefiKernel/Atomic/Verify.lean:14:0: AXIOM AUDIT theorem: DefiKernel.Atomic.runAtomic_commit_cash; module=DefiKernel.Atomic.Correspondence; axioms=[propext,
 Classical.choice,
 Quot.sound]
info: DefiKernel/Atomic/Verify.lean:14:0: AXIOM AUDIT theorem: DefiKernel.Atomic.runAtomic_commit_data; module=DefiKernel.Atomic.Completion; axioms=[propext,
 Classical.choice,
 Quot.sound]
info: DefiKernel/Atomic/Verify.lean:14:0: AXIOM AUDIT theorem: DefiKernel.Atomic.runAtomic_commit_iff_interleaving; module=DefiKernel.Atomic.Correspondence; axioms=[propext,
 Classical.choice,
 Quot.sound]
info: DefiKernel/Atomic/Verify.lean:14:0: AXIOM AUDIT theorem: DefiKernel.Atomic.runAtomic_commit_interleaving; module=DefiKernel.Atomic.Completion; axioms=[propext,
 Classical.choice,
 Quot.sound]
info: DefiKernel/Atomic/Verify.lean:14:0: AXIOM AUDIT theorem: DefiKernel.Atomic.runAtomic_commit_locality; module=DefiKernel.Atomic.Preservation; axioms=[propext,
 Classical.choice,
 Quot.sound]
info: DefiKernel/Atomic/Verify.lean:14:0: AXIOM AUDIT theorem: DefiKernel.Atomic.runAtomic_commit_of_interleaving; module=DefiKernel.Atomic.Correspondence; axioms=[propext,
 Classical.choice,
 Quot.sound]
info: DefiKernel/Atomic/Verify.lean:14:0: AXIOM AUDIT theorem: DefiKernel.Atomic.runAtomic_commit_predicate_frame; module=DefiKernel.Atomic.Preservation; axioms=[propext,
 Classical.choice,
 Quot.sound]
info: DefiKernel/Atomic/Verify.lean:14:0: AXIOM AUDIT theorem: DefiKernel.Atomic.runAtomic_commit_reachable; module=DefiKernel.Atomic.Preservation; axioms=[propext,
 Classical.choice,
 Quot.sound]
info: DefiKernel/Atomic/Verify.lean:14:0: AXIOM AUDIT theorem: DefiKernel.Atomic.runAtomic_noncommit_identity; module=DefiKernel.Atomic.Preservation; axioms=[propext,
 Classical.choice,
 Quot.sound]
info: DefiKernel/Atomic/Verify.lean:14:0: AXIOM AUDIT theorem: DefiKernel.Atomic.runAtomic_nonnegative; module=DefiKernel.Atomic.Preservation; axioms=[propext,
 Classical.choice,
 Quot.sound]
info: DefiKernel/Atomic/Verify.lean:14:0: AXIOM AUDIT theorem: DefiKernel.Atomic.runAtomic_store; module=DefiKernel.Atomic.Preservation; axioms=[propext,
 Classical.choice,
 Quot.sound]
info: DefiKernel/Atomic/Verify.lean:14:0: AXIOM AUDIT theorem: DefiKernel.Atomic.runAtomic_two_invariants; module=DefiKernel.Atomic.Preservation; axioms=[propext,
 Classical.choice,
 Quot.sound]
info: DefiKernel/Atomic/Verify.lean:14:0: AXIOM AUDIT theorem: DefiKernel.Atomic.runPrefix_active_interleaving; module=DefiKernel.Atomic.Completion; axioms=[propext,
 Classical.choice,
 Quot.sound]
info: DefiKernel/Atomic/Verify.lean:14:0: AXIOM AUDIT theorem: DefiKernel.Atomic.runPrefix_cash_owed; module=DefiKernel.Atomic.Settlement; axioms=[propext,
 Classical.choice,
 Quot.sound]
info: DefiKernel/Atomic/Verify.lean:14:0: AXIOM AUDIT theorem: DefiKernel.Atomic.runPrefix_complete_active_exhaustion; module=DefiKernel.Atomic.Completion; axioms=[propext,
 Classical.choice,
 Quot.sound]
info: DefiKernel/Atomic/Verify.lean:14:0: AXIOM AUDIT theorem: DefiKernel.Atomic.runPrefix_no_abort_of_good_attempts; module=DefiKernel.Atomic.Correspondence; axioms=[propext,
 Classical.choice,
 Quot.sound]
info: DefiKernel/Atomic/Verify.lean:14:0: AXIOM AUDIT theorem: DefiKernel.Atomic.runPrefix_prefix; module=DefiKernel.Atomic.Soundness; axioms=[propext,
 Classical.choice,
 Quot.sound]
info: DefiKernel/Atomic/Verify.lean:14:0: AXIOM AUDIT theorem: DefiKernel.Atomic.runPrefix_reachable; module=DefiKernel.Atomic.Soundness; axioms=[propext,
 Classical.choice,
 Quot.sound]
info: DefiKernel/Atomic/Verify.lean:14:0: AXIOM AUDIT theorem: DefiKernel.Atomic.step_receipt_balance; module=DefiKernel.Atomic.Settlement; axioms=[propext,
 Classical.choice,
 Quot.sound]
info: DefiKernel/Atomic/Verify.lean:14:0: AXIOM AUDIT theorem: DefiKernel.Atomic.uncoveredFrom_none_iff; module=DefiKernel.Atomic.PolicyProofs; axioms=[propext,
 Classical.choice,
 Quot.sound]
info: DefiKernel/Atomic/Verify.lean:14:0: AXIOM AUDIT theorem: DefiKernel.Atomic.updateOutstanding_other; module=DefiKernel.Atomic.PolicyProofs; axioms=[propext,
 Classical.choice,
 Quot.sound]
info: DefiKernel/Atomic/Verify.lean:14:0: AXIOM AUDIT theorem: DefiKernel.Atomic.updateOutstanding_own; module=DefiKernel.Atomic.PolicyProofs; axioms=[propext,
 Classical.choice,
 Quot.sound]
info: DefiKernel/Atomic/Verify.lean:14:0: AXIOM AUDIT theorem: DefiKernel.Atomic.updateOutstanding_sum; module=DefiKernel.Atomic.PolicyProofs; axioms=[propext,
 Classical.choice,
 Quot.sound]
info: DefiKernel/Atomic/Verify.lean:14:0: AXIOM AUDIT theorem: DefiKernel.Atomic.updateOutstanding_unconfigured; module=DefiKernel.Atomic.PolicyProofs; axioms=[propext,
 Classical.choice,
 Quot.sound]
info: DefiKernel/Atomic/Verify.lean:14:0: AXIOM AUDIT theorem: DefiKernel.Atomic.updateOutstanding_zero_effect; module=DefiKernel.Atomic.PolicyProofs; axioms=[propext,
 Classical.choice,
 Quot.sound]
info: DefiKernel/Atomic/Verify.lean:14:0: AXIOM AUDIT theorem: _private.DefiKernel.Atomic.PolicyProofs.0.DefiKernel.Atomic.find_key_none; module=DefiKernel.Atomic.PolicyProofs; axioms=[propext,
 Quot.sound]
info: DefiKernel/Atomic/Verify.lean:14:0: AXIOM AUDIT theorem: _private.DefiKernel.Atomic.PolicyProofs.0.DefiKernel.Atomic.sum_sub_at; module=DefiKernel.Atomic.PolicyProofs; axioms=[propext,
 Classical.choice,
 Quot.sound]
info: DefiKernel/Atomic/Verify.lean:14:0: AXIOM AUDIT theorem: DefiKernel.Atomic.GoodAttempts.congr_simp; module=DefiKernel.Atomic.Correspondence; axioms=[propext,
 Classical.choice,
 Quot.sound]
info: DefiKernel/Atomic/Verify.lean:14:0: AXIOM AUDIT theorem: DefiKernel.Atomic.GoodAttempts.eq_1; module=DefiKernel.Atomic.Correspondence; axioms=[propext,
 Classical.choice,
 Quot.sound]
info: DefiKernel/Atomic/Verify.lean:14:0: AXIOM AUDIT theorem: DefiKernel.Atomic.GoodAttempts.sublist; module=DefiKernel.Atomic.Correspondence; axioms=[propext,
 Classical.choice,
 Quot.sound]
info: DefiKernel/Atomic/Verify.lean:14:0: AXIOM AUDIT theorem: DefiKernel.Atomic.InvariantFixtures.collateral_cross; module=DefiKernel.Atomic.InvariantFixtures; axioms=[propext,
 Quot.sound]
info: DefiKernel/Atomic/Verify.lean:14:0: AXIOM AUDIT theorem: DefiKernel.Atomic.InvariantFixtures.collateral_initialized; module=DefiKernel.Atomic.InvariantFixtures; axioms=[propext,
 Classical.choice,
 Quot.sound]
info: DefiKernel/Atomic/Verify.lean:14:0: AXIOM AUDIT theorem: DefiKernel.Atomic.InvariantFixtures.collateral_stable; module=DefiKernel.Atomic.InvariantFixtures; axioms=[propext,
 Quot.sound]
info: DefiKernel/Atomic/Verify.lean:14:0: AXIOM AUDIT theorem: DefiKernel.Atomic.InvariantFixtures.draw_analyzed; module=DefiKernel.Atomic.InvariantFixtures; axioms=[propext,
 Classical.choice,
 Quot.sound]
info: DefiKernel/Atomic/Verify.lean:14:0: AXIOM AUDIT theorem: DefiKernel.Atomic.InvariantFixtures.draw_return_diagnostic_invariant; module=DefiKernel.Atomic.InvariantFixtures; axioms=[propext,
 Classical.choice,
 Quot.sound]
info: DefiKernel/Atomic/Verify.lean:14:0: AXIOM AUDIT theorem: DefiKernel.Atomic.InvariantFixtures.draw_return_local_obligation; module=DefiKernel.Atomic.InvariantFixtures; axioms=[propext,
 Classical.choice,
 Quot.sound]
info: DefiKernel/Atomic/Verify.lean:14:0: AXIOM AUDIT theorem: DefiKernel.Atomic.InvariantFixtures.draw_return_public_invariant; module=DefiKernel.Atomic.InvariantFixtures; axioms=[propext,
 Classical.choice,
 Quot.sound]
info: DefiKernel/Atomic/Verify.lean:14:0: AXIOM AUDIT theorem: DefiKernel.Atomic.InvariantFixtures.empty_support_is_false; module=DefiKernel.Atomic.InvariantFixtures; axioms=[propext,
 Classical.choice,
 Quot.sound]
info: DefiKernel/Atomic/Verify.lean:14:0: AXIOM AUDIT theorem: DefiKernel.Atomic.InvariantFixtures.missing_frame_support_counterexample; module=DefiKernel.Atomic.InvariantFixtures; axioms=[propext,
 Classical.choice,
 Quot.sound]
info: DefiKernel/Atomic/Verify.lean:14:0: AXIOM AUDIT theorem: DefiKernel.Atomic.InvariantFixtures.nonempty_transient_invariant; module=DefiKernel.Atomic.InvariantFixtures; axioms=[propext,
 Classical.choice,
 Quot.sound]
info: DefiKernel/Atomic/Verify.lean:14:0: AXIOM AUDIT theorem: DefiKernel.Atomic.InvariantFixtures.repay_analyzed; module=DefiKernel.Atomic.InvariantFixtures; axioms=[propext,
 Classical.choice,
 Quot.sound]
info: DefiKernel/Atomic/Verify.lean:14:0: AXIOM AUDIT theorem: DefiKernel.Atomic.InvariantFixtures.scalar_netting_counterexample; module=DefiKernel.Atomic.InvariantFixtures; axioms=[propext,
 Classical.choice,
 Quot.sound]
info: DefiKernel/Atomic/Verify.lean:14:0: AXIOM AUDIT theorem: DefiKernel.Atomic.InvariantFixtures.underlying_success_does_not_imply_commit; module=DefiKernel.Atomic.InvariantFixtures; axioms=[propext,
 Classical.choice,
 Quot.sound]
info: DefiKernel/Atomic/Verify.lean:14:0: AXIOM AUDIT theorem: DefiKernel.Atomic.Reachable.brecOn; module=DefiKernel.Atomic.Soundness; axioms=[propext,
 Classical.choice,
 Quot.sound]
info: DefiKernel/Atomic/Verify.lean:14:0: AXIOM AUDIT theorem: DefiKernel.Atomic.Reachable.cash_owed; module=DefiKernel.Atomic.Settlement; axioms=[propext,
 Classical.choice,
 Quot.sound]
info: DefiKernel/Atomic/Verify.lean:14:0: AXIOM AUDIT theorem: DefiKernel.Atomic.Reachable.cleared_cash; module=DefiKernel.Atomic.Settlement; axioms=[propext,
 Classical.choice,
 Quot.sound]
info: DefiKernel/Atomic/Verify.lean:14:0: AXIOM AUDIT theorem: DefiKernel.Atomic.Reachable.entry; module=DefiKernel.Atomic.Soundness; axioms=[propext,
 Classical.choice,
 Quot.sound]
info: DefiKernel/Atomic/Verify.lean:14:0: AXIOM AUDIT theorem: DefiKernel.Atomic.Reachable.goodAttempts; module=DefiKernel.Atomic.Correspondence; axioms=[propext,
 Classical.choice,
 Quot.sound]
info: DefiKernel/Atomic/Verify.lean:14:0: AXIOM AUDIT theorem: DefiKernel.Atomic.Reachable.interleaving; module=DefiKernel.Atomic.Soundness; axioms=[propext,
 Classical.choice,
 Quot.sound]
info: DefiKernel/Atomic/Verify.lean:14:0: AXIOM AUDIT theorem: DefiKernel.Atomic.Reachable.no_failures; module=DefiKernel.Atomic.Soundness; axioms=[propext,
 Classical.choice,
 Quot.sound]
info: DefiKernel/Atomic/Verify.lean:14:0: AXIOM AUDIT theorem: DefiKernel.Atomic.Reachable.outstanding_fold; module=DefiKernel.Atomic.Settlement; axioms=[propext,
 Classical.choice,
 Quot.sound]
info: DefiKernel/Atomic/Verify.lean:14:0: AXIOM AUDIT theorem: DefiKernel.Atomic.admit.eq_1; module=DefiKernel.Atomic.Admission; axioms=[propext]
info: DefiKernel/Atomic/Verify.lean:14:0: AXIOM AUDIT theorem: DefiKernel.Atomic.advance.eq_1; module=DefiKernel.Atomic.Execution; axioms=[propext,
 Classical.choice,
 Quot.sound]
info: DefiKernel/Atomic/Verify.lean:14:0: AXIOM AUDIT theorem: DefiKernel.Atomic.attemptOutstanding.congr_simp; module=DefiKernel.Atomic.Settlement; axioms=[propext,
 Classical.choice,
 Quot.sound]
info: DefiKernel/Atomic/Verify.lean:14:0: AXIOM AUDIT theorem: DefiKernel.Atomic.attemptOutstanding.eq_1; module=DefiKernel.Atomic.Settlement; axioms=[propext,
 Classical.choice,
 Quot.sound]
info: DefiKernel/Atomic/Verify.lean:14:0: AXIOM AUDIT theorem: DefiKernel.Atomic.checkSupply.eq_1; module=DefiKernel.Atomic.PolicyProofs; axioms=[propext,
 Classical.choice,
 Quot.sound]
info: DefiKernel/Atomic/Verify.lean:14:0: AXIOM AUDIT theorem: DefiKernel.Atomic.committedHistory.eq_1; module=DefiKernel.Atomic.Preservation; axioms=[propext,
 Quot.sound]
info: DefiKernel/Atomic/Verify.lean:14:0: AXIOM AUDIT theorem: DefiKernel.Atomic.committedHistory.eq_2; module=DefiKernel.Atomic.Preservation; axioms=[propext,
 Quot.sound]
info: DefiKernel/Atomic/Verify.lean:14:0: AXIOM AUDIT theorem: DefiKernel.Atomic.committedHistory.eq_3; module=DefiKernel.Atomic.Preservation; axioms=[propext,
 Quot.sound]
info: DefiKernel/Atomic/Verify.lean:14:0: AXIOM AUDIT theorem: DefiKernel.Atomic.committedSupply.congr_simp; module=DefiKernel.Atomic.Preservation; axioms=[propext,
 Classical.choice,
 Quot.sound]
info: DefiKernel/Atomic/Verify.lean:14:0: AXIOM AUDIT theorem: DefiKernel.Atomic.committedSupply.eq_1; module=DefiKernel.Atomic.Preservation; axioms=[propext,
 Classical.choice,
 Quot.sound]
info: DefiKernel/Atomic/Verify.lean:14:0: AXIOM AUDIT theorem: DefiKernel.Atomic.committedSupply.eq_2; module=DefiKernel.Atomic.Preservation; axioms=[propext,
 Classical.choice,
 Quot.sound]
info: DefiKernel/Atomic/Verify.lean:14:0: AXIOM AUDIT theorem: DefiKernel.Atomic.committedSupply.eq_3; module=DefiKernel.Atomic.Preservation; axioms=[propext,
 Classical.choice,
 Quot.sound]
info: DefiKernel/Atomic/Verify.lean:14:0: AXIOM AUDIT theorem: DefiKernel.Atomic.continueRun.eq_1; module=DefiKernel.Atomic.Execution; axioms=[propext,
 Classical.choice,
 Quot.sound]
info: DefiKernel/Atomic/Verify.lean:14:0: AXIOM AUDIT theorem: DefiKernel.Atomic.finish.eq_1; module=DefiKernel.Atomic.Completion; axioms=[propext, Quot.sound]
info: DefiKernel/Atomic/Verify.lean:14:0: AXIOM AUDIT theorem: DefiKernel.Atomic.firstDuplicate.congr_simp; module=DefiKernel.Atomic.PolicyProofs; axioms=[Quot.sound]
info: DefiKernel/Atomic/Verify.lean:14:0: AXIOM AUDIT theorem: DefiKernel.Atomic.firstDuplicate.eq_1; module=DefiKernel.Atomic.PolicyProofs; axioms=[]
info: DefiKernel/Atomic/Verify.lean:14:0: AXIOM AUDIT theorem: DefiKernel.Atomic.firstDuplicate.eq_2; module=DefiKernel.Atomic.PolicyProofs; axioms=[]
info: DefiKernel/Atomic/Verify.lean:14:0: AXIOM AUDIT theorem: DefiKernel.Atomic.firstDuplicate.eq_def; module=DefiKernel.Atomic.PolicyProofs; axioms=[]
info: DefiKernel/Atomic/Verify.lean:14:0: AXIOM AUDIT theorem: DefiKernel.Atomic.firstDuplicate_none_iff._simp_1_4; module=DefiKernel.Atomic.PolicyProofs; axioms=[propext]
info: DefiKernel/Atomic/Verify.lean:14:0: AXIOM AUDIT theorem: DefiKernel.Atomic.firstDuplicate_none_iff._simp_1_5; module=DefiKernel.Atomic.PolicyProofs; axioms=[propext]
info: DefiKernel/Atomic/Verify.lean:14:0: AXIOM AUDIT theorem: DefiKernel.Atomic.mem_residuals_iff._simp_1_2; module=DefiKernel.Atomic.PolicyProofs; axioms=[propext,
 Quot.sound]
info: DefiKernel/Atomic/Verify.lean:14:0: AXIOM AUDIT theorem: DefiKernel.Atomic.mem_residuals_iff._simp_1_3; module=DefiKernel.Atomic.PolicyProofs; axioms=[propext,
 Quot.sound]
info: DefiKernel/Atomic/Verify.lean:14:0: AXIOM AUDIT theorem: DefiKernel.Atomic.observationEq.eq_1; module=DefiKernel.Atomic.Observation; axioms=[propext,
 Classical.choice,
 Quot.sound]
info: DefiKernel/Atomic/Verify.lean:14:0: AXIOM AUDIT theorem: DefiKernel.Atomic.observationEq_iff._simp_1_3; module=DefiKernel.Atomic.Observation; axioms=[propext]
info: DefiKernel/Atomic/Verify.lean:14:0: AXIOM AUDIT theorem: DefiKernel.Atomic.outstandingFromAttempts.congr_simp; module=DefiKernel.Atomic.Settlement; axioms=[propext,
 Classical.choice,
 Quot.sound]
info: DefiKernel/Atomic/Verify.lean:14:0: AXIOM AUDIT theorem: DefiKernel.Atomic.receiptEffect.congr_simp; module=DefiKernel.Atomic.PolicyProofs; axioms=[propext,
 Classical.choice,
 Quot.sound]
info: DefiKernel/Atomic/Verify.lean:14:0: AXIOM AUDIT theorem: DefiKernel.Atomic.receiptEffect.eq_1; module=DefiKernel.Atomic.Settlement; axioms=[propext,
 Classical.choice,
 Quot.sound]
info: DefiKernel/Atomic/Verify.lean:14:0: AXIOM AUDIT theorem: DefiKernel.Atomic.receiptEffect.eq_2; module=DefiKernel.Atomic.Settlement; axioms=[propext,
 Classical.choice,
 Quot.sound]
info: DefiKernel/Atomic/Verify.lean:14:0: AXIOM AUDIT theorem: DefiKernel.Atomic.residuals.eq_1; module=DefiKernel.Atomic.PolicyProofs; axioms=[propext,
 Quot.sound]
info: DefiKernel/Atomic/Verify.lean:14:0: AXIOM AUDIT theorem: DefiKernel.Atomic.residuals_keys._simp_1_1; module=DefiKernel.Atomic.PolicyProofs; axioms=[propext,
 Quot.sound]
info: DefiKernel/Atomic/Verify.lean:14:0: AXIOM AUDIT theorem: DefiKernel.Atomic.runAtomic.eq_1; module=DefiKernel.Atomic.Completion; axioms=[propext,
 Classical.choice,
 Quot.sound]
info: DefiKernel/Atomic/Verify.lean:14:0: AXIOM AUDIT theorem: DefiKernel.Atomic.runPrefix.eq_1; module=DefiKernel.Atomic.Soundness; axioms=[propext,
 Classical.choice,
 Quot.sound]
info: DefiKernel/Atomic/Verify.lean:14:0: AXIOM AUDIT theorem: DefiKernel.Atomic.start.eq_1; module=DefiKernel.Atomic.Soundness; axioms=[propext, Quot.sound]
info: DefiKernel/Atomic/Verify.lean:14:0: AXIOM AUDIT theorem: DefiKernel.Atomic.uncoveredFrom.eq_1; module=DefiKernel.Atomic.PolicyProofs; axioms=[propext]
info: DefiKernel/Atomic/Verify.lean:14:0: AXIOM AUDIT theorem: DefiKernel.Atomic.uncoveredFrom.eq_2; module=DefiKernel.Atomic.PolicyProofs; axioms=[propext]
info: DefiKernel/Atomic/Verify.lean:14:0: AXIOM AUDIT theorem: DefiKernel.Atomic.uncoveredFrom.eq_def; module=DefiKernel.Atomic.PolicyProofs; axioms=[propext]
info: DefiKernel/Atomic/Verify.lean:14:0: AXIOM AUDIT theorem: DefiKernel.Atomic.uncoveredFrom_none_iff._simp_1_4; module=DefiKernel.Atomic.PolicyProofs; axioms=[propext]
info: DefiKernel/Atomic/Verify.lean:14:0: AXIOM AUDIT theorem: DefiKernel.Atomic.updateOutstanding._proof_1; module=DefiKernel.Atomic.Policy; axioms=[]
info: DefiKernel/Atomic/Verify.lean:14:0: AXIOM AUDIT theorem: DefiKernel.Atomic.updateOutstanding.congr_simp; module=DefiKernel.Atomic.Settlement; axioms=[propext,
 Classical.choice,
 Quot.sound]
info: DefiKernel/Atomic/Verify.lean:14:0: AXIOM AUDIT theorem: DefiKernel.Atomic.updateOutstanding.eq_1; module=DefiKernel.Atomic.PolicyProofs; axioms=[propext,
 Classical.choice,
 Quot.sound]
info: DefiKernel/Atomic/Verify.lean:14:0: AXIOM AUDIT theorem: _private.DefiKernel.Atomic.Admission.0.Except.map.match_1.eq_1; module=DefiKernel.Atomic.Admission; axioms=[]
info: DefiKernel/Atomic/Verify.lean:14:0: AXIOM AUDIT theorem: _private.DefiKernel.Atomic.Admission.0.Except.map.match_1.eq_2; module=DefiKernel.Atomic.Admission; axioms=[]
info: DefiKernel/Atomic/Verify.lean:14:0: AXIOM AUDIT theorem: _private.DefiKernel.Atomic.PolicyProofs.0.Except.map.match_1.eq_1; module=DefiKernel.Atomic.PolicyProofs; axioms=[]
info: DefiKernel/Atomic/Verify.lean:14:0: AXIOM AUDIT theorem: _private.DefiKernel.Atomic.PolicyProofs.0.Except.map.match_1.eq_2; module=DefiKernel.Atomic.PolicyProofs; axioms=[]
info: DefiKernel/Atomic/Verify.lean:14:0: AXIOM AUDIT theorem: DefiKernel.Atomic.AbortReason.kernel.inj; module=DefiKernel.Atomic.Execution; axioms=[]
info: DefiKernel/Atomic/Verify.lean:14:0: AXIOM AUDIT theorem: DefiKernel.Atomic.AbortReason.kernel.injEq; module=DefiKernel.Atomic.Execution; axioms=[propext]
info: DefiKernel/Atomic/Verify.lean:14:0: AXIOM AUDIT theorem: DefiKernel.Atomic.AbortReason.kernel.sizeOf_spec; module=DefiKernel.Atomic.Execution; axioms=[]
info: DefiKernel/Atomic/Verify.lean:14:0: AXIOM AUDIT theorem: DefiKernel.Atomic.AbortReason.laneSupply.inj; module=DefiKernel.Atomic.Execution; axioms=[]
info: DefiKernel/Atomic/Verify.lean:14:0: AXIOM AUDIT theorem: DefiKernel.Atomic.AbortReason.laneSupply.injEq; module=DefiKernel.Atomic.Execution; axioms=[propext]
info: DefiKernel/Atomic/Verify.lean:14:0: AXIOM AUDIT theorem: DefiKernel.Atomic.AbortReason.laneSupply.sizeOf_spec; module=DefiKernel.Atomic.Execution; axioms=[]
info: DefiKernel/Atomic/Verify.lean:14:0: AXIOM AUDIT theorem: DefiKernel.Atomic.AbortReason.unsettled.inj; module=DefiKernel.Atomic.Execution; axioms=[]
info: DefiKernel/Atomic/Verify.lean:14:0: AXIOM AUDIT theorem: DefiKernel.Atomic.AbortReason.unsettled.injEq; module=DefiKernel.Atomic.Execution; axioms=[propext]
info: DefiKernel/Atomic/Verify.lean:14:0: AXIOM AUDIT theorem: DefiKernel.Atomic.AbortReason.unsettled.sizeOf_spec; module=DefiKernel.Atomic.Execution; axioms=[]
info: DefiKernel/Atomic/Verify.lean:14:0: AXIOM AUDIT theorem: DefiKernel.Atomic.AdmissionFailure.configuration.sizeOf_spec; module=DefiKernel.Atomic.Execution; axioms=[]
info: DefiKernel/Atomic/Verify.lean:14:0: AXIOM AUDIT theorem: DefiKernel.Atomic.AdmissionFailure.policy.inj; module=DefiKernel.Atomic.Execution; axioms=[]
info: DefiKernel/Atomic/Verify.lean:14:0: AXIOM AUDIT theorem: DefiKernel.Atomic.AdmissionFailure.policy.injEq; module=DefiKernel.Atomic.Execution; axioms=[propext]
info: DefiKernel/Atomic/Verify.lean:14:0: AXIOM AUDIT theorem: DefiKernel.Atomic.AdmissionFailure.policy.sizeOf_spec; module=DefiKernel.Atomic.Execution; axioms=[]
info: DefiKernel/Atomic/Verify.lean:14:0: AXIOM AUDIT theorem: DefiKernel.Atomic.AdmissionFailure.schedule.inj; module=DefiKernel.Atomic.Execution; axioms=[]
info: DefiKernel/Atomic/Verify.lean:14:0: AXIOM AUDIT theorem: DefiKernel.Atomic.AdmissionFailure.schedule.injEq; module=DefiKernel.Atomic.Execution; axioms=[propext]
info: DefiKernel/Atomic/Verify.lean:14:0: AXIOM AUDIT theorem: DefiKernel.Atomic.AdmissionFailure.schedule.sizeOf_spec; module=DefiKernel.Atomic.Execution; axioms=[]
info: DefiKernel/Atomic/Verify.lean:14:0: AXIOM AUDIT theorem: DefiKernel.Atomic.AdmissionFailure.structural.inj; module=DefiKernel.Atomic.Execution; axioms=[]
info: DefiKernel/Atomic/Verify.lean:14:0: AXIOM AUDIT theorem: DefiKernel.Atomic.AdmissionFailure.structural.injEq; module=DefiKernel.Atomic.Execution; axioms=[propext]
info: DefiKernel/Atomic/Verify.lean:14:0: AXIOM AUDIT theorem: DefiKernel.Atomic.AdmissionFailure.structural.sizeOf_spec; module=DefiKernel.Atomic.Execution; axioms=[]
info: DefiKernel/Atomic/Verify.lean:14:0: AXIOM AUDIT theorem: DefiKernel.Atomic.EventObservation.mk.inj; module=DefiKernel.Atomic.Execution; axioms=[]
info: DefiKernel/Atomic/Verify.lean:14:0: AXIOM AUDIT theorem: DefiKernel.Atomic.EventObservation.mk.injEq; module=DefiKernel.Atomic.Execution; axioms=[propext]
info: DefiKernel/Atomic/Verify.lean:14:0: AXIOM AUDIT theorem: DefiKernel.Atomic.EventObservation.mk.sizeOf_spec; module=DefiKernel.Atomic.Execution; axioms=[]
info: DefiKernel/Atomic/Verify.lean:14:0: AXIOM AUDIT theorem: DefiKernel.Atomic.Examples.atomWorld._proof_1; module=DefiKernel.Atomic.Examples; axioms=[propext,
 Classical.choice,
 Quot.sound]
info: DefiKernel/Atomic/Verify.lean:14:0: AXIOM AUDIT theorem: DefiKernel.Atomic.Examples.balanceTable.eq_1; module=DefiKernel.Atomic.Examples; axioms=[propext,
 Quot.sound]
info: DefiKernel/Atomic/Verify.lean:14:0: AXIOM AUDIT theorem: DefiKernel.Atomic.Examples.drawReturnLeft.eq_1; module=DefiKernel.Atomic.InvariantFixtures; axioms=[propext,
 Quot.sound]
info: DefiKernel/Atomic/Verify.lean:14:0: AXIOM AUDIT theorem: DefiKernel.Atomic.InnerObservation.mk.inj; module=DefiKernel.Atomic.Execution; axioms=[]
info: DefiKernel/Atomic/Verify.lean:14:0: AXIOM AUDIT theorem: DefiKernel.Atomic.InnerObservation.mk.injEq; module=DefiKernel.Atomic.Execution; axioms=[propext]
info: DefiKernel/Atomic/Verify.lean:14:0: AXIOM AUDIT theorem: DefiKernel.Atomic.InnerObservation.mk.sizeOf_spec; module=DefiKernel.Atomic.Execution; axioms=[]
info: DefiKernel/Atomic/Verify.lean:14:0: AXIOM AUDIT theorem: DefiKernel.Atomic.InvariantFixtures.collateral_initialized._proof_1_1; module=DefiKernel.Atomic.InvariantFixtures; axioms=[propext,
 Classical.choice,
 Quot.sound]
info: DefiKernel/Atomic/Verify.lean:14:0: AXIOM AUDIT theorem: DefiKernel.Atomic.InvariantFixtures.draw_analyzed._proof_1_1; module=DefiKernel.Atomic.InvariantFixtures; axioms=[propext,
 Classical.choice,
 Quot.sound]
info: DefiKernel/Atomic/Verify.lean:14:0: AXIOM AUDIT theorem: DefiKernel.Atomic.InvariantFixtures.missing_frame_support_counterexample._proof_1_1; module=DefiKernel.Atomic.InvariantFixtures; axioms=[propext,
 Classical.choice,
 Quot.sound]
info: DefiKernel/Atomic/Verify.lean:14:0: AXIOM AUDIT theorem: DefiKernel.Atomic.InvariantFixtures.missing_frame_support_counterexample._proof_1_2; module=DefiKernel.Atomic.InvariantFixtures; axioms=[propext,
 Classical.choice,
 Quot.sound]
info: DefiKernel/Atomic/Verify.lean:14:0: AXIOM AUDIT theorem: DefiKernel.Atomic.InvariantFixtures.nonempty_transient_invariant._proof_1_1; module=DefiKernel.Atomic.InvariantFixtures; axioms=[propext,
 Classical.choice,
 Quot.sound]
info: DefiKernel/Atomic/Verify.lean:14:0: AXIOM AUDIT theorem: DefiKernel.Atomic.InvariantFixtures.nonempty_transient_invariant._proof_1_2; module=DefiKernel.Atomic.InvariantFixtures; axioms=[propext,
 Classical.choice,
 Quot.sound]
info: DefiKernel/Atomic/Verify.lean:14:0: AXIOM AUDIT theorem: DefiKernel.Atomic.InvariantFixtures.repay_analyzed._proof_1_1; module=DefiKernel.Atomic.InvariantFixtures; axioms=[propext,
 Classical.choice,
 Quot.sound]
info: DefiKernel/Atomic/Verify.lean:14:0: AXIOM AUDIT theorem: DefiKernel.Atomic.InvariantFixtures.scalar_netting_counterexample._proof_1_1; module=DefiKernel.Atomic.InvariantFixtures; axioms=[propext,
 Classical.choice,
 Quot.sound]
info: DefiKernel/Atomic/Verify.lean:14:0: AXIOM AUDIT theorem: DefiKernel.Atomic.InvariantFixtures.underlying_success_does_not_imply_commit._proof_1_1; module=DefiKernel.Atomic.InvariantFixtures; axioms=[propext,
 Classical.choice,
 Quot.sound]
info: DefiKernel/Atomic/Verify.lean:14:0: AXIOM AUDIT theorem: DefiKernel.Atomic.Lane.mk.inj; module=DefiKernel.Atomic.Policy; axioms=[]
info: DefiKernel/Atomic/Verify.lean:14:0: AXIOM AUDIT theorem: DefiKernel.Atomic.Lane.mk.injEq; module=DefiKernel.Atomic.Policy; axioms=[propext]
info: DefiKernel/Atomic/Verify.lean:14:0: AXIOM AUDIT theorem: DefiKernel.Atomic.Lane.mk.sizeOf_spec; module=DefiKernel.Atomic.Policy; axioms=[]
info: DefiKernel/Atomic/Verify.lean:14:0: AXIOM AUDIT theorem: DefiKernel.Atomic.Machine.mk.inj; module=DefiKernel.Atomic.Execution; axioms=[propext, Quot.sound]
info: DefiKernel/Atomic/Verify.lean:14:0: AXIOM AUDIT theorem: DefiKernel.Atomic.Machine.mk.injEq; module=DefiKernel.Atomic.Execution; axioms=[propext,
 Quot.sound]
info: DefiKernel/Atomic/Verify.lean:14:0: AXIOM AUDIT theorem: DefiKernel.Atomic.Machine.mk.sizeOf_spec; module=DefiKernel.Atomic.Execution; axioms=[propext,
 Quot.sound]
info: DefiKernel/Atomic/Verify.lean:14:0: AXIOM AUDIT theorem: DefiKernel.Atomic.Observation.Equivalent.eq_1; module=DefiKernel.Atomic.Observation; axioms=[propext,
 Quot.sound]
info: DefiKernel/Atomic/Verify.lean:14:0: AXIOM AUDIT theorem: DefiKernel.Atomic.Observation.mk.inj; module=DefiKernel.Atomic.Observation; axioms=[propext,
 Quot.sound]
info: DefiKernel/Atomic/Verify.lean:14:0: AXIOM AUDIT theorem: DefiKernel.Atomic.Observation.mk.injEq; module=DefiKernel.Atomic.Observation; axioms=[propext,
 Quot.sound]
info: DefiKernel/Atomic/Verify.lean:14:0: AXIOM AUDIT theorem: DefiKernel.Atomic.Observation.mk.sizeOf_spec; module=DefiKernel.Atomic.Observation; axioms=[propext,
 Quot.sound]
info: DefiKernel/Atomic/Verify.lean:14:0: AXIOM AUDIT theorem: DefiKernel.Atomic.Outcome.aborted.inj; module=DefiKernel.Atomic.Observation; axioms=[]
info: DefiKernel/Atomic/Verify.lean:14:0: AXIOM AUDIT theorem: DefiKernel.Atomic.Outcome.aborted.injEq; module=DefiKernel.Atomic.Observation; axioms=[propext]
info: DefiKernel/Atomic/Verify.lean:14:0: AXIOM AUDIT theorem: DefiKernel.Atomic.Outcome.aborted.sizeOf_spec; module=DefiKernel.Atomic.Observation; axioms=[]
info: DefiKernel/Atomic/Verify.lean:14:0: AXIOM AUDIT theorem: DefiKernel.Atomic.Outcome.committed.sizeOf_spec; module=DefiKernel.Atomic.Observation; axioms=[]
info: DefiKernel/Atomic/Verify.lean:14:0: AXIOM AUDIT theorem: DefiKernel.Atomic.Outcome.refused.inj; module=DefiKernel.Atomic.Observation; axioms=[]
info: DefiKernel/Atomic/Verify.lean:14:0: AXIOM AUDIT theorem: DefiKernel.Atomic.Outcome.refused.injEq; module=DefiKernel.Atomic.Observation; axioms=[propext]
info: DefiKernel/Atomic/Verify.lean:14:0: AXIOM AUDIT theorem: DefiKernel.Atomic.Outcome.refused.sizeOf_spec; module=DefiKernel.Atomic.Observation; axioms=[]
info: DefiKernel/Atomic/Verify.lean:14:0: AXIOM AUDIT theorem: DefiKernel.Atomic.Policy.mk.inj; module=DefiKernel.Atomic.Policy; axioms=[]
info: DefiKernel/Atomic/Verify.lean:14:0: AXIOM AUDIT theorem: DefiKernel.Atomic.Policy.mk.injEq; module=DefiKernel.Atomic.Policy; axioms=[propext]
info: DefiKernel/Atomic/Verify.lean:14:0: AXIOM AUDIT theorem: DefiKernel.Atomic.Policy.mk.sizeOf_spec; module=DefiKernel.Atomic.Policy; axioms=[]
info: DefiKernel/Atomic/Verify.lean:14:0: AXIOM AUDIT theorem: DefiKernel.Atomic.PolicyFailure.duplicateLane.inj; module=DefiKernel.Atomic.Policy; axioms=[]
info: DefiKernel/Atomic/Verify.lean:14:0: AXIOM AUDIT theorem: DefiKernel.Atomic.PolicyFailure.duplicateLane.injEq; module=DefiKernel.Atomic.Policy; axioms=[propext]
info: DefiKernel/Atomic/Verify.lean:14:0: AXIOM AUDIT theorem: DefiKernel.Atomic.PolicyFailure.duplicateLane.sizeOf_spec; module=DefiKernel.Atomic.Policy; axioms=[]
info: DefiKernel/Atomic/Verify.lean:14:0: AXIOM AUDIT theorem: DefiKernel.Atomic.PolicyFailure.duplicateParticipant.inj; module=DefiKernel.Atomic.Policy; axioms=[]
info: DefiKernel/Atomic/Verify.lean:14:0: AXIOM AUDIT theorem: DefiKernel.Atomic.PolicyFailure.duplicateParticipant.injEq; module=DefiKernel.Atomic.Policy; axioms=[propext]
info: DefiKernel/Atomic/Verify.lean:14:0: AXIOM AUDIT theorem: DefiKernel.Atomic.PolicyFailure.duplicateParticipant.sizeOf_spec; module=DefiKernel.Atomic.Policy; axioms=[]
info: DefiKernel/Atomic/Verify.lean:14:0: AXIOM AUDIT theorem: DefiKernel.Atomic.PolicyFailure.uncoveredParticipant.inj; module=DefiKernel.Atomic.Policy; axioms=[]
info: DefiKernel/Atomic/Verify.lean:14:0: AXIOM AUDIT theorem: DefiKernel.Atomic.PolicyFailure.uncoveredParticipant.injEq; module=DefiKernel.Atomic.Policy; axioms=[propext]
info: DefiKernel/Atomic/Verify.lean:14:0: AXIOM AUDIT theorem: DefiKernel.Atomic.PolicyFailure.uncoveredParticipant.sizeOf_spec; module=DefiKernel.Atomic.Policy; axioms=[]
info: DefiKernel/Atomic/Verify.lean:14:0: AXIOM AUDIT theorem: DefiKernel.Atomic.Residual.mk.inj; module=DefiKernel.Atomic.Policy; axioms=[]
info: DefiKernel/Atomic/Verify.lean:14:0: AXIOM AUDIT theorem: DefiKernel.Atomic.Residual.mk.injEq; module=DefiKernel.Atomic.Policy; axioms=[propext]
info: DefiKernel/Atomic/Verify.lean:14:0: AXIOM AUDIT theorem: DefiKernel.Atomic.Residual.mk.sizeOf_spec; module=DefiKernel.Atomic.Policy; axioms=[]
info: DefiKernel/Atomic/Verify.lean:14:0: AXIOM AUDIT theorem: DefiKernel.Atomic.Result.aborted.inj; module=DefiKernel.Atomic.Execution; axioms=[propext,
 Quot.sound]
info: DefiKernel/Atomic/Verify.lean:14:0: AXIOM AUDIT theorem: DefiKernel.Atomic.Result.aborted.injEq; module=DefiKernel.Atomic.Execution; axioms=[propext,
 Quot.sound]
info: DefiKernel/Atomic/Verify.lean:14:0: AXIOM AUDIT theorem: DefiKernel.Atomic.Result.aborted.sizeOf_spec; module=DefiKernel.Atomic.Execution; axioms=[propext,
 Quot.sound]
info: DefiKernel/Atomic/Verify.lean:14:0: AXIOM AUDIT theorem: DefiKernel.Atomic.Result.committed.inj; module=DefiKernel.Atomic.Execution; axioms=[propext,
 Quot.sound]
info: DefiKernel/Atomic/Verify.lean:14:0: AXIOM AUDIT theorem: DefiKernel.Atomic.Result.committed.injEq; module=DefiKernel.Atomic.Execution; axioms=[propext,
 Quot.sound]
info: DefiKernel/Atomic/Verify.lean:14:0: AXIOM AUDIT theorem: DefiKernel.Atomic.Result.committed.sizeOf_spec; module=DefiKernel.Atomic.Execution; axioms=[propext,
 Quot.sound]
info: DefiKernel/Atomic/Verify.lean:14:0: AXIOM AUDIT theorem: DefiKernel.Atomic.Result.publicWorld.eq_1; module=DefiKernel.Atomic.Preservation; axioms=[propext,
 Quot.sound]
info: DefiKernel/Atomic/Verify.lean:14:0: AXIOM AUDIT theorem: DefiKernel.Atomic.Result.publicWorld.eq_2; module=DefiKernel.Atomic.Preservation; axioms=[propext,
 Quot.sound]
info: DefiKernel/Atomic/Verify.lean:14:0: AXIOM AUDIT theorem: DefiKernel.Atomic.Result.publicWorld.eq_3; module=DefiKernel.Atomic.Preservation; axioms=[propext,
 Quot.sound]
info: DefiKernel/Atomic/Verify.lean:14:0: AXIOM AUDIT theorem: DefiKernel.Atomic.Result.refused.inj; module=DefiKernel.Atomic.Execution; axioms=[propext,
 Quot.sound]
info: DefiKernel/Atomic/Verify.lean:14:0: AXIOM AUDIT theorem: DefiKernel.Atomic.Result.refused.injEq; module=DefiKernel.Atomic.Execution; axioms=[propext,
 Quot.sound]
info: DefiKernel/Atomic/Verify.lean:14:0: AXIOM AUDIT theorem: DefiKernel.Atomic.Result.refused.sizeOf_spec; module=DefiKernel.Atomic.Execution; axioms=[propext,
 Quot.sound]
info: DefiKernel/Atomic/Verify.lean:14:0: AXIOM AUDIT theorem: DefiKernel.Atomic.Tests.fundedWorld._proof_1; module=DefiKernel.Atomic.Tests; axioms=[propext,
 Quot.sound]
info: DefiKernel/Atomic/Verify.lean:14:0: AXIOM AUDIT theorem: DefiKernel.Atomic.Tests.liveWorld._proof_1; module=DefiKernel.Atomic.Tests; axioms=[propext,
 Classical.choice,
 Quot.sound]
info: DefiKernel/Atomic/Verify.lean:14:0: AXIOM AUDIT theorem: DefiKernel.Atomic.Tests.ownWorld._proof_1; module=DefiKernel.Atomic.Tests; axioms=[propext,
 Quot.sound]
info: DefiKernel/Atomic/Verify.lean:14:0: AXIOM AUDIT theorem: DefiKernel.Atomic.Tests.snapshotWorld._proof_1; module=DefiKernel.Atomic.Tests; axioms=[propext,
 Quot.sound]
info: DefiKernel/Atomic/Verify.lean:14:0: AXIOM AUDIT theorem: DefiKernel.Atomic.Tests.timedWorld._proof_1; module=DefiKernel.Atomic.Tests; axioms=[propext,
 Quot.sound]
info: DefiKernel/Atomic/Verify.lean:14:0: AXIOM AUDIT theorem: DefiKernel.Atomic.instDecidableEqAbortReason.decEq._proof_1; module=DefiKernel.Atomic.Execution; axioms=[]
info: DefiKernel/Atomic/Verify.lean:14:0: AXIOM AUDIT theorem: DefiKernel.Atomic.instDecidableEqAbortReason.decEq._proof_10; module=DefiKernel.Atomic.Execution; axioms=[]
info: DefiKernel/Atomic/Verify.lean:14:0: AXIOM AUDIT theorem: DefiKernel.Atomic.instDecidableEqAbortReason.decEq._proof_11; module=DefiKernel.Atomic.Execution; axioms=[]
info: DefiKernel/Atomic/Verify.lean:14:0: AXIOM AUDIT theorem: DefiKernel.Atomic.instDecidableEqAbortReason.decEq._proof_12; module=DefiKernel.Atomic.Execution; axioms=[]
info: DefiKernel/Atomic/Verify.lean:14:0: AXIOM AUDIT theorem: DefiKernel.Atomic.instDecidableEqAbortReason.decEq._proof_13; module=DefiKernel.Atomic.Execution; axioms=[]
info: DefiKernel/Atomic/Verify.lean:14:0: AXIOM AUDIT theorem: DefiKernel.Atomic.instDecidableEqAbortReason.decEq._proof_14; module=DefiKernel.Atomic.Execution; axioms=[]
info: DefiKernel/Atomic/Verify.lean:14:0: AXIOM AUDIT theorem: DefiKernel.Atomic.instDecidableEqAbortReason.decEq._proof_15; module=DefiKernel.Atomic.Execution; axioms=[]
info: DefiKernel/Atomic/Verify.lean:14:0: AXIOM AUDIT theorem: DefiKernel.Atomic.instDecidableEqAbortReason.decEq._proof_16; module=DefiKernel.Atomic.Execution; axioms=[]
info: DefiKernel/Atomic/Verify.lean:14:0: AXIOM AUDIT theorem: DefiKernel.Atomic.instDecidableEqAbortReason.decEq._proof_17; module=DefiKernel.Atomic.Execution; axioms=[]
info: DefiKernel/Atomic/Verify.lean:14:0: AXIOM AUDIT theorem: DefiKernel.Atomic.instDecidableEqAbortReason.decEq._proof_18; module=DefiKernel.Atomic.Execution; axioms=[]
info: DefiKernel/Atomic/Verify.lean:14:0: AXIOM AUDIT theorem: DefiKernel.Atomic.instDecidableEqAbortReason.decEq._proof_19; module=DefiKernel.Atomic.Execution; axioms=[]
info: DefiKernel/Atomic/Verify.lean:14:0: AXIOM AUDIT theorem: DefiKernel.Atomic.instDecidableEqAbortReason.decEq._proof_2; module=DefiKernel.Atomic.Execution; axioms=[]
info: DefiKernel/Atomic/Verify.lean:14:0: AXIOM AUDIT theorem: DefiKernel.Atomic.instDecidableEqAbortReason.decEq._proof_20; module=DefiKernel.Atomic.Execution; axioms=[]
info: DefiKernel/Atomic/Verify.lean:14:0: AXIOM AUDIT theorem: DefiKernel.Atomic.instDecidableEqAbortReason.decEq._proof_21; module=DefiKernel.Atomic.Execution; axioms=[]
info: DefiKernel/Atomic/Verify.lean:14:0: AXIOM AUDIT theorem: DefiKernel.Atomic.instDecidableEqAbortReason.decEq._proof_3; module=DefiKernel.Atomic.Execution; axioms=[]
info: DefiKernel/Atomic/Verify.lean:14:0: AXIOM AUDIT theorem: DefiKernel.Atomic.instDecidableEqAbortReason.decEq._proof_4; module=DefiKernel.Atomic.Execution; axioms=[]
info: DefiKernel/Atomic/Verify.lean:14:0: AXIOM AUDIT theorem: DefiKernel.Atomic.instDecidableEqAbortReason.decEq._proof_5; module=DefiKernel.Atomic.Execution; axioms=[]
info: DefiKernel/Atomic/Verify.lean:14:0: AXIOM AUDIT theorem: DefiKernel.Atomic.instDecidableEqAbortReason.decEq._proof_6; module=DefiKernel.Atomic.Execution; axioms=[]
info: DefiKernel/Atomic/Verify.lean:14:0: AXIOM AUDIT theorem: DefiKernel.Atomic.instDecidableEqAbortReason.decEq._proof_7; module=DefiKernel.Atomic.Execution; axioms=[]
info: DefiKernel/Atomic/Verify.lean:14:0: AXIOM AUDIT theorem: DefiKernel.Atomic.instDecidableEqAbortReason.decEq._proof_8; module=DefiKernel.Atomic.Execution; axioms=[]
info: DefiKernel/Atomic/Verify.lean:14:0: AXIOM AUDIT theorem: DefiKernel.Atomic.instDecidableEqAbortReason.decEq._proof_9; module=DefiKernel.Atomic.Execution; axioms=[]
info: DefiKernel/Atomic/Verify.lean:14:0: AXIOM AUDIT theorem: DefiKernel.Atomic.instDecidableEqAdmissionFailure.decEq._proof_1; module=DefiKernel.Atomic.Execution; axioms=[]
info: DefiKernel/Atomic/Verify.lean:14:0: AXIOM AUDIT theorem: DefiKernel.Atomic.instDecidableEqAdmissionFailure.decEq._proof_10; module=DefiKernel.Atomic.Execution; axioms=[]
info: DefiKernel/Atomic/Verify.lean:14:0: AXIOM AUDIT theorem: DefiKernel.Atomic.instDecidableEqAdmissionFailure.decEq._proof_11; module=DefiKernel.Atomic.Execution; axioms=[]
info: DefiKernel/Atomic/Verify.lean:14:0: AXIOM AUDIT theorem: DefiKernel.Atomic.instDecidableEqAdmissionFailure.decEq._proof_12; module=DefiKernel.Atomic.Execution; axioms=[]
info: DefiKernel/Atomic/Verify.lean:14:0: AXIOM AUDIT theorem: DefiKernel.Atomic.instDecidableEqAdmissionFailure.decEq._proof_13; module=DefiKernel.Atomic.Execution; axioms=[]
info: DefiKernel/Atomic/Verify.lean:14:0: AXIOM AUDIT theorem: DefiKernel.Atomic.instDecidableEqAdmissionFailure.decEq._proof_14; module=DefiKernel.Atomic.Execution; axioms=[]
info: DefiKernel/Atomic/Verify.lean:14:0: AXIOM AUDIT theorem: DefiKernel.Atomic.instDecidableEqAdmissionFailure.decEq._proof_15; module=DefiKernel.Atomic.Execution; axioms=[]
info: DefiKernel/Atomic/Verify.lean:14:0: AXIOM AUDIT theorem: DefiKernel.Atomic.instDecidableEqAdmissionFailure.decEq._proof_16; module=DefiKernel.Atomic.Execution; axioms=[]
info: DefiKernel/Atomic/Verify.lean:14:0: AXIOM AUDIT theorem: DefiKernel.Atomic.instDecidableEqAdmissionFailure.decEq._proof_17; module=DefiKernel.Atomic.Execution; axioms=[]
info: DefiKernel/Atomic/Verify.lean:14:0: AXIOM AUDIT theorem: DefiKernel.Atomic.instDecidableEqAdmissionFailure.decEq._proof_18; module=DefiKernel.Atomic.Execution; axioms=[]
info: DefiKernel/Atomic/Verify.lean:14:0: AXIOM AUDIT theorem: DefiKernel.Atomic.instDecidableEqAdmissionFailure.decEq._proof_19; module=DefiKernel.Atomic.Execution; axioms=[]
info: DefiKernel/Atomic/Verify.lean:14:0: AXIOM AUDIT theorem: DefiKernel.Atomic.instDecidableEqAdmissionFailure.decEq._proof_2; module=DefiKernel.Atomic.Execution; axioms=[]
info: DefiKernel/Atomic/Verify.lean:14:0: AXIOM AUDIT theorem: DefiKernel.Atomic.instDecidableEqAdmissionFailure.decEq._proof_20; module=DefiKernel.Atomic.Execution; axioms=[]
info: DefiKernel/Atomic/Verify.lean:14:0: AXIOM AUDIT theorem: DefiKernel.Atomic.instDecidableEqAdmissionFailure.decEq._proof_3; module=DefiKernel.Atomic.Execution; axioms=[]
info: DefiKernel/Atomic/Verify.lean:14:0: AXIOM AUDIT theorem: DefiKernel.Atomic.instDecidableEqAdmissionFailure.decEq._proof_4; module=DefiKernel.Atomic.Execution; axioms=[]
info: DefiKernel/Atomic/Verify.lean:14:0: AXIOM AUDIT theorem: DefiKernel.Atomic.instDecidableEqAdmissionFailure.decEq._proof_5; module=DefiKernel.Atomic.Execution; axioms=[]
info: DefiKernel/Atomic/Verify.lean:14:0: AXIOM AUDIT theorem: DefiKernel.Atomic.instDecidableEqAdmissionFailure.decEq._proof_6; module=DefiKernel.Atomic.Execution; axioms=[]
info: DefiKernel/Atomic/Verify.lean:14:0: AXIOM AUDIT theorem: DefiKernel.Atomic.instDecidableEqAdmissionFailure.decEq._proof_7; module=DefiKernel.Atomic.Execution; axioms=[]
info: DefiKernel/Atomic/Verify.lean:14:0: AXIOM AUDIT theorem: DefiKernel.Atomic.instDecidableEqAdmissionFailure.decEq._proof_8; module=DefiKernel.Atomic.Execution; axioms=[]
info: DefiKernel/Atomic/Verify.lean:14:0: AXIOM AUDIT theorem: DefiKernel.Atomic.instDecidableEqAdmissionFailure.decEq._proof_9; module=DefiKernel.Atomic.Execution; axioms=[]
info: DefiKernel/Atomic/Verify.lean:14:0: AXIOM AUDIT theorem: DefiKernel.Atomic.instDecidableEqEventObservation.decEq._proof_1; module=DefiKernel.Atomic.Execution; axioms=[]
info: DefiKernel/Atomic/Verify.lean:14:0: AXIOM AUDIT theorem: DefiKernel.Atomic.instDecidableEqEventObservation.decEq._proof_2; module=DefiKernel.Atomic.Execution; axioms=[]
info: DefiKernel/Atomic/Verify.lean:14:0: AXIOM AUDIT theorem: DefiKernel.Atomic.instDecidableEqEventObservation.decEq._proof_3; module=DefiKernel.Atomic.Execution; axioms=[]
info: DefiKernel/Atomic/Verify.lean:14:0: AXIOM AUDIT theorem: DefiKernel.Atomic.instDecidableEqEventObservation.decEq._proof_4; module=DefiKernel.Atomic.Execution; axioms=[]
info: DefiKernel/Atomic/Verify.lean:14:0: AXIOM AUDIT theorem: DefiKernel.Atomic.instDecidableEqInnerObservation.decEq._proof_1; module=DefiKernel.Atomic.Execution; axioms=[]
info: DefiKernel/Atomic/Verify.lean:14:0: AXIOM AUDIT theorem: DefiKernel.Atomic.instDecidableEqInnerObservation.decEq._proof_2; module=DefiKernel.Atomic.Execution; axioms=[]
info: DefiKernel/Atomic/Verify.lean:14:0: AXIOM AUDIT theorem: DefiKernel.Atomic.instDecidableEqInnerObservation.decEq._proof_3; module=DefiKernel.Atomic.Execution; axioms=[]
info: DefiKernel/Atomic/Verify.lean:14:0: AXIOM AUDIT theorem: DefiKernel.Atomic.instDecidableEqInnerObservation.decEq._proof_4; module=DefiKernel.Atomic.Execution; axioms=[]
info: DefiKernel/Atomic/Verify.lean:14:0: AXIOM AUDIT theorem: DefiKernel.Atomic.instDecidableEqInnerObservation.decEq._proof_5; module=DefiKernel.Atomic.Execution; axioms=[]
info: DefiKernel/Atomic/Verify.lean:14:0: AXIOM AUDIT theorem: DefiKernel.Atomic.instDecidableEqInnerObservation.decEq._proof_6; module=DefiKernel.Atomic.Execution; axioms=[]
info: DefiKernel/Atomic/Verify.lean:14:0: AXIOM AUDIT theorem: DefiKernel.Atomic.instDecidableEqLane.decEq._proof_1; module=DefiKernel.Atomic.Policy; axioms=[]
info: DefiKernel/Atomic/Verify.lean:14:0: AXIOM AUDIT theorem: DefiKernel.Atomic.instDecidableEqLane.decEq._proof_2; module=DefiKernel.Atomic.Policy; axioms=[]
info: DefiKernel/Atomic/Verify.lean:14:0: AXIOM AUDIT theorem: DefiKernel.Atomic.instDecidableEqLane.decEq._proof_3; module=DefiKernel.Atomic.Policy; axioms=[]
info: DefiKernel/Atomic/Verify.lean:14:0: AXIOM AUDIT theorem: DefiKernel.Atomic.instDecidableEqLane.decEq._proof_4; module=DefiKernel.Atomic.Policy; axioms=[]
info: DefiKernel/Atomic/Verify.lean:14:0: AXIOM AUDIT theorem: DefiKernel.Atomic.instDecidableEqOutcome.decEq._proof_1; module=DefiKernel.Atomic.Observation; axioms=[]
info: DefiKernel/Atomic/Verify.lean:14:0: AXIOM AUDIT theorem: DefiKernel.Atomic.instDecidableEqOutcome.decEq._proof_10; module=DefiKernel.Atomic.Observation; axioms=[]
info: DefiKernel/Atomic/Verify.lean:14:0: AXIOM AUDIT theorem: DefiKernel.Atomic.instDecidableEqOutcome.decEq._proof_11; module=DefiKernel.Atomic.Observation; axioms=[]
info: DefiKernel/Atomic/Verify.lean:14:0: AXIOM AUDIT theorem: DefiKernel.Atomic.instDecidableEqOutcome.decEq._proof_2; module=DefiKernel.Atomic.Observation; axioms=[]
info: DefiKernel/Atomic/Verify.lean:14:0: AXIOM AUDIT theorem: DefiKernel.Atomic.instDecidableEqOutcome.decEq._proof_3; module=DefiKernel.Atomic.Observation; axioms=[]
info: DefiKernel/Atomic/Verify.lean:14:0: AXIOM AUDIT theorem: DefiKernel.Atomic.instDecidableEqOutcome.decEq._proof_4; module=DefiKernel.Atomic.Observation; axioms=[]
info: DefiKernel/Atomic/Verify.lean:14:0: AXIOM AUDIT theorem: DefiKernel.Atomic.instDecidableEqOutcome.decEq._proof_5; module=DefiKernel.Atomic.Observation; axioms=[]
info: DefiKernel/Atomic/Verify.lean:14:0: AXIOM AUDIT theorem: DefiKernel.Atomic.instDecidableEqOutcome.decEq._proof_6; module=DefiKernel.Atomic.Observation; axioms=[]
info: DefiKernel/Atomic/Verify.lean:14:0: AXIOM AUDIT theorem: DefiKernel.Atomic.instDecidableEqOutcome.decEq._proof_7; module=DefiKernel.Atomic.Observation; axioms=[]
info: DefiKernel/Atomic/Verify.lean:14:0: AXIOM AUDIT theorem: DefiKernel.Atomic.instDecidableEqOutcome.decEq._proof_8; module=DefiKernel.Atomic.Observation; axioms=[]
info: DefiKernel/Atomic/Verify.lean:14:0: AXIOM AUDIT theorem: DefiKernel.Atomic.instDecidableEqOutcome.decEq._proof_9; module=DefiKernel.Atomic.Observation; axioms=[]
info: DefiKernel/Atomic/Verify.lean:14:0: AXIOM AUDIT theorem: DefiKernel.Atomic.instDecidableEqPolicyFailure.decEq._proof_1; module=DefiKernel.Atomic.Policy; axioms=[]
info: DefiKernel/Atomic/Verify.lean:14:0: AXIOM AUDIT theorem: DefiKernel.Atomic.instDecidableEqPolicyFailure.decEq._proof_10; module=DefiKernel.Atomic.Policy; axioms=[]
info: DefiKernel/Atomic/Verify.lean:14:0: AXIOM AUDIT theorem: DefiKernel.Atomic.instDecidableEqPolicyFailure.decEq._proof_11; module=DefiKernel.Atomic.Policy; axioms=[]
info: DefiKernel/Atomic/Verify.lean:14:0: AXIOM AUDIT theorem: DefiKernel.Atomic.instDecidableEqPolicyFailure.decEq._proof_12; module=DefiKernel.Atomic.Policy; axioms=[]
info: DefiKernel/Atomic/Verify.lean:14:0: AXIOM AUDIT theorem: DefiKernel.Atomic.instDecidableEqPolicyFailure.decEq._proof_13; module=DefiKernel.Atomic.Policy; axioms=[]
info: DefiKernel/Atomic/Verify.lean:14:0: AXIOM AUDIT theorem: DefiKernel.Atomic.instDecidableEqPolicyFailure.decEq._proof_14; module=DefiKernel.Atomic.Policy; axioms=[]
info: DefiKernel/Atomic/Verify.lean:14:0: AXIOM AUDIT theorem: DefiKernel.Atomic.instDecidableEqPolicyFailure.decEq._proof_15; module=DefiKernel.Atomic.Policy; axioms=[]
info: DefiKernel/Atomic/Verify.lean:14:0: AXIOM AUDIT theorem: DefiKernel.Atomic.instDecidableEqPolicyFailure.decEq._proof_16; module=DefiKernel.Atomic.Policy; axioms=[]
info: DefiKernel/Atomic/Verify.lean:14:0: AXIOM AUDIT theorem: DefiKernel.Atomic.instDecidableEqPolicyFailure.decEq._proof_17; module=DefiKernel.Atomic.Policy; axioms=[]
info: DefiKernel/Atomic/Verify.lean:14:0: AXIOM AUDIT theorem: DefiKernel.Atomic.instDecidableEqPolicyFailure.decEq._proof_18; module=DefiKernel.Atomic.Policy; axioms=[]
info: DefiKernel/Atomic/Verify.lean:14:0: AXIOM AUDIT theorem: DefiKernel.Atomic.instDecidableEqPolicyFailure.decEq._proof_19; module=DefiKernel.Atomic.Policy; axioms=[]
info: DefiKernel/Atomic/Verify.lean:14:0: AXIOM AUDIT theorem: DefiKernel.Atomic.instDecidableEqPolicyFailure.decEq._proof_2; module=DefiKernel.Atomic.Policy; axioms=[]
info: DefiKernel/Atomic/Verify.lean:14:0: AXIOM AUDIT theorem: DefiKernel.Atomic.instDecidableEqPolicyFailure.decEq._proof_3; module=DefiKernel.Atomic.Policy; axioms=[]
info: DefiKernel/Atomic/Verify.lean:14:0: AXIOM AUDIT theorem: DefiKernel.Atomic.instDecidableEqPolicyFailure.decEq._proof_4; module=DefiKernel.Atomic.Policy; axioms=[]
info: DefiKernel/Atomic/Verify.lean:14:0: AXIOM AUDIT theorem: DefiKernel.Atomic.instDecidableEqPolicyFailure.decEq._proof_5; module=DefiKernel.Atomic.Policy; axioms=[]
info: DefiKernel/Atomic/Verify.lean:14:0: AXIOM AUDIT theorem: DefiKernel.Atomic.instDecidableEqPolicyFailure.decEq._proof_6; module=DefiKernel.Atomic.Policy; axioms=[]
info: DefiKernel/Atomic/Verify.lean:14:0: AXIOM AUDIT theorem: DefiKernel.Atomic.instDecidableEqPolicyFailure.decEq._proof_7; module=DefiKernel.Atomic.Policy; axioms=[]
info: DefiKernel/Atomic/Verify.lean:14:0: AXIOM AUDIT theorem: DefiKernel.Atomic.instDecidableEqPolicyFailure.decEq._proof_8; module=DefiKernel.Atomic.Policy; axioms=[]
info: DefiKernel/Atomic/Verify.lean:14:0: AXIOM AUDIT theorem: DefiKernel.Atomic.instDecidableEqPolicyFailure.decEq._proof_9; module=DefiKernel.Atomic.Policy; axioms=[]
info: DefiKernel/Atomic/Verify.lean:14:0: AXIOM AUDIT theorem: DefiKernel.Atomic.instDecidableEqResidual.decEq._proof_1; module=DefiKernel.Atomic.Policy; axioms=[]
info: DefiKernel/Atomic/Verify.lean:14:0: AXIOM AUDIT theorem: DefiKernel.Atomic.instDecidableEqResidual.decEq._proof_2; module=DefiKernel.Atomic.Policy; axioms=[]
info: DefiKernel/Atomic/Verify.lean:14:0: AXIOM AUDIT theorem: DefiKernel.Atomic.instDecidableEqResidual.decEq._proof_3; module=DefiKernel.Atomic.Policy; axioms=[]
info: DefiKernel/Atomic/Verify.lean:14:0: AXIOM AUDIT theorem: DefiKernel.Atomic.instDecidableEqResidual.decEq._proof_4; module=DefiKernel.Atomic.Policy; axioms=[]
info: DefiKernel/Atomic/Verify.lean:14:0: AXIOM AUDIT theorem: DefiKernel.Atomic.receiptEffect._sparseCasesOn_1.else_eq; module=DefiKernel.Atomic.Settlement; axioms=[propext]
info: DefiKernel/Atomic/Verify.lean:14:0: AXIOM AUDIT theorem: _private.DefiKernel.Atomic.PolicyProofs.0.DefiKernel.Atomic.firstDuplicate.match_1.eq_1; module=DefiKernel.Atomic.PolicyProofs; axioms=[]
info: DefiKernel/Atomic/Verify.lean:14:0: AXIOM AUDIT theorem: _private.DefiKernel.Atomic.PolicyProofs.0.DefiKernel.Atomic.firstDuplicate.match_1.eq_2; module=DefiKernel.Atomic.PolicyProofs; axioms=[]
info: DefiKernel/Atomic/Verify.lean:14:0: AXIOM AUDIT theorem: _private.DefiKernel.Atomic.PolicyProofs.0.DefiKernel.Atomic.firstDuplicate.match_3.eq_1; module=DefiKernel.Atomic.PolicyProofs; axioms=[]
info: DefiKernel/Atomic/Verify.lean:14:0: AXIOM AUDIT theorem: _private.DefiKernel.Atomic.PolicyProofs.0.DefiKernel.Atomic.firstDuplicate.match_3.eq_2; module=DefiKernel.Atomic.PolicyProofs; axioms=[]
info: DefiKernel/Atomic/Verify.lean:14:0: AXIOM AUDIT theorem: _private.DefiKernel.Atomic.PolicyProofs.0.DefiKernel.Atomic.uncoveredFrom.match_1.eq_1; module=DefiKernel.Atomic.PolicyProofs; axioms=[]
info: DefiKernel/Atomic/Verify.lean:14:0: AXIOM AUDIT theorem: _private.DefiKernel.Atomic.PolicyProofs.0.DefiKernel.Atomic.uncoveredFrom.match_1.eq_2; module=DefiKernel.Atomic.PolicyProofs; axioms=[]
info: DefiKernel/Atomic/Verify.lean:14:0: AXIOM AUDIT theorem: _private.DefiKernel.Atomic.Settlement.0.DefiKernel.Atomic.advance.match_1.eq_1; module=DefiKernel.Atomic.Settlement; axioms=[]
info: DefiKernel/Atomic/Verify.lean:14:0: AXIOM AUDIT theorem: _private.DefiKernel.Atomic.Settlement.0.DefiKernel.Atomic.advance.match_1.eq_2; module=DefiKernel.Atomic.Settlement; axioms=[]
info: DefiKernel/Atomic/Verify.lean:14:0: AXIOM AUDIT theorem: _private.DefiKernel.Atomic.Settlement.0.DefiKernel.Atomic.advance_outstanding.match_1.eq_1; module=DefiKernel.Atomic.Settlement; axioms=[propext,
 Quot.sound]
info: DefiKernel/Atomic/Verify.lean:14:0: AXIOM AUDIT theorem: _private.DefiKernel.Atomic.Settlement.0.DefiKernel.Atomic.advance_outstanding.match_1.eq_2; module=DefiKernel.Atomic.Settlement; axioms=[propext,
 Quot.sound]
info: DefiKernel/Atomic/Verify.lean:14:0: AXIOM AUDIT theorem: _private.DefiKernel.Atomic.Settlement.0.DefiKernel.Atomic.receiptEffect.match_1.eq_1; module=DefiKernel.Atomic.Settlement; axioms=[propext]
info: DefiKernel/Atomic/Verify.lean:14:0: AXIOM AUDIT theorem: _private.DefiKernel.Atomic.Settlement.0.DefiKernel.Atomic.receiptEffect.match_1.eq_2; module=DefiKernel.Atomic.Settlement; axioms=[propext]
info: DefiKernel/Atomic/Verify.lean:14:0: AXIOM AUDIT theorem: _private.DefiKernel.Atomic.Soundness.0.DefiKernel.Atomic.advance.match_1.eq_1; module=DefiKernel.Atomic.Soundness; axioms=[]
info: DefiKernel/Atomic/Verify.lean:14:0: AXIOM AUDIT theorem: _private.DefiKernel.Atomic.Soundness.0.DefiKernel.Atomic.advance.match_1.eq_2; module=DefiKernel.Atomic.Soundness; axioms=[]
info: DefiKernel/Atomic/Verify.lean:14:0: AXIOM AUDIT theorem: _private.DefiKernel.Atomic.Soundness.0.DefiKernel.Atomic.advance.match_3.eq_1; module=DefiKernel.Atomic.Soundness; axioms=[propext,
 Quot.sound]
info: DefiKernel/Atomic/Verify.lean:14:0: AXIOM AUDIT theorem: _private.DefiKernel.Atomic.Soundness.0.DefiKernel.Atomic.advance.match_3.eq_2; module=DefiKernel.Atomic.Soundness; axioms=[propext,
 Quot.sound]
info: DefiKernel/Atomic/Verify.lean:14:0: AXIOM AUDIT theorem: _private.DefiKernel.Atomic.Soundness.0.DefiKernel.Atomic.advance.match_5.eq_1; module=DefiKernel.Atomic.Soundness; axioms=[]
info: DefiKernel/Atomic/Verify.lean:14:0: AXIOM AUDIT theorem: _private.DefiKernel.Atomic.Soundness.0.DefiKernel.Atomic.advance.match_5.eq_2; module=DefiKernel.Atomic.Soundness; axioms=[]
info: DefiKernel/Atomic/Verify.lean:14:0: AXIOM AUDIT theorem: _private.DefiKernel.Atomic.Soundness.0.DefiKernel.Atomic.observeAttempt.match_1.eq_1; module=DefiKernel.Atomic.Soundness; axioms=[propext,
 Quot.sound]
info: DefiKernel/Atomic/Verify.lean:14:0: AXIOM AUDIT theorem: _private.DefiKernel.Atomic.Soundness.0.DefiKernel.Atomic.observeAttempt.match_1.eq_2; module=DefiKernel.Atomic.Soundness; axioms=[propext,
 Quot.sound]
info: DefiKernel/Atomic/Verify.lean:14:0: AXIOM AUDIT theorem: DefiKernel.Atomic.Examples.FixtureOp.mk.inj; module=DefiKernel.Atomic.Examples; axioms=[]
info: DefiKernel/Atomic/Verify.lean:14:0: AXIOM AUDIT theorem: DefiKernel.Atomic.Examples.FixtureOp.mk.injEq; module=DefiKernel.Atomic.Examples; axioms=[propext]
info: DefiKernel/Atomic/Verify.lean:14:0: AXIOM AUDIT theorem: DefiKernel.Atomic.Examples.FixtureOp.mk.sizeOf_spec; module=DefiKernel.Atomic.Examples; axioms=[]
info: DefiKernel/Atomic/Verify.lean:14:0: AXIOM AUDIT theorem: _private.DefiKernel.Atomic.Preservation.0.DefiKernel.Atomic.Result.publicWorld.match_1.eq_1; module=DefiKernel.Atomic.Preservation; axioms=[propext,
 Quot.sound]
info: DefiKernel/Atomic/Verify.lean:14:0: AXIOM AUDIT theorem: _private.DefiKernel.Atomic.Preservation.0.DefiKernel.Atomic.Result.publicWorld.match_1.eq_2; module=DefiKernel.Atomic.Preservation; axioms=[propext,
 Quot.sound]
info: DefiKernel/Atomic/Verify.lean:14:0: AXIOM AUDIT theorem: _private.DefiKernel.Atomic.Preservation.0.DefiKernel.Atomic.Result.publicWorld.match_1.eq_3; module=DefiKernel.Atomic.Preservation; axioms=[propext,
 Quot.sound]
info: DefiKernel/Atomic/Verify.lean:14:0: AXIOM AUDIT theorem: _private.DefiKernel.Atomic.Soundness.0.DefiKernel.Interleaving.Attempt.supply.match_1.eq_1; module=DefiKernel.Atomic.Soundness; axioms=[propext,
 Quot.sound]
info: DefiKernel/Atomic/Verify.lean:14:0: AXIOM AUDIT theorem: _private.DefiKernel.Atomic.Soundness.0.DefiKernel.Interleaving.Attempt.supply.match_1.eq_2; module=DefiKernel.Atomic.Soundness; axioms=[propext,
 Quot.sound]
info: DefiKernel/Atomic/Verify.lean:14:0: AXIOM AUDIT declaration: DefiKernel.Atomic.GoodAttempts; module=DefiKernel.Atomic.Correspondence; kind=definition; axioms=[propext,
 Classical.choice,
 Quot.sound]
info: DefiKernel/Atomic/Verify.lean:14:0: AXIOM AUDIT declaration: DefiKernel.Atomic.Outstanding; module=DefiKernel.Atomic.Policy; kind=definition; axioms=[]
info: DefiKernel/Atomic/Verify.lean:14:0: AXIOM AUDIT declaration: DefiKernel.Atomic.admit; module=DefiKernel.Atomic.Execution; kind=definition; axioms=[propext]
info: DefiKernel/Atomic/Verify.lean:14:0: AXIOM AUDIT declaration: DefiKernel.Atomic.advance; module=DefiKernel.Atomic.Execution; kind=definition; axioms=[propext,
 Classical.choice,
 Quot.sound]
info: DefiKernel/Atomic/Verify.lean:14:0: AXIOM AUDIT declaration: DefiKernel.Atomic.attemptOutstanding; module=DefiKernel.Atomic.Settlement; kind=definition; axioms=[propext,
 Classical.choice,
 Quot.sound]
info: DefiKernel/Atomic/Verify.lean:14:0: AXIOM AUDIT declaration: DefiKernel.Atomic.checkPolicy; module=DefiKernel.Atomic.Policy; kind=definition; axioms=[propext]
info: DefiKernel/Atomic/Verify.lean:14:0: AXIOM AUDIT declaration: DefiKernel.Atomic.checkSupply; module=DefiKernel.Atomic.Policy; kind=definition; axioms=[propext,
 Classical.choice,
 Quot.sound]
info: DefiKernel/Atomic/Verify.lean:14:0: AXIOM AUDIT declaration: DefiKernel.Atomic.committedHistory; module=DefiKernel.Atomic.Execution; kind=definition; axioms=[propext,
 Quot.sound]
info: DefiKernel/Atomic/Verify.lean:14:0: AXIOM AUDIT declaration: DefiKernel.Atomic.committedSupply; module=DefiKernel.Atomic.Execution; kind=definition; axioms=[propext,
 Classical.choice,
 Quot.sound]
info: DefiKernel/Atomic/Verify.lean:14:0: AXIOM AUDIT declaration: DefiKernel.Atomic.continueRun; module=DefiKernel.Atomic.Execution; kind=definition; axioms=[propext,
 Classical.choice,
 Quot.sound]
info: DefiKernel/Atomic/Verify.lean:14:0: AXIOM AUDIT declaration: DefiKernel.Atomic.diagnosticEvent; module=DefiKernel.Atomic.Execution; kind=definition; axioms=[propext,
 Quot.sound]
info: DefiKernel/Atomic/Verify.lean:14:0: AXIOM AUDIT declaration: DefiKernel.Atomic.finish; module=DefiKernel.Atomic.Execution; kind=definition; axioms=[propext,
 Quot.sound]
info: DefiKernel/Atomic/Verify.lean:14:0: AXIOM AUDIT declaration: DefiKernel.Atomic.firstDuplicate; module=DefiKernel.Atomic.Policy; kind=definition; axioms=[]
info: DefiKernel/Atomic/Verify.lean:14:0: AXIOM AUDIT declaration: DefiKernel.Atomic.instDecidableEqAbortReason; module=DefiKernel.Atomic.Execution; kind=definition; axioms=[]
info: DefiKernel/Atomic/Verify.lean:14:0: AXIOM AUDIT declaration: DefiKernel.Atomic.instDecidableEqAdmissionFailure; module=DefiKernel.Atomic.Execution; kind=definition; axioms=[]
info: DefiKernel/Atomic/Verify.lean:14:0: AXIOM AUDIT declaration: DefiKernel.Atomic.instDecidableEqEventObservation; module=DefiKernel.Atomic.Execution; kind=definition; axioms=[]
info: DefiKernel/Atomic/Verify.lean:14:0: AXIOM AUDIT declaration: DefiKernel.Atomic.instDecidableEqInnerObservation; module=DefiKernel.Atomic.Execution; kind=definition; axioms=[]
info: DefiKernel/Atomic/Verify.lean:14:0: AXIOM AUDIT declaration: DefiKernel.Atomic.instDecidableEqLane; module=DefiKernel.Atomic.Policy; kind=definition; axioms=[]
info: DefiKernel/Atomic/Verify.lean:14:0: AXIOM AUDIT declaration: DefiKernel.Atomic.instDecidableEqOutcome; module=DefiKernel.Atomic.Observation; kind=definition; axioms=[]
info: DefiKernel/Atomic/Verify.lean:14:0: AXIOM AUDIT declaration: DefiKernel.Atomic.instDecidableEqPolicyFailure; module=DefiKernel.Atomic.Policy; kind=definition; axioms=[]
info: DefiKernel/Atomic/Verify.lean:14:0: AXIOM AUDIT declaration: DefiKernel.Atomic.instDecidableEqResidual; module=DefiKernel.Atomic.Policy; kind=definition; axioms=[]
info: DefiKernel/Atomic/Verify.lean:14:0: AXIOM AUDIT declaration: DefiKernel.Atomic.instReprLane; module=DefiKernel.Atomic.Policy; kind=definition; axioms=[]
info: DefiKernel/Atomic/Verify.lean:14:0: AXIOM AUDIT declaration: DefiKernel.Atomic.instReprPolicyFailure; module=DefiKernel.Atomic.Policy; kind=definition; axioms=[]
info: DefiKernel/Atomic/Verify.lean:14:0: AXIOM AUDIT declaration: DefiKernel.Atomic.instReprResidual; module=DefiKernel.Atomic.Policy; kind=definition; axioms=[propext]
info: DefiKernel/Atomic/Verify.lean:14:0: AXIOM AUDIT declaration: DefiKernel.Atomic.observationEq; module=DefiKernel.Atomic.Observation; kind=definition; axioms=[propext,
 Classical.choice,
 Quot.sound]
info: DefiKernel/Atomic/Verify.lean:14:0: AXIOM AUDIT declaration: DefiKernel.Atomic.observationsEqual; module=DefiKernel.Atomic.Observation; kind=definition; axioms=[propext,
 Classical.choice,
 Quot.sound]
info: DefiKernel/Atomic/Verify.lean:14:0: AXIOM AUDIT declaration: DefiKernel.Atomic.observe; module=DefiKernel.Atomic.Observation; kind=definition; axioms=[propext,
 Classical.choice,
 Quot.sound]
info: DefiKernel/Atomic/Verify.lean:14:0: AXIOM AUDIT declaration: DefiKernel.Atomic.observeAttempt; module=DefiKernel.Atomic.Execution; kind=definition; axioms=[propext,
 Quot.sound]
info: DefiKernel/Atomic/Verify.lean:14:0: AXIOM AUDIT declaration: DefiKernel.Atomic.outstandingFromAttempts; module=DefiKernel.Atomic.Settlement; kind=definition; axioms=[propext,
 Classical.choice,
 Quot.sound]
info: DefiKernel/Atomic/Verify.lean:14:0: AXIOM AUDIT declaration: DefiKernel.Atomic.receiptEffect; module=DefiKernel.Atomic.Policy; kind=definition; axioms=[propext,
 Classical.choice,
 Quot.sound]
info: DefiKernel/Atomic/Verify.lean:14:0: AXIOM AUDIT declaration: DefiKernel.Atomic.residuals; module=DefiKernel.Atomic.Policy; kind=definition; axioms=[propext,
 Quot.sound]
info: DefiKernel/Atomic/Verify.lean:14:0: AXIOM AUDIT declaration: DefiKernel.Atomic.runAtomic; module=DefiKernel.Atomic.Execution; kind=definition; axioms=[propext,
 Classical.choice,
 Quot.sound]
info: DefiKernel/Atomic/Verify.lean:14:0: AXIOM AUDIT declaration: DefiKernel.Atomic.runPrefix; module=DefiKernel.Atomic.Execution; kind=definition; axioms=[propext,
 Classical.choice,
 Quot.sound]
info: DefiKernel/Atomic/Verify.lean:14:0: AXIOM AUDIT declaration: DefiKernel.Atomic.start; module=DefiKernel.Atomic.Execution; kind=definition; axioms=[propext,
 Quot.sound]
info: DefiKernel/Atomic/Verify.lean:14:0: AXIOM AUDIT declaration: DefiKernel.Atomic.uncoveredFrom; module=DefiKernel.Atomic.Policy; kind=definition; axioms=[propext]
info: DefiKernel/Atomic/Verify.lean:14:0: AXIOM AUDIT declaration: DefiKernel.Atomic.updateOutstanding; module=DefiKernel.Atomic.Policy; kind=definition; axioms=[propext,
 Classical.choice,
 Quot.sound]
info: DefiKernel/Atomic/Verify.lean:14:0: AXIOM AUDIT declaration: DefiKernel.Atomic.zeroOutstanding; module=DefiKernel.Atomic.Policy; kind=definition; axioms=[propext,
 Quot.sound]
info: DefiKernel/Atomic/Verify.lean:14:0: AXIOM AUDIT declaration: DefiKernel.Atomic.AbortReason._sizeOf_1; module=DefiKernel.Atomic.Execution; kind=definition; axioms=[]
info: DefiKernel/Atomic/Verify.lean:14:0: AXIOM AUDIT declaration: DefiKernel.Atomic.AbortReason._sizeOf_inst; module=DefiKernel.Atomic.Execution; kind=definition; axioms=[]
info: DefiKernel/Atomic/Verify.lean:14:0: AXIOM AUDIT declaration: DefiKernel.Atomic.AbortReason.casesOn; module=DefiKernel.Atomic.Execution; kind=definition; axioms=[]
info: DefiKernel/Atomic/Verify.lean:14:0: AXIOM AUDIT declaration: DefiKernel.Atomic.AbortReason.ctorElim; module=DefiKernel.Atomic.Execution; kind=definition; axioms=[]
info: DefiKernel/Atomic/Verify.lean:14:0: AXIOM AUDIT declaration: DefiKernel.Atomic.AbortReason.ctorElimType; module=DefiKernel.Atomic.Execution; kind=definition; axioms=[]
info: DefiKernel/Atomic/Verify.lean:14:0: AXIOM AUDIT declaration: DefiKernel.Atomic.AbortReason.ctorIdx; module=DefiKernel.Atomic.Execution; kind=definition; axioms=[]
info: DefiKernel/Atomic/Verify.lean:14:0: AXIOM AUDIT declaration: DefiKernel.Atomic.AbortReason.noConfusion; module=DefiKernel.Atomic.Execution; kind=definition; axioms=[]
info: DefiKernel/Atomic/Verify.lean:14:0: AXIOM AUDIT declaration: DefiKernel.Atomic.AbortReason.noConfusionType; module=DefiKernel.Atomic.Execution; kind=definition; axioms=[]
info: DefiKernel/Atomic/Verify.lean:14:0: AXIOM AUDIT declaration: DefiKernel.Atomic.AbortReason.recOn; module=DefiKernel.Atomic.Execution; kind=definition; axioms=[]
info: DefiKernel/Atomic/Verify.lean:14:0: AXIOM AUDIT declaration: DefiKernel.Atomic.AdmissionFailure._sizeOf_1; module=DefiKernel.Atomic.Execution; kind=definition; axioms=[]
info: DefiKernel/Atomic/Verify.lean:14:0: AXIOM AUDIT declaration: DefiKernel.Atomic.AdmissionFailure._sizeOf_inst; module=DefiKernel.Atomic.Execution; kind=definition; axioms=[]
info: DefiKernel/Atomic/Verify.lean:14:0: AXIOM AUDIT declaration: DefiKernel.Atomic.AdmissionFailure.casesOn; module=DefiKernel.Atomic.Execution; kind=definition; axioms=[]
info: DefiKernel/Atomic/Verify.lean:14:0: AXIOM AUDIT declaration: DefiKernel.Atomic.AdmissionFailure.ctorElim; module=DefiKernel.Atomic.Execution; kind=definition; axioms=[]
info: DefiKernel/Atomic/Verify.lean:14:0: AXIOM AUDIT declaration: DefiKernel.Atomic.AdmissionFailure.ctorElimType; module=DefiKernel.Atomic.Execution; kind=definition; axioms=[]
info: DefiKernel/Atomic/Verify.lean:14:0: AXIOM AUDIT declaration: DefiKernel.Atomic.AdmissionFailure.ctorIdx; module=DefiKernel.Atomic.Execution; kind=definition; axioms=[]
info: DefiKernel/Atomic/Verify.lean:14:0: AXIOM AUDIT declaration: DefiKernel.Atomic.AdmissionFailure.noConfusion; module=DefiKernel.Atomic.Execution; kind=definition; axioms=[]
info: DefiKernel/Atomic/Verify.lean:14:0: AXIOM AUDIT declaration: DefiKernel.Atomic.AdmissionFailure.noConfusionType; module=DefiKernel.Atomic.Execution; kind=definition; axioms=[]
info: DefiKernel/Atomic/Verify.lean:14:0: AXIOM AUDIT declaration: DefiKernel.Atomic.AdmissionFailure.recOn; module=DefiKernel.Atomic.Execution; kind=definition; axioms=[]
info: DefiKernel/Atomic/Verify.lean:14:0: AXIOM AUDIT declaration: DefiKernel.Atomic.Audit.main; module=DefiKernel.Atomic.Audit; kind=definition; axioms=[propext,
 Classical.choice,
 Quot.sound]
info: DefiKernel/Atomic/Verify.lean:14:0: AXIOM AUDIT declaration: DefiKernel.Atomic.EventObservation._sizeOf_1; module=DefiKernel.Atomic.Execution; kind=definition; axioms=[]
info: DefiKernel/Atomic/Verify.lean:14:0: AXIOM AUDIT declaration: DefiKernel.Atomic.EventObservation._sizeOf_inst; module=DefiKernel.Atomic.Execution; kind=definition; axioms=[]
info: DefiKernel/Atomic/Verify.lean:14:0: AXIOM AUDIT declaration: DefiKernel.Atomic.EventObservation.casesOn; module=DefiKernel.Atomic.Execution; kind=definition; axioms=[]
info: DefiKernel/Atomic/Verify.lean:14:0: AXIOM AUDIT declaration: DefiKernel.Atomic.EventObservation.ctorIdx; module=DefiKernel.Atomic.Execution; kind=definition; axioms=[]
info: DefiKernel/Atomic/Verify.lean:14:0: AXIOM AUDIT declaration: DefiKernel.Atomic.EventObservation.inner; module=DefiKernel.Atomic.Execution; kind=definition; axioms=[]
info: DefiKernel/Atomic/Verify.lean:14:0: AXIOM AUDIT declaration: DefiKernel.Atomic.EventObservation.label; module=DefiKernel.Atomic.Execution; kind=definition; axioms=[]
info: DefiKernel/Atomic/Verify.lean:14:0: AXIOM AUDIT declaration: DefiKernel.Atomic.EventObservation.noConfusion; module=DefiKernel.Atomic.Execution; kind=definition; axioms=[]
info: DefiKernel/Atomic/Verify.lean:14:0: AXIOM AUDIT declaration: DefiKernel.Atomic.EventObservation.noConfusionType; module=DefiKernel.Atomic.Execution; kind=definition; axioms=[]
info: DefiKernel/Atomic/Verify.lean:14:0: AXIOM AUDIT declaration: DefiKernel.Atomic.EventObservation.recOn; module=DefiKernel.Atomic.Execution; kind=definition; axioms=[]
info: DefiKernel/Atomic/Verify.lean:14:0: AXIOM AUDIT declaration: DefiKernel.Atomic.EventObservation.schedule; module=DefiKernel.Atomic.Execution; kind=definition; axioms=[]
info: DefiKernel/Atomic/Verify.lean:14:0: AXIOM AUDIT declaration: DefiKernel.Atomic.Examples.A; module=DefiKernel.Atomic.Examples; kind=definition; axioms=[]
info: DefiKernel/Atomic/Verify.lean:14:0: AXIOM AUDIT declaration: DefiKernel.Atomic.Examples.D; module=DefiKernel.Atomic.Examples; kind=definition; axioms=[]
info: DefiKernel/Atomic/Verify.lean:14:0: AXIOM AUDIT declaration: DefiKernel.Atomic.Examples.P; module=DefiKernel.Atomic.Examples; kind=definition; axioms=[]
info: DefiKernel/Atomic/Verify.lean:14:0: AXIOM AUDIT declaration: DefiKernel.Atomic.Examples.afterAssetReturn; module=DefiKernel.Atomic.Examples; kind=definition; axioms=[propext,
 Classical.choice,
 Quot.sound]
info: DefiKernel/Atomic/Verify.lean:14:0: AXIOM AUDIT declaration: DefiKernel.Atomic.Examples.afterDomainReturn; module=DefiKernel.Atomic.Examples; kind=definition; axioms=[propext,
 Classical.choice,
 Quot.sound]
info: DefiKernel/Atomic/Verify.lean:14:0: AXIOM AUDIT declaration: DefiKernel.Atomic.Examples.afterDraw; module=DefiKernel.Atomic.Examples; kind=definition; axioms=[propext,
 Classical.choice,
 Quot.sound]
info: DefiKernel/Atomic/Verify.lean:14:0: AXIOM AUDIT declaration: DefiKernel.Atomic.Examples.afterDrawNonlaneMint; module=DefiKernel.Atomic.Examples; kind=definition; axioms=[propext,
 Classical.choice,
 Quot.sound]
info: DefiKernel/Atomic/Verify.lean:14:0: AXIOM AUDIT declaration: DefiKernel.Atomic.Examples.afterLaneMint; module=DefiKernel.Atomic.Examples; kind=definition; axioms=[propext,
 Classical.choice,
 Quot.sound]
info: DefiKernel/Atomic/Verify.lean:14:0: AXIOM AUDIT declaration: DefiKernel.Atomic.Examples.afterLastLane; module=DefiKernel.Atomic.Examples; kind=definition; axioms=[propext,
 Classical.choice,
 Quot.sound]
info: DefiKernel/Atomic/Verify.lean:14:0: AXIOM AUDIT declaration: DefiKernel.Atomic.Examples.afterLastParticipant; module=DefiKernel.Atomic.Examples; kind=definition; axioms=[propext,
 Classical.choice,
 Quot.sound]
info: DefiKernel/Atomic/Verify.lean:14:0: AXIOM AUDIT declaration: DefiKernel.Atomic.Examples.afterNonlaneMint; module=DefiKernel.Atomic.Examples; kind=definition; axioms=[propext,
 Classical.choice,
 Quot.sound]
info: DefiKernel/Atomic/Verify.lean:14:0: AXIOM AUDIT declaration: DefiKernel.Atomic.Examples.afterOver; module=DefiKernel.Atomic.Examples; kind=definition; axioms=[propext,
 Classical.choice,
 Quot.sound]
info: DefiKernel/Atomic/Verify.lean:14:0: AXIOM AUDIT declaration: DefiKernel.Atomic.Examples.afterPeerReturn; module=DefiKernel.Atomic.Examples; kind=definition; axioms=[propext,
 Classical.choice,
 Quot.sound]
info: DefiKernel/Atomic/Verify.lean:14:0: AXIOM AUDIT declaration: DefiKernel.Atomic.Examples.afterUnder; module=DefiKernel.Atomic.Examples; kind=definition; axioms=[propext,
 Classical.choice,
 Quot.sound]
info: DefiKernel/Atomic/Verify.lean:14:0: AXIOM AUDIT declaration: DefiKernel.Atomic.Examples.assetResiduals; module=DefiKernel.Atomic.Examples; kind=definition; axioms=[propext,
 Quot.sound]
info: DefiKernel/Atomic/Verify.lean:14:0: AXIOM AUDIT declaration: DefiKernel.Atomic.Examples.assetReturnEvents; module=DefiKernel.Atomic.Examples; kind=definition; axioms=[propext,
 Quot.sound]
info: DefiKernel/Atomic/Verify.lean:14:0: AXIOM AUDIT declaration: DefiKernel.Atomic.Examples.atomBoundary; module=DefiKernel.Atomic.Examples; kind=definition; axioms=[propext,
 Quot.sound]
info: DefiKernel/Atomic/Verify.lean:14:0: AXIOM AUDIT declaration: DefiKernel.Atomic.Examples.atomCaps; module=DefiKernel.Atomic.Examples; kind=definition; axioms=[]
info: DefiKernel/Atomic/Verify.lean:14:0: AXIOM AUDIT declaration: DefiKernel.Atomic.Examples.atomCfg; module=DefiKernel.Atomic.Examples; kind=definition; axioms=[propext,
 Classical.choice,
 Quot.sound]
info: DefiKernel/Atomic/Verify.lean:14:0: AXIOM AUDIT declaration: DefiKernel.Atomic.Examples.atomInitial; module=DefiKernel.Atomic.Examples; kind=definition; axioms=[propext,
 Classical.choice,
 Quot.sound]
info: DefiKernel/Atomic/Verify.lean:14:0: AXIOM AUDIT declaration: DefiKernel.Atomic.Examples.atomStore; module=DefiKernel.Atomic.Examples; kind=definition; axioms=[propext,
 Classical.choice,
 Quot.sound]
info: DefiKernel/Atomic/Verify.lean:14:0: AXIOM AUDIT declaration: DefiKernel.Atomic.Examples.atomWorld; module=DefiKernel.Atomic.Examples; kind=definition; axioms=[propext,
 Classical.choice,
 Quot.sound]
info: DefiKernel/Atomic/Verify.lean:14:0: AXIOM AUDIT declaration: DefiKernel.Atomic.Examples.balanceTable; module=DefiKernel.Atomic.Examples; kind=definition; axioms=[propext,
 Quot.sound]
info: DefiKernel/Atomic/Verify.lean:14:0: AXIOM AUDIT declaration: DefiKernel.Atomic.Examples.basePolicy; module=DefiKernel.Atomic.Examples; kind=definition; axioms=[]
info: DefiKernel/Atomic/Verify.lean:14:0: AXIOM AUDIT declaration: DefiKernel.Atomic.Examples.batchPolicy; module=DefiKernel.Atomic.Examples; kind=definition; axioms=[]
info: DefiKernel/Atomic/Verify.lean:14:0: AXIOM AUDIT declaration: DefiKernel.Atomic.Examples.collateral; module=DefiKernel.Atomic.Examples; kind=definition; axioms=[]
info: DefiKernel/Atomic/Verify.lean:14:0: AXIOM AUDIT declaration: DefiKernel.Atomic.Examples.creditEvents; module=DefiKernel.Atomic.Examples; kind=definition; axioms=[propext,
 Quot.sound]
info: DefiKernel/Atomic/Verify.lean:14:0: AXIOM AUDIT declaration: DefiKernel.Atomic.Examples.creditLeft; module=DefiKernel.Atomic.Examples; kind=definition; axioms=[propext,
 Quot.sound]
info: DefiKernel/Atomic/Verify.lean:14:0: AXIOM AUDIT declaration: DefiKernel.Atomic.Examples.domainPolicy; module=DefiKernel.Atomic.Examples; kind=definition; axioms=[]
info: DefiKernel/Atomic/Verify.lean:14:0: AXIOM AUDIT declaration: DefiKernel.Atomic.Examples.domainResiduals; module=DefiKernel.Atomic.Examples; kind=definition; axioms=[propext,
 Quot.sound]
info: DefiKernel/Atomic/Verify.lean:14:0: AXIOM AUDIT declaration: DefiKernel.Atomic.Examples.domainReturnEvents; module=DefiKernel.Atomic.Examples; kind=definition; axioms=[propext,
 Quot.sound]
info: DefiKernel/Atomic/Verify.lean:14:0: AXIOM AUDIT declaration: DefiKernel.Atomic.Examples.draw; module=DefiKernel.Atomic.Examples; kind=definition; axioms=[]
info: DefiKernel/Atomic/Verify.lean:14:0: AXIOM AUDIT declaration: DefiKernel.Atomic.Examples.drawEvent; module=DefiKernel.Atomic.Examples; kind=definition; axioms=[propext,
 Quot.sound]
info: DefiKernel/Atomic/Verify.lean:14:0: AXIOM AUDIT declaration: DefiKernel.Atomic.Examples.drawOther; module=DefiKernel.Atomic.Examples; kind=definition; axioms=[]
info: DefiKernel/Atomic/Verify.lean:14:0: AXIOM AUDIT declaration: DefiKernel.Atomic.Examples.drawOtherTemplate; module=DefiKernel.Atomic.Examples; kind=definition; axioms=[propext,
 Quot.sound]
info: DefiKernel/Atomic/Verify.lean:14:0: AXIOM AUDIT declaration: DefiKernel.Atomic.Examples.drawResiduals; module=DefiKernel.Atomic.Examples; kind=definition; axioms=[propext,
 Quot.sound]
info: DefiKernel/Atomic/Verify.lean:14:0: AXIOM AUDIT declaration: DefiKernel.Atomic.Examples.drawReturnEvents; module=DefiKernel.Atomic.Examples; kind=definition; axioms=[propext,
 Quot.sound]
info: DefiKernel/Atomic/Verify.lean:14:0: AXIOM AUDIT declaration: DefiKernel.Atomic.Examples.drawReturnLeft; module=DefiKernel.Atomic.Examples; kind=definition; axioms=[propext,
 Quot.sound]
info: DefiKernel/Atomic/Verify.lean:14:0: AXIOM AUDIT declaration: DefiKernel.Atomic.Examples.drawShare; module=DefiKernel.Atomic.Examples; kind=definition; axioms=[]
info: DefiKernel/Atomic/Verify.lean:14:0: AXIOM AUDIT declaration: DefiKernel.Atomic.Examples.drawShareTemplate; module=DefiKernel.Atomic.Examples; kind=definition; axioms=[propext,
 Quot.sound]
info: DefiKernel/Atomic/Verify.lean:14:0: AXIOM AUDIT declaration: DefiKernel.Atomic.Examples.drawTemplate; module=DefiKernel.Atomic.Examples; kind=definition; axioms=[propext,
 Quot.sound]
info: DefiKernel/Atomic/Verify.lean:14:0: AXIOM AUDIT declaration: DefiKernel.Atomic.Examples.duplicateLanePolicy; module=DefiKernel.Atomic.Examples; kind=definition; axioms=[]
info: DefiKernel/Atomic/Verify.lean:14:0: AXIOM AUDIT declaration: DefiKernel.Atomic.Examples.duplicateParticipantPolicy; module=DefiKernel.Atomic.Examples; kind=definition; axioms=[]
info: DefiKernel/Atomic/Verify.lean:14:0: AXIOM AUDIT declaration: DefiKernel.Atomic.Examples.expectedOutstanding; module=DefiKernel.Atomic.Examples; kind=definition; axioms=[propext,
 Quot.sound]
info: DefiKernel/Atomic/Verify.lean:14:0: AXIOM AUDIT declaration: DefiKernel.Atomic.Examples.expectedTransfer; module=DefiKernel.Atomic.Examples; kind=definition; axioms=[]
info: DefiKernel/Atomic/Verify.lean:14:0: AXIOM AUDIT declaration: DefiKernel.Atomic.Examples.fixtureComponent; module=DefiKernel.Atomic.Examples; kind=definition; axioms=[]
info: DefiKernel/Atomic/Verify.lean:14:0: AXIOM AUDIT declaration: DefiKernel.Atomic.Examples.invocation; module=DefiKernel.Atomic.Examples; kind=definition; axioms=[]
info: DefiKernel/Atomic/Verify.lean:14:0: AXIOM AUDIT declaration: DefiKernel.Atomic.Examples.laneMintEvent; module=DefiKernel.Atomic.Examples; kind=definition; axioms=[propext,
 Quot.sound]
info: DefiKernel/Atomic/Verify.lean:14:0: AXIOM AUDIT declaration: DefiKernel.Atomic.Examples.lastLaneEvents; module=DefiKernel.Atomic.Examples; kind=definition; axioms=[propext,
 Quot.sound]
info: DefiKernel/Atomic/Verify.lean:14:0: AXIOM AUDIT declaration: DefiKernel.Atomic.Examples.lastLaneResiduals; module=DefiKernel.Atomic.Examples; kind=definition; axioms=[propext,
 Quot.sound]
info: DefiKernel/Atomic/Verify.lean:14:0: AXIOM AUDIT declaration: DefiKernel.Atomic.Examples.lastParticipantEvents; module=DefiKernel.Atomic.Examples; kind=definition; axioms=[propext,
 Quot.sound]
info: DefiKernel/Atomic/Verify.lean:14:0: AXIOM AUDIT declaration: DefiKernel.Atomic.Examples.lastParticipantResiduals; module=DefiKernel.Atomic.Examples; kind=definition; axioms=[propext,
 Quot.sound]
info: DefiKernel/Atomic/Verify.lean:14:0: AXIOM AUDIT declaration: DefiKernel.Atomic.Examples.liveDraw; module=DefiKernel.Atomic.Examples; kind=definition; axioms=[propext,
 Quot.sound]
info: DefiKernel/Atomic/Verify.lean:14:0: AXIOM AUDIT declaration: DefiKernel.Atomic.Examples.liveDrawTemplate; module=DefiKernel.Atomic.Examples; kind=definition; axioms=[propext,
 Classical.choice,
 Quot.sound]
info: DefiKernel/Atomic/Verify.lean:14:0: AXIOM AUDIT declaration: DefiKernel.Atomic.Examples.localBoundary; module=DefiKernel.Atomic.Examples; kind=definition; axioms=[propext,
 Quot.sound]
info: DefiKernel/Atomic/Verify.lean:14:0: AXIOM AUDIT declaration: DefiKernel.Atomic.Examples.mintAt; module=DefiKernel.Atomic.Examples; kind=definition; axioms=[]
info: DefiKernel/Atomic/Verify.lean:14:0: AXIOM AUDIT declaration: DefiKernel.Atomic.Examples.mintEvent; module=DefiKernel.Atomic.Examples; kind=definition; axioms=[]
info: DefiKernel/Atomic/Verify.lean:14:0: AXIOM AUDIT declaration: DefiKernel.Atomic.Examples.mintShare; module=DefiKernel.Atomic.Examples; kind=definition; axioms=[propext,
 Quot.sound]
info: DefiKernel/Atomic/Verify.lean:14:0: AXIOM AUDIT declaration: DefiKernel.Atomic.Examples.mintUSD; module=DefiKernel.Atomic.Examples; kind=definition; axioms=[propext,
 Quot.sound]
info: DefiKernel/Atomic/Verify.lean:14:0: AXIOM AUDIT declaration: DefiKernel.Atomic.Examples.multiLanePolicy; module=DefiKernel.Atomic.Examples; kind=definition; axioms=[]
info: DefiKernel/Atomic/Verify.lean:14:0: AXIOM AUDIT declaration: DefiKernel.Atomic.Examples.multiParticipantPolicy; module=DefiKernel.Atomic.Examples; kind=definition; axioms=[]
info: DefiKernel/Atomic/Verify.lean:14:0: AXIOM AUDIT declaration: DefiKernel.Atomic.Examples.noOpEvent; module=DefiKernel.Atomic.Examples; kind=definition; axioms=[propext,
 Quot.sound]
info: DefiKernel/Atomic/Verify.lean:14:0: AXIOM AUDIT declaration: DefiKernel.Atomic.Examples.noOpLeft; module=DefiKernel.Atomic.Examples; kind=definition; axioms=[propext,
 Quot.sound]
info: DefiKernel/Atomic/Verify.lean:14:0: AXIOM AUDIT declaration: DefiKernel.Atomic.Examples.nonlaneEvents; module=DefiKernel.Atomic.Examples; kind=definition; axioms=[propext,
 Quot.sound]
info: DefiKernel/Atomic/Verify.lean:14:0: AXIOM AUDIT declaration: DefiKernel.Atomic.Examples.nonlaneLeft; module=DefiKernel.Atomic.Examples; kind=definition; axioms=[propext,
 Quot.sound]
info: DefiKernel/Atomic/Verify.lean:14:0: AXIOM AUDIT declaration: DefiKernel.Atomic.Examples.nonlaneMintEvent; module=DefiKernel.Atomic.Examples; kind=definition; axioms=[propext,
 Quot.sound]
info: DefiKernel/Atomic/Verify.lean:14:0: AXIOM AUDIT declaration: DefiKernel.Atomic.Examples.noop; module=DefiKernel.Atomic.Examples; kind=definition; axioms=[propext,
 Quot.sound]
info: DefiKernel/Atomic/Verify.lean:14:0: AXIOM AUDIT declaration: DefiKernel.Atomic.Examples.noopTemplate; module=DefiKernel.Atomic.Examples; kind=definition; axioms=[propext,
 Quot.sound]
info: DefiKernel/Atomic/Verify.lean:14:0: AXIOM AUDIT declaration: DefiKernel.Atomic.Examples.operations; module=DefiKernel.Atomic.Examples; kind=definition; axioms=[propext,
 Classical.choice,
 Quot.sound]
info: DefiKernel/Atomic/Verify.lean:14:0: AXIOM AUDIT declaration: DefiKernel.Atomic.Examples.otherAlice; module=DefiKernel.Atomic.Examples; kind=definition; axioms=[]
info: DefiKernel/Atomic/Verify.lean:14:0: AXIOM AUDIT declaration: DefiKernel.Atomic.Examples.otherBoundary; module=DefiKernel.Atomic.Examples; kind=definition; axioms=[propext,
 Quot.sound]
info: DefiKernel/Atomic/Verify.lean:14:0: AXIOM AUDIT declaration: DefiKernel.Atomic.Examples.otherLane; module=DefiKernel.Atomic.Examples; kind=definition; axioms=[]
info: DefiKernel/Atomic/Verify.lean:14:0: AXIOM AUDIT declaration: DefiKernel.Atomic.Examples.otherVault; module=DefiKernel.Atomic.Examples; kind=definition; axioms=[]
info: DefiKernel/Atomic/Verify.lean:14:0: AXIOM AUDIT declaration: DefiKernel.Atomic.Examples.overEvents; module=DefiKernel.Atomic.Examples; kind=definition; axioms=[propext,
 Quot.sound]
info: DefiKernel/Atomic/Verify.lean:14:0: AXIOM AUDIT declaration: DefiKernel.Atomic.Examples.overLeft; module=DefiKernel.Atomic.Examples; kind=definition; axioms=[propext,
 Quot.sound]
info: DefiKernel/Atomic/Verify.lean:14:0: AXIOM AUDIT declaration: DefiKernel.Atomic.Examples.overResiduals; module=DefiKernel.Atomic.Examples; kind=definition; axioms=[propext,
 Quot.sound]
info: DefiKernel/Atomic/Verify.lean:14:0: AXIOM AUDIT declaration: DefiKernel.Atomic.Examples.packedAt; module=DefiKernel.Atomic.Examples; kind=definition; axioms=[]
info: DefiKernel/Atomic/Verify.lean:14:0: AXIOM AUDIT declaration: DefiKernel.Atomic.Examples.peerBoundary; module=DefiKernel.Atomic.Examples; kind=definition; axioms=[propext,
 Quot.sound]
info: DefiKernel/Atomic/Verify.lean:14:0: AXIOM AUDIT declaration: DefiKernel.Atomic.Examples.peerResiduals; module=DefiKernel.Atomic.Examples; kind=definition; axioms=[propext,
 Quot.sound]
info: DefiKernel/Atomic/Verify.lean:14:0: AXIOM AUDIT declaration: DefiKernel.Atomic.Examples.peerReturnEvents; module=DefiKernel.Atomic.Examples; kind=definition; axioms=[propext,
 Quot.sound]
info: DefiKernel/Atomic/Verify.lean:14:0: AXIOM AUDIT declaration: DefiKernel.Atomic.Examples.refAt; module=DefiKernel.Atomic.Examples; kind=definition; axioms=[]
info: DefiKernel/Atomic/Verify.lean:14:0: AXIOM AUDIT declaration: DefiKernel.Atomic.Examples.repay; module=DefiKernel.Atomic.Examples; kind=definition; axioms=[]
info: DefiKernel/Atomic/Verify.lean:14:0: AXIOM AUDIT declaration: DefiKernel.Atomic.Examples.repayEvent; module=DefiKernel.Atomic.Examples; kind=definition; axioms=[]
info: DefiKernel/Atomic/Verify.lean:14:0: AXIOM AUDIT declaration: DefiKernel.Atomic.Examples.repayOther; module=DefiKernel.Atomic.Examples; kind=definition; axioms=[]
info: DefiKernel/Atomic/Verify.lean:14:0: AXIOM AUDIT declaration: DefiKernel.Atomic.Examples.repayOtherTemplate; module=DefiKernel.Atomic.Examples; kind=definition; axioms=[propext,
 Quot.sound]
info: DefiKernel/Atomic/Verify.lean:14:0: AXIOM AUDIT declaration: DefiKernel.Atomic.Examples.repayShare; module=DefiKernel.Atomic.Examples; kind=definition; axioms=[]
info: DefiKernel/Atomic/Verify.lean:14:0: AXIOM AUDIT declaration: DefiKernel.Atomic.Examples.repayShareTemplate; module=DefiKernel.Atomic.Examples; kind=definition; axioms=[propext,
 Quot.sound]
info: DefiKernel/Atomic/Verify.lean:14:0: AXIOM AUDIT declaration: DefiKernel.Atomic.Examples.repayTemplate; module=DefiKernel.Atomic.Examples; kind=definition; axioms=[propext,
 Quot.sound]
info: DefiKernel/Atomic/Verify.lean:14:0: AXIOM AUDIT declaration: DefiKernel.Atomic.Examples.repeatedDraw; module=DefiKernel.Atomic.Examples; kind=definition; axioms=[propext,
 Classical.choice,
 Quot.sound]
info: DefiKernel/Atomic/Verify.lean:14:0: AXIOM AUDIT declaration: DefiKernel.Atomic.Examples.repeatedEvent; module=DefiKernel.Atomic.Examples; kind=definition; axioms=[propext,
 Classical.choice,
 Quot.sound]
info: DefiKernel/Atomic/Verify.lean:14:0: AXIOM AUDIT declaration: DefiKernel.Atomic.Examples.repeatedTemplate; module=DefiKernel.Atomic.Examples; kind=definition; axioms=[propext,
 Quot.sound]
info: DefiKernel/Atomic/Verify.lean:14:0: AXIOM AUDIT declaration: DefiKernel.Atomic.Examples.revokedInitial; module=DefiKernel.Atomic.Examples; kind=definition; axioms=[propext,
 Classical.choice,
 Quot.sound]
info: DefiKernel/Atomic/Verify.lean:14:0: AXIOM AUDIT declaration: DefiKernel.Atomic.Examples.revokedStore; module=DefiKernel.Atomic.Examples; kind=definition; axioms=[propext,
 Classical.choice,
 Quot.sound]
info: DefiKernel/Atomic/Verify.lean:14:0: AXIOM AUDIT declaration: DefiKernel.Atomic.Examples.shareAlice; module=DefiKernel.Atomic.Examples; kind=definition; axioms=[]
info: DefiKernel/Atomic/Verify.lean:14:0: AXIOM AUDIT declaration: DefiKernel.Atomic.Examples.shareLane; module=DefiKernel.Atomic.Examples; kind=definition; axioms=[]
info: DefiKernel/Atomic/Verify.lean:14:0: AXIOM AUDIT declaration: DefiKernel.Atomic.Examples.shareVault; module=DefiKernel.Atomic.Examples; kind=definition; axioms=[]
info: DefiKernel/Atomic/Verify.lean:14:0: AXIOM AUDIT declaration: DefiKernel.Atomic.Examples.timedDraw; module=DefiKernel.Atomic.Examples; kind=definition; axioms=[]
info: DefiKernel/Atomic/Verify.lean:14:0: AXIOM AUDIT declaration: DefiKernel.Atomic.Examples.timedDrawTemplate; module=DefiKernel.Atomic.Examples; kind=definition; axioms=[]
info: DefiKernel/Atomic/Verify.lean:14:0: AXIOM AUDIT declaration: DefiKernel.Atomic.Examples.transferAt; module=DefiKernel.Atomic.Examples; kind=definition; axioms=[propext,
 Quot.sound]
info: DefiKernel/Atomic/Verify.lean:14:0: AXIOM AUDIT declaration: DefiKernel.Atomic.Examples.underEvents; module=DefiKernel.Atomic.Examples; kind=definition; axioms=[propext,
 Quot.sound]
info: DefiKernel/Atomic/Verify.lean:14:0: AXIOM AUDIT declaration: DefiKernel.Atomic.Examples.underLeft; module=DefiKernel.Atomic.Examples; kind=definition; axioms=[propext,
 Quot.sound]
info: DefiKernel/Atomic/Verify.lean:14:0: AXIOM AUDIT declaration: DefiKernel.Atomic.Examples.underResiduals; module=DefiKernel.Atomic.Examples; kind=definition; axioms=[propext,
 Quot.sound]
info: DefiKernel/Atomic/Verify.lean:14:0: AXIOM AUDIT declaration: DefiKernel.Atomic.Examples.usdAlice; module=DefiKernel.Atomic.Examples; kind=definition; axioms=[]
info: DefiKernel/Atomic/Verify.lean:14:0: AXIOM AUDIT declaration: DefiKernel.Atomic.Examples.usdBob; module=DefiKernel.Atomic.Examples; kind=definition; axioms=[]
info: DefiKernel/Atomic/Verify.lean:14:0: AXIOM AUDIT declaration: DefiKernel.Atomic.Examples.usdLane; module=DefiKernel.Atomic.Examples; kind=definition; axioms=[]
info: DefiKernel/Atomic/Verify.lean:14:0: AXIOM AUDIT declaration: DefiKernel.Atomic.Examples.usdVault; module=DefiKernel.Atomic.Examples; kind=definition; axioms=[]
info: DefiKernel/Atomic/Verify.lean:14:0: AXIOM AUDIT declaration: DefiKernel.Atomic.InnerObservation._sizeOf_1; module=DefiKernel.Atomic.Execution; kind=definition; axioms=[]
info: DefiKernel/Atomic/Verify.lean:14:0: AXIOM AUDIT declaration: DefiKernel.Atomic.InnerObservation._sizeOf_inst; module=DefiKernel.Atomic.Execution; kind=definition; axioms=[]
info: DefiKernel/Atomic/Verify.lean:14:0: AXIOM AUDIT declaration: DefiKernel.Atomic.InnerObservation.branch; module=DefiKernel.Atomic.Execution; kind=definition; axioms=[]
info: DefiKernel/Atomic/Verify.lean:14:0: AXIOM AUDIT declaration: DefiKernel.Atomic.InnerObservation.casesOn; module=DefiKernel.Atomic.Execution; kind=definition; axioms=[]
info: DefiKernel/Atomic/Verify.lean:14:0: AXIOM AUDIT declaration: DefiKernel.Atomic.InnerObservation.ctorIdx; module=DefiKernel.Atomic.Execution; kind=definition; axioms=[]
info: DefiKernel/Atomic/Verify.lean:14:0: AXIOM AUDIT declaration: DefiKernel.Atomic.InnerObservation.index; module=DefiKernel.Atomic.Execution; kind=definition; axioms=[]
info: DefiKernel/Atomic/Verify.lean:14:0: AXIOM AUDIT declaration: DefiKernel.Atomic.InnerObservation.invocation; module=DefiKernel.Atomic.Execution; kind=definition; axioms=[]
info: DefiKernel/Atomic/Verify.lean:14:0: AXIOM AUDIT declaration: DefiKernel.Atomic.InnerObservation.noConfusion; module=DefiKernel.Atomic.Execution; kind=definition; axioms=[]
info: DefiKernel/Atomic/Verify.lean:14:0: AXIOM AUDIT declaration: DefiKernel.Atomic.InnerObservation.noConfusionType; module=DefiKernel.Atomic.Execution; kind=definition; axioms=[]
info: DefiKernel/Atomic/Verify.lean:14:0: AXIOM AUDIT declaration: DefiKernel.Atomic.InnerObservation.outputs; module=DefiKernel.Atomic.Execution; kind=definition; axioms=[]
info: DefiKernel/Atomic/Verify.lean:14:0: AXIOM AUDIT declaration: DefiKernel.Atomic.InnerObservation.recOn; module=DefiKernel.Atomic.Execution; kind=definition; axioms=[]
info: DefiKernel/Atomic/Verify.lean:14:0: AXIOM AUDIT declaration: DefiKernel.Atomic.InnerObservation.receipt; module=DefiKernel.Atomic.Execution; kind=definition; axioms=[]
info: DefiKernel/Atomic/Verify.lean:14:0: AXIOM AUDIT declaration: DefiKernel.Atomic.InvariantFixtures.collateralInvariant; module=DefiKernel.Atomic.InvariantFixtures; kind=definition; axioms=[propext,
 Quot.sound]
info: DefiKernel/Atomic/Verify.lean:14:0: AXIOM AUDIT declaration: DefiKernel.Atomic.InvariantFixtures.drawFootprint; module=DefiKernel.Atomic.InvariantFixtures; kind=definition; axioms=[]
info: DefiKernel/Atomic/Verify.lean:14:0: AXIOM AUDIT declaration: DefiKernel.Atomic.InvariantFixtures.drawPrefix; module=DefiKernel.Atomic.InvariantFixtures; kind=definition; axioms=[propext,
 Classical.choice,
 Quot.sound]
info: DefiKernel/Atomic/Verify.lean:14:0: AXIOM AUDIT declaration: DefiKernel.Atomic.InvariantFixtures.repayFootprint; module=DefiKernel.Atomic.InvariantFixtures; kind=definition; axioms=[]
info: DefiKernel/Atomic/Verify.lean:14:0: AXIOM AUDIT declaration: DefiKernel.Atomic.InvariantFixtures.unchangedCollateral; module=DefiKernel.Atomic.InvariantFixtures; kind=definition; axioms=[propext,
 Quot.sound]
info: DefiKernel/Atomic/Verify.lean:14:0: AXIOM AUDIT declaration: DefiKernel.Atomic.InvariantFixtures.unpaidAtomic; module=DefiKernel.Atomic.InvariantFixtures; kind=definition; axioms=[propext,
 Classical.choice,
 Quot.sound]
info: DefiKernel/Atomic/Verify.lean:14:0: AXIOM AUDIT declaration: DefiKernel.Atomic.InvariantFixtures.unpaidInterleaving; module=DefiKernel.Atomic.InvariantFixtures; kind=definition; axioms=[propext,
 Classical.choice,
 Quot.sound]
info: DefiKernel/Atomic/Verify.lean:14:0: AXIOM AUDIT declaration: DefiKernel.Atomic.Lane._sizeOf_1; module=DefiKernel.Atomic.Policy; kind=definition; axioms=[]
info: DefiKernel/Atomic/Verify.lean:14:0: AXIOM AUDIT declaration: DefiKernel.Atomic.Lane._sizeOf_inst; module=DefiKernel.Atomic.Policy; kind=definition; axioms=[]
info: DefiKernel/Atomic/Verify.lean:14:0: AXIOM AUDIT declaration: DefiKernel.Atomic.Lane.asset; module=DefiKernel.Atomic.Policy; kind=definition; axioms=[]
info: DefiKernel/Atomic/Verify.lean:14:0: AXIOM AUDIT declaration: DefiKernel.Atomic.Lane.casesOn; module=DefiKernel.Atomic.Policy; kind=definition; axioms=[]
info: DefiKernel/Atomic/Verify.lean:14:0: AXIOM AUDIT declaration: DefiKernel.Atomic.Lane.cell; module=DefiKernel.Atomic.Policy; kind=definition; axioms=[]
info: DefiKernel/Atomic/Verify.lean:14:0: AXIOM AUDIT declaration: DefiKernel.Atomic.Lane.ctorIdx; module=DefiKernel.Atomic.Policy; kind=definition; axioms=[]
info: DefiKernel/Atomic/Verify.lean:14:0: AXIOM AUDIT declaration: DefiKernel.Atomic.Lane.domain; module=DefiKernel.Atomic.Policy; kind=definition; axioms=[]
info: DefiKernel/Atomic/Verify.lean:14:0: AXIOM AUDIT declaration: DefiKernel.Atomic.Lane.noConfusion; module=DefiKernel.Atomic.Policy; kind=definition; axioms=[]
info: DefiKernel/Atomic/Verify.lean:14:0: AXIOM AUDIT declaration: DefiKernel.Atomic.Lane.noConfusionType; module=DefiKernel.Atomic.Policy; kind=definition; axioms=[]
info: DefiKernel/Atomic/Verify.lean:14:0: AXIOM AUDIT declaration: DefiKernel.Atomic.Lane.recOn; module=DefiKernel.Atomic.Policy; kind=definition; axioms=[]
info: DefiKernel/Atomic/Verify.lean:14:0: AXIOM AUDIT declaration: DefiKernel.Atomic.Lane.vault; module=DefiKernel.Atomic.Policy; kind=definition; axioms=[]
info: DefiKernel/Atomic/Verify.lean:14:0: AXIOM AUDIT declaration: DefiKernel.Atomic.Machine._sizeOf_1; module=DefiKernel.Atomic.Execution; kind=definition; axioms=[propext,
 Quot.sound]
info: DefiKernel/Atomic/Verify.lean:14:0: AXIOM AUDIT declaration: DefiKernel.Atomic.Machine._sizeOf_inst; module=DefiKernel.Atomic.Execution; kind=definition; axioms=[propext,
 Quot.sound]
info: DefiKernel/Atomic/Verify.lean:14:0: AXIOM AUDIT declaration: DefiKernel.Atomic.Machine.abort; module=DefiKernel.Atomic.Execution; kind=definition; axioms=[propext,
 Quot.sound]
info: DefiKernel/Atomic/Verify.lean:14:0: AXIOM AUDIT declaration: DefiKernel.Atomic.Machine.casesOn; module=DefiKernel.Atomic.Execution; kind=definition; axioms=[propext,
 Quot.sound]
info: DefiKernel/Atomic/Verify.lean:14:0: AXIOM AUDIT declaration: DefiKernel.Atomic.Machine.ctorIdx; module=DefiKernel.Atomic.Execution; kind=definition; axioms=[propext,
 Quot.sound]
info: DefiKernel/Atomic/Verify.lean:14:0: AXIOM AUDIT declaration: DefiKernel.Atomic.Machine.entryWorld; module=DefiKernel.Atomic.Execution; kind=definition; axioms=[propext,
 Quot.sound]
info: DefiKernel/Atomic/Verify.lean:14:0: AXIOM AUDIT declaration: DefiKernel.Atomic.Machine.noConfusion; module=DefiKernel.Atomic.Execution; kind=definition; axioms=[propext,
 Quot.sound]
info: DefiKernel/Atomic/Verify.lean:14:0: AXIOM AUDIT declaration: DefiKernel.Atomic.Machine.noConfusionType; module=DefiKernel.Atomic.Execution; kind=definition; axioms=[propext,
 Quot.sound]
info: DefiKernel/Atomic/Verify.lean:14:0: AXIOM AUDIT declaration: DefiKernel.Atomic.Machine.outstanding; module=DefiKernel.Atomic.Execution; kind=definition; axioms=[propext,
 Quot.sound]
info: DefiKernel/Atomic/Verify.lean:14:0: AXIOM AUDIT declaration: DefiKernel.Atomic.Machine.position; module=DefiKernel.Atomic.Execution; kind=definition; axioms=[propext,
 Quot.sound]
info: DefiKernel/Atomic/Verify.lean:14:0: AXIOM AUDIT declaration: DefiKernel.Atomic.Machine.recOn; module=DefiKernel.Atomic.Execution; kind=definition; axioms=[propext,
 Quot.sound]
info: DefiKernel/Atomic/Verify.lean:14:0: AXIOM AUDIT declaration: DefiKernel.Atomic.Machine.speculative; module=DefiKernel.Atomic.Execution; kind=definition; axioms=[propext,
 Quot.sound]
info: DefiKernel/Atomic/Verify.lean:14:0: AXIOM AUDIT declaration: DefiKernel.Atomic.Observation.Equivalent; module=DefiKernel.Atomic.Observation; kind=definition; axioms=[propext,
 Quot.sound]
info: DefiKernel/Atomic/Verify.lean:14:0: AXIOM AUDIT declaration: DefiKernel.Atomic.Observation._sizeOf_1; module=DefiKernel.Atomic.Observation; kind=definition; axioms=[propext,
 Quot.sound]
info: DefiKernel/Atomic/Verify.lean:14:0: AXIOM AUDIT declaration: DefiKernel.Atomic.Observation._sizeOf_inst; module=DefiKernel.Atomic.Observation; kind=definition; axioms=[propext,
 Quot.sound]
info: DefiKernel/Atomic/Verify.lean:14:0: AXIOM AUDIT declaration: DefiKernel.Atomic.Observation.casesOn; module=DefiKernel.Atomic.Observation; kind=definition; axioms=[propext,
 Quot.sound]
info: DefiKernel/Atomic/Verify.lean:14:0: AXIOM AUDIT declaration: DefiKernel.Atomic.Observation.ctorIdx; module=DefiKernel.Atomic.Observation; kind=definition; axioms=[propext,
 Quot.sound]
info: DefiKernel/Atomic/Verify.lean:14:0: AXIOM AUDIT declaration: DefiKernel.Atomic.Observation.events; module=DefiKernel.Atomic.Observation; kind=definition; axioms=[propext,
 Quot.sound]
info: DefiKernel/Atomic/Verify.lean:14:0: AXIOM AUDIT declaration: DefiKernel.Atomic.Observation.label; module=DefiKernel.Atomic.Observation; kind=definition; axioms=[propext,
 Quot.sound]
info: DefiKernel/Atomic/Verify.lean:14:0: AXIOM AUDIT declaration: DefiKernel.Atomic.Observation.noConfusion; module=DefiKernel.Atomic.Observation; kind=definition; axioms=[propext,
 Quot.sound]
info: DefiKernel/Atomic/Verify.lean:14:0: AXIOM AUDIT declaration: DefiKernel.Atomic.Observation.noConfusionType; module=DefiKernel.Atomic.Observation; kind=definition; axioms=[propext,
 Quot.sound]
info: DefiKernel/Atomic/Verify.lean:14:0: AXIOM AUDIT declaration: DefiKernel.Atomic.Observation.outcome; module=DefiKernel.Atomic.Observation; kind=definition; axioms=[propext,
 Quot.sound]
info: DefiKernel/Atomic/Verify.lean:14:0: AXIOM AUDIT declaration: DefiKernel.Atomic.Observation.recOn; module=DefiKernel.Atomic.Observation; kind=definition; axioms=[propext,
 Quot.sound]
info: DefiKernel/Atomic/Verify.lean:14:0: AXIOM AUDIT declaration: DefiKernel.Atomic.Observation.schedule; module=DefiKernel.Atomic.Observation; kind=definition; axioms=[propext,
 Quot.sound]
info: DefiKernel/Atomic/Verify.lean:14:0: AXIOM AUDIT declaration: DefiKernel.Atomic.Observation.supply; module=DefiKernel.Atomic.Observation; kind=definition; axioms=[propext,
 Quot.sound]
info: DefiKernel/Atomic/Verify.lean:14:0: AXIOM AUDIT declaration: DefiKernel.Atomic.Observation.world; module=DefiKernel.Atomic.Observation; kind=definition; axioms=[propext,
 Quot.sound]
info: DefiKernel/Atomic/Verify.lean:14:0: AXIOM AUDIT declaration: DefiKernel.Atomic.Outcome._sizeOf_1; module=DefiKernel.Atomic.Observation; kind=definition; axioms=[]
info: DefiKernel/Atomic/Verify.lean:14:0: AXIOM AUDIT declaration: DefiKernel.Atomic.Outcome._sizeOf_inst; module=DefiKernel.Atomic.Observation; kind=definition; axioms=[]
info: DefiKernel/Atomic/Verify.lean:14:0: AXIOM AUDIT declaration: DefiKernel.Atomic.Outcome.casesOn; module=DefiKernel.Atomic.Observation; kind=definition; axioms=[]
info: DefiKernel/Atomic/Verify.lean:14:0: AXIOM AUDIT declaration: DefiKernel.Atomic.Outcome.ctorElim; module=DefiKernel.Atomic.Observation; kind=definition; axioms=[]
info: DefiKernel/Atomic/Verify.lean:14:0: AXIOM AUDIT declaration: DefiKernel.Atomic.Outcome.ctorElimType; module=DefiKernel.Atomic.Observation; kind=definition; axioms=[]
info: DefiKernel/Atomic/Verify.lean:14:0: AXIOM AUDIT declaration: DefiKernel.Atomic.Outcome.ctorIdx; module=DefiKernel.Atomic.Observation; kind=definition; axioms=[]
info: DefiKernel/Atomic/Verify.lean:14:0: AXIOM AUDIT declaration: DefiKernel.Atomic.Outcome.noConfusion; module=DefiKernel.Atomic.Observation; kind=definition; axioms=[]
info: DefiKernel/Atomic/Verify.lean:14:0: AXIOM AUDIT declaration: DefiKernel.Atomic.Outcome.noConfusionType; module=DefiKernel.Atomic.Observation; kind=definition; axioms=[]
info: DefiKernel/Atomic/Verify.lean:14:0: AXIOM AUDIT declaration: DefiKernel.Atomic.Outcome.recOn; module=DefiKernel.Atomic.Observation; kind=definition; axioms=[]
info: DefiKernel/Atomic/Verify.lean:14:0: AXIOM AUDIT declaration: DefiKernel.Atomic.Policy._sizeOf_1; module=DefiKernel.Atomic.Policy; kind=definition; axioms=[]
info: DefiKernel/Atomic/Verify.lean:14:0: AXIOM AUDIT declaration: DefiKernel.Atomic.Policy._sizeOf_inst; module=DefiKernel.Atomic.Policy; kind=definition; axioms=[]
info: DefiKernel/Atomic/Verify.lean:14:0: AXIOM AUDIT declaration: DefiKernel.Atomic.Policy.casesOn; module=DefiKernel.Atomic.Policy; kind=definition; axioms=[]
info: DefiKernel/Atomic/Verify.lean:14:0: AXIOM AUDIT declaration: DefiKernel.Atomic.Policy.ctorIdx; module=DefiKernel.Atomic.Policy; kind=definition; axioms=[]
info: DefiKernel/Atomic/Verify.lean:14:0: AXIOM AUDIT declaration: DefiKernel.Atomic.Policy.lanes; module=DefiKernel.Atomic.Policy; kind=definition; axioms=[]
info: DefiKernel/Atomic/Verify.lean:14:0: AXIOM AUDIT declaration: DefiKernel.Atomic.Policy.noConfusion; module=DefiKernel.Atomic.Policy; kind=definition; axioms=[]
info: DefiKernel/Atomic/Verify.lean:14:0: AXIOM AUDIT declaration: DefiKernel.Atomic.Policy.noConfusionType; module=DefiKernel.Atomic.Policy; kind=definition; axioms=[]
info: DefiKernel/Atomic/Verify.lean:14:0: AXIOM AUDIT declaration: DefiKernel.Atomic.Policy.participants; module=DefiKernel.Atomic.Policy; kind=definition; axioms=[]
info: DefiKernel/Atomic/Verify.lean:14:0: AXIOM AUDIT declaration: DefiKernel.Atomic.Policy.recOn; module=DefiKernel.Atomic.Policy; kind=definition; axioms=[]
info: DefiKernel/Atomic/Verify.lean:14:0: AXIOM AUDIT declaration: DefiKernel.Atomic.PolicyFailure._sizeOf_1; module=DefiKernel.Atomic.Policy; kind=definition; axioms=[]
info: DefiKernel/Atomic/Verify.lean:14:0: AXIOM AUDIT declaration: DefiKernel.Atomic.PolicyFailure._sizeOf_inst; module=DefiKernel.Atomic.Policy; kind=definition; axioms=[]
info: DefiKernel/Atomic/Verify.lean:14:0: AXIOM AUDIT declaration: DefiKernel.Atomic.PolicyFailure.casesOn; module=DefiKernel.Atomic.Policy; kind=definition; axioms=[]
info: DefiKernel/Atomic/Verify.lean:14:0: AXIOM AUDIT declaration: DefiKernel.Atomic.PolicyFailure.ctorElim; module=DefiKernel.Atomic.Policy; kind=definition; axioms=[]
info: DefiKernel/Atomic/Verify.lean:14:0: AXIOM AUDIT declaration: DefiKernel.Atomic.PolicyFailure.ctorElimType; module=DefiKernel.Atomic.Policy; kind=definition; axioms=[]
info: DefiKernel/Atomic/Verify.lean:14:0: AXIOM AUDIT declaration: DefiKernel.Atomic.PolicyFailure.ctorIdx; module=DefiKernel.Atomic.Policy; kind=definition; axioms=[]
info: DefiKernel/Atomic/Verify.lean:14:0: AXIOM AUDIT declaration: DefiKernel.Atomic.PolicyFailure.noConfusion; module=DefiKernel.Atomic.Policy; kind=definition; axioms=[]
info: DefiKernel/Atomic/Verify.lean:14:0: AXIOM AUDIT declaration: DefiKernel.Atomic.PolicyFailure.noConfusionType; module=DefiKernel.Atomic.Policy; kind=definition; axioms=[]
info: DefiKernel/Atomic/Verify.lean:14:0: AXIOM AUDIT declaration: DefiKernel.Atomic.PolicyFailure.recOn; module=DefiKernel.Atomic.Policy; kind=definition; axioms=[]
info: DefiKernel/Atomic/Verify.lean:14:0: AXIOM AUDIT declaration: DefiKernel.Atomic.Reachable.casesOn; module=DefiKernel.Atomic.Soundness; kind=definition; axioms=[propext,
 Classical.choice,
 Quot.sound]
info: DefiKernel/Atomic/Verify.lean:14:0: AXIOM AUDIT declaration: DefiKernel.Atomic.Reachable.recOn; module=DefiKernel.Atomic.Soundness; kind=definition; axioms=[propext,
 Classical.choice,
 Quot.sound]
info: DefiKernel/Atomic/Verify.lean:14:0: AXIOM AUDIT declaration: DefiKernel.Atomic.Residual._sizeOf_1; module=DefiKernel.Atomic.Policy; kind=definition; axioms=[]
info: DefiKernel/Atomic/Verify.lean:14:0: AXIOM AUDIT declaration: DefiKernel.Atomic.Residual._sizeOf_inst; module=DefiKernel.Atomic.Policy; kind=definition; axioms=[]
info: DefiKernel/Atomic/Verify.lean:14:0: AXIOM AUDIT declaration: DefiKernel.Atomic.Residual.amount; module=DefiKernel.Atomic.Policy; kind=definition; axioms=[]
info: DefiKernel/Atomic/Verify.lean:14:0: AXIOM AUDIT declaration: DefiKernel.Atomic.Residual.casesOn; module=DefiKernel.Atomic.Policy; kind=definition; axioms=[]
info: DefiKernel/Atomic/Verify.lean:14:0: AXIOM AUDIT declaration: DefiKernel.Atomic.Residual.ctorIdx; module=DefiKernel.Atomic.Policy; kind=definition; axioms=[]
info: DefiKernel/Atomic/Verify.lean:14:0: AXIOM AUDIT declaration: DefiKernel.Atomic.Residual.lane; module=DefiKernel.Atomic.Policy; kind=definition; axioms=[]
info: DefiKernel/Atomic/Verify.lean:14:0: AXIOM AUDIT declaration: DefiKernel.Atomic.Residual.noConfusion; module=DefiKernel.Atomic.Policy; kind=definition; axioms=[]
info: DefiKernel/Atomic/Verify.lean:14:0: AXIOM AUDIT declaration: DefiKernel.Atomic.Residual.noConfusionType; module=DefiKernel.Atomic.Policy; kind=definition; axioms=[]
info: DefiKernel/Atomic/Verify.lean:14:0: AXIOM AUDIT declaration: DefiKernel.Atomic.Residual.principal; module=DefiKernel.Atomic.Policy; kind=definition; axioms=[]
info: DefiKernel/Atomic/Verify.lean:14:0: AXIOM AUDIT declaration: DefiKernel.Atomic.Residual.recOn; module=DefiKernel.Atomic.Policy; kind=definition; axioms=[]
info: DefiKernel/Atomic/Verify.lean:14:0: AXIOM AUDIT declaration: DefiKernel.Atomic.Result._sizeOf_1; module=DefiKernel.Atomic.Execution; kind=definition; axioms=[propext,
 Quot.sound]
info: DefiKernel/Atomic/Verify.lean:14:0: AXIOM AUDIT declaration: DefiKernel.Atomic.Result._sizeOf_inst; module=DefiKernel.Atomic.Execution; kind=definition; axioms=[propext,
 Quot.sound]
info: DefiKernel/Atomic/Verify.lean:14:0: AXIOM AUDIT declaration: DefiKernel.Atomic.Result.casesOn; module=DefiKernel.Atomic.Execution; kind=definition; axioms=[propext,
 Quot.sound]
info: DefiKernel/Atomic/Verify.lean:14:0: AXIOM AUDIT declaration: DefiKernel.Atomic.Result.ctorElim; module=DefiKernel.Atomic.Execution; kind=definition; axioms=[propext,
 Quot.sound]
info: DefiKernel/Atomic/Verify.lean:14:0: AXIOM AUDIT declaration: DefiKernel.Atomic.Result.ctorElimType; module=DefiKernel.Atomic.Execution; kind=definition; axioms=[propext,
 Quot.sound]
info: DefiKernel/Atomic/Verify.lean:14:0: AXIOM AUDIT declaration: DefiKernel.Atomic.Result.ctorIdx; module=DefiKernel.Atomic.Execution; kind=definition; axioms=[propext,
 Quot.sound]
info: DefiKernel/Atomic/Verify.lean:14:0: AXIOM AUDIT declaration: DefiKernel.Atomic.Result.noConfusion; module=DefiKernel.Atomic.Execution; kind=definition; axioms=[propext,
 Quot.sound]
info: DefiKernel/Atomic/Verify.lean:14:0: AXIOM AUDIT declaration: DefiKernel.Atomic.Result.noConfusionType; module=DefiKernel.Atomic.Execution; kind=definition; axioms=[propext,
 Quot.sound]
info: DefiKernel/Atomic/Verify.lean:14:0: AXIOM AUDIT declaration: DefiKernel.Atomic.Result.publicWorld; module=DefiKernel.Atomic.Execution; kind=definition; axioms=[propext,
 Quot.sound]
info: DefiKernel/Atomic/Verify.lean:14:0: AXIOM AUDIT declaration: DefiKernel.Atomic.Result.recOn; module=DefiKernel.Atomic.Execution; kind=definition; axioms=[propext,
 Quot.sound]
info: DefiKernel/Atomic/Verify.lean:14:0: AXIOM AUDIT declaration: DefiKernel.Atomic.Tests.Inner; module=DefiKernel.Atomic.Tests; kind=definition; axioms=[]
info: DefiKernel/Atomic/Verify.lean:14:0: AXIOM AUDIT declaration: DefiKernel.Atomic.Tests.O; module=DefiKernel.Atomic.Tests; kind=definition; axioms=[propext,
 Quot.sound]
info: DefiKernel/Atomic/Verify.lean:14:0: AXIOM AUDIT declaration: DefiKernel.Atomic.Tests.R; module=DefiKernel.Atomic.Tests; kind=definition; axioms=[propext,
 Quot.sound]
info: DefiKernel/Atomic/Verify.lean:14:0: AXIOM AUDIT declaration: DefiKernel.Atomic.Tests.abortDifference; module=DefiKernel.Atomic.Tests; kind=definition; axioms=[propext,
 Classical.choice,
 Quot.sound]
info: DefiKernel/Atomic/Verify.lean:14:0: AXIOM AUDIT declaration: DefiKernel.Atomic.Tests.abortFirst; module=DefiKernel.Atomic.Tests; kind=definition; axioms=[propext,
 Quot.sound]
info: DefiKernel/Atomic/Verify.lean:14:0: AXIOM AUDIT declaration: DefiKernel.Atomic.Tests.abortMiddle; module=DefiKernel.Atomic.Tests; kind=definition; axioms=[propext,
 Quot.sound]
info: DefiKernel/Atomic/Verify.lean:14:0: AXIOM AUDIT declaration: DefiKernel.Atomic.Tests.abortMint; module=DefiKernel.Atomic.Tests; kind=definition; axioms=[propext,
 Quot.sound]
info: DefiKernel/Atomic/Verify.lean:14:0: AXIOM AUDIT declaration: DefiKernel.Atomic.Tests.abortObservation; module=DefiKernel.Atomic.Tests; kind=definition; axioms=[propext,
 Classical.choice,
 Quot.sound]
info: DefiKernel/Atomic/Verify.lean:14:0: AXIOM AUDIT declaration: DefiKernel.Atomic.Tests.abortedProducer; module=DefiKernel.Atomic.Tests; kind=definition; axioms=[propext,
 Classical.choice,
 Quot.sound]
info: DefiKernel/Atomic/Verify.lean:14:0: AXIOM AUDIT declaration: DefiKernel.Atomic.Tests.abortedSnapshotConsumer; module=DefiKernel.Atomic.Tests; kind=definition; axioms=[propext,
 Quot.sound]
info: DefiKernel/Atomic/Verify.lean:14:0: AXIOM AUDIT declaration: DefiKernel.Atomic.Tests.admissionChecks; module=DefiKernel.Atomic.Tests; kind=definition; axioms=[propext,
 Classical.choice,
 Quot.sound]
info: DefiKernel/Atomic/Verify.lean:14:0: AXIOM AUDIT declaration: DefiKernel.Atomic.Tests.afterDrawLaneMint; module=DefiKernel.Atomic.Tests; kind=definition; axioms=[propext,
 Classical.choice,
 Quot.sound]
info: DefiKernel/Atomic/Verify.lean:14:0: AXIOM AUDIT declaration: DefiKernel.Atomic.Tests.allLanes; module=DefiKernel.Atomic.Tests; kind=definition; axioms=[]
info: DefiKernel/Atomic/Verify.lean:14:0: AXIOM AUDIT declaration: DefiKernel.Atomic.Tests.assetReturn; module=DefiKernel.Atomic.Tests; kind=definition; axioms=[propext,
 Classical.choice,
 Quot.sound]
info: DefiKernel/Atomic/Verify.lean:14:0: AXIOM AUDIT declaration: DefiKernel.Atomic.Tests.baselineInner; module=DefiKernel.Atomic.Tests; kind=definition; axioms=[propext,
 Quot.sound]
info: DefiKernel/Atomic/Verify.lean:14:0: AXIOM AUDIT declaration: DefiKernel.Atomic.Tests.baselineObservation; module=DefiKernel.Atomic.Tests; kind=definition; axioms=[propext,
 Classical.choice,
 Quot.sound]
info: DefiKernel/Atomic/Verify.lean:14:0: AXIOM AUDIT declaration: DefiKernel.Atomic.Tests.batchSingle; module=DefiKernel.Atomic.Tests; kind=definition; axioms=[propext,
 Classical.choice,
 Quot.sound]
info: DefiKernel/Atomic/Verify.lean:14:0: AXIOM AUDIT declaration: DefiKernel.Atomic.Tests.changedInner; module=DefiKernel.Atomic.Tests; kind=definition; axioms=[propext,
 Classical.choice,
 Quot.sound]
info: DefiKernel/Atomic/Verify.lean:14:0: AXIOM AUDIT declaration: DefiKernel.Atomic.Tests.changedOutput; module=DefiKernel.Atomic.Tests; kind=definition; axioms=[propext,
 Classical.choice,
 Quot.sound]
info: DefiKernel/Atomic/Verify.lean:14:0: AXIOM AUDIT declaration: DefiKernel.Atomic.Tests.checkExpected; module=DefiKernel.Atomic.Tests; kind=definition; axioms=[propext,
 Classical.choice,
 Quot.sound]
info: DefiKernel/Atomic/Verify.lean:14:0: AXIOM AUDIT declaration: DefiKernel.Atomic.Tests.creditReturn; module=DefiKernel.Atomic.Tests; kind=definition; axioms=[propext,
 Classical.choice,
 Quot.sound]
info: DefiKernel/Atomic/Verify.lean:14:0: AXIOM AUDIT declaration: DefiKernel.Atomic.Tests.debitMissing; module=DefiKernel.Atomic.Tests; kind=definition; axioms=[propext,
 Quot.sound]
info: DefiKernel/Atomic/Verify.lean:14:0: AXIOM AUDIT declaration: DefiKernel.Atomic.Tests.diagnosticMatches; module=DefiKernel.Atomic.Tests; kind=definition; axioms=[propext,
 Classical.choice,
 Quot.sound]
info: DefiKernel/Atomic/Verify.lean:14:0: AXIOM AUDIT declaration: DefiKernel.Atomic.Tests.differentObservation; module=DefiKernel.Atomic.Tests; kind=definition; axioms=[propext,
 Classical.choice,
 Quot.sound]
info: DefiKernel/Atomic/Verify.lean:14:0: AXIOM AUDIT declaration: DefiKernel.Atomic.Tests.domainReturn; module=DefiKernel.Atomic.Tests; kind=definition; axioms=[propext,
 Classical.choice,
 Quot.sound]
info: DefiKernel/Atomic/Verify.lean:14:0: AXIOM AUDIT declaration: DefiKernel.Atomic.Tests.drawReturn; module=DefiKernel.Atomic.Tests; kind=definition; axioms=[propext,
 Classical.choice,
 Quot.sound]
info: DefiKernel/Atomic/Verify.lean:14:0: AXIOM AUDIT declaration: DefiKernel.Atomic.Tests.dualSupplyCfg; module=DefiKernel.Atomic.Tests; kind=definition; axioms=[propext,
 Classical.choice,
 Quot.sound]
info: DefiKernel/Atomic/Verify.lean:14:0: AXIOM AUDIT declaration: DefiKernel.Atomic.Tests.dualSupplyDiagnostic; module=DefiKernel.Atomic.Tests; kind=definition; axioms=[propext,
 Classical.choice,
 Quot.sound]
info: DefiKernel/Atomic/Verify.lean:14:0: AXIOM AUDIT declaration: DefiKernel.Atomic.Tests.dualSupplyEvent; module=DefiKernel.Atomic.Tests; kind=definition; axioms=[propext,
 Quot.sound]
info: DefiKernel/Atomic/Verify.lean:14:0: AXIOM AUDIT declaration: DefiKernel.Atomic.Tests.dualSupplyInitial; module=DefiKernel.Atomic.Tests; kind=definition; axioms=[propext,
 Classical.choice,
 Quot.sound]
info: DefiKernel/Atomic/Verify.lean:14:0: AXIOM AUDIT declaration: DefiKernel.Atomic.Tests.dualSupplyInvocation; module=DefiKernel.Atomic.Tests; kind=definition; axioms=[]
info: DefiKernel/Atomic/Verify.lean:14:0: AXIOM AUDIT declaration: DefiKernel.Atomic.Tests.dualSupplyRun; module=DefiKernel.Atomic.Tests; kind=definition; axioms=[propext,
 Classical.choice,
 Quot.sound]
info: DefiKernel/Atomic/Verify.lean:14:0: AXIOM AUDIT declaration: DefiKernel.Atomic.Tests.dualSupplyStore; module=DefiKernel.Atomic.Tests; kind=definition; axioms=[propext,
 Classical.choice,
 Quot.sound]
info: DefiKernel/Atomic/Verify.lean:14:0: AXIOM AUDIT declaration: DefiKernel.Atomic.Tests.dualSupplyTemplate; module=DefiKernel.Atomic.Tests; kind=definition; axioms=[propext,
 Quot.sound]
info: DefiKernel/Atomic/Verify.lean:14:0: AXIOM AUDIT declaration: DefiKernel.Atomic.Tests.evaluatedChanges; module=DefiKernel.Atomic.Tests; kind=definition; axioms=[propext,
 Quot.sound]
info: DefiKernel/Atomic/Verify.lean:14:0: AXIOM AUDIT declaration: DefiKernel.Atomic.Tests.expectedAbort; module=DefiKernel.Atomic.Tests; kind=definition; axioms=[propext,
 Classical.choice,
 Quot.sound]
info: DefiKernel/Atomic/Verify.lean:14:0: AXIOM AUDIT declaration: DefiKernel.Atomic.Tests.expectedCommit; module=DefiKernel.Atomic.Tests; kind=definition; axioms=[propext,
 Quot.sound]
info: DefiKernel/Atomic/Verify.lean:14:0: AXIOM AUDIT declaration: DefiKernel.Atomic.Tests.expectedInner; module=DefiKernel.Atomic.Tests; kind=definition; axioms=[propext,
 Quot.sound]
info: DefiKernel/Atomic/Verify.lean:14:0: AXIOM AUDIT declaration: DefiKernel.Atomic.Tests.expectedRefused; module=DefiKernel.Atomic.Tests; kind=definition; axioms=[propext,
 Classical.choice,
 Quot.sound]
info: DefiKernel/Atomic/Verify.lean:14:0: AXIOM AUDIT declaration: DefiKernel.Atomic.Tests.extendedChecks; module=DefiKernel.Atomic.Tests; kind=definition; axioms=[propext,
 Classical.choice,
 Quot.sound]
info: DefiKernel/Atomic/Verify.lean:14:0: AXIOM AUDIT declaration: DefiKernel.Atomic.Tests.firstFail; module=DefiKernel.Atomic.Tests; kind=definition; axioms=[propext,
 Classical.choice,
 Quot.sound]
info: DefiKernel/Atomic/Verify.lean:14:0: AXIOM AUDIT declaration: DefiKernel.Atomic.Tests.followup; module=DefiKernel.Atomic.Tests; kind=definition; axioms=[propext,
 Classical.choice,
 Quot.sound]
info: DefiKernel/Atomic/Verify.lean:14:0: AXIOM AUDIT declaration: DefiKernel.Atomic.Tests.followupChecks; module=DefiKernel.Atomic.Tests; kind=definition; axioms=[propext,
 Classical.choice,
 Quot.sound]
info: DefiKernel/Atomic/Verify.lean:14:0: AXIOM AUDIT declaration: DefiKernel.Atomic.Tests.followupFunded; module=DefiKernel.Atomic.Tests; kind=definition; axioms=[propext,
 Classical.choice,
 Quot.sound]
info: DefiKernel/Atomic/Verify.lean:14:0: AXIOM AUDIT declaration: DefiKernel.Atomic.Tests.fundedWorld; module=DefiKernel.Atomic.Tests; kind=definition; axioms=[propext,
 Quot.sound]
info: DefiKernel/Atomic/Verify.lean:14:0: AXIOM AUDIT declaration: DefiKernel.Atomic.Tests.historyChecks; module=DefiKernel.Atomic.Tests; kind=definition; axioms=[propext,
 Classical.choice,
 Quot.sound]
info: DefiKernel/Atomic/Verify.lean:14:0: AXIOM AUDIT declaration: DefiKernel.Atomic.Tests.initialNoOpEvent; module=DefiKernel.Atomic.Tests; kind=definition; axioms=[propext,
 Quot.sound]
info: DefiKernel/Atomic/Verify.lean:14:0: AXIOM AUDIT declaration: DefiKernel.Atomic.Tests.inners; module=DefiKernel.Atomic.Tests; kind=definition; axioms=[propext,
 Quot.sound]
info: DefiKernel/Atomic/Verify.lean:14:0: AXIOM AUDIT declaration: DefiKernel.Atomic.Tests.invalidCfg; module=DefiKernel.Atomic.Tests; kind=definition; axioms=[propext,
 Classical.choice,
 Quot.sound]
info: DefiKernel/Atomic/Verify.lean:14:0: AXIOM AUDIT declaration: DefiKernel.Atomic.Tests.laneMintAfterDraw; module=DefiKernel.Atomic.Tests; kind=definition; axioms=[propext,
 Classical.choice,
 Quot.sound]
info: DefiKernel/Atomic/Verify.lean:14:0: AXIOM AUDIT declaration: DefiKernel.Atomic.Tests.laneMintAfterDrawEvent; module=DefiKernel.Atomic.Tests; kind=definition; axioms=[propext,
 Quot.sound]
info: DefiKernel/Atomic/Verify.lean:14:0: AXIOM AUDIT declaration: DefiKernel.Atomic.Tests.laterBoundary; module=DefiKernel.Atomic.Tests; kind=definition; axioms=[propext,
 Quot.sound]
info: DefiKernel/Atomic/Verify.lean:14:0: AXIOM AUDIT declaration: DefiKernel.Atomic.Tests.liveEvents; module=DefiKernel.Atomic.Tests; kind=definition; axioms=[propext,
 Classical.choice,
 Quot.sound]
info: DefiKernel/Atomic/Verify.lean:14:0: AXIOM AUDIT declaration: DefiKernel.Atomic.Tests.liveRun; module=DefiKernel.Atomic.Tests; kind=definition; axioms=[propext,
 Classical.choice,
 Quot.sound]
info: DefiKernel/Atomic/Verify.lean:14:0: AXIOM AUDIT declaration: DefiKernel.Atomic.Tests.liveWorld; module=DefiKernel.Atomic.Tests; kind=definition; axioms=[propext,
 Classical.choice,
 Quot.sound]
info: DefiKernel/Atomic/Verify.lean:14:0: AXIOM AUDIT declaration: DefiKernel.Atomic.Tests.machineMatches; module=DefiKernel.Atomic.Tests; kind=definition; axioms=[propext,
 Classical.choice,
 Quot.sound]
info: DefiKernel/Atomic/Verify.lean:14:0: AXIOM AUDIT declaration: DefiKernel.Atomic.Tests.middleFail; module=DefiKernel.Atomic.Tests; kind=definition; axioms=[propext,
 Classical.choice,
 Quot.sound]
info: DefiKernel/Atomic/Verify.lean:14:0: AXIOM AUDIT declaration: DefiKernel.Atomic.Tests.mintFail; module=DefiKernel.Atomic.Tests; kind=definition; axioms=[propext,
 Classical.choice,
 Quot.sound]
info: DefiKernel/Atomic/Verify.lean:14:0: AXIOM AUDIT declaration: DefiKernel.Atomic.Tests.mintFirstEvent; module=DefiKernel.Atomic.Tests; kind=definition; axioms=[propext,
 Quot.sound]
info: DefiKernel/Atomic/Verify.lean:14:0: AXIOM AUDIT declaration: DefiKernel.Atomic.Tests.missingCap; module=DefiKernel.Atomic.Tests; kind=definition; axioms=[propext,
 Quot.sound]
info: DefiKernel/Atomic/Verify.lean:14:0: AXIOM AUDIT declaration: DefiKernel.Atomic.Tests.noOpRun; module=DefiKernel.Atomic.Tests; kind=definition; axioms=[propext,
 Classical.choice,
 Quot.sound]
info: DefiKernel/Atomic/Verify.lean:14:0: AXIOM AUDIT declaration: DefiKernel.Atomic.Tests.nonlaneRun; module=DefiKernel.Atomic.Tests; kind=definition; axioms=[propext,
 Classical.choice,
 Quot.sound]
info: DefiKernel/Atomic/Verify.lean:14:0: AXIOM AUDIT declaration: DefiKernel.Atomic.Tests.observationChecks; module=DefiKernel.Atomic.Tests; kind=definition; axioms=[propext,
 Classical.choice,
 Quot.sound]
info: DefiKernel/Atomic/Verify.lean:14:0: AXIOM AUDIT declaration: DefiKernel.Atomic.Tests.oldRun; module=DefiKernel.Atomic.Tests; kind=definition; axioms=[propext,
 Classical.choice,
 Quot.sound]
info: DefiKernel/Atomic/Verify.lean:14:0: AXIOM AUDIT declaration: DefiKernel.Atomic.Tests.overReturn; module=DefiKernel.Atomic.Tests; kind=definition; axioms=[propext,
 Classical.choice,
 Quot.sound]
info: DefiKernel/Atomic/Verify.lean:14:0: AXIOM AUDIT declaration: DefiKernel.Atomic.Tests.ownRun; module=DefiKernel.Atomic.Tests; kind=definition; axioms=[propext,
 Classical.choice,
 Quot.sound]
info: DefiKernel/Atomic/Verify.lean:14:0: AXIOM AUDIT declaration: DefiKernel.Atomic.Tests.ownWorld; module=DefiKernel.Atomic.Tests; kind=definition; axioms=[propext,
 Quot.sound]
info: DefiKernel/Atomic/Verify.lean:14:0: AXIOM AUDIT declaration: DefiKernel.Atomic.Tests.peerOnlyRun; module=DefiKernel.Atomic.Tests; kind=definition; axioms=[propext,
 Classical.choice,
 Quot.sound]
info: DefiKernel/Atomic/Verify.lean:14:0: AXIOM AUDIT declaration: DefiKernel.Atomic.Tests.peerReturn; module=DefiKernel.Atomic.Tests; kind=definition; axioms=[propext,
 Classical.choice,
 Quot.sound]
info: DefiKernel/Atomic/Verify.lean:14:0: AXIOM AUDIT declaration: DefiKernel.Atomic.Tests.precedenceChecks; module=DefiKernel.Atomic.Tests; kind=definition; axioms=[propext,
 Classical.choice,
 Quot.sound]
info: DefiKernel/Atomic/Verify.lean:14:0: AXIOM AUDIT declaration: DefiKernel.Atomic.Tests.receiptChecks; module=DefiKernel.Atomic.Tests; kind=definition; axioms=[propext,
 Classical.choice,
 Quot.sound]
info: DefiKernel/Atomic/Verify.lean:14:0: AXIOM AUDIT declaration: DefiKernel.Atomic.Tests.receiptEvaluated; module=DefiKernel.Atomic.Tests; kind=definition; axioms=[propext,
 Quot.sound]
info: DefiKernel/Atomic/Verify.lean:14:0: AXIOM AUDIT declaration: DefiKernel.Atomic.Tests.receiptRequest; module=DefiKernel.Atomic.Tests; kind=definition; axioms=[propext,
 Quot.sound]
info: DefiKernel/Atomic/Verify.lean:14:0: AXIOM AUDIT declaration: DefiKernel.Atomic.Tests.repeatedRun; module=DefiKernel.Atomic.Tests; kind=definition; axioms=[propext,
 Classical.choice,
 Quot.sound]
info: DefiKernel/Atomic/Verify.lean:14:0: AXIOM AUDIT declaration: DefiKernel.Atomic.Tests.requestChanges; module=DefiKernel.Atomic.Tests; kind=definition; axioms=[propext,
 Quot.sound]
info: DefiKernel/Atomic/Verify.lean:14:0: AXIOM AUDIT declaration: DefiKernel.Atomic.Tests.residualDifference; module=DefiKernel.Atomic.Tests; kind=definition; axioms=[propext,
 Classical.choice,
 Quot.sound]
info: DefiKernel/Atomic/Verify.lean:14:0: AXIOM AUDIT declaration: DefiKernel.Atomic.Tests.residualObservation; module=DefiKernel.Atomic.Tests; kind=definition; axioms=[propext,
 Classical.choice,
 Quot.sound]
info: DefiKernel/Atomic/Verify.lean:14:0: AXIOM AUDIT declaration: DefiKernel.Atomic.Tests.run; module=DefiKernel.Atomic.Tests; kind=definition; axioms=[propext,
 Classical.choice,
 Quot.sound]
info: DefiKernel/Atomic/Verify.lean:14:0: AXIOM AUDIT declaration: DefiKernel.Atomic.Tests.runtimeChecks; module=DefiKernel.Atomic.Tests; kind=definition; axioms=[propext,
 Classical.choice,
 Quot.sound]
info: DefiKernel/Atomic/Verify.lean:14:0: AXIOM AUDIT declaration: DefiKernel.Atomic.Tests.settlementChecks; module=DefiKernel.Atomic.Tests; kind=definition; axioms=[propext,
 Classical.choice,
 Quot.sound]
info: DefiKernel/Atomic/Verify.lean:14:0: AXIOM AUDIT declaration: DefiKernel.Atomic.Tests.shareSupply; module=DefiKernel.Atomic.Tests; kind=definition; axioms=[propext,
 Quot.sound]
info: DefiKernel/Atomic/Verify.lean:14:0: AXIOM AUDIT declaration: DefiKernel.Atomic.Tests.snapshotWorld; module=DefiKernel.Atomic.Tests; kind=definition; axioms=[propext,
 Quot.sound]
info: DefiKernel/Atomic/Verify.lean:14:0: AXIOM AUDIT declaration: DefiKernel.Atomic.Tests.supplyDifference; module=DefiKernel.Atomic.Tests; kind=definition; axioms=[propext,
 Classical.choice,
 Quot.sound]
info: DefiKernel/Atomic/Verify.lean:14:0: AXIOM AUDIT declaration: DefiKernel.Atomic.Tests.supplyObservation; module=DefiKernel.Atomic.Tests; kind=definition; axioms=[propext,
 Classical.choice,
 Quot.sound]
info: DefiKernel/Atomic/Verify.lean:14:0: AXIOM AUDIT declaration: DefiKernel.Atomic.Tests.supplyZero; module=DefiKernel.Atomic.Tests; kind=definition; axioms=[propext,
 Quot.sound]
info: DefiKernel/Atomic/Verify.lean:14:0: AXIOM AUDIT declaration: DefiKernel.Atomic.Tests.tableMatches; module=DefiKernel.Atomic.Tests; kind=definition; axioms=[propext,
 Quot.sound]
info: DefiKernel/Atomic/Verify.lean:14:0: AXIOM AUDIT declaration: DefiKernel.Atomic.Tests.timedRun; module=DefiKernel.Atomic.Tests; kind=definition; axioms=[propext,
 Classical.choice,
 Quot.sound]
info: DefiKernel/Atomic/Verify.lean:14:0: AXIOM AUDIT declaration: DefiKernel.Atomic.Tests.timedWorld; module=DefiKernel.Atomic.Tests; kind=definition; axioms=[propext,
 Quot.sound]
info: DefiKernel/Atomic/Verify.lean:14:0: AXIOM AUDIT declaration: DefiKernel.Atomic.Tests.underReturn; module=DefiKernel.Atomic.Tests; kind=definition; axioms=[propext,
 Classical.choice,
 Quot.sound]
info: DefiKernel/Atomic/Verify.lean:14:0: AXIOM AUDIT declaration: DefiKernel.Atomic.Tests.unknown; module=DefiKernel.Atomic.Tests; kind=definition; axioms=[propext,
 Quot.sound]
info: DefiKernel/Atomic/Verify.lean:14:0: AXIOM AUDIT declaration: DefiKernel.Atomic.advance.match_1; module=DefiKernel.Atomic.Execution; kind=definition; axioms=[]
info: DefiKernel/Atomic/Verify.lean:14:0: AXIOM AUDIT declaration: DefiKernel.Atomic.advance.match_3; module=DefiKernel.Atomic.Execution; kind=definition; axioms=[propext,
 Quot.sound]
info: DefiKernel/Atomic/Verify.lean:14:0: AXIOM AUDIT declaration: DefiKernel.Atomic.advance.match_5; module=DefiKernel.Atomic.Execution; kind=definition; axioms=[]
info: DefiKernel/Atomic/Verify.lean:14:0: AXIOM AUDIT declaration: DefiKernel.Atomic.advance_outstanding.match_1; module=DefiKernel.Atomic.Settlement; kind=definition; axioms=[propext,
 Quot.sound]
info: DefiKernel/Atomic/Verify.lean:14:0: AXIOM AUDIT declaration: DefiKernel.Atomic.attemptOutstanding.match_1; module=DefiKernel.Atomic.Settlement; kind=definition; axioms=[propext,
 Quot.sound]
info: DefiKernel/Atomic/Verify.lean:14:0: AXIOM AUDIT declaration: DefiKernel.Atomic.checkPolicy.match_1; module=DefiKernel.Atomic.Policy; kind=definition; axioms=[]
info: DefiKernel/Atomic/Verify.lean:14:0: AXIOM AUDIT declaration: DefiKernel.Atomic.checkPolicy.match_3; module=DefiKernel.Atomic.Policy; kind=definition; axioms=[]
info: DefiKernel/Atomic/Verify.lean:14:0: AXIOM AUDIT declaration: DefiKernel.Atomic.checkPolicy.match_5; module=DefiKernel.Atomic.Policy; kind=definition; axioms=[]
info: DefiKernel/Atomic/Verify.lean:14:0: AXIOM AUDIT declaration: DefiKernel.Atomic.finish._sparseCasesOn_1; module=DefiKernel.Atomic.Execution; kind=definition; axioms=[propext]
info: DefiKernel/Atomic/Verify.lean:14:0: AXIOM AUDIT declaration: DefiKernel.Atomic.finish.match_1; module=DefiKernel.Atomic.Execution; kind=definition; axioms=[propext]
info: DefiKernel/Atomic/Verify.lean:14:0: AXIOM AUDIT declaration: DefiKernel.Atomic.firstDuplicate._f; module=DefiKernel.Atomic.Policy; kind=definition; axioms=[]
info: DefiKernel/Atomic/Verify.lean:14:0: AXIOM AUDIT declaration: DefiKernel.Atomic.firstDuplicate._sunfold; module=DefiKernel.Atomic.Policy; kind=definition; axioms=[]
info: DefiKernel/Atomic/Verify.lean:14:0: AXIOM AUDIT declaration: DefiKernel.Atomic.firstDuplicate._unsafe_rec; module=DefiKernel.Atomic.Policy; kind=definition; axioms=[]
info: DefiKernel/Atomic/Verify.lean:14:0: AXIOM AUDIT declaration: DefiKernel.Atomic.firstDuplicate.match_1; module=DefiKernel.Atomic.Policy; kind=definition; axioms=[]
info: DefiKernel/Atomic/Verify.lean:14:0: AXIOM AUDIT declaration: DefiKernel.Atomic.firstDuplicate.match_3; module=DefiKernel.Atomic.Policy; kind=definition; axioms=[]
info: DefiKernel/Atomic/Verify.lean:14:0: AXIOM AUDIT declaration: DefiKernel.Atomic.instDecidableEqAbortReason.decEq; module=DefiKernel.Atomic.Execution; kind=definition; axioms=[]
info: DefiKernel/Atomic/Verify.lean:14:0: AXIOM AUDIT declaration: DefiKernel.Atomic.instDecidableEqAdmissionFailure.decEq; module=DefiKernel.Atomic.Execution; kind=definition; axioms=[]
info: DefiKernel/Atomic/Verify.lean:14:0: AXIOM AUDIT declaration: DefiKernel.Atomic.instDecidableEqEventObservation.decEq; module=DefiKernel.Atomic.Execution; kind=definition; axioms=[]
info: DefiKernel/Atomic/Verify.lean:14:0: AXIOM AUDIT declaration: DefiKernel.Atomic.instDecidableEqInnerObservation.decEq; module=DefiKernel.Atomic.Execution; kind=definition; axioms=[]
info: DefiKernel/Atomic/Verify.lean:14:0: AXIOM AUDIT declaration: DefiKernel.Atomic.instDecidableEqLane.decEq; module=DefiKernel.Atomic.Policy; kind=definition; axioms=[]
info: DefiKernel/Atomic/Verify.lean:14:0: AXIOM AUDIT declaration: DefiKernel.Atomic.instDecidableEqOutcome.decEq; module=DefiKernel.Atomic.Observation; kind=definition; axioms=[]
info: DefiKernel/Atomic/Verify.lean:14:0: AXIOM AUDIT declaration: DefiKernel.Atomic.instDecidableEqPolicyFailure.decEq; module=DefiKernel.Atomic.Policy; kind=definition; axioms=[]
info: DefiKernel/Atomic/Verify.lean:14:0: AXIOM AUDIT declaration: DefiKernel.Atomic.instDecidableEqResidual.decEq; module=DefiKernel.Atomic.Policy; kind=definition; axioms=[]
info: DefiKernel/Atomic/Verify.lean:14:0: AXIOM AUDIT declaration: DefiKernel.Atomic.instReprLane.repr; module=DefiKernel.Atomic.Policy; kind=definition; axioms=[]
info: DefiKernel/Atomic/Verify.lean:14:0: AXIOM AUDIT declaration: DefiKernel.Atomic.instReprPolicyFailure.repr; module=DefiKernel.Atomic.Policy; kind=definition; axioms=[]
info: DefiKernel/Atomic/Verify.lean:14:0: AXIOM AUDIT declaration: DefiKernel.Atomic.instReprResidual.repr; module=DefiKernel.Atomic.Policy; kind=definition; axioms=[propext]
info: DefiKernel/Atomic/Verify.lean:14:0: AXIOM AUDIT declaration: DefiKernel.Atomic.observe.match_1; module=DefiKernel.Atomic.Observation; kind=definition; axioms=[propext,
 Quot.sound]
info: DefiKernel/Atomic/Verify.lean:14:0: AXIOM AUDIT declaration: DefiKernel.Atomic.observe.match_3; module=DefiKernel.Atomic.Observation; kind=definition; axioms=[]
info: DefiKernel/Atomic/Verify.lean:14:0: AXIOM AUDIT declaration: DefiKernel.Atomic.observeAttempt.match_1; module=DefiKernel.Atomic.Execution; kind=definition; axioms=[propext,
 Quot.sound]
info: DefiKernel/Atomic/Verify.lean:14:0: AXIOM AUDIT declaration: DefiKernel.Atomic.receiptEffect._sparseCasesOn_1; module=DefiKernel.Atomic.Policy; kind=definition; axioms=[propext]
info: DefiKernel/Atomic/Verify.lean:14:0: AXIOM AUDIT declaration: DefiKernel.Atomic.receiptEffect.match_1; module=DefiKernel.Atomic.Policy; kind=definition; axioms=[propext]
info: DefiKernel/Atomic/Verify.lean:14:0: AXIOM AUDIT declaration: DefiKernel.Atomic.runAtomic.match_1; module=DefiKernel.Atomic.Execution; kind=definition; axioms=[]
info: DefiKernel/Atomic/Verify.lean:14:0: AXIOM AUDIT declaration: DefiKernel.Atomic.uncoveredFrom._f; module=DefiKernel.Atomic.Policy; kind=definition; axioms=[propext]
info: DefiKernel/Atomic/Verify.lean:14:0: AXIOM AUDIT declaration: DefiKernel.Atomic.uncoveredFrom._sunfold; module=DefiKernel.Atomic.Policy; kind=definition; axioms=[propext]
info: DefiKernel/Atomic/Verify.lean:14:0: AXIOM AUDIT declaration: DefiKernel.Atomic.uncoveredFrom._unsafe_rec; module=DefiKernel.Atomic.Policy; kind=definition; axioms=[propext]
info: DefiKernel/Atomic/Verify.lean:14:0: AXIOM AUDIT declaration: DefiKernel.Atomic.uncoveredFrom.match_1; module=DefiKernel.Atomic.Policy; kind=definition; axioms=[]
info: DefiKernel/Atomic/Verify.lean:14:0: AXIOM AUDIT declaration: _private.DefiKernel.Atomic.Admission.0.Except.map.match_1.splitter; module=DefiKernel.Atomic.Admission; kind=definition; axioms=[]
info: DefiKernel/Atomic/Verify.lean:14:0: AXIOM AUDIT declaration: _private.DefiKernel.Atomic.PolicyProofs.0.Except.map.match_1.splitter; module=DefiKernel.Atomic.PolicyProofs; kind=definition; axioms=[]
info: DefiKernel/Atomic/Verify.lean:14:0: AXIOM AUDIT declaration: DefiKernel.Atomic.AbortReason.kernel.elim; module=DefiKernel.Atomic.Execution; kind=definition; axioms=[]
info: DefiKernel/Atomic/Verify.lean:14:0: AXIOM AUDIT declaration: DefiKernel.Atomic.AbortReason.kernel.noConfusion; module=DefiKernel.Atomic.Execution; kind=definition; axioms=[]
info: DefiKernel/Atomic/Verify.lean:14:0: AXIOM AUDIT declaration: DefiKernel.Atomic.AbortReason.laneSupply.elim; module=DefiKernel.Atomic.Execution; kind=definition; axioms=[]
info: DefiKernel/Atomic/Verify.lean:14:0: AXIOM AUDIT declaration: DefiKernel.Atomic.AbortReason.laneSupply.noConfusion; module=DefiKernel.Atomic.Execution; kind=definition; axioms=[]
info: DefiKernel/Atomic/Verify.lean:14:0: AXIOM AUDIT declaration: DefiKernel.Atomic.AbortReason.unsettled.elim; module=DefiKernel.Atomic.Execution; kind=definition; axioms=[]
info: DefiKernel/Atomic/Verify.lean:14:0: AXIOM AUDIT declaration: DefiKernel.Atomic.AbortReason.unsettled.noConfusion; module=DefiKernel.Atomic.Execution; kind=definition; axioms=[]
info: DefiKernel/Atomic/Verify.lean:14:0: AXIOM AUDIT declaration: DefiKernel.Atomic.AdmissionFailure.configuration.elim; module=DefiKernel.Atomic.Execution; kind=definition; axioms=[]
info: DefiKernel/Atomic/Verify.lean:14:0: AXIOM AUDIT declaration: DefiKernel.Atomic.AdmissionFailure.policy.elim; module=DefiKernel.Atomic.Execution; kind=definition; axioms=[]
info: DefiKernel/Atomic/Verify.lean:14:0: AXIOM AUDIT declaration: DefiKernel.Atomic.AdmissionFailure.policy.noConfusion; module=DefiKernel.Atomic.Execution; kind=definition; axioms=[]
info: DefiKernel/Atomic/Verify.lean:14:0: AXIOM AUDIT declaration: DefiKernel.Atomic.AdmissionFailure.schedule.elim; module=DefiKernel.Atomic.Execution; kind=definition; axioms=[]
info: DefiKernel/Atomic/Verify.lean:14:0: AXIOM AUDIT declaration: DefiKernel.Atomic.AdmissionFailure.schedule.noConfusion; module=DefiKernel.Atomic.Execution; kind=definition; axioms=[]
info: DefiKernel/Atomic/Verify.lean:14:0: AXIOM AUDIT declaration: DefiKernel.Atomic.AdmissionFailure.structural.elim; module=DefiKernel.Atomic.Execution; kind=definition; axioms=[]
info: DefiKernel/Atomic/Verify.lean:14:0: AXIOM AUDIT declaration: DefiKernel.Atomic.AdmissionFailure.structural.noConfusion; module=DefiKernel.Atomic.Execution; kind=definition; axioms=[]
info: DefiKernel/Atomic/Verify.lean:14:0: AXIOM AUDIT declaration: DefiKernel.Atomic.Audit.main.match_1; module=DefiKernel.Atomic.Audit; kind=definition; axioms=[]
info: DefiKernel/Atomic/Verify.lean:14:0: AXIOM AUDIT declaration: DefiKernel.Atomic.EventObservation.mk._flat_ctor; module=DefiKernel.Atomic.Execution; kind=definition; axioms=[]
info: DefiKernel/Atomic/Verify.lean:14:0: AXIOM AUDIT declaration: DefiKernel.Atomic.EventObservation.mk.noConfusion; module=DefiKernel.Atomic.Execution; kind=definition; axioms=[]
info: DefiKernel/Atomic/Verify.lean:14:0: AXIOM AUDIT declaration: DefiKernel.Atomic.Examples.FixtureOp._sizeOf_1; module=DefiKernel.Atomic.Examples; kind=definition; axioms=[]
info: DefiKernel/Atomic/Verify.lean:14:0: AXIOM AUDIT declaration: DefiKernel.Atomic.Examples.FixtureOp._sizeOf_inst; module=DefiKernel.Atomic.Examples; kind=definition; axioms=[]
info: DefiKernel/Atomic/Verify.lean:14:0: AXIOM AUDIT declaration: DefiKernel.Atomic.Examples.FixtureOp.casesOn; module=DefiKernel.Atomic.Examples; kind=definition; axioms=[]
info: DefiKernel/Atomic/Verify.lean:14:0: AXIOM AUDIT declaration: DefiKernel.Atomic.Examples.FixtureOp.ctorIdx; module=DefiKernel.Atomic.Examples; kind=definition; axioms=[]
info: DefiKernel/Atomic/Verify.lean:14:0: AXIOM AUDIT declaration: DefiKernel.Atomic.Examples.FixtureOp.id; module=DefiKernel.Atomic.Examples; kind=definition; axioms=[]
info: DefiKernel/Atomic/Verify.lean:14:0: AXIOM AUDIT declaration: DefiKernel.Atomic.Examples.FixtureOp.noConfusion; module=DefiKernel.Atomic.Examples; kind=definition; axioms=[]
info: DefiKernel/Atomic/Verify.lean:14:0: AXIOM AUDIT declaration: DefiKernel.Atomic.Examples.FixtureOp.noConfusionType; module=DefiKernel.Atomic.Examples; kind=definition; axioms=[]
info: DefiKernel/Atomic/Verify.lean:14:0: AXIOM AUDIT declaration: DefiKernel.Atomic.Examples.FixtureOp.output; module=DefiKernel.Atomic.Examples; kind=definition; axioms=[]
info: DefiKernel/Atomic/Verify.lean:14:0: AXIOM AUDIT declaration: DefiKernel.Atomic.Examples.FixtureOp.recOn; module=DefiKernel.Atomic.Examples; kind=definition; axioms=[]
info: DefiKernel/Atomic/Verify.lean:14:0: AXIOM AUDIT declaration: DefiKernel.Atomic.Examples.FixtureOp.template; module=DefiKernel.Atomic.Examples; kind=definition; axioms=[]
info: DefiKernel/Atomic/Verify.lean:14:0: AXIOM AUDIT declaration: DefiKernel.Atomic.Examples.expectedOutstanding.match_1; module=DefiKernel.Atomic.Examples; kind=definition; axioms=[]
info: DefiKernel/Atomic/Verify.lean:14:0: AXIOM AUDIT declaration: DefiKernel.Atomic.Examples.fixtureComponent.match_1; module=DefiKernel.Atomic.Examples; kind=definition; axioms=[]
info: DefiKernel/Atomic/Verify.lean:14:0: AXIOM AUDIT declaration: DefiKernel.Atomic.Examples.fixtureComponent.match_3; module=DefiKernel.Atomic.Examples; kind=definition; axioms=[]
info: DefiKernel/Atomic/Verify.lean:14:0: AXIOM AUDIT declaration: DefiKernel.Atomic.InnerObservation.mk._flat_ctor; module=DefiKernel.Atomic.Execution; kind=definition; axioms=[]
info: DefiKernel/Atomic/Verify.lean:14:0: AXIOM AUDIT declaration: DefiKernel.Atomic.InnerObservation.mk.noConfusion; module=DefiKernel.Atomic.Execution; kind=definition; axioms=[]
info: DefiKernel/Atomic/Verify.lean:14:0: AXIOM AUDIT declaration: DefiKernel.Atomic.Lane.mk._flat_ctor; module=DefiKernel.Atomic.Policy; kind=definition; axioms=[]
info: DefiKernel/Atomic/Verify.lean:14:0: AXIOM AUDIT declaration: DefiKernel.Atomic.Lane.mk.noConfusion; module=DefiKernel.Atomic.Policy; kind=definition; axioms=[]
info: DefiKernel/Atomic/Verify.lean:14:0: AXIOM AUDIT declaration: DefiKernel.Atomic.Machine.abort._default; module=DefiKernel.Atomic.Execution; kind=definition; axioms=[]
info: DefiKernel/Atomic/Verify.lean:14:0: AXIOM AUDIT declaration: DefiKernel.Atomic.Machine.mk._flat_ctor; module=DefiKernel.Atomic.Execution; kind=definition; axioms=[propext,
 Quot.sound]
info: DefiKernel/Atomic/Verify.lean:14:0: AXIOM AUDIT declaration: DefiKernel.Atomic.Machine.mk.noConfusion; module=DefiKernel.Atomic.Execution; kind=definition; axioms=[propext,
 Quot.sound]
info: DefiKernel/Atomic/Verify.lean:14:0: AXIOM AUDIT declaration: DefiKernel.Atomic.Machine.position._default; module=DefiKernel.Atomic.Execution; kind=definition; axioms=[]
info: DefiKernel/Atomic/Verify.lean:14:0: AXIOM AUDIT declaration: DefiKernel.Atomic.Observation.mk._flat_ctor; module=DefiKernel.Atomic.Observation; kind=definition; axioms=[propext,
 Quot.sound]
info: DefiKernel/Atomic/Verify.lean:14:0: AXIOM AUDIT declaration: DefiKernel.Atomic.Observation.mk.noConfusion; module=DefiKernel.Atomic.Observation; kind=definition; axioms=[propext,
 Quot.sound]
info: DefiKernel/Atomic/Verify.lean:14:0: AXIOM AUDIT declaration: DefiKernel.Atomic.Outcome.aborted.elim; module=DefiKernel.Atomic.Observation; kind=definition; axioms=[]
info: DefiKernel/Atomic/Verify.lean:14:0: AXIOM AUDIT declaration: DefiKernel.Atomic.Outcome.aborted.noConfusion; module=DefiKernel.Atomic.Observation; kind=definition; axioms=[]
info: DefiKernel/Atomic/Verify.lean:14:0: AXIOM AUDIT declaration: DefiKernel.Atomic.Outcome.committed.elim; module=DefiKernel.Atomic.Observation; kind=definition; axioms=[]
info: DefiKernel/Atomic/Verify.lean:14:0: AXIOM AUDIT declaration: DefiKernel.Atomic.Outcome.refused.elim; module=DefiKernel.Atomic.Observation; kind=definition; axioms=[]
info: DefiKernel/Atomic/Verify.lean:14:0: AXIOM AUDIT declaration: DefiKernel.Atomic.Outcome.refused.noConfusion; module=DefiKernel.Atomic.Observation; kind=definition; axioms=[]
info: DefiKernel/Atomic/Verify.lean:14:0: AXIOM AUDIT declaration: DefiKernel.Atomic.Policy.mk._flat_ctor; module=DefiKernel.Atomic.Policy; kind=definition; axioms=[]
info: DefiKernel/Atomic/Verify.lean:14:0: AXIOM AUDIT declaration: DefiKernel.Atomic.Policy.mk.noConfusion; module=DefiKernel.Atomic.Policy; kind=definition; axioms=[]
info: DefiKernel/Atomic/Verify.lean:14:0: AXIOM AUDIT declaration: DefiKernel.Atomic.PolicyFailure.duplicateLane.elim; module=DefiKernel.Atomic.Policy; kind=definition; axioms=[]
info: DefiKernel/Atomic/Verify.lean:14:0: AXIOM AUDIT declaration: DefiKernel.Atomic.PolicyFailure.duplicateLane.noConfusion; module=DefiKernel.Atomic.Policy; kind=definition; axioms=[]
info: DefiKernel/Atomic/Verify.lean:14:0: AXIOM AUDIT declaration: DefiKernel.Atomic.PolicyFailure.duplicateParticipant.elim; module=DefiKernel.Atomic.Policy; kind=definition; axioms=[]
info: DefiKernel/Atomic/Verify.lean:14:0: AXIOM AUDIT declaration: DefiKernel.Atomic.PolicyFailure.duplicateParticipant.noConfusion; module=DefiKernel.Atomic.Policy; kind=definition; axioms=[]
info: DefiKernel/Atomic/Verify.lean:14:0: AXIOM AUDIT declaration: DefiKernel.Atomic.PolicyFailure.uncoveredParticipant.elim; module=DefiKernel.Atomic.Policy; kind=definition; axioms=[]
info: DefiKernel/Atomic/Verify.lean:14:0: AXIOM AUDIT declaration: DefiKernel.Atomic.PolicyFailure.uncoveredParticipant.noConfusion; module=DefiKernel.Atomic.Policy; kind=definition; axioms=[]
info: DefiKernel/Atomic/Verify.lean:14:0: AXIOM AUDIT declaration: DefiKernel.Atomic.Reachable.below.casesOn; module=DefiKernel.Atomic.Soundness; kind=definition; axioms=[propext,
 Classical.choice,
 Quot.sound]
info: DefiKernel/Atomic/Verify.lean:14:0: AXIOM AUDIT declaration: DefiKernel.Atomic.Residual.mk._flat_ctor; module=DefiKernel.Atomic.Policy; kind=definition; axioms=[]
info: DefiKernel/Atomic/Verify.lean:14:0: AXIOM AUDIT declaration: DefiKernel.Atomic.Residual.mk.noConfusion; module=DefiKernel.Atomic.Policy; kind=definition; axioms=[]
info: DefiKernel/Atomic/Verify.lean:14:0: AXIOM AUDIT declaration: DefiKernel.Atomic.Result.aborted.elim; module=DefiKernel.Atomic.Execution; kind=definition; axioms=[propext,
 Quot.sound]
info: DefiKernel/Atomic/Verify.lean:14:0: AXIOM AUDIT declaration: DefiKernel.Atomic.Result.aborted.noConfusion; module=DefiKernel.Atomic.Execution; kind=definition; axioms=[propext,
 Quot.sound]
info: DefiKernel/Atomic/Verify.lean:14:0: AXIOM AUDIT declaration: DefiKernel.Atomic.Result.committed.elim; module=DefiKernel.Atomic.Execution; kind=definition; axioms=[propext,
 Quot.sound]
info: DefiKernel/Atomic/Verify.lean:14:0: AXIOM AUDIT declaration: DefiKernel.Atomic.Result.committed.noConfusion; module=DefiKernel.Atomic.Execution; kind=definition; axioms=[propext,
 Quot.sound]
info: DefiKernel/Atomic/Verify.lean:14:0: AXIOM AUDIT declaration: DefiKernel.Atomic.Result.publicWorld.match_1; module=DefiKernel.Atomic.Execution; kind=definition; axioms=[propext,
 Quot.sound]
info: DefiKernel/Atomic/Verify.lean:14:0: AXIOM AUDIT declaration: DefiKernel.Atomic.Result.refused.elim; module=DefiKernel.Atomic.Execution; kind=definition; axioms=[propext,
 Quot.sound]
info: DefiKernel/Atomic/Verify.lean:14:0: AXIOM AUDIT declaration: DefiKernel.Atomic.Result.refused.noConfusion; module=DefiKernel.Atomic.Execution; kind=definition; axioms=[propext,
 Quot.sound]
info: DefiKernel/Atomic/Verify.lean:14:0: AXIOM AUDIT declaration: DefiKernel.Atomic.Tests.diagnosticMatches.match_1; module=DefiKernel.Atomic.Tests; kind=definition; axioms=[propext,
 Quot.sound]
info: DefiKernel/Atomic/Verify.lean:14:0: AXIOM AUDIT declaration: DefiKernel.Atomic.Tests.expectedInner._sparseCasesOn_1; module=DefiKernel.Atomic.Tests; kind=definition; axioms=[propext]
info: DefiKernel/Atomic/Verify.lean:14:0: AXIOM AUDIT declaration: DefiKernel.Atomic.Tests.expectedInner.match_1; module=DefiKernel.Atomic.Tests; kind=definition; axioms=[propext]
info: DefiKernel/Atomic/Verify.lean:14:0: AXIOM AUDIT declaration: DefiKernel.Atomic.Tests.receiptChecks.match_1; module=DefiKernel.Atomic.Tests; kind=definition; axioms=[]
info: DefiKernel/Atomic/Verify.lean:14:0: AXIOM AUDIT declaration: DefiKernel.Atomic.Tests.receiptChecks.match_3; module=DefiKernel.Atomic.Tests; kind=definition; axioms=[]
info: DefiKernel/Atomic/Verify.lean:14:0: AXIOM AUDIT declaration: DefiKernel.Atomic.instDecidableEqAbortReason.decEq.match_1; module=DefiKernel.Atomic.Execution; kind=definition; axioms=[]
info: DefiKernel/Atomic/Verify.lean:14:0: AXIOM AUDIT declaration: DefiKernel.Atomic.instDecidableEqAdmissionFailure.decEq.match_1; module=DefiKernel.Atomic.Execution; kind=definition; axioms=[]
info: DefiKernel/Atomic/Verify.lean:14:0: AXIOM AUDIT declaration: DefiKernel.Atomic.instDecidableEqEventObservation.decEq.match_1; module=DefiKernel.Atomic.Execution; kind=definition; axioms=[]
info: DefiKernel/Atomic/Verify.lean:14:0: AXIOM AUDIT declaration: DefiKernel.Atomic.instDecidableEqInnerObservation.decEq.match_1; module=DefiKernel.Atomic.Execution; kind=definition; axioms=[]
info: DefiKernel/Atomic/Verify.lean:14:0: AXIOM AUDIT declaration: DefiKernel.Atomic.instDecidableEqLane.decEq.match_1; module=DefiKernel.Atomic.Policy; kind=definition; axioms=[]
info: DefiKernel/Atomic/Verify.lean:14:0: AXIOM AUDIT declaration: DefiKernel.Atomic.instDecidableEqOutcome.decEq.match_1; module=DefiKernel.Atomic.Observation; kind=definition; axioms=[]
info: DefiKernel/Atomic/Verify.lean:14:0: AXIOM AUDIT declaration: DefiKernel.Atomic.instDecidableEqPolicyFailure.decEq.match_1; module=DefiKernel.Atomic.Policy; kind=definition; axioms=[]
info: DefiKernel/Atomic/Verify.lean:14:0: AXIOM AUDIT declaration: DefiKernel.Atomic.instDecidableEqResidual.decEq.match_1; module=DefiKernel.Atomic.Policy; kind=definition; axioms=[]
info: DefiKernel/Atomic/Verify.lean:14:0: AXIOM AUDIT declaration: DefiKernel.Atomic.instReprPolicyFailure.repr.match_1; module=DefiKernel.Atomic.Policy; kind=definition; axioms=[]
info: DefiKernel/Atomic/Verify.lean:14:0: AXIOM AUDIT declaration: _private.DefiKernel.Atomic.PolicyProofs.0.DefiKernel.Atomic.firstDuplicate.match_1.splitter; module=DefiKernel.Atomic.PolicyProofs; kind=definition; axioms=[]
info: DefiKernel/Atomic/Verify.lean:14:0: AXIOM AUDIT declaration: _private.DefiKernel.Atomic.PolicyProofs.0.DefiKernel.Atomic.firstDuplicate.match_3.splitter; module=DefiKernel.Atomic.PolicyProofs; kind=definition; axioms=[]
info: DefiKernel/Atomic/Verify.lean:14:0: AXIOM AUDIT declaration: _private.DefiKernel.Atomic.PolicyProofs.0.DefiKernel.Atomic.uncoveredFrom.match_1.splitter; module=DefiKernel.Atomic.PolicyProofs; kind=definition; axioms=[]
info: DefiKernel/Atomic/Verify.lean:14:0: AXIOM AUDIT declaration: _private.DefiKernel.Atomic.Settlement.0.DefiKernel.Atomic.advance.match_1.splitter; module=DefiKernel.Atomic.Settlement; kind=definition; axioms=[]
info: DefiKernel/Atomic/Verify.lean:14:0: AXIOM AUDIT declaration: _private.DefiKernel.Atomic.Settlement.0.DefiKernel.Atomic.advance_outstanding.match_1.splitter; module=DefiKernel.Atomic.Settlement; kind=definition; axioms=[propext,
 Quot.sound]
info: DefiKernel/Atomic/Verify.lean:14:0: AXIOM AUDIT declaration: _private.DefiKernel.Atomic.Settlement.0.DefiKernel.Atomic.receiptEffect.match_1.splitter; module=DefiKernel.Atomic.Settlement; kind=definition; axioms=[propext]
info: DefiKernel/Atomic/Verify.lean:14:0: AXIOM AUDIT declaration: _private.DefiKernel.Atomic.Soundness.0.DefiKernel.Atomic.advance.match_1.splitter; module=DefiKernel.Atomic.Soundness; kind=definition; axioms=[]
info: DefiKernel/Atomic/Verify.lean:14:0: AXIOM AUDIT declaration: _private.DefiKernel.Atomic.Soundness.0.DefiKernel.Atomic.advance.match_3.splitter; module=DefiKernel.Atomic.Soundness; kind=definition; axioms=[propext,
 Quot.sound]
info: DefiKernel/Atomic/Verify.lean:14:0: AXIOM AUDIT declaration: _private.DefiKernel.Atomic.Soundness.0.DefiKernel.Atomic.advance.match_5.splitter; module=DefiKernel.Atomic.Soundness; kind=definition; axioms=[]
info: DefiKernel/Atomic/Verify.lean:14:0: AXIOM AUDIT declaration: _private.DefiKernel.Atomic.Soundness.0.DefiKernel.Atomic.observeAttempt.match_1.splitter; module=DefiKernel.Atomic.Soundness; kind=definition; axioms=[propext,
 Quot.sound]
info: DefiKernel/Atomic/Verify.lean:14:0: AXIOM AUDIT declaration: DefiKernel.Atomic.Examples.FixtureOp.mk._flat_ctor; module=DefiKernel.Atomic.Examples; kind=definition; axioms=[]
info: DefiKernel/Atomic/Verify.lean:14:0: AXIOM AUDIT declaration: DefiKernel.Atomic.Examples.FixtureOp.mk.noConfusion; module=DefiKernel.Atomic.Examples; kind=definition; axioms=[]
info: DefiKernel/Atomic/Verify.lean:14:0: AXIOM AUDIT declaration: _private.DefiKernel.Atomic.Preservation.0.DefiKernel.Atomic.Result.publicWorld.match_1.splitter; module=DefiKernel.Atomic.Preservation; kind=definition; axioms=[propext,
 Quot.sound]
info: DefiKernel/Atomic/Verify.lean:14:0: AXIOM AUDIT declaration: _private.DefiKernel.Atomic.Settlement.0.DefiKernel.Atomic.receiptEffect.match_1.splitter._sparseCasesOn_2; module=DefiKernel.Atomic.Settlement; kind=definition; axioms=[propext]
info: DefiKernel/Atomic/Verify.lean:14:0: AXIOM AUDIT declaration: _private.DefiKernel.Atomic.Soundness.0.DefiKernel.Interleaving.Attempt.supply.match_1.splitter; module=DefiKernel.Atomic.Soundness; kind=definition; axioms=[propext,
 Quot.sound]
info: DefiKernel/Atomic/Verify.lean:14:0: AXIOM AUDIT DECLARATIONS PASSED: 496/496 supplemental declarations; forbidden=0
info: DefiKernel/Atomic/Verify.lean:14:0: AXIOM AUDIT PASSED: 357/357 theorems; forbidden=0
Build completed successfully (963 jobs).
