AXIOM AUDIT scope: imported module prefix DefiKernel.Nary; modules=[DefiKernel.Nary.Schedule,
 DefiKernel.Nary.Execution,
 DefiKernel.Nary.Observation,
 DefiKernel.Nary.CausalRuntime,
 DefiKernel.Nary.Examples,
 DefiKernel.Nary.Tests,
 DefiKernel.Nary.Audit,
 DefiKernel.Nary.BinaryCorrespondence,
 DefiKernel.Nary.Causal,
 DefiKernel.Nary.Soundness,
 DefiKernel.Nary.LocalOrder,
 DefiKernel.Nary.Trace,
 DefiKernel.Nary.Completion,
 DefiKernel.Nary.FundedEnabledness,
 DefiKernel.Nary.FundedCausal,
 DefiKernel.Nary.Interference,
 DefiKernel.Nary.FundedCompanions,
 DefiKernel.Nary.InterfaceInstances,
 DefiKernel.Nary.Preservation]
AXIOM AUDIT theorem: DefiKernel.Nary.Complete_binary; module=DefiKernel.Nary.BinaryCorrespondence; axioms=[]
AXIOM AUDIT theorem: DefiKernel.Nary.accept_appended; module=DefiKernel.Nary.CausalRuntime; axioms=[propext,
 Classical.choice,
 Quot.sound]
AXIOM AUDIT theorem: DefiKernel.Nary.accept_attempts; module=DefiKernel.Nary.Execution; axioms=[propext, Quot.sound]
AXIOM AUDIT theorem: DefiKernel.Nary.accept_away; module=DefiKernel.Nary.Execution; axioms=[propext, Quot.sound]
AXIOM AUDIT theorem: DefiKernel.Nary.accept_selected; module=DefiKernel.Nary.Soundness; axioms=[propext, Quot.sound]
AXIOM AUDIT theorem: DefiKernel.Nary.accept_stored_receipt; module=DefiKernel.Nary.Execution; axioms=[propext,
 Quot.sound]
AXIOM AUDIT theorem: DefiKernel.Nary.accept_world; module=DefiKernel.Nary.Execution; axioms=[propext, Quot.sound]
AXIOM AUDIT theorem: DefiKernel.Nary.admit_analyze_error; module=DefiKernel.Nary.Schedule; axioms=[propext]
AXIOM AUDIT theorem: DefiKernel.Nary.admit_correspondence; module=DefiKernel.Nary.BinaryCorrespondence; axioms=[propext,
 Classical.choice,
 Quot.sound]
AXIOM AUDIT theorem: DefiKernel.Nary.admit_invalid_catalog; module=DefiKernel.Nary.Schedule; axioms=[propext]
AXIOM AUDIT theorem: DefiKernel.Nary.admit_invalid_catalog_binary; module=DefiKernel.Nary.BinaryCorrespondence; axioms=[propext,
 Classical.choice,
 Quot.sound]
AXIOM AUDIT theorem: DefiKernel.Nary.admit_of_checks; module=DefiKernel.Nary.Schedule; axioms=[propext, Quot.sound]
AXIOM AUDIT theorem: DefiKernel.Nary.admit_ok; module=DefiKernel.Nary.Schedule; axioms=[propext, Quot.sound]
AXIOM AUDIT theorem: DefiKernel.Nary.admit_ok_projected; module=DefiKernel.Nary.BinaryCorrespondence; axioms=[propext,
 Classical.choice,
 Quot.sound]
AXIOM AUDIT theorem: DefiKernel.Nary.advanceMonitored_accept; module=DefiKernel.Nary.Causal; axioms=[propext,
 Classical.choice,
 Quot.sound]
AXIOM AUDIT theorem: DefiKernel.Nary.advanceMonitored_erase; module=DefiKernel.Nary.CausalRuntime; axioms=[propext,
 Classical.choice,
 Quot.sound]
AXIOM AUDIT theorem: DefiKernel.Nary.advanceMonitored_refuse; module=DefiKernel.Nary.Causal; axioms=[propext,
 Classical.choice,
 Quot.sound]
AXIOM AUDIT theorem: DefiKernel.Nary.advanceMonitored_skip; module=DefiKernel.Nary.Causal; axioms=[propext,
 Classical.choice,
 Quot.sound]
AXIOM AUDIT theorem: DefiKernel.Nary.advanceMonitored_spec; module=DefiKernel.Nary.Causal; axioms=[propext,
 Classical.choice,
 Quot.sound]
AXIOM AUDIT theorem: DefiKernel.Nary.advanceMonitored_spec_entry; module=DefiKernel.Nary.Causal; axioms=[propext,
 Classical.choice,
 Quot.sound]
AXIOM AUDIT theorem: DefiKernel.Nary.advance_consumed; module=DefiKernel.Nary.Execution; axioms=[propext,
 Classical.choice,
 Quot.sound]
AXIOM AUDIT theorem: DefiKernel.Nary.advance_eq_accept; module=DefiKernel.Nary.Causal; axioms=[propext,
 Classical.choice,
 Quot.sound]
AXIOM AUDIT theorem: DefiKernel.Nary.advance_eq_refuse; module=DefiKernel.Nary.Causal; axioms=[propext,
 Classical.choice,
 Quot.sound]
AXIOM AUDIT theorem: DefiKernel.Nary.advance_eq_skip_of_absent; module=DefiKernel.Nary.Causal; axioms=[propext,
 Classical.choice,
 Quot.sound]
AXIOM AUDIT theorem: DefiKernel.Nary.advance_eq_skip_of_isSome; module=DefiKernel.Nary.Causal; axioms=[propext,
 Classical.choice,
 Quot.sound]
AXIOM AUDIT theorem: DefiKernel.Nary.advance_refusal_stable; module=DefiKernel.Nary.Trace; axioms=[propext,
 Classical.choice,
 Quot.sound]
AXIOM AUDIT theorem: DefiKernel.Nary.advance_sound; module=DefiKernel.Nary.Execution; axioms=[propext,
 Classical.choice,
 Quot.sound]
AXIOM AUDIT theorem: DefiKernel.Nary.analyzeAll_binary; module=DefiKernel.Nary.BinaryCorrespondence; axioms=[propext,
 Classical.choice,
 Quot.sound]
AXIOM AUDIT theorem: DefiKernel.Nary.analyzeAll_cons_ok; module=DefiKernel.Nary.BinaryCorrespondence; axioms=[propext,
 Classical.choice,
 Quot.sound]
AXIOM AUDIT theorem: DefiKernel.Nary.analyzeAll_error_head; module=DefiKernel.Nary.Schedule; axioms=[propext]
AXIOM AUDIT theorem: DefiKernel.Nary.analyzeAll_lookup; module=DefiKernel.Nary.Preservation; axioms=[propext]
AXIOM AUDIT theorem: DefiKernel.Nary.analyzeAll_nil; module=DefiKernel.Nary.Schedule; axioms=[propext]
AXIOM AUDIT theorem: DefiKernel.Nary.analyzed_selected; module=DefiKernel.Nary.Preservation; axioms=[propext,
 Classical.choice,
 Quot.sound]
AXIOM AUDIT theorem: DefiKernel.Nary.attemptEq_iff; module=DefiKernel.Nary.Observation; axioms=[propext,
 Classical.choice,
 Quot.sound]
AXIOM AUDIT theorem: DefiKernel.Nary.attemptsEq_iff; module=DefiKernel.Nary.Observation; axioms=[propext,
 Classical.choice,
 Quot.sound]
AXIOM AUDIT theorem: DefiKernel.Nary.binaryAdmitAgrees_true; module=DefiKernel.Nary.BinaryCorrespondence; axioms=[propext,
 Classical.choice,
 Quot.sound]
AXIOM AUDIT theorem: DefiKernel.Nary.binaryAdvanceAgrees_true; module=DefiKernel.Nary.BinaryCorrespondence; axioms=[propext,
 Classical.choice,
 Quot.sound]
AXIOM AUDIT theorem: DefiKernel.Nary.binaryContinueAgrees_true; module=DefiKernel.Nary.BinaryCorrespondence; axioms=[propext,
 Classical.choice,
 Quot.sound]
AXIOM AUDIT theorem: DefiKernel.Nary.binaryMachineAgrees_iff; module=DefiKernel.Nary.BinaryCorrespondence; axioms=[propext,
 Classical.choice,
 Quot.sound]
AXIOM AUDIT theorem: DefiKernel.Nary.binaryParticipants_order; module=DefiKernel.Nary.BinaryCorrespondence; axioms=[propext,
 Quot.sound]
AXIOM AUDIT theorem: DefiKernel.Nary.binaryPrefixAgrees_true; module=DefiKernel.Nary.BinaryCorrespondence; axioms=[propext,
 Classical.choice,
 Quot.sound]
AXIOM AUDIT theorem: DefiKernel.Nary.binaryRunAgrees_true; module=DefiKernel.Nary.BinaryCorrespondence; axioms=[propext,
 Classical.choice,
 Quot.sound]
AXIOM AUDIT theorem: DefiKernel.Nary.checkCountsFrom_error_head; module=DefiKernel.Nary.Schedule; axioms=[propext]
AXIOM AUDIT theorem: DefiKernel.Nary.checkCountsFrom_left_right; module=DefiKernel.Nary.BinaryCorrespondence; axioms=[propext]
AXIOM AUDIT theorem: DefiKernel.Nary.checkCountsFrom_nil; module=DefiKernel.Nary.Schedule; axioms=[]
AXIOM AUDIT theorem: DefiKernel.Nary.checkCountsFrom_ok_cons; module=DefiKernel.Nary.Schedule; axioms=[propext]
AXIOM AUDIT theorem: DefiKernel.Nary.checkCountsFrom_ok_iff; module=DefiKernel.Nary.Schedule; axioms=[propext,
 Quot.sound]
AXIOM AUDIT theorem: DefiKernel.Nary.checkSchedule_error_project; module=DefiKernel.Nary.BinaryCorrespondence; axioms=[propext,
 Classical.choice,
 Quot.sound]
AXIOM AUDIT theorem: DefiKernel.Nary.checkSchedule_ok_binary; module=DefiKernel.Nary.BinaryCorrespondence; axioms=[propext,
 Classical.choice,
 Quot.sound]
AXIOM AUDIT theorem: DefiKernel.Nary.checkSchedule_ok_iff; module=DefiKernel.Nary.Schedule; axioms=[propext, Quot.sound]
AXIOM AUDIT theorem: DefiKernel.Nary.checkSchedule_project; module=DefiKernel.Nary.BinaryCorrespondence; axioms=[propext,
 Classical.choice,
 Quot.sound]
AXIOM AUDIT theorem: DefiKernel.Nary.continueMonitored_append; module=DefiKernel.Nary.CausalRuntime; axioms=[propext,
 Classical.choice,
 Quot.sound]
AXIOM AUDIT theorem: DefiKernel.Nary.continueMonitored_append_erase; module=DefiKernel.Nary.Causal; axioms=[propext,
 Classical.choice,
 Quot.sound]
AXIOM AUDIT theorem: DefiKernel.Nary.continueMonitored_common_prefix; module=DefiKernel.Nary.CausalRuntime; axioms=[propext,
 Classical.choice,
 Quot.sound]
AXIOM AUDIT theorem: DefiKernel.Nary.continueMonitored_cons; module=DefiKernel.Nary.CausalRuntime; axioms=[propext,
 Classical.choice,
 Quot.sound]
AXIOM AUDIT theorem: DefiKernel.Nary.continueMonitored_erase; module=DefiKernel.Nary.CausalRuntime; axioms=[propext,
 Classical.choice,
 Quot.sound]
AXIOM AUDIT theorem: DefiKernel.Nary.continueMonitored_erase_start; module=DefiKernel.Nary.Causal; axioms=[propext,
 Classical.choice,
 Quot.sound]
AXIOM AUDIT theorem: DefiKernel.Nary.continueMonitored_every_prefix; module=DefiKernel.Nary.Causal; axioms=[propext,
 Classical.choice,
 Quot.sound]
AXIOM AUDIT theorem: DefiKernel.Nary.continueMonitored_fixed_parameter_shared_prefix; module=DefiKernel.Nary.Causal; axioms=[propext,
 Classical.choice,
 Quot.sound]
AXIOM AUDIT theorem: DefiKernel.Nary.continueMonitored_initialized; module=DefiKernel.Nary.Causal; axioms=[propext,
 Classical.choice,
 Quot.sound]
AXIOM AUDIT theorem: DefiKernel.Nary.continueMonitored_nil; module=DefiKernel.Nary.CausalRuntime; axioms=[propext,
 Classical.choice,
 Quot.sound]
AXIOM AUDIT theorem: DefiKernel.Nary.continueMonitored_replay; module=DefiKernel.Nary.Causal; axioms=[propext,
 Classical.choice,
 Quot.sound]
AXIOM AUDIT theorem: DefiKernel.Nary.continueMonitored_start_initialized; module=DefiKernel.Nary.Causal; axioms=[propext,
 Classical.choice,
 Quot.sound]
AXIOM AUDIT theorem: DefiKernel.Nary.continueMonitored_take_eq; module=DefiKernel.Nary.CausalRuntime; axioms=[propext,
 Classical.choice,
 Quot.sound]
AXIOM AUDIT theorem: DefiKernel.Nary.continueMonitored_take_prefix; module=DefiKernel.Nary.CausalRuntime; axioms=[propext,
 Classical.choice,
 Quot.sound]
AXIOM AUDIT theorem: DefiKernel.Nary.continueRun_append; module=DefiKernel.Nary.Execution; axioms=[propext,
 Classical.choice,
 Quot.sound]
AXIOM AUDIT theorem: DefiKernel.Nary.continueRun_cell_accounting; module=DefiKernel.Nary.Preservation; axioms=[propext,
 Classical.choice,
 Quot.sound]
AXIOM AUDIT theorem: DefiKernel.Nary.continueRun_chunk_assoc; module=DefiKernel.Nary.BinaryCorrespondence; axioms=[propext,
 Classical.choice,
 Quot.sound]
AXIOM AUDIT theorem: DefiKernel.Nary.continueRun_cons; module=DefiKernel.Nary.Execution; axioms=[propext,
 Classical.choice,
 Quot.sound]
AXIOM AUDIT theorem: DefiKernel.Nary.continueRun_consumed; module=DefiKernel.Nary.Execution; axioms=[propext,
 Classical.choice,
 Quot.sound]
AXIOM AUDIT theorem: DefiKernel.Nary.continueRun_invariants; module=DefiKernel.Nary.Interference; axioms=[propext,
 Classical.choice,
 Quot.sound]
AXIOM AUDIT theorem: DefiKernel.Nary.continueRun_nil; module=DefiKernel.Nary.Execution; axioms=[propext,
 Classical.choice,
 Quot.sound]
AXIOM AUDIT theorem: DefiKernel.Nary.continueRun_reachable; module=DefiKernel.Nary.Execution; axioms=[propext,
 Classical.choice,
 Quot.sound]
AXIOM AUDIT theorem: DefiKernel.Nary.continueRun_refusal_stable; module=DefiKernel.Nary.Trace; axioms=[propext,
 Classical.choice,
 Quot.sound]
AXIOM AUDIT theorem: DefiKernel.Nary.continueRun_three_chunk; module=DefiKernel.Nary.BinaryCorrespondence; axioms=[propext,
 Classical.choice,
 Quot.sound]
AXIOM AUDIT theorem: DefiKernel.Nary.count_append; module=DefiKernel.Nary.Schedule; axioms=[propext]
AXIOM AUDIT theorem: DefiKernel.Nary.count_sum_length; module=DefiKernel.Nary.Schedule; axioms=[propext, Quot.sound]
AXIOM AUDIT theorem: DefiKernel.Nary.derived_monitor_step_preserves; module=DefiKernel.Nary.Causal; axioms=[propext,
 Classical.choice,
 Quot.sound]
AXIOM AUDIT theorem: DefiKernel.Nary.eventEq_iff; module=DefiKernel.Nary.Observation; axioms=[propext,
 Classical.choice,
 Quot.sound]
AXIOM AUDIT theorem: DefiKernel.Nary.eventsEq_iff; module=DefiKernel.Nary.Observation; axioms=[propext,
 Classical.choice,
 Quot.sound]
AXIOM AUDIT theorem: DefiKernel.Nary.every_prefix_invariants; module=DefiKernel.Nary.Interference; axioms=[propext,
 Classical.choice,
 Quot.sound]
AXIOM AUDIT theorem: DefiKernel.Nary.existingBinaryAdmit_eq; module=DefiKernel.Nary.BinaryCorrespondence; axioms=[propext]
AXIOM AUDIT theorem: DefiKernel.Nary.existingBinaryContinue_cons; module=DefiKernel.Nary.BinaryCorrespondence; axioms=[propext,
 Classical.choice,
 Quot.sound]
AXIOM AUDIT theorem: DefiKernel.Nary.existingBinaryPrefix_eq; module=DefiKernel.Nary.BinaryCorrespondence; axioms=[propext,
 Classical.choice,
 Quot.sound]
AXIOM AUDIT theorem: DefiKernel.Nary.existingBinaryRun_eq; module=DefiKernel.Nary.BinaryCorrespondence; axioms=[propext,
 Classical.choice,
 Quot.sound]
AXIOM AUDIT theorem: DefiKernel.Nary.failedAttempt_error; module=DefiKernel.Nary.Execution; axioms=[propext, Quot.sound]
AXIOM AUDIT theorem: DefiKernel.Nary.failedAttempt_ok; module=DefiKernel.Nary.Execution; axioms=[propext, Quot.sound]
AXIOM AUDIT theorem: DefiKernel.Nary.interleavingAttemptEq_iff; module=DefiKernel.Nary.BinaryCorrespondence; axioms=[propext,
 Classical.choice,
 Quot.sound]
AXIOM AUDIT theorem: DefiKernel.Nary.interleavingAttemptsEq_iff; module=DefiKernel.Nary.BinaryCorrespondence; axioms=[propext,
 Classical.choice,
 Quot.sound]
AXIOM AUDIT theorem: DefiKernel.Nary.interleavingMachineEq_iff; module=DefiKernel.Nary.BinaryCorrespondence; axioms=[propext,
 Classical.choice,
 Quot.sound]
AXIOM AUDIT theorem: DefiKernel.Nary.interleavingResultEq_iff; module=DefiKernel.Nary.BinaryCorrespondence; axioms=[propext,
 Classical.choice,
 Quot.sound]
AXIOM AUDIT theorem: DefiKernel.Nary.joint_advanceMonitored; module=DefiKernel.Nary.Causal; axioms=[propext,
 Classical.choice,
 Quot.sound]
AXIOM AUDIT theorem: DefiKernel.Nary.localEq_iff; module=DefiKernel.Nary.Observation; axioms=[propext,
 Classical.choice,
 Quot.sound]
AXIOM AUDIT theorem: DefiKernel.Nary.localsEq_iff; module=DefiKernel.Nary.Observation; axioms=[propext,
 Classical.choice,
 Quot.sound]
AXIOM AUDIT theorem: DefiKernel.Nary.locals_ext; module=DefiKernel.Nary.Observation; axioms=[propext,
 Classical.choice,
 Quot.sound]
AXIOM AUDIT theorem: DefiKernel.Nary.machineEq_iff; module=DefiKernel.Nary.Observation; axioms=[propext,
 Classical.choice,
 Quot.sound]
AXIOM AUDIT theorem: DefiKernel.Nary.machineEquivalent_iff; module=DefiKernel.Nary.Observation; axioms=[propext,
 Classical.choice,
 Quot.sound]
AXIOM AUDIT theorem: DefiKernel.Nary.mapError_ok; module=DefiKernel.Nary.Schedule; axioms=[propext]
AXIOM AUDIT theorem: DefiKernel.Nary.mem_analyzedWrites; module=DefiKernel.Nary.Preservation; axioms=[propext,
 Quot.sound]
AXIOM AUDIT theorem: DefiKernel.Nary.monitorPayload_attempt; module=DefiKernel.Nary.Causal; axioms=[propext,
 Classical.choice,
 Quot.sound]
AXIOM AUDIT theorem: DefiKernel.Nary.nextIndex_eq_consumed_of_selected; module=DefiKernel.Nary.LocalOrder; axioms=[propext,
 Classical.choice,
 Quot.sound]
AXIOM AUDIT theorem: DefiKernel.Nary.nodup_sum_ite; module=DefiKernel.Nary.Schedule; axioms=[propext]
AXIOM AUDIT theorem: DefiKernel.Nary.ofBinaryAttempt_toBinary; module=DefiKernel.Nary.BinaryCorrespondence; axioms=[propext,
 Quot.sound]
AXIOM AUDIT theorem: DefiKernel.Nary.ofBinaryAttempts_toBinary; module=DefiKernel.Nary.BinaryCorrespondence; axioms=[propext,
 Quot.sound]
AXIOM AUDIT theorem: DefiKernel.Nary.ofBinaryBranches_toBinary; module=DefiKernel.Nary.BinaryCorrespondence; axioms=[Quot.sound]
AXIOM AUDIT theorem: DefiKernel.Nary.ofBinaryLocals_toBinary; module=DefiKernel.Nary.BinaryCorrespondence; axioms=[propext,
 Quot.sound]
AXIOM AUDIT theorem: DefiKernel.Nary.ofBinaryMachine_toBinary; module=DefiKernel.Nary.BinaryCorrespondence; axioms=[propext,
 Quot.sound]
AXIOM AUDIT theorem: DefiKernel.Nary.outcomeEq_iff; module=DefiKernel.Nary.Observation; axioms=[propext,
 Classical.choice,
 Quot.sound]
AXIOM AUDIT theorem: DefiKernel.Nary.projectAdmitSuccess_pair; module=DefiKernel.Nary.BinaryCorrespondence; axioms=[propext]
AXIOM AUDIT theorem: DefiKernel.Nary.projectScheduleMismatch_eq; module=DefiKernel.Nary.BinaryCorrespondence; axioms=[]
AXIOM AUDIT theorem: DefiKernel.Nary.refuse_appended; module=DefiKernel.Nary.CausalRuntime; axioms=[propext,
 Classical.choice,
 Quot.sound]
AXIOM AUDIT theorem: DefiKernel.Nary.refuse_attempts; module=DefiKernel.Nary.Execution; axioms=[propext, Quot.sound]
AXIOM AUDIT theorem: DefiKernel.Nary.refuse_away; module=DefiKernel.Nary.Execution; axioms=[propext, Quot.sound]
AXIOM AUDIT theorem: DefiKernel.Nary.refuse_selected; module=DefiKernel.Nary.Soundness; axioms=[propext, Quot.sound]
AXIOM AUDIT theorem: DefiKernel.Nary.refuse_world; module=DefiKernel.Nary.Execution; axioms=[propext, Quot.sound]
AXIOM AUDIT theorem: DefiKernel.Nary.resultEq_iff; module=DefiKernel.Nary.Observation; axioms=[propext,
 Classical.choice,
 Quot.sound]
AXIOM AUDIT theorem: DefiKernel.Nary.resultEquivalent_iff; module=DefiKernel.Nary.Observation; axioms=[propext,
 Classical.choice,
 Quot.sound]
AXIOM AUDIT theorem: DefiKernel.Nary.runNary_admission_refusal; module=DefiKernel.Nary.Execution; axioms=[propext,
 Classical.choice,
 Quot.sound]
AXIOM AUDIT theorem: DefiKernel.Nary.runNary_executed; module=DefiKernel.Nary.Execution; axioms=[propext,
 Classical.choice,
 Quot.sound]
AXIOM AUDIT theorem: DefiKernel.Nary.runPrefix_accounting; module=DefiKernel.Nary.Preservation; axioms=[propext,
 Classical.choice,
 Quot.sound]
AXIOM AUDIT theorem: DefiKernel.Nary.runPrefix_analyzed_locality; module=DefiKernel.Nary.Preservation; axioms=[propext,
 Classical.choice,
 Quot.sound]
AXIOM AUDIT theorem: DefiKernel.Nary.runPrefix_analyzed_locality_roster; module=DefiKernel.Nary.Preservation; axioms=[propext,
 Classical.choice,
 Quot.sound]
AXIOM AUDIT theorem: DefiKernel.Nary.runPrefix_attempt_exact; module=DefiKernel.Nary.Trace; axioms=[propext,
 Classical.choice,
 Quot.sound]
AXIOM AUDIT theorem: DefiKernel.Nary.runPrefix_cell_accounting; module=DefiKernel.Nary.Preservation; axioms=[propext,
 Classical.choice,
 Quot.sound]
AXIOM AUDIT theorem: DefiKernel.Nary.runPrefix_complete_active_exhaustion; module=DefiKernel.Nary.Completion; axioms=[propext,
 Classical.choice,
 Quot.sound]
AXIOM AUDIT theorem: DefiKernel.Nary.runPrefix_complete_counts; module=DefiKernel.Nary.Completion; axioms=[propext,
 Classical.choice,
 Quot.sound]
AXIOM AUDIT theorem: DefiKernel.Nary.runPrefix_complete_exhausted_or_refused; module=DefiKernel.Nary.Completion; axioms=[propext,
 Classical.choice,
 Quot.sound]
AXIOM AUDIT theorem: DefiKernel.Nary.runPrefix_consumed; module=DefiKernel.Nary.Execution; axioms=[propext,
 Classical.choice,
 Quot.sound]
AXIOM AUDIT theorem: DefiKernel.Nary.runPrefix_event_index_seq; module=DefiKernel.Nary.Trace; axioms=[propext,
 Classical.choice,
 Quot.sound]
AXIOM AUDIT theorem: DefiKernel.Nary.runPrefix_frame; module=DefiKernel.Nary.Preservation; axioms=[propext,
 Classical.choice,
 Quot.sound]
AXIOM AUDIT theorem: DefiKernel.Nary.runPrefix_invariants; module=DefiKernel.Nary.Interference; axioms=[propext,
 Classical.choice,
 Quot.sound]
AXIOM AUDIT theorem: DefiKernel.Nary.runPrefix_nonnegative; module=DefiKernel.Nary.Preservation; axioms=[propext,
 Classical.choice,
 Quot.sound]
AXIOM AUDIT theorem: DefiKernel.Nary.runPrefix_reachable; module=DefiKernel.Nary.Execution; axioms=[propext,
 Classical.choice,
 Quot.sound]
AXIOM AUDIT theorem: DefiKernel.Nary.runPrefix_store; module=DefiKernel.Nary.Preservation; axioms=[propext,
 Classical.choice,
 Quot.sound]
AXIOM AUDIT theorem: DefiKernel.Nary.selectBranch_binary; module=DefiKernel.Nary.BinaryCorrespondence; axioms=[]
AXIOM AUDIT theorem: DefiKernel.Nary.setLocal_at; module=DefiKernel.Nary.Execution; axioms=[propext, Quot.sound]
AXIOM AUDIT theorem: DefiKernel.Nary.setLocal_attempts; module=DefiKernel.Nary.Execution; axioms=[propext, Quot.sound]
AXIOM AUDIT theorem: DefiKernel.Nary.setLocal_away; module=DefiKernel.Nary.Execution; axioms=[propext, Quot.sound]
AXIOM AUDIT theorem: DefiKernel.Nary.setLocal_world; module=DefiKernel.Nary.Execution; axioms=[propext, Quot.sound]
AXIOM AUDIT theorem: DefiKernel.Nary.skip_appended_none; module=DefiKernel.Nary.CausalRuntime; axioms=[propext,
 Classical.choice,
 Quot.sound]
AXIOM AUDIT theorem: DefiKernel.Nary.skip_attempts; module=DefiKernel.Nary.Execution; axioms=[propext, Quot.sound]
AXIOM AUDIT theorem: DefiKernel.Nary.skip_away; module=DefiKernel.Nary.Execution; axioms=[propext, Quot.sound]
AXIOM AUDIT theorem: DefiKernel.Nary.skip_selected; module=DefiKernel.Nary.Execution; axioms=[propext, Quot.sound]
AXIOM AUDIT theorem: DefiKernel.Nary.skip_world; module=DefiKernel.Nary.Execution; axioms=[propext, Quot.sound]
AXIOM AUDIT theorem: DefiKernel.Nary.start_attempts; module=DefiKernel.Nary.Soundness; axioms=[propext, Quot.sound]
AXIOM AUDIT theorem: DefiKernel.Nary.start_locals; module=DefiKernel.Nary.Soundness; axioms=[propext, Quot.sound]
AXIOM AUDIT theorem: DefiKernel.Nary.start_world; module=DefiKernel.Nary.Soundness; axioms=[propext, Quot.sound]
AXIOM AUDIT theorem: DefiKernel.Nary.stepResultEq_iff; module=DefiKernel.Nary.Observation; axioms=[propext,
 Classical.choice,
 Quot.sound]
AXIOM AUDIT theorem: DefiKernel.Nary.successfulEvent_error; module=DefiKernel.Nary.Trace; axioms=[propext,
 Classical.choice,
 Quot.sound]
AXIOM AUDIT theorem: DefiKernel.Nary.successfulEvent_ok; module=DefiKernel.Nary.Trace; axioms=[propext,
 Classical.choice,
 Quot.sound]
AXIOM AUDIT theorem: DefiKernel.Nary.successfulEvent_other; module=DefiKernel.Nary.Trace; axioms=[propext,
 Classical.choice,
 Quot.sound]
AXIOM AUDIT theorem: DefiKernel.Nary.sum_count_cons; module=DefiKernel.Nary.Schedule; axioms=[propext]
AXIOM AUDIT theorem: DefiKernel.Nary.throw_error; module=DefiKernel.Nary.Schedule; axioms=[]
AXIOM AUDIT theorem: DefiKernel.Nary.toBinaryAttempt_ofBinary; module=DefiKernel.Nary.BinaryCorrespondence; axioms=[propext,
 Quot.sound]
AXIOM AUDIT theorem: DefiKernel.Nary.toBinaryAttempts_ofBinary; module=DefiKernel.Nary.BinaryCorrespondence; axioms=[propext,
 Quot.sound]
AXIOM AUDIT theorem: DefiKernel.Nary.toBinaryBoundaries_id; module=DefiKernel.Nary.BinaryCorrespondence; axioms=[]
AXIOM AUDIT theorem: DefiKernel.Nary.toBinaryMachine_ofBinary; module=DefiKernel.Nary.BinaryCorrespondence; axioms=[propext,
 Quot.sound]
AXIOM AUDIT theorem: DefiKernel.Nary.toBinary_accept; module=DefiKernel.Nary.BinaryCorrespondence; axioms=[propext,
 Quot.sound]
AXIOM AUDIT theorem: DefiKernel.Nary.toBinary_advance; module=DefiKernel.Nary.BinaryCorrespondence; axioms=[propext,
 Classical.choice,
 Quot.sound]
AXIOM AUDIT theorem: DefiKernel.Nary.toBinary_advance_accepted; module=DefiKernel.Nary.BinaryCorrespondence; axioms=[propext,
 Classical.choice,
 Quot.sound]
AXIOM AUDIT theorem: DefiKernel.Nary.toBinary_advance_exhausted; module=DefiKernel.Nary.BinaryCorrespondence; axioms=[propext,
 Classical.choice,
 Quot.sound]
AXIOM AUDIT theorem: DefiKernel.Nary.toBinary_advance_failed; module=DefiKernel.Nary.BinaryCorrespondence; axioms=[propext,
 Classical.choice,
 Quot.sound]
AXIOM AUDIT theorem: DefiKernel.Nary.toBinary_advance_refused; module=DefiKernel.Nary.BinaryCorrespondence; axioms=[propext,
 Classical.choice,
 Quot.sound]
AXIOM AUDIT theorem: DefiKernel.Nary.toBinary_attempts; module=DefiKernel.Nary.BinaryCorrespondence; axioms=[propext,
 Quot.sound]
AXIOM AUDIT theorem: DefiKernel.Nary.toBinary_continueRun; module=DefiKernel.Nary.BinaryCorrespondence; axioms=[propext,
 Classical.choice,
 Quot.sound]
AXIOM AUDIT theorem: DefiKernel.Nary.toBinary_local; module=DefiKernel.Nary.BinaryCorrespondence; axioms=[propext,
 Quot.sound]
AXIOM AUDIT theorem: DefiKernel.Nary.toBinary_refuse; module=DefiKernel.Nary.BinaryCorrespondence; axioms=[propext,
 Quot.sound]
AXIOM AUDIT theorem: DefiKernel.Nary.toBinary_runNary; module=DefiKernel.Nary.BinaryCorrespondence; axioms=[propext,
 Classical.choice,
 Quot.sound]
AXIOM AUDIT theorem: DefiKernel.Nary.toBinary_runPrefix; module=DefiKernel.Nary.BinaryCorrespondence; axioms=[propext,
 Classical.choice,
 Quot.sound]
AXIOM AUDIT theorem: DefiKernel.Nary.toBinary_setLocal; module=DefiKernel.Nary.BinaryCorrespondence; axioms=[propext,
 Quot.sound]
AXIOM AUDIT theorem: DefiKernel.Nary.toBinary_skip; module=DefiKernel.Nary.BinaryCorrespondence; axioms=[propext,
 Quot.sound]
AXIOM AUDIT theorem: DefiKernel.Nary.toBinary_start; module=DefiKernel.Nary.BinaryCorrespondence; axioms=[propext,
 Quot.sound]
AXIOM AUDIT theorem: DefiKernel.Nary.toBinary_with_attempts; module=DefiKernel.Nary.BinaryCorrespondence; axioms=[propext,
 Quot.sound]
AXIOM AUDIT theorem: DefiKernel.Nary.toBinary_with_world_attempts; module=DefiKernel.Nary.BinaryCorrespondence; axioms=[propext,
 Quot.sound]
AXIOM AUDIT theorem: DefiKernel.Nary.toBinary_world; module=DefiKernel.Nary.BinaryCorrespondence; axioms=[propext,
 Quot.sound]
AXIOM AUDIT theorem: DefiKernel.Nary.worldEq_iff; module=DefiKernel.Nary.Observation; axioms=[propext,
 Classical.choice,
 Quot.sound]
AXIOM AUDIT theorem: DefiKernel.Nary.world_eq_of_equivalent; module=DefiKernel.Nary.Observation; axioms=[propext,
 Classical.choice,
 Quot.sound]
AXIOM AUDIT theorem: DefiKernel.Nary.world_eq_of_fields; module=DefiKernel.Nary.Observation; axioms=[propext,
 Classical.choice,
 Quot.sound]
AXIOM AUDIT theorem: Except.toBool.eq_1; module=DefiKernel.Nary.FundedCompanions; axioms=[]
AXIOM AUDIT theorem: Except.toBool.eq_2; module=DefiKernel.Nary.FundedCompanions; axioms=[]
AXIOM AUDIT theorem: _private.DefiKernel.Nary.Causal.0.DefiKernel.Nary.skipped_of_exhausted; module=DefiKernel.Nary.Causal; axioms=[propext,
 Classical.choice,
 Quot.sound]
AXIOM AUDIT theorem: _private.DefiKernel.Nary.Causal.0.DefiKernel.Nary.skipped_of_halted; module=DefiKernel.Nary.Causal; axioms=[propext,
 Classical.choice,
 Quot.sound]
AXIOM AUDIT theorem: DefiKernel.Composition.ReceiptAuthorized.congr_simp; module=DefiKernel.Nary.Preservation; axioms=[propext,
 Classical.choice,
 Quot.sound]
AXIOM AUDIT theorem: DefiKernel.Composition.ReceiptAuthorized.eq_1; module=DefiKernel.Nary.Preservation; axioms=[propext,
 Classical.choice,
 Quot.sound]
AXIOM AUDIT theorem: DefiKernel.Composition.ReceiptAuthorized.eq_2; module=DefiKernel.Nary.Preservation; axioms=[propext,
 Classical.choice,
 Quot.sound]
AXIOM AUDIT theorem: DefiKernel.Interface.WritesWithin.eq_1; module=DefiKernel.Nary.InterfaceInstances; axioms=[propext,
 Classical.choice,
 Quot.sound]
AXIOM AUDIT theorem: DefiKernel.Interface.bindingsHold.congr_simp; module=DefiKernel.Nary.InterfaceInstances; axioms=[propext,
 Quot.sound]
AXIOM AUDIT theorem: DefiKernel.Interface.receiptCellEffect.eq_1; module=DefiKernel.Nary.FundedCausal; axioms=[propext,
 Classical.choice,
 Quot.sound]
AXIOM AUDIT theorem: DefiKernel.Interface.receiptCellEffect.eq_2; module=DefiKernel.Nary.FundedCausal; axioms=[propext,
 Classical.choice,
 Quot.sound]
AXIOM AUDIT theorem: DefiKernel.Interface.receiptCellEffect.eq_3; module=DefiKernel.Nary.FundedCausal; axioms=[propext,
 Classical.choice,
 Quot.sound]
AXIOM AUDIT theorem: DefiKernel.Interleaving.continueRun.eq_1; module=DefiKernel.Nary.BinaryCorrespondence; axioms=[propext,
 Classical.choice,
 Quot.sound]
AXIOM AUDIT theorem: DefiKernel.Interleaving.runPrefix.eq_1; module=DefiKernel.Nary.BinaryCorrespondence; axioms=[propext,
 Classical.choice,
 Quot.sound]
AXIOM AUDIT theorem: DefiKernel.Interleaving.start.eq_1; module=DefiKernel.Nary.BinaryCorrespondence; axioms=[propext,
 Quot.sound]
AXIOM AUDIT theorem: DefiKernel.Nary.AdvanceSound.accounting; module=DefiKernel.Nary.Preservation; axioms=[propext,
 Classical.choice,
 Quot.sound]
AXIOM AUDIT theorem: DefiKernel.Nary.AdvanceSound.active_index; module=DefiKernel.Nary.LocalOrder; axioms=[propext,
 Classical.choice,
 Quot.sound]
AXIOM AUDIT theorem: DefiKernel.Nary.AdvanceSound.appended_accept; module=DefiKernel.Nary.CausalRuntime; axioms=[propext,
 Classical.choice,
 Quot.sound]
AXIOM AUDIT theorem: DefiKernel.Nary.AdvanceSound.appended_option; module=DefiKernel.Nary.Causal; axioms=[propext,
 Classical.choice,
 Quot.sound]
AXIOM AUDIT theorem: DefiKernel.Nary.AdvanceSound.appended_outcome; module=DefiKernel.Nary.Soundness; axioms=[propext,
 Classical.choice,
 Quot.sound]
AXIOM AUDIT theorem: DefiKernel.Nary.AdvanceSound.appended_refuse; module=DefiKernel.Nary.CausalRuntime; axioms=[propext,
 Classical.choice,
 Quot.sound]
AXIOM AUDIT theorem: DefiKernel.Nary.AdvanceSound.appended_skip; module=DefiKernel.Nary.CausalRuntime; axioms=[propext,
 Classical.choice,
 Quot.sound]
AXIOM AUDIT theorem: DefiKernel.Nary.AdvanceSound.attempts; module=DefiKernel.Nary.Soundness; axioms=[propext,
 Classical.choice,
 Quot.sound]
AXIOM AUDIT theorem: DefiKernel.Nary.AdvanceSound.away; module=DefiKernel.Nary.Soundness; axioms=[propext,
 Classical.choice,
 Quot.sound]
AXIOM AUDIT theorem: DefiKernel.Nary.AdvanceSound.before_stores; module=DefiKernel.Nary.Preservation; axioms=[propext,
 Classical.choice,
 Quot.sound]
AXIOM AUDIT theorem: DefiKernel.Nary.AdvanceSound.cell_accounting; module=DefiKernel.Nary.Preservation; axioms=[propext,
 Classical.choice,
 Quot.sound]
AXIOM AUDIT theorem: DefiKernel.Nary.AdvanceSound.congr_simp; module=DefiKernel.Nary.Execution; axioms=[propext,
 Classical.choice,
 Quot.sound]
AXIOM AUDIT theorem: DefiKernel.Nary.AdvanceSound.consumed; module=DefiKernel.Nary.Execution; axioms=[propext,
 Classical.choice,
 Quot.sound]
AXIOM AUDIT theorem: DefiKernel.Nary.AdvanceSound.eq_advance; module=DefiKernel.Nary.Causal; axioms=[propext,
 Classical.choice,
 Quot.sound]
AXIOM AUDIT theorem: DefiKernel.Nary.AdvanceSound.error_attempt; module=DefiKernel.Nary.Soundness; axioms=[propext,
 Classical.choice,
 Quot.sound]
AXIOM AUDIT theorem: DefiKernel.Nary.AdvanceSound.locality; module=DefiKernel.Nary.Preservation; axioms=[propext,
 Classical.choice,
 Quot.sound]
AXIOM AUDIT theorem: DefiKernel.Nary.AdvanceSound.none_attempt; module=DefiKernel.Nary.Soundness; axioms=[propext,
 Classical.choice,
 Quot.sound]
AXIOM AUDIT theorem: DefiKernel.Nary.AdvanceSound.preserves_invariants; module=DefiKernel.Nary.Interference; axioms=[propext,
 Classical.choice,
 Quot.sound]
AXIOM AUDIT theorem: DefiKernel.Nary.AdvanceSound.refusal_stable; module=DefiKernel.Nary.Trace; axioms=[propext,
 Classical.choice,
 Quot.sound]
AXIOM AUDIT theorem: DefiKernel.Nary.AdvanceSound.store; module=DefiKernel.Nary.Execution; axioms=[propext,
 Classical.choice,
 Quot.sound]
AXIOM AUDIT theorem: DefiKernel.Nary.AdvanceSound.success_attempt; module=DefiKernel.Nary.Soundness; axioms=[propext,
 Classical.choice,
 Quot.sound]
AXIOM AUDIT theorem: DefiKernel.Nary.AttemptChain.brecOn; module=DefiKernel.Nary.Trace; axioms=[propext, Quot.sound]
AXIOM AUDIT theorem: DefiKernel.Nary.AttemptChain.prefix_before; module=DefiKernel.Nary.Trace; axioms=[propext,
 Classical.choice,
 Quot.sound]
AXIOM AUDIT theorem: DefiKernel.Nary.Complete.congr_simp; module=DefiKernel.Nary.Schedule; axioms=[Quot.sound]
AXIOM AUDIT theorem: DefiKernel.Nary.Complete.eq_1; module=DefiKernel.Nary.Schedule; axioms=[]
AXIOM AUDIT theorem: DefiKernel.Nary.Complete.eq_nil; module=DefiKernel.Nary.Schedule; axioms=[propext,
 Classical.choice,
 Quot.sound]
AXIOM AUDIT theorem: DefiKernel.Nary.Complete.length; module=DefiKernel.Nary.Schedule; axioms=[propext, Quot.sound]
AXIOM AUDIT theorem: DefiKernel.Nary.FundedCausal.accept_nextIndex_away; module=DefiKernel.Nary.FundedCausal; axioms=[propext,
 Quot.sound]
AXIOM AUDIT theorem: DefiKernel.Nary.FundedCausal.accept_nextIndex_sel; module=DefiKernel.Nary.FundedCausal; axioms=[propext,
 Quot.sound]
AXIOM AUDIT theorem: DefiKernel.Nary.FundedCausal.accept_outputs_away; module=DefiKernel.Nary.FundedCausal; axioms=[propext,
 Quot.sound]
AXIOM AUDIT theorem: DefiKernel.Nary.FundedCausal.accept_outputs_sel; module=DefiKernel.Nary.FundedCausal; axioms=[propext,
 Quot.sound]
AXIOM AUDIT theorem: DefiKernel.Nary.FundedCausal.budgetC_ne_sentinelC; module=DefiKernel.Nary.FundedCausal; axioms=[]
AXIOM AUDIT theorem: DefiKernel.Nary.FundedCausal.constTransfer_deltas; module=DefiKernel.Nary.FundedCausal; axioms=[propext,
 Classical.choice,
 Quot.sound]
AXIOM AUDIT theorem: DefiKernel.Nary.FundedCausal.donor1C_ne_budgetC; module=DefiKernel.Nary.FundedCausal; axioms=[]
AXIOM AUDIT theorem: DefiKernel.Nary.FundedCausal.donor1C_ne_donor2C; module=DefiKernel.Nary.FundedCausal; axioms=[]
AXIOM AUDIT theorem: DefiKernel.Nary.FundedCausal.donor1C_ne_recipientC; module=DefiKernel.Nary.FundedCausal; axioms=[]
AXIOM AUDIT theorem: DefiKernel.Nary.FundedCausal.donor1C_ne_sentinelC; module=DefiKernel.Nary.FundedCausal; axioms=[]
AXIOM AUDIT theorem: DefiKernel.Nary.FundedCausal.donor2C_ne_budgetC; module=DefiKernel.Nary.FundedCausal; axioms=[]
AXIOM AUDIT theorem: DefiKernel.Nary.FundedCausal.donor2C_ne_recipientC; module=DefiKernel.Nary.FundedCausal; axioms=[]
AXIOM AUDIT theorem: DefiKernel.Nary.FundedCausal.donor2C_ne_sentinelC; module=DefiKernel.Nary.FundedCausal; axioms=[]
AXIOM AUDIT theorem: DefiKernel.Nary.FundedCausal.error_not_consumed; module=DefiKernel.Nary.FundedCausal; axioms=[propext,
 Quot.sound]
AXIOM AUDIT theorem: DefiKernel.Nary.FundedCausal.error_not_ready; module=DefiKernel.Nary.FundedCausal; axioms=[propext,
 Quot.sound]
AXIOM AUDIT theorem: DefiKernel.Nary.FundedCausal.f10_assumption_derivation; module=DefiKernel.Nary.FundedCausal; axioms=[propext,
 Classical.choice,
 Quot.sound]
AXIOM AUDIT theorem: DefiKernel.Nary.FundedCausal.f10_bounds_one; module=DefiKernel.Nary.FundedCausal; axioms=[propext]
AXIOM AUDIT theorem: DefiKernel.Nary.FundedCausal.f10_bounds_two; module=DefiKernel.Nary.FundedCausal; axioms=[propext]
AXIOM AUDIT theorem: DefiKernel.Nary.FundedCausal.f10_bounds_zero; module=DefiKernel.Nary.FundedCausal; axioms=[propext]
AXIOM AUDIT theorem: DefiKernel.Nary.FundedCausal.f10_branches_one; module=DefiKernel.Nary.FundedCausal; axioms=[propext]
AXIOM AUDIT theorem: DefiKernel.Nary.FundedCausal.f10_branches_two; module=DefiKernel.Nary.FundedCausal; axioms=[propext]
AXIOM AUDIT theorem: DefiKernel.Nary.FundedCausal.f10_branches_zero; module=DefiKernel.Nary.FundedCausal; axioms=[propext]
AXIOM AUDIT theorem: DefiKernel.Nary.FundedCausal.f10_budget_initialized; module=DefiKernel.Nary.FundedCausal; axioms=[propext,
 Classical.choice,
 Quot.sound]
AXIOM AUDIT theorem: DefiKernel.Nary.FundedCausal.f10_catalog_valid; module=DefiKernel.Nary.FundedCausal; axioms=[propext,
 Quot.sound]
AXIOM AUDIT theorem: DefiKernel.Nary.FundedCausal.f10_complete_length; module=DefiKernel.Nary.FundedCausal; axioms=[propext,
 Classical.choice,
 Quot.sound]
AXIOM AUDIT theorem: DefiKernel.Nary.FundedCausal.f10_complete_mem; module=DefiKernel.Nary.FundedCausal; axioms=[propext,
 Classical.choice,
 Quot.sound]
AXIOM AUDIT theorem: DefiKernel.Nary.FundedCausal.f10_complete_success; module=DefiKernel.Nary.FundedCausal; axioms=[propext,
 Classical.choice,
 Quot.sound]
AXIOM AUDIT theorem: DefiKernel.Nary.FundedCausal.f10_consumed_attempt; module=DefiKernel.Nary.FundedCausal; axioms=[propext,
 Quot.sound]
AXIOM AUDIT theorem: DefiKernel.Nary.FundedCausal.f10_consumer_cell; module=DefiKernel.Nary.FundedCausal; axioms=[propext,
 Classical.choice,
 Quot.sound]
AXIOM AUDIT theorem: DefiKernel.Nary.FundedCausal.f10_consumer_deltas; module=DefiKernel.Nary.FundedCausal; axioms=[propext,
 Classical.choice,
 Quot.sound]
AXIOM AUDIT theorem: DefiKernel.Nary.FundedCausal.f10_consumer_outputs; module=DefiKernel.Nary.FundedCausal; axioms=[propext,
 Classical.choice,
 Quot.sound]
AXIOM AUDIT theorem: DefiKernel.Nary.FundedCausal.f10_consumer_receipt; module=DefiKernel.Nary.FundedCausal; axioms=[propext,
 Classical.choice,
 Quot.sound]
AXIOM AUDIT theorem: DefiKernel.Nary.FundedCausal.f10_cross; module=DefiKernel.Nary.FundedCausal; axioms=[propext,
 Classical.choice,
 Quot.sound]
AXIOM AUDIT theorem: DefiKernel.Nary.FundedCausal.f10_deposit1_cell; module=DefiKernel.Nary.FundedCausal; axioms=[propext,
 Classical.choice,
 Quot.sound]
AXIOM AUDIT theorem: DefiKernel.Nary.FundedCausal.f10_deposit1_deltas; module=DefiKernel.Nary.FundedCausal; axioms=[propext,
 Classical.choice,
 Quot.sound]
AXIOM AUDIT theorem: DefiKernel.Nary.FundedCausal.f10_deposit1_outputs; module=DefiKernel.Nary.FundedCausal; axioms=[propext,
 Classical.choice,
 Quot.sound]
AXIOM AUDIT theorem: DefiKernel.Nary.FundedCausal.f10_deposit2_cell; module=DefiKernel.Nary.FundedCausal; axioms=[propext,
 Classical.choice,
 Quot.sound]
AXIOM AUDIT theorem: DefiKernel.Nary.FundedCausal.f10_deposit2_deltas; module=DefiKernel.Nary.FundedCausal; axioms=[propext,
 Classical.choice,
 Quot.sound]
AXIOM AUDIT theorem: DefiKernel.Nary.FundedCausal.f10_deposit2_outputs; module=DefiKernel.Nary.FundedCausal; axioms=[propext,
 Classical.choice,
 Quot.sound]
AXIOM AUDIT theorem: DefiKernel.Nary.FundedCausal.f10_every_prefix_reserve; module=DefiKernel.Nary.FundedCausal; axioms=[propext,
 Classical.choice,
 Quot.sound]
AXIOM AUDIT theorem: DefiKernel.Nary.FundedCausal.f10_expected_finals; module=DefiKernel.Nary.FundedCausal; axioms=[propext,
 Classical.choice,
 Quot.sound]
AXIOM AUDIT theorem: DefiKernel.Nary.FundedCausal.f10_identity_cell; module=DefiKernel.Nary.FundedCausal; axioms=[propext,
 Classical.choice,
 Quot.sound]
AXIOM AUDIT theorem: DefiKernel.Nary.FundedCausal.f10_initial_balances; module=DefiKernel.Nary.FundedCausal; axioms=[propext,
 Classical.choice,
 Quot.sound]
AXIOM AUDIT theorem: DefiKernel.Nary.FundedCausal.f10_initial_inv; module=DefiKernel.Nary.FundedCausal; axioms=[propext,
 Classical.choice,
 Quot.sound]
AXIOM AUDIT theorem: DefiKernel.Nary.FundedCausal.f10_initial_store; module=DefiKernel.Nary.FundedCausal; axioms=[propext,
 Classical.choice,
 Quot.sound]
AXIOM AUDIT theorem: DefiKernel.Nary.FundedCausal.f10_initialized_prefix_enabled; module=DefiKernel.Nary.FundedCausal; axioms=[propext,
 Classical.choice,
 Quot.sound]
AXIOM AUDIT theorem: DefiKernel.Nary.FundedCausal.f10_inv_derivation; module=DefiKernel.Nary.FundedCausal; axioms=[propext,
 Classical.choice,
 Quot.sound]
AXIOM AUDIT theorem: DefiKernel.Nary.FundedCausal.f10_invoke_capabilities; module=DefiKernel.Nary.FundedCausal; axioms=[propext,
 Classical.choice,
 Quot.sound]
AXIOM AUDIT theorem: DefiKernel.Nary.FundedCausal.f10_live_selected_enabled; module=DefiKernel.Nary.FundedCausal; axioms=[propext,
 Classical.choice,
 Quot.sound]
AXIOM AUDIT theorem: DefiKernel.Nary.FundedCausal.f10_live_selected_enabled_details; module=DefiKernel.Nary.FundedCausal; axioms=[propext,
 Classical.choice,
 Quot.sound]
AXIOM AUDIT theorem: DefiKernel.Nary.FundedCausal.f10_member_machineEq; module=DefiKernel.Nary.FundedCausal; axioms=[propext,
 Classical.choice,
 Quot.sound]
AXIOM AUDIT theorem: DefiKernel.Nary.FundedCausal.f10_monitored_initialized; module=DefiKernel.Nary.FundedCausal; axioms=[propext,
 Classical.choice,
 Quot.sound]
AXIOM AUDIT theorem: DefiKernel.Nary.FundedCausal.f10_not_consumed_peer; module=DefiKernel.Nary.FundedCausal; axioms=[propext,
 Quot.sound]
AXIOM AUDIT theorem: DefiKernel.Nary.FundedCausal.f10_not_ready_peer; module=DefiKernel.Nary.FundedCausal; axioms=[propext,
 Quot.sound]
AXIOM AUDIT theorem: DefiKernel.Nary.FundedCausal.f10_own_output_provenance; module=DefiKernel.Nary.FundedCausal; axioms=[propext,
 Classical.choice,
 Quot.sound]
AXIOM AUDIT theorem: DefiKernel.Nary.FundedCausal.f10_present_external; module=DefiKernel.Nary.FundedCausal; axioms=[propext,
 Classical.choice,
 Quot.sound]
AXIOM AUDIT theorem: DefiKernel.Nary.FundedCausal.f10_producer_outputs; module=DefiKernel.Nary.FundedCausal; axioms=[propext,
 Classical.choice,
 Quot.sound]
AXIOM AUDIT theorem: DefiKernel.Nary.FundedCausal.f10_producer_receipt; module=DefiKernel.Nary.FundedCausal; axioms=[propext,
 Classical.choice,
 Quot.sound]
AXIOM AUDIT theorem: DefiKernel.Nary.FundedCausal.f10_reachable_empty_outputs; module=DefiKernel.Nary.FundedCausal; axioms=[propext,
 Classical.choice,
 Quot.sound]
AXIOM AUDIT theorem: DefiKernel.Nary.FundedCausal.f10_ready_attempt; module=DefiKernel.Nary.FundedCausal; axioms=[propext,
 Quot.sound]
AXIOM AUDIT theorem: DefiKernel.Nary.FundedCausal.f10_refusal_update; module=DefiKernel.Nary.FundedCausal; axioms=[propext,
 Classical.choice,
 Quot.sound]
AXIOM AUDIT theorem: DefiKernel.Nary.FundedCausal.f10_selected_cases; module=DefiKernel.Nary.FundedCausal; axioms=[propext,
 Classical.choice,
 Quot.sound]
AXIOM AUDIT theorem: DefiKernel.Nary.FundedCausal.f10_selected_guards; module=DefiKernel.Nary.FundedCausal; axioms=[propext,
 Classical.choice,
 Quot.sound]
AXIOM AUDIT theorem: DefiKernel.Nary.FundedCausal.f10_selected_success; module=DefiKernel.Nary.FundedCausal; axioms=[propext,
 Classical.choice,
 Quot.sound]
AXIOM AUDIT theorem: DefiKernel.Nary.FundedCausal.f10_skip_update; module=DefiKernel.Nary.FundedCausal; axioms=[propext,
 Classical.choice,
 Quot.sound]
AXIOM AUDIT theorem: DefiKernel.Nary.FundedCausal.f10_stable; module=DefiKernel.Nary.FundedCausal; axioms=[propext,
 Quot.sound]
AXIOM AUDIT theorem: DefiKernel.Nary.FundedCausal.f10_start_K; module=DefiKernel.Nary.FundedCausal; axioms=[propext,
 Classical.choice,
 Quot.sound]
AXIOM AUDIT theorem: DefiKernel.Nary.FundedCausal.f10_store_preserved; module=DefiKernel.Nary.FundedCausal; axioms=[propext,
 Classical.choice,
 Quot.sound]
AXIOM AUDIT theorem: DefiKernel.Nary.FundedCausal.f10_success_update; module=DefiKernel.Nary.FundedCausal; axioms=[propext,
 Classical.choice,
 Quot.sound]
AXIOM AUDIT theorem: DefiKernel.Nary.FundedCausal.f10_two_delta_balances; module=DefiKernel.Nary.FundedCausal; axioms=[propext,
 Classical.choice,
 Quot.sound]
AXIOM AUDIT theorem: DefiKernel.Nary.FundedCausal.f12_deposit_only_rely_false; module=DefiKernel.Nary.FundedCausal; axioms=[propext,
 Classical.choice,
 Quot.sound]
AXIOM AUDIT theorem: DefiKernel.Nary.FundedCausal.f12_vault_final; module=DefiKernel.Nary.FundedCausal; axioms=[propext,
 Classical.choice,
 Quot.sound]
AXIOM AUDIT theorem: DefiKernel.Nary.FundedCausal.f16_catalog_valid; module=DefiKernel.Nary.FundedCausal; axioms=[propext,
 Quot.sound]
AXIOM AUDIT theorem: DefiKernel.Nary.FundedCausal.f16_monitor_awaiting; module=DefiKernel.Nary.FundedCausal; axioms=[propext,
 Classical.choice,
 Quot.sound]
AXIOM AUDIT theorem: DefiKernel.Nary.FundedCausal.f16_no_p0_output; module=DefiKernel.Nary.FundedCausal; axioms=[propext,
 Classical.choice,
 Quot.sound]
AXIOM AUDIT theorem: DefiKernel.Nary.FundedCausal.f16_producer_invoke_auth; module=DefiKernel.Nary.FundedCausal; axioms=[propext]
AXIOM AUDIT theorem: DefiKernel.Nary.FundedCausal.f17_monitor_awaiting; module=DefiKernel.Nary.FundedCausal; axioms=[propext,
 Classical.choice,
 Quot.sound]
AXIOM AUDIT theorem: DefiKernel.Nary.FundedCausal.f17_p0_silent; module=DefiKernel.Nary.FundedCausal; axioms=[propext,
 Classical.choice,
 Quot.sound]
AXIOM AUDIT theorem: DefiKernel.Nary.FundedCausal.fin3_cases; module=DefiKernel.Nary.FundedCausal; axioms=[propext]
AXIOM AUDIT theorem: DefiKernel.Nary.FundedCausal.fin3_count_sum; module=DefiKernel.Nary.FundedCausal; axioms=[propext,
 Classical.choice,
 Quot.sound]
AXIOM AUDIT theorem: DefiKernel.Nary.FundedCausal.funded_inv_of_balances; module=DefiKernel.Nary.FundedCausal; axioms=[propext,
 Classical.choice,
 Quot.sound]
AXIOM AUDIT theorem: DefiKernel.Nary.FundedCausal.rec200_effects; module=DefiKernel.Nary.FundedCausal; axioms=[propext,
 Classical.choice,
 Quot.sound]
AXIOM AUDIT theorem: DefiKernel.Nary.FundedCausal.rec201_effects; module=DefiKernel.Nary.FundedCausal; axioms=[propext,
 Classical.choice,
 Quot.sound]
AXIOM AUDIT theorem: DefiKernel.Nary.FundedCausal.rec202_effects; module=DefiKernel.Nary.FundedCausal; axioms=[propext,
 Classical.choice,
 Quot.sound]
AXIOM AUDIT theorem: DefiKernel.Nary.FundedCausal.rec203_effects; module=DefiKernel.Nary.FundedCausal; axioms=[propext,
 Classical.choice,
 Quot.sound]
AXIOM AUDIT theorem: DefiKernel.Nary.FundedCausal.recipientC_ne_budgetC; module=DefiKernel.Nary.FundedCausal; axioms=[]
AXIOM AUDIT theorem: DefiKernel.Nary.FundedCausal.recipientC_ne_sentinelC; module=DefiKernel.Nary.FundedCausal; axioms=[]
AXIOM AUDIT theorem: DefiKernel.Nary.FundedCausal.refuse_nextIndex; module=DefiKernel.Nary.FundedCausal; axioms=[propext,
 Quot.sound]
AXIOM AUDIT theorem: DefiKernel.Nary.FundedCausal.refuse_outputs; module=DefiKernel.Nary.FundedCausal; axioms=[propext,
 Quot.sound]
AXIOM AUDIT theorem: DefiKernel.Nary.FundedCausal.skip_nextIndex; module=DefiKernel.Nary.FundedCausal; axioms=[propext,
 Quot.sound]
AXIOM AUDIT theorem: DefiKernel.Nary.FundedCausal.skip_outputs; module=DefiKernel.Nary.FundedCausal; axioms=[propext,
 Quot.sound]
AXIOM AUDIT theorem: DefiKernel.Nary.FundedCausal.two_cell_update; module=DefiKernel.Nary.FundedCausal; axioms=[propext,
 Classical.choice,
 Quot.sound]
AXIOM AUDIT theorem: DefiKernel.Nary.FundedCausal.two_delta_cell; module=DefiKernel.Nary.FundedCausal; axioms=[propext,
 Classical.choice,
 Quot.sound]
AXIOM AUDIT theorem: DefiKernel.Nary.FundedCausal.vaultC_ne_budgetC; module=DefiKernel.Nary.FundedCausal; axioms=[]
AXIOM AUDIT theorem: DefiKernel.Nary.FundedCausal.vaultC_ne_donor1C; module=DefiKernel.Nary.FundedCausal; axioms=[]
AXIOM AUDIT theorem: DefiKernel.Nary.FundedCausal.vaultC_ne_donor2C; module=DefiKernel.Nary.FundedCausal; axioms=[]
AXIOM AUDIT theorem: DefiKernel.Nary.FundedCausal.vaultC_ne_recipientC; module=DefiKernel.Nary.FundedCausal; axioms=[]
AXIOM AUDIT theorem: DefiKernel.Nary.FundedCausal.vaultC_ne_sentinelC; module=DefiKernel.Nary.FundedCausal; axioms=[]
AXIOM AUDIT theorem: DefiKernel.Nary.FundedCompanions.admit_exists_of_isOk; module=DefiKernel.Nary.FundedCompanions; axioms=[propext,
 Classical.choice,
 Quot.sound]
AXIOM AUDIT theorem: DefiKernel.Nary.FundedCompanions.constTransfer_deltas; module=DefiKernel.Nary.FundedCompanions; axioms=[propext,
 Classical.choice,
 Quot.sound]
AXIOM AUDIT theorem: DefiKernel.Nary.FundedCompanions.depositOnlyRely_stable_ready; module=DefiKernel.Nary.FundedCompanions; axioms=[propext,
 Classical.choice,
 Quot.sound]
AXIOM AUDIT theorem: DefiKernel.Nary.FundedCompanions.deposit_deltas; module=DefiKernel.Nary.FundedCompanions; axioms=[propext,
 Classical.choice,
 Quot.sound]
AXIOM AUDIT theorem: DefiKernel.Nary.FundedCompanions.donor1C_ne_budgetC; module=DefiKernel.Nary.FundedCompanions; axioms=[]
AXIOM AUDIT theorem: DefiKernel.Nary.FundedCompanions.donor1C_ne_vaultC; module=DefiKernel.Nary.FundedCompanions; axioms=[]
AXIOM AUDIT theorem: DefiKernel.Nary.FundedCompanions.donor2C_ne_budgetC; module=DefiKernel.Nary.FundedCompanions; axioms=[]
AXIOM AUDIT theorem: DefiKernel.Nary.FundedCompanions.donor2C_ne_vaultC; module=DefiKernel.Nary.FundedCompanions; axioms=[]
AXIOM AUDIT theorem: DefiKernel.Nary.FundedCompanions.f10_catalog_valid; module=DefiKernel.Nary.FundedCompanions; axioms=[propext,
 Quot.sound]
AXIOM AUDIT theorem: DefiKernel.Nary.FundedCompanions.f10_deposit1_after_producer_preserves_ready; module=DefiKernel.Nary.FundedCompanions; axioms=[propext,
 Classical.choice,
 Quot.sound]
AXIOM AUDIT theorem: DefiKernel.Nary.FundedCompanions.f10_deposit1_cell; module=DefiKernel.Nary.FundedCompanions; axioms=[propext,
 Classical.choice,
 Quot.sound]
AXIOM AUDIT theorem: DefiKernel.Nary.FundedCompanions.f10_deposit1_deltas; module=DefiKernel.Nary.FundedCompanions; axioms=[propext,
 Classical.choice,
 Quot.sound]
AXIOM AUDIT theorem: DefiKernel.Nary.FundedCompanions.f10_deposit1_execute; module=DefiKernel.Nary.FundedCompanions; axioms=[propext,
 Classical.choice,
 Quot.sound]
AXIOM AUDIT theorem: DefiKernel.Nary.FundedCompanions.f10_deposit1_execute_preserves_ready; module=DefiKernel.Nary.FundedCompanions; axioms=[propext,
 Classical.choice,
 Quot.sound]
AXIOM AUDIT theorem: DefiKernel.Nary.FundedCompanions.f10_deposit1_prepare; module=DefiKernel.Nary.FundedCompanions; axioms=[propext,
 Quot.sound]
AXIOM AUDIT theorem: DefiKernel.Nary.FundedCompanions.f10_deposit1_preserves_ready; module=DefiKernel.Nary.FundedCompanions; axioms=[propext,
 Classical.choice,
 Quot.sound]
AXIOM AUDIT theorem: DefiKernel.Nary.FundedCompanions.f10_deposit2_after_producer_preserves_ready; module=DefiKernel.Nary.FundedCompanions; axioms=[propext,
 Classical.choice,
 Quot.sound]
AXIOM AUDIT theorem: DefiKernel.Nary.FundedCompanions.f10_deposit2_cell; module=DefiKernel.Nary.FundedCompanions; axioms=[propext,
 Classical.choice,
 Quot.sound]
AXIOM AUDIT theorem: DefiKernel.Nary.FundedCompanions.f10_deposit2_deltas; module=DefiKernel.Nary.FundedCompanions; axioms=[propext,
 Classical.choice,
 Quot.sound]
AXIOM AUDIT theorem: DefiKernel.Nary.FundedCompanions.f10_deposit2_execute; module=DefiKernel.Nary.FundedCompanions; axioms=[propext,
 Classical.choice,
 Quot.sound]
AXIOM AUDIT theorem: DefiKernel.Nary.FundedCompanions.f10_deposit2_execute_preserves_ready; module=DefiKernel.Nary.FundedCompanions; axioms=[propext,
 Classical.choice,
 Quot.sound]
AXIOM AUDIT theorem: DefiKernel.Nary.FundedCompanions.f10_deposit2_prepare; module=DefiKernel.Nary.FundedCompanions; axioms=[propext,
 Quot.sound]
AXIOM AUDIT theorem: DefiKernel.Nary.FundedCompanions.f10_deposit2_preserves_ready; module=DefiKernel.Nary.FundedCompanions; axioms=[propext,
 Classical.choice,
 Quot.sound]
AXIOM AUDIT theorem: DefiKernel.Nary.FundedCompanions.f10_initial_budget6; module=DefiKernel.Nary.FundedCompanions; axioms=[propext,
 Classical.choice,
 Quot.sound]
AXIOM AUDIT theorem: DefiKernel.Nary.FundedCompanions.f10_initial_ready; module=DefiKernel.Nary.FundedCompanions; axioms=[propext,
 Classical.choice,
 Quot.sound]
AXIOM AUDIT theorem: DefiKernel.Nary.FundedCompanions.f10_initial_vault10; module=DefiKernel.Nary.FundedCompanions; axioms=[propext,
 Classical.choice,
 Quot.sound]
AXIOM AUDIT theorem: DefiKernel.Nary.FundedCompanions.f10_producer_advance; module=DefiKernel.Nary.FundedCompanions; axioms=[propext,
 Classical.choice,
 Quot.sound]
AXIOM AUDIT theorem: DefiKernel.Nary.FundedCompanions.f10_producer_execute; module=DefiKernel.Nary.FundedCompanions; axioms=[propext,
 Classical.choice,
 Quot.sound]
AXIOM AUDIT theorem: DefiKernel.Nary.FundedCompanions.f10_producer_prefix; module=DefiKernel.Nary.FundedCompanions; axioms=[propext,
 Classical.choice,
 Quot.sound]
AXIOM AUDIT theorem: DefiKernel.Nary.FundedCompanions.f10_producer_prefix_ready; module=DefiKernel.Nary.FundedCompanions; axioms=[propext,
 Classical.choice,
 Quot.sound]
AXIOM AUDIT theorem: DefiKernel.Nary.FundedCompanions.f10_producer_prefix_world; module=DefiKernel.Nary.FundedCompanions; axioms=[propext,
 Classical.choice,
 Quot.sound]
AXIOM AUDIT theorem: DefiKernel.Nary.FundedCompanions.f12_admit_isOk; module=DefiKernel.Nary.FundedCompanions; axioms=[propext,
 Quot.sound]
AXIOM AUDIT theorem: DefiKernel.Nary.FundedCompanions.f12_admit_ok; module=DefiKernel.Nary.FundedCompanions; axioms=[propext,
 Classical.choice,
 Quot.sound]
AXIOM AUDIT theorem: DefiKernel.Nary.FundedCompanions.f12_catalog_valid; module=DefiKernel.Nary.FundedCompanions; axioms=[propext,
 Quot.sound]
AXIOM AUDIT theorem: DefiKernel.Nary.FundedCompanions.f12_complete_counts; module=DefiKernel.Nary.FundedCompanions; axioms=[propext,
 Classical.choice,
 Quot.sound]
AXIOM AUDIT theorem: DefiKernel.Nary.FundedCompanions.f12_consumer_access; module=DefiKernel.Nary.FundedCompanions; axioms=[propext,
 Quot.sound]
AXIOM AUDIT theorem: DefiKernel.Nary.FundedCompanions.f12_consumer_advance; module=DefiKernel.Nary.FundedCompanions; axioms=[propext,
 Classical.choice,
 Quot.sound]
AXIOM AUDIT theorem: DefiKernel.Nary.FundedCompanions.f12_consumer_execute; module=DefiKernel.Nary.FundedCompanions; axioms=[propext,
 Classical.choice,
 Quot.sound]
AXIOM AUDIT theorem: DefiKernel.Nary.FundedCompanions.f12_consumer_funds_valid; module=DefiKernel.Nary.FundedCompanions; axioms=[propext,
 Classical.choice,
 Quot.sound]
AXIOM AUDIT theorem: DefiKernel.Nary.FundedCompanions.f12_consumer_guard; module=DefiKernel.Nary.FundedCompanions; axioms=[propext,
 Quot.sound]
AXIOM AUDIT theorem: DefiKernel.Nary.FundedCompanions.f12_consumer_prepare; module=DefiKernel.Nary.FundedCompanions; axioms=[propext,
 Quot.sound]
AXIOM AUDIT theorem: DefiKernel.Nary.FundedCompanions.f12_consumer_template; module=DefiKernel.Nary.FundedCompanions; axioms=[propext,
 Quot.sound]
AXIOM AUDIT theorem: DefiKernel.Nary.FundedCompanions.f12_not_cross_depositOnlyRely; module=DefiKernel.Nary.FundedCompanions; axioms=[propext,
 Classical.choice,
 Quot.sound]
AXIOM AUDIT theorem: DefiKernel.Nary.FundedCompanions.f12_not_depositOnlyRely; module=DefiKernel.Nary.FundedCompanions; axioms=[propext,
 Classical.choice,
 Quot.sound]
AXIOM AUDIT theorem: DefiKernel.Nary.FundedCompanions.f12_not_ready_after_peer; module=DefiKernel.Nary.FundedCompanions; axioms=[propext,
 Classical.choice,
 Quot.sound]
AXIOM AUDIT theorem: DefiKernel.Nary.FundedCompanions.f12_not_stable_if_rely_covers; module=DefiKernel.Nary.FundedCompanions; axioms=[propext,
 Classical.choice,
 Quot.sound]
AXIOM AUDIT theorem: DefiKernel.Nary.FundedCompanions.f12_peer_access; module=DefiKernel.Nary.FundedCompanions; axioms=[propext,
 Quot.sound]
AXIOM AUDIT theorem: DefiKernel.Nary.FundedCompanions.f12_peer_advance; module=DefiKernel.Nary.FundedCompanions; axioms=[propext,
 Classical.choice,
 Quot.sound]
AXIOM AUDIT theorem: DefiKernel.Nary.FundedCompanions.f12_peer_breaks_ready; module=DefiKernel.Nary.FundedCompanions; axioms=[propext,
 Classical.choice,
 Quot.sound]
AXIOM AUDIT theorem: DefiKernel.Nary.FundedCompanions.f12_peer_deltas; module=DefiKernel.Nary.FundedCompanions; axioms=[propext,
 Classical.choice,
 Quot.sound]
AXIOM AUDIT theorem: DefiKernel.Nary.FundedCompanions.f12_peer_execute; module=DefiKernel.Nary.FundedCompanions; axioms=[propext,
 Classical.choice,
 Quot.sound]
AXIOM AUDIT theorem: DefiKernel.Nary.FundedCompanions.f12_peer_prepare; module=DefiKernel.Nary.FundedCompanions; axioms=[propext,
 Quot.sound]
AXIOM AUDIT theorem: DefiKernel.Nary.FundedCompanions.f12_prefix_eq_expected; module=DefiKernel.Nary.FundedCompanions; axioms=[propext,
 Classical.choice,
 Quot.sound]
AXIOM AUDIT theorem: DefiKernel.Nary.FundedCompanions.f12_producer_access; module=DefiKernel.Nary.FundedCompanions; axioms=[propext,
 Quot.sound]
AXIOM AUDIT theorem: DefiKernel.Nary.FundedCompanions.f12_producer_advance; module=DefiKernel.Nary.FundedCompanions; axioms=[propext,
 Classical.choice,
 Quot.sound]
AXIOM AUDIT theorem: DefiKernel.Nary.FundedCompanions.f12_producer_execute; module=DefiKernel.Nary.FundedCompanions; axioms=[propext,
 Classical.choice,
 Quot.sound]
AXIOM AUDIT theorem: DefiKernel.Nary.FundedCompanions.f12_producer_prepare; module=DefiKernel.Nary.FundedCompanions; axioms=[propext,
 Quot.sound]
AXIOM AUDIT theorem: DefiKernel.Nary.FundedCompanions.f12_ready_after_producer; module=DefiKernel.Nary.FundedCompanions; axioms=[propext,
 Classical.choice,
 Quot.sound]
AXIOM AUDIT theorem: DefiKernel.Nary.FundedCompanions.f12_remaining_premises; module=DefiKernel.Nary.FundedCompanions; axioms=[propext,
 Classical.choice,
 Quot.sound]
AXIOM AUDIT theorem: DefiKernel.Nary.FundedCompanions.f12_reserve4_after_peer; module=DefiKernel.Nary.FundedCompanions; axioms=[propext,
 Classical.choice,
 Quot.sound]
AXIOM AUDIT theorem: DefiKernel.Nary.FundedCompanions.f12_runNary_expected; module=DefiKernel.Nary.FundedCompanions; axioms=[propext,
 Classical.choice,
 Quot.sound]
AXIOM AUDIT theorem: DefiKernel.Nary.FundedCompanions.f12_runNary_outcome; module=DefiKernel.Nary.FundedCompanions; axioms=[propext,
 Classical.choice,
 Quot.sound]
AXIOM AUDIT theorem: DefiKernel.Nary.FundedCompanions.f12_runNary_prefix; module=DefiKernel.Nary.FundedCompanions; axioms=[propext,
 Classical.choice,
 Quot.sound]
AXIOM AUDIT theorem: DefiKernel.Nary.FundedCompanions.f12_runPrefix; module=DefiKernel.Nary.FundedCompanions; axioms=[propext,
 Classical.choice,
 Quot.sound]
AXIOM AUDIT theorem: DefiKernel.Nary.FundedCompanions.f12_valid_authority_success; module=DefiKernel.Nary.FundedCompanions; axioms=[propext,
 Classical.choice,
 Quot.sound]
AXIOM AUDIT theorem: DefiKernel.Nary.FundedCompanions.f12_vaults; module=DefiKernel.Nary.FundedCompanions; axioms=[propext,
 Classical.choice,
 Quot.sound]
AXIOM AUDIT theorem: DefiKernel.Nary.FundedCompanions.f12_withdrawal_guarantee; module=DefiKernel.Nary.FundedCompanions; axioms=[propext,
 Classical.choice,
 Quot.sound]
AXIOM AUDIT theorem: DefiKernel.Nary.FundedCompanions.f16_admit_isOk; module=DefiKernel.Nary.FundedCompanions; axioms=[propext,
 Quot.sound]
AXIOM AUDIT theorem: DefiKernel.Nary.FundedCompanions.f16_admit_ok; module=DefiKernel.Nary.FundedCompanions; axioms=[propext,
 Classical.choice,
 Quot.sound]
AXIOM AUDIT theorem: DefiKernel.Nary.FundedCompanions.f16_catalog_valid; module=DefiKernel.Nary.FundedCompanions; axioms=[propext,
 Quot.sound]
AXIOM AUDIT theorem: DefiKernel.Nary.FundedCompanions.f16_complete_counts; module=DefiKernel.Nary.FundedCompanions; axioms=[propext,
 Classical.choice,
 Quot.sound]
AXIOM AUDIT theorem: DefiKernel.Nary.FundedCompanions.f16_consumer_skip; module=DefiKernel.Nary.FundedCompanions; axioms=[propext,
 Classical.choice,
 Quot.sound]
AXIOM AUDIT theorem: DefiKernel.Nary.FundedCompanions.f16_error_not_ready; module=DefiKernel.Nary.FundedCompanions; axioms=[propext,
 Classical.choice,
 Quot.sound]
AXIOM AUDIT theorem: DefiKernel.Nary.FundedCompanions.f16_false_guard; module=DefiKernel.Nary.FundedCompanions; axioms=[]
AXIOM AUDIT theorem: DefiKernel.Nary.FundedCompanions.f16_first_attempt_is_error; module=DefiKernel.Nary.FundedCompanions; axioms=[propext,
 Classical.choice,
 Quot.sound]
AXIOM AUDIT theorem: DefiKernel.Nary.FundedCompanions.f16_first_monitored; module=DefiKernel.Nary.FundedCompanions; axioms=[propext,
 Classical.choice,
 Quot.sound]
AXIOM AUDIT theorem: DefiKernel.Nary.FundedCompanions.f16_monitor_awaiting; module=DefiKernel.Nary.FundedCompanions; axioms=[propext,
 Classical.choice,
 Quot.sound]
AXIOM AUDIT theorem: DefiKernel.Nary.FundedCompanions.f16_monitored_erases; module=DefiKernel.Nary.FundedCompanions; axioms=[propext,
 Classical.choice,
 Quot.sound]
AXIOM AUDIT theorem: DefiKernel.Nary.FundedCompanions.f16_no_p0_output; module=DefiKernel.Nary.FundedCompanions; axioms=[propext,
 Classical.choice,
 Quot.sound]
AXIOM AUDIT theorem: DefiKernel.Nary.FundedCompanions.f16_peer_advance; module=DefiKernel.Nary.FundedCompanions; axioms=[propext,
 Classical.choice,
 Quot.sound]
AXIOM AUDIT theorem: DefiKernel.Nary.FundedCompanions.f16_peer_execute; module=DefiKernel.Nary.FundedCompanions; axioms=[propext,
 Classical.choice,
 Quot.sound]
AXIOM AUDIT theorem: DefiKernel.Nary.FundedCompanions.f16_prefix_eq_expected; module=DefiKernel.Nary.FundedCompanions; axioms=[propext,
 Classical.choice,
 Quot.sound]
AXIOM AUDIT theorem: DefiKernel.Nary.FundedCompanions.f16_producer_access; module=DefiKernel.Nary.FundedCompanions; axioms=[propext,
 Quot.sound]
AXIOM AUDIT theorem: DefiKernel.Nary.FundedCompanions.f16_producer_advance; module=DefiKernel.Nary.FundedCompanions; axioms=[propext,
 Classical.choice,
 Quot.sound]
AXIOM AUDIT theorem: DefiKernel.Nary.FundedCompanions.f16_producer_execute; module=DefiKernel.Nary.FundedCompanions; axioms=[propext,
 Classical.choice,
 Quot.sound]
AXIOM AUDIT theorem: DefiKernel.Nary.FundedCompanions.f16_producer_invoke_auth; module=DefiKernel.Nary.FundedCompanions; axioms=[propext]
AXIOM AUDIT theorem: DefiKernel.Nary.FundedCompanions.f16_producer_not_ok; module=DefiKernel.Nary.FundedCompanions; axioms=[propext,
 Classical.choice,
 Quot.sound]
AXIOM AUDIT theorem: DefiKernel.Nary.FundedCompanions.f16_producer_prepare; module=DefiKernel.Nary.FundedCompanions; axioms=[propext,
 Quot.sound]
AXIOM AUDIT theorem: DefiKernel.Nary.FundedCompanions.f16_registry_producer; module=DefiKernel.Nary.FundedCompanions; axioms=[propext,
 Quot.sound]
AXIOM AUDIT theorem: DefiKernel.Nary.FundedCompanions.f16_runNary_expected; module=DefiKernel.Nary.FundedCompanions; axioms=[propext,
 Classical.choice,
 Quot.sound]
AXIOM AUDIT theorem: DefiKernel.Nary.FundedCompanions.f16_runNary_outcome; module=DefiKernel.Nary.FundedCompanions; axioms=[propext,
 Classical.choice,
 Quot.sound]
AXIOM AUDIT theorem: DefiKernel.Nary.FundedCompanions.f16_runNary_prefix; module=DefiKernel.Nary.FundedCompanions; axioms=[propext,
 Classical.choice,
 Quot.sound]
AXIOM AUDIT theorem: DefiKernel.Nary.FundedCompanions.f16_runPrefix; module=DefiKernel.Nary.FundedCompanions; axioms=[propext,
 Classical.choice,
 Quot.sound]
AXIOM AUDIT theorem: DefiKernel.Nary.FundedCompanions.f16_valid_authority_refusal; module=DefiKernel.Nary.FundedCompanions; axioms=[propext,
 Classical.choice,
 Quot.sound]
AXIOM AUDIT theorem: DefiKernel.Nary.FundedCompanions.f17_admit_schedule; module=DefiKernel.Nary.FundedCompanions; axioms=[propext,
 Quot.sound]
AXIOM AUDIT theorem: DefiKernel.Nary.FundedCompanions.f17_first_monitored; module=DefiKernel.Nary.FundedCompanions; axioms=[propext,
 Classical.choice,
 Quot.sound]
AXIOM AUDIT theorem: DefiKernel.Nary.FundedCompanions.f17_monitor_awaiting; module=DefiKernel.Nary.FundedCompanions; axioms=[propext,
 Classical.choice,
 Quot.sound]
AXIOM AUDIT theorem: DefiKernel.Nary.FundedCompanions.f17_monitored_erases; module=DefiKernel.Nary.FundedCompanions; axioms=[propext,
 Classical.choice,
 Quot.sound]
AXIOM AUDIT theorem: DefiKernel.Nary.FundedCompanions.f17_own_producer_is_ready; module=DefiKernel.Nary.FundedCompanions; axioms=[propext,
 Classical.choice,
 Quot.sound]
AXIOM AUDIT theorem: DefiKernel.Nary.FundedCompanions.f17_p0_silent; module=DefiKernel.Nary.FundedCompanions; axioms=[propext,
 Classical.choice,
 Quot.sound]
AXIOM AUDIT theorem: DefiKernel.Nary.FundedCompanions.f17_peer_advance; module=DefiKernel.Nary.FundedCompanions; axioms=[propext,
 Classical.choice,
 Quot.sound]
AXIOM AUDIT theorem: DefiKernel.Nary.FundedCompanions.f17_peer_execute; module=DefiKernel.Nary.FundedCompanions; axioms=[propext,
 Classical.choice,
 Quot.sound]
AXIOM AUDIT theorem: DefiKernel.Nary.FundedCompanions.f17_peer_not_ready_producer; module=DefiKernel.Nary.FundedCompanions; axioms=[propext,
 Classical.choice,
 Quot.sound]
AXIOM AUDIT theorem: DefiKernel.Nary.FundedCompanions.f17_prefix_eq_expected; module=DefiKernel.Nary.FundedCompanions; axioms=[propext,
 Classical.choice,
 Quot.sound]
AXIOM AUDIT theorem: DefiKernel.Nary.FundedCompanions.f17_prefix_outcome; module=DefiKernel.Nary.FundedCompanions; axioms=[propext,
 Classical.choice,
 Quot.sound]
AXIOM AUDIT theorem: DefiKernel.Nary.FundedCompanions.f17_runNary_refused; module=DefiKernel.Nary.FundedCompanions; axioms=[propext,
 Classical.choice,
 Quot.sound]
AXIOM AUDIT theorem: DefiKernel.Nary.FundedCompanions.f17_runPrefix; module=DefiKernel.Nary.FundedCompanions; axioms=[propext,
 Classical.choice,
 Quot.sound]
AXIOM AUDIT theorem: DefiKernel.Nary.FundedCompanions.f17_same_key_index_value; module=DefiKernel.Nary.FundedCompanions; axioms=[propext,
 Classical.choice,
 Quot.sound]
AXIOM AUDIT theorem: DefiKernel.Nary.FundedCompanions.locals3_0; module=DefiKernel.Nary.FundedCompanions; axioms=[propext,
 Quot.sound]
AXIOM AUDIT theorem: DefiKernel.Nary.FundedCompanions.locals3_1; module=DefiKernel.Nary.FundedCompanions; axioms=[propext,
 Quot.sound]
AXIOM AUDIT theorem: DefiKernel.Nary.FundedCompanions.mkWorld_store; module=DefiKernel.Nary.FundedCompanions; axioms=[propext,
 Classical.choice,
 Quot.sound]
AXIOM AUDIT theorem: DefiKernel.Nary.FundedCompanions.readyBudgetBound_iff; module=DefiKernel.Nary.FundedCompanions; axioms=[propext,
 Classical.choice,
 Quot.sound]
AXIOM AUDIT theorem: DefiKernel.Nary.FundedCompanions.runNary_executed_of_isOk; module=DefiKernel.Nary.FundedCompanions; axioms=[propext,
 Classical.choice,
 Quot.sound]
AXIOM AUDIT theorem: DefiKernel.Nary.FundedCompanions.sr_outputs; module=DefiKernel.Nary.FundedCompanions; axioms=[propext,
 Quot.sound]
AXIOM AUDIT theorem: DefiKernel.Nary.FundedCompanions.sr_receipt; module=DefiKernel.Nary.FundedCompanions; axioms=[propext,
 Quot.sound]
AXIOM AUDIT theorem: DefiKernel.Nary.FundedCompanions.two_delta_balances; module=DefiKernel.Nary.FundedCompanions; axioms=[propext,
 Classical.choice,
 Quot.sound]
AXIOM AUDIT theorem: DefiKernel.Nary.FundedCompanions.two_delta_cell; module=DefiKernel.Nary.FundedCompanions; axioms=[propext,
 Classical.choice,
 Quot.sound]
AXIOM AUDIT theorem: DefiKernel.Nary.FundedCompanions.vaultC_ne_budgetC; module=DefiKernel.Nary.FundedCompanions; axioms=[]
AXIOM AUDIT theorem: DefiKernel.Nary.FundedCompanions.vaultC_ne_donor1C; module=DefiKernel.Nary.FundedCompanions; axioms=[]
AXIOM AUDIT theorem: DefiKernel.Nary.FundedCompanions.vaultC_ne_donor2C; module=DefiKernel.Nary.FundedCompanions; axioms=[]
AXIOM AUDIT theorem: DefiKernel.Nary.FundedEnabledness.amount_le_decide; module=DefiKernel.Nary.FundedEnabledness; axioms=[]
AXIOM AUDIT theorem: DefiKernel.Nary.FundedEnabledness.amount_zero_le_six; module=DefiKernel.Nary.FundedEnabledness; axioms=[propext,
 Quot.sound]
AXIOM AUDIT theorem: DefiKernel.Nary.FundedEnabledness.budget_asset; module=DefiKernel.Nary.FundedEnabledness; axioms=[]
AXIOM AUDIT theorem: DefiKernel.Nary.FundedEnabledness.consumer_accountingOK; module=DefiKernel.Nary.FundedEnabledness; axioms=[propext,
 Classical.choice,
 Quot.sound]
AXIOM AUDIT theorem: DefiKernel.Nary.FundedEnabledness.consumer_args; module=DefiKernel.Nary.FundedEnabledness; axioms=[propext,
 Quot.sound]
AXIOM AUDIT theorem: DefiKernel.Nary.FundedEnabledness.consumer_caller; module=DefiKernel.Nary.FundedEnabledness; axioms=[propext,
 Quot.sound]
AXIOM AUDIT theorem: DefiKernel.Nary.FundedEnabledness.consumer_debit_auth; module=DefiKernel.Nary.FundedEnabledness; axioms=[propext]
AXIOM AUDIT theorem: DefiKernel.Nary.FundedEnabledness.consumer_debitsOK; module=DefiKernel.Nary.FundedEnabledness; axioms=[propext,
 Classical.choice,
 Quot.sound]
AXIOM AUDIT theorem: DefiKernel.Nary.FundedEnabledness.consumer_delta_eval; module=DefiKernel.Nary.FundedEnabledness; axioms=[propext,
 Classical.choice,
 Quot.sound]
AXIOM AUDIT theorem: DefiKernel.Nary.FundedEnabledness.consumer_domainOK; module=DefiKernel.Nary.FundedEnabledness; axioms=[propext,
 Classical.choice,
 Quot.sound]
AXIOM AUDIT theorem: DefiKernel.Nary.FundedEnabledness.consumer_effect; module=DefiKernel.Nary.FundedEnabledness; axioms=[propext,
 Classical.choice,
 Quot.sound]
AXIOM AUDIT theorem: DefiKernel.Nary.FundedEnabledness.consumer_envReadsOK; module=DefiKernel.Nary.FundedEnabledness; axioms=[propext,
 Quot.sound]
AXIOM AUDIT theorem: DefiKernel.Nary.FundedEnabledness.consumer_evaluate; module=DefiKernel.Nary.FundedEnabledness; axioms=[propext,
 Classical.choice,
 Quot.sound]
AXIOM AUDIT theorem: DefiKernel.Nary.FundedEnabledness.consumer_execute; module=DefiKernel.Nary.FundedEnabledness; axioms=[propext,
 Classical.choice,
 Quot.sound]
AXIOM AUDIT theorem: DefiKernel.Nary.FundedEnabledness.consumer_extract; module=DefiKernel.Nary.FundedEnabledness; axioms=[propext,
 Classical.choice,
 Quot.sound]
AXIOM AUDIT theorem: DefiKernel.Nary.FundedEnabledness.consumer_guard; module=DefiKernel.Nary.FundedEnabledness; axioms=[propext,
 Classical.choice,
 Quot.sound]
AXIOM AUDIT theorem: DefiKernel.Nary.FundedEnabledness.consumer_invoke_auth; module=DefiKernel.Nary.FundedEnabledness; axioms=[propext]
AXIOM AUDIT theorem: DefiKernel.Nary.FundedEnabledness.consumer_nonneg; module=DefiKernel.Nary.FundedEnabledness; axioms=[propext,
 Classical.choice,
 Quot.sound]
AXIOM AUDIT theorem: DefiKernel.Nary.FundedEnabledness.consumer_parties_ctx; module=DefiKernel.Nary.FundedEnabledness; axioms=[propext,
 Quot.sound]
AXIOM AUDIT theorem: DefiKernel.Nary.FundedEnabledness.consumer_resolve_declared; module=DefiKernel.Nary.FundedEnabledness; axioms=[propext,
 Quot.sound]
AXIOM AUDIT theorem: DefiKernel.Nary.FundedEnabledness.consumer_resolve_required; module=DefiKernel.Nary.FundedEnabledness; axioms=[propext,
 Quot.sound]
AXIOM AUDIT theorem: DefiKernel.Nary.FundedEnabledness.consumer_resolve_writes; module=DefiKernel.Nary.FundedEnabledness; axioms=[propext,
 Quot.sound]
AXIOM AUDIT theorem: DefiKernel.Nary.FundedEnabledness.consumer_snapshots; module=DefiKernel.Nary.FundedEnabledness; axioms=[propext,
 Quot.sound]
AXIOM AUDIT theorem: DefiKernel.Nary.FundedEnabledness.consumer_stateReadsOK; module=DefiKernel.Nary.FundedEnabledness; axioms=[propext,
 Quot.sound]
AXIOM AUDIT theorem: DefiKernel.Nary.FundedEnabledness.consumer_suppliesOK; module=DefiKernel.Nary.FundedEnabledness; axioms=[propext,
 Classical.choice,
 Quot.sound]
AXIOM AUDIT theorem: DefiKernel.Nary.FundedEnabledness.consumer_valid; module=DefiKernel.Nary.FundedEnabledness; axioms=[propext,
 Classical.choice,
 Quot.sound]
AXIOM AUDIT theorem: DefiKernel.Nary.FundedEnabledness.consumer_writesOK; module=DefiKernel.Nary.FundedEnabledness; axioms=[propext,
 Classical.choice,
 Quot.sound]
AXIOM AUDIT theorem: DefiKernel.Nary.FundedEnabledness.deposit1_accountingOK; module=DefiKernel.Nary.FundedEnabledness; axioms=[propext,
 Classical.choice,
 Quot.sound]
AXIOM AUDIT theorem: DefiKernel.Nary.FundedEnabledness.deposit1_args; module=DefiKernel.Nary.FundedEnabledness; axioms=[propext,
 Quot.sound]
AXIOM AUDIT theorem: DefiKernel.Nary.FundedEnabledness.deposit1_caller; module=DefiKernel.Nary.FundedEnabledness; axioms=[propext,
 Quot.sound]
AXIOM AUDIT theorem: DefiKernel.Nary.FundedEnabledness.deposit1_debit_auth; module=DefiKernel.Nary.FundedEnabledness; axioms=[propext]
AXIOM AUDIT theorem: DefiKernel.Nary.FundedEnabledness.deposit1_debitsOK; module=DefiKernel.Nary.FundedEnabledness; axioms=[propext,
 Classical.choice,
 Quot.sound]
AXIOM AUDIT theorem: DefiKernel.Nary.FundedEnabledness.deposit1_domainOK; module=DefiKernel.Nary.FundedEnabledness; axioms=[propext,
 Classical.choice,
 Quot.sound]
AXIOM AUDIT theorem: DefiKernel.Nary.FundedEnabledness.deposit1_effect; module=DefiKernel.Nary.FundedEnabledness; axioms=[propext,
 Classical.choice,
 Quot.sound]
AXIOM AUDIT theorem: DefiKernel.Nary.FundedEnabledness.deposit1_envReadsOK; module=DefiKernel.Nary.FundedEnabledness; axioms=[propext,
 Quot.sound]
AXIOM AUDIT theorem: DefiKernel.Nary.FundedEnabledness.deposit1_evaluate; module=DefiKernel.Nary.FundedEnabledness; axioms=[propext,
 Classical.choice,
 Quot.sound]
AXIOM AUDIT theorem: DefiKernel.Nary.FundedEnabledness.deposit1_execute; module=DefiKernel.Nary.FundedEnabledness; axioms=[propext,
 Classical.choice,
 Quot.sound]
AXIOM AUDIT theorem: DefiKernel.Nary.FundedEnabledness.deposit1_extract; module=DefiKernel.Nary.FundedEnabledness; axioms=[propext,
 Classical.choice,
 Quot.sound]
AXIOM AUDIT theorem: DefiKernel.Nary.FundedEnabledness.deposit1_guard; module=DefiKernel.Nary.FundedEnabledness; axioms=[propext,
 Classical.choice,
 Quot.sound]
AXIOM AUDIT theorem: DefiKernel.Nary.FundedEnabledness.deposit1_invoke_auth; module=DefiKernel.Nary.FundedEnabledness; axioms=[propext]
AXIOM AUDIT theorem: DefiKernel.Nary.FundedEnabledness.deposit1_nonneg; module=DefiKernel.Nary.FundedEnabledness; axioms=[propext,
 Classical.choice,
 Quot.sound]
AXIOM AUDIT theorem: DefiKernel.Nary.FundedEnabledness.deposit1_parties_ctx; module=DefiKernel.Nary.FundedEnabledness; axioms=[propext,
 Quot.sound]
AXIOM AUDIT theorem: DefiKernel.Nary.FundedEnabledness.deposit1_resolve_declared; module=DefiKernel.Nary.FundedEnabledness; axioms=[propext,
 Quot.sound]
AXIOM AUDIT theorem: DefiKernel.Nary.FundedEnabledness.deposit1_resolve_required; module=DefiKernel.Nary.FundedEnabledness; axioms=[propext,
 Quot.sound]
AXIOM AUDIT theorem: DefiKernel.Nary.FundedEnabledness.deposit1_resolve_writes; module=DefiKernel.Nary.FundedEnabledness; axioms=[propext,
 Quot.sound]
AXIOM AUDIT theorem: DefiKernel.Nary.FundedEnabledness.deposit1_snapshots; module=DefiKernel.Nary.FundedEnabledness; axioms=[propext,
 Quot.sound]
AXIOM AUDIT theorem: DefiKernel.Nary.FundedEnabledness.deposit1_stateReadsOK; module=DefiKernel.Nary.FundedEnabledness; axioms=[propext,
 Quot.sound]
AXIOM AUDIT theorem: DefiKernel.Nary.FundedEnabledness.deposit1_suppliesOK; module=DefiKernel.Nary.FundedEnabledness; axioms=[propext,
 Classical.choice,
 Quot.sound]
AXIOM AUDIT theorem: DefiKernel.Nary.FundedEnabledness.deposit1_valid; module=DefiKernel.Nary.FundedEnabledness; axioms=[propext,
 Classical.choice,
 Quot.sound]
AXIOM AUDIT theorem: DefiKernel.Nary.FundedEnabledness.deposit1_writesOK; module=DefiKernel.Nary.FundedEnabledness; axioms=[propext,
 Classical.choice,
 Quot.sound]
AXIOM AUDIT theorem: DefiKernel.Nary.FundedEnabledness.deposit2_accountingOK; module=DefiKernel.Nary.FundedEnabledness; axioms=[propext,
 Classical.choice,
 Quot.sound]
AXIOM AUDIT theorem: DefiKernel.Nary.FundedEnabledness.deposit2_args; module=DefiKernel.Nary.FundedEnabledness; axioms=[propext,
 Quot.sound]
AXIOM AUDIT theorem: DefiKernel.Nary.FundedEnabledness.deposit2_caller; module=DefiKernel.Nary.FundedEnabledness; axioms=[propext,
 Quot.sound]
AXIOM AUDIT theorem: DefiKernel.Nary.FundedEnabledness.deposit2_debit_auth; module=DefiKernel.Nary.FundedEnabledness; axioms=[propext]
AXIOM AUDIT theorem: DefiKernel.Nary.FundedEnabledness.deposit2_debitsOK; module=DefiKernel.Nary.FundedEnabledness; axioms=[propext,
 Classical.choice,
 Quot.sound]
AXIOM AUDIT theorem: DefiKernel.Nary.FundedEnabledness.deposit2_domainOK; module=DefiKernel.Nary.FundedEnabledness; axioms=[propext,
 Classical.choice,
 Quot.sound]
AXIOM AUDIT theorem: DefiKernel.Nary.FundedEnabledness.deposit2_effect; module=DefiKernel.Nary.FundedEnabledness; axioms=[propext,
 Classical.choice,
 Quot.sound]
AXIOM AUDIT theorem: DefiKernel.Nary.FundedEnabledness.deposit2_envReadsOK; module=DefiKernel.Nary.FundedEnabledness; axioms=[propext,
 Quot.sound]
AXIOM AUDIT theorem: DefiKernel.Nary.FundedEnabledness.deposit2_evaluate; module=DefiKernel.Nary.FundedEnabledness; axioms=[propext,
 Classical.choice,
 Quot.sound]
AXIOM AUDIT theorem: DefiKernel.Nary.FundedEnabledness.deposit2_execute; module=DefiKernel.Nary.FundedEnabledness; axioms=[propext,
 Classical.choice,
 Quot.sound]
AXIOM AUDIT theorem: DefiKernel.Nary.FundedEnabledness.deposit2_extract; module=DefiKernel.Nary.FundedEnabledness; axioms=[propext,
 Classical.choice,
 Quot.sound]
AXIOM AUDIT theorem: DefiKernel.Nary.FundedEnabledness.deposit2_guard; module=DefiKernel.Nary.FundedEnabledness; axioms=[propext,
 Classical.choice,
 Quot.sound]
AXIOM AUDIT theorem: DefiKernel.Nary.FundedEnabledness.deposit2_invoke_auth; module=DefiKernel.Nary.FundedEnabledness; axioms=[propext]
AXIOM AUDIT theorem: DefiKernel.Nary.FundedEnabledness.deposit2_nonneg; module=DefiKernel.Nary.FundedEnabledness; axioms=[propext,
 Classical.choice,
 Quot.sound]
AXIOM AUDIT theorem: DefiKernel.Nary.FundedEnabledness.deposit2_parties_ctx; module=DefiKernel.Nary.FundedEnabledness; axioms=[propext,
 Quot.sound]
AXIOM AUDIT theorem: DefiKernel.Nary.FundedEnabledness.deposit2_resolve_declared; module=DefiKernel.Nary.FundedEnabledness; axioms=[propext,
 Quot.sound]
AXIOM AUDIT theorem: DefiKernel.Nary.FundedEnabledness.deposit2_resolve_required; module=DefiKernel.Nary.FundedEnabledness; axioms=[propext,
 Quot.sound]
AXIOM AUDIT theorem: DefiKernel.Nary.FundedEnabledness.deposit2_resolve_writes; module=DefiKernel.Nary.FundedEnabledness; axioms=[propext,
 Quot.sound]
AXIOM AUDIT theorem: DefiKernel.Nary.FundedEnabledness.deposit2_snapshots; module=DefiKernel.Nary.FundedEnabledness; axioms=[propext,
 Quot.sound]
AXIOM AUDIT theorem: DefiKernel.Nary.FundedEnabledness.deposit2_stateReadsOK; module=DefiKernel.Nary.FundedEnabledness; axioms=[propext,
 Quot.sound]
AXIOM AUDIT theorem: DefiKernel.Nary.FundedEnabledness.deposit2_suppliesOK; module=DefiKernel.Nary.FundedEnabledness; axioms=[propext,
 Classical.choice,
 Quot.sound]
AXIOM AUDIT theorem: DefiKernel.Nary.FundedEnabledness.deposit2_valid; module=DefiKernel.Nary.FundedEnabledness; axioms=[propext,
 Classical.choice,
 Quot.sound]
AXIOM AUDIT theorem: DefiKernel.Nary.FundedEnabledness.deposit2_writesOK; module=DefiKernel.Nary.FundedEnabledness; axioms=[propext,
 Classical.choice,
 Quot.sound]
AXIOM AUDIT theorem: DefiKernel.Nary.FundedEnabledness.donor1C_ne_vaultC; module=DefiKernel.Nary.FundedEnabledness; axioms=[]
AXIOM AUDIT theorem: DefiKernel.Nary.FundedEnabledness.donor1C_tuple; module=DefiKernel.Nary.FundedEnabledness; axioms=[]
AXIOM AUDIT theorem: DefiKernel.Nary.FundedEnabledness.donor2C_ne_vaultC; module=DefiKernel.Nary.FundedEnabledness; axioms=[]
AXIOM AUDIT theorem: DefiKernel.Nary.FundedEnabledness.donor2C_tuple; module=DefiKernel.Nary.FundedEnabledness; axioms=[]
AXIOM AUDIT theorem: DefiKernel.Nary.FundedEnabledness.executeStep_invoke_ok; module=DefiKernel.Nary.FundedEnabledness; axioms=[propext,
 Classical.choice,
 Quot.sound]
AXIOM AUDIT theorem: DefiKernel.Nary.FundedEnabledness.f10_bounds_deposit1; module=DefiKernel.Nary.FundedEnabledness; axioms=[propext]
AXIOM AUDIT theorem: DefiKernel.Nary.FundedEnabledness.f10_bounds_deposit2; module=DefiKernel.Nary.FundedEnabledness; axioms=[propext]
AXIOM AUDIT theorem: DefiKernel.Nary.FundedEnabledness.f10_bounds_producer; module=DefiKernel.Nary.FundedEnabledness; axioms=[propext]
AXIOM AUDIT theorem: DefiKernel.Nary.FundedEnabledness.f10_catalog_valid; module=DefiKernel.Nary.FundedEnabledness; axioms=[propext,
 Quot.sound]
AXIOM AUDIT theorem: DefiKernel.Nary.FundedEnabledness.f10_consumer_enabled; module=DefiKernel.Nary.FundedEnabledness; axioms=[propext,
 Classical.choice,
 Quot.sound]
AXIOM AUDIT theorem: DefiKernel.Nary.FundedEnabledness.f10_deposit1_enabled; module=DefiKernel.Nary.FundedEnabledness; axioms=[propext,
 Classical.choice,
 Quot.sound]
AXIOM AUDIT theorem: DefiKernel.Nary.FundedEnabledness.f10_deposit2_enabled; module=DefiKernel.Nary.FundedEnabledness; axioms=[propext,
 Classical.choice,
 Quot.sound]
AXIOM AUDIT theorem: DefiKernel.Nary.FundedEnabledness.f10_producer_enabled; module=DefiKernel.Nary.FundedEnabledness; axioms=[propext,
 Classical.choice,
 Quot.sound]
AXIOM AUDIT theorem: DefiKernel.Nary.FundedEnabledness.prepare_consumer; module=DefiKernel.Nary.FundedEnabledness; axioms=[propext,
 Quot.sound]
AXIOM AUDIT theorem: DefiKernel.Nary.FundedEnabledness.prepare_deposit1; module=DefiKernel.Nary.FundedEnabledness; axioms=[propext,
 Quot.sound]
AXIOM AUDIT theorem: DefiKernel.Nary.FundedEnabledness.prepare_deposit2; module=DefiKernel.Nary.FundedEnabledness; axioms=[propext,
 Quot.sound]
AXIOM AUDIT theorem: DefiKernel.Nary.FundedEnabledness.prepare_producer; module=DefiKernel.Nary.FundedEnabledness; axioms=[propext,
 Quot.sound]
AXIOM AUDIT theorem: DefiKernel.Nary.FundedEnabledness.producer_effect; module=DefiKernel.Nary.FundedEnabledness; axioms=[propext,
 Classical.choice,
 Quot.sound]
AXIOM AUDIT theorem: DefiKernel.Nary.FundedEnabledness.producer_execute; module=DefiKernel.Nary.FundedEnabledness; axioms=[propext,
 Classical.choice,
 Quot.sound]
AXIOM AUDIT theorem: DefiKernel.Nary.FundedEnabledness.producer_extract; module=DefiKernel.Nary.FundedEnabledness; axioms=[propext,
 Classical.choice,
 Quot.sound]
AXIOM AUDIT theorem: DefiKernel.Nary.FundedEnabledness.producer_invoke_auth; module=DefiKernel.Nary.FundedEnabledness; axioms=[propext]
AXIOM AUDIT theorem: DefiKernel.Nary.FundedEnabledness.producer_snapshots; module=DefiKernel.Nary.FundedEnabledness; axioms=[propext,
 Quot.sound]
AXIOM AUDIT theorem: DefiKernel.Nary.FundedEnabledness.producer_valid; module=DefiKernel.Nary.FundedEnabledness; axioms=[propext,
 Classical.choice,
 Quot.sound]
AXIOM AUDIT theorem: DefiKernel.Nary.FundedEnabledness.recipientC_tuple; module=DefiKernel.Nary.FundedEnabledness; axioms=[]
AXIOM AUDIT theorem: DefiKernel.Nary.FundedEnabledness.vaultC_ne_recipientC; module=DefiKernel.Nary.FundedEnabledness; axioms=[]
AXIOM AUDIT theorem: DefiKernel.Nary.FundedEnabledness.vaultC_tuple; module=DefiKernel.Nary.FundedEnabledness; axioms=[]
AXIOM AUDIT theorem: DefiKernel.Nary.InterfaceInstances.admit_exists_of_isOk; module=DefiKernel.Nary.InterfaceInstances; axioms=[propext,
 Classical.choice,
 Quot.sound]
AXIOM AUDIT theorem: DefiKernel.Nary.InterfaceInstances.f11_admit_isOk; module=DefiKernel.Nary.InterfaceInstances; axioms=[propext,
 Quot.sound]
AXIOM AUDIT theorem: DefiKernel.Nary.InterfaceInstances.f11_admit_ok; module=DefiKernel.Nary.InterfaceInstances; axioms=[propext,
 Classical.choice,
 Quot.sound]
AXIOM AUDIT theorem: DefiKernel.Nary.InterfaceInstances.f11_advance; module=DefiKernel.Nary.InterfaceInstances; axioms=[propext,
 Classical.choice,
 Quot.sound]
AXIOM AUDIT theorem: DefiKernel.Nary.InterfaceInstances.f11_catalog_valid; module=DefiKernel.Nary.InterfaceInstances; axioms=[propext,
 Quot.sound]
AXIOM AUDIT theorem: DefiKernel.Nary.InterfaceInstances.f11_execute; module=DefiKernel.Nary.InterfaceInstances; axioms=[propext,
 Classical.choice,
 Quot.sound]
AXIOM AUDIT theorem: DefiKernel.Nary.InterfaceInstances.f11_initialized_reserve; module=DefiKernel.Nary.InterfaceInstances; axioms=[propext,
 Classical.choice,
 Quot.sound]
AXIOM AUDIT theorem: DefiKernel.Nary.InterfaceInstances.f11_nonneg; module=DefiKernel.Nary.InterfaceInstances; axioms=[propext,
 Classical.choice,
 Quot.sound]
AXIOM AUDIT theorem: DefiKernel.Nary.InterfaceInstances.f11_not_reserve_obligation; module=DefiKernel.Nary.InterfaceInstances; axioms=[propext,
 Classical.choice,
 Quot.sound]
AXIOM AUDIT theorem: DefiKernel.Nary.InterfaceInstances.f11_outcome; module=DefiKernel.Nary.InterfaceInstances; axioms=[propext,
 Classical.choice,
 Quot.sound]
AXIOM AUDIT theorem: DefiKernel.Nary.InterfaceInstances.f11_post_not_reserve; module=DefiKernel.Nary.InterfaceInstances; axioms=[propext,
 Classical.choice,
 Quot.sound]
AXIOM AUDIT theorem: DefiKernel.Nary.InterfaceInstances.f11_prefix_eq_expected; module=DefiKernel.Nary.InterfaceInstances; axioms=[propext,
 Classical.choice,
 Quot.sound]
AXIOM AUDIT theorem: DefiKernel.Nary.InterfaceInstances.f11_runNary_expected; module=DefiKernel.Nary.InterfaceInstances; axioms=[propext,
 Classical.choice,
 Quot.sound]
AXIOM AUDIT theorem: DefiKernel.Nary.InterfaceInstances.f11_runNary_outcome; module=DefiKernel.Nary.InterfaceInstances; axioms=[propext,
 Classical.choice,
 Quot.sound]
AXIOM AUDIT theorem: DefiKernel.Nary.InterfaceInstances.f11_runNary_prefix; module=DefiKernel.Nary.InterfaceInstances; axioms=[propext,
 Classical.choice,
 Quot.sound]
AXIOM AUDIT theorem: DefiKernel.Nary.InterfaceInstances.f11_runPrefix; module=DefiKernel.Nary.InterfaceInstances; axioms=[propext,
 Classical.choice,
 Quot.sound]
AXIOM AUDIT theorem: DefiKernel.Nary.InterfaceInstances.f11_vaults; module=DefiKernel.Nary.InterfaceInstances; axioms=[propext,
 Classical.choice,
 Quot.sound]
AXIOM AUDIT theorem: DefiKernel.Nary.InterfaceInstances.f13_access; module=DefiKernel.Nary.InterfaceInstances; axioms=[propext,
 Quot.sound]
AXIOM AUDIT theorem: DefiKernel.Nary.InterfaceInstances.f13_admit_isOk; module=DefiKernel.Nary.InterfaceInstances; axioms=[propext,
 Quot.sound]
AXIOM AUDIT theorem: DefiKernel.Nary.InterfaceInstances.f13_admit_ok; module=DefiKernel.Nary.InterfaceInstances; axioms=[propext,
 Classical.choice,
 Quot.sound]
AXIOM AUDIT theorem: DefiKernel.Nary.InterfaceInstances.f13_advance; module=DefiKernel.Nary.InterfaceInstances; axioms=[propext,
 Classical.choice,
 Quot.sound]
AXIOM AUDIT theorem: DefiKernel.Nary.InterfaceInstances.f13_deposit_stable; module=DefiKernel.Nary.InterfaceInstances; axioms=[propext,
 Classical.choice,
 Quot.sound]
AXIOM AUDIT theorem: DefiKernel.Nary.InterfaceInstances.f13_execute; module=DefiKernel.Nary.InterfaceInstances; axioms=[propext,
 Classical.choice,
 Quot.sound]
AXIOM AUDIT theorem: DefiKernel.Nary.InterfaceInstances.f13_not_cross_depositRely; module=DefiKernel.Nary.InterfaceInstances; axioms=[propext,
 Classical.choice,
 Quot.sound]
AXIOM AUDIT theorem: DefiKernel.Nary.InterfaceInstances.f13_not_deposit_rely; module=DefiKernel.Nary.InterfaceInstances; axioms=[propext,
 Classical.choice,
 Quot.sound]
AXIOM AUDIT theorem: DefiKernel.Nary.InterfaceInstances.f13_not_stable_if_rely_covers; module=DefiKernel.Nary.InterfaceInstances; axioms=[propext,
 Classical.choice,
 Quot.sound]
AXIOM AUDIT theorem: DefiKernel.Nary.InterfaceInstances.f13_outcome; module=DefiKernel.Nary.InterfaceInstances; axioms=[propext,
 Classical.choice,
 Quot.sound]
AXIOM AUDIT theorem: DefiKernel.Nary.InterfaceInstances.f13_peer_not_covered; module=DefiKernel.Nary.InterfaceInstances; axioms=[propext,
 Classical.choice,
 Quot.sound]
AXIOM AUDIT theorem: DefiKernel.Nary.InterfaceInstances.f13_post_not_reserve; module=DefiKernel.Nary.InterfaceInstances; axioms=[propext,
 Classical.choice,
 Quot.sound]
AXIOM AUDIT theorem: DefiKernel.Nary.InterfaceInstances.f13_prefix_eq_expected; module=DefiKernel.Nary.InterfaceInstances; axioms=[propext,
 Classical.choice,
 Quot.sound]
AXIOM AUDIT theorem: DefiKernel.Nary.InterfaceInstances.f13_prepare; module=DefiKernel.Nary.InterfaceInstances; axioms=[propext,
 Quot.sound]
AXIOM AUDIT theorem: DefiKernel.Nary.InterfaceInstances.f13_runNary_expected; module=DefiKernel.Nary.InterfaceInstances; axioms=[propext,
 Classical.choice,
 Quot.sound]
AXIOM AUDIT theorem: DefiKernel.Nary.InterfaceInstances.f13_runNary_outcome; module=DefiKernel.Nary.InterfaceInstances; axioms=[propext,
 Classical.choice,
 Quot.sound]
AXIOM AUDIT theorem: DefiKernel.Nary.InterfaceInstances.f13_runNary_prefix; module=DefiKernel.Nary.InterfaceInstances; axioms=[propext,
 Classical.choice,
 Quot.sound]
AXIOM AUDIT theorem: DefiKernel.Nary.InterfaceInstances.f13_runPrefix; module=DefiKernel.Nary.InterfaceInstances; axioms=[propext,
 Classical.choice,
 Quot.sound]
AXIOM AUDIT theorem: DefiKernel.Nary.InterfaceInstances.f13_valid_authority_success; module=DefiKernel.Nary.InterfaceInstances; axioms=[propext,
 Classical.choice,
 Quot.sound]
AXIOM AUDIT theorem: DefiKernel.Nary.InterfaceInstances.f13_vaults; module=DefiKernel.Nary.InterfaceInstances; axioms=[propext,
 Classical.choice,
 Quot.sound]
AXIOM AUDIT theorem: DefiKernel.Nary.InterfaceInstances.f13_withdrawal_guarantee; module=DefiKernel.Nary.InterfaceInstances; axioms=[propext,
 Classical.choice,
 Quot.sound]
AXIOM AUDIT theorem: DefiKernel.Nary.InterfaceInstances.f14_admit_isOk; module=DefiKernel.Nary.InterfaceInstances; axioms=[propext,
 Quot.sound]
AXIOM AUDIT theorem: DefiKernel.Nary.InterfaceInstances.f14_admit_ok; module=DefiKernel.Nary.InterfaceInstances; axioms=[propext,
 Classical.choice,
 Quot.sound]
AXIOM AUDIT theorem: DefiKernel.Nary.InterfaceInstances.f14_advance; module=DefiKernel.Nary.InterfaceInstances; axioms=[propext,
 Classical.choice,
 Quot.sound]
AXIOM AUDIT theorem: DefiKernel.Nary.InterfaceInstances.f14_advance_eq; module=DefiKernel.Nary.InterfaceInstances; axioms=[propext,
 Classical.choice,
 Quot.sound]
AXIOM AUDIT theorem: DefiKernel.Nary.InterfaceInstances.f14_branch_inv; module=DefiKernel.Nary.InterfaceInstances; axioms=[propext]
AXIOM AUDIT theorem: DefiKernel.Nary.InterfaceInstances.f14_execute; module=DefiKernel.Nary.InterfaceInstances; axioms=[propext,
 Classical.choice,
 Quot.sound]
AXIOM AUDIT theorem: DefiKernel.Nary.InterfaceInstances.f14_first; module=DefiKernel.Nary.InterfaceInstances; axioms=[propext,
 Classical.choice,
 Quot.sound]
AXIOM AUDIT theorem: DefiKernel.Nary.InterfaceInstances.f14_identity_cell; module=DefiKernel.Nary.InterfaceInstances; axioms=[propext,
 Classical.choice,
 Quot.sound]
AXIOM AUDIT theorem: DefiKernel.Nary.InterfaceInstances.f14_identity_cross; module=DefiKernel.Nary.InterfaceInstances; axioms=[propext,
 Quot.sound]
AXIOM AUDIT theorem: DefiKernel.Nary.InterfaceInstances.f14_identity_obligation; module=DefiKernel.Nary.InterfaceInstances; axioms=[propext,
 Classical.choice,
 Quot.sound]
AXIOM AUDIT theorem: DefiKernel.Nary.InterfaceInstances.f14_identity_receipt; module=DefiKernel.Nary.InterfaceInstances; axioms=[propext,
 Classical.choice,
 Quot.sound]
AXIOM AUDIT theorem: DefiKernel.Nary.InterfaceInstances.f14_identity_stable; module=DefiKernel.Nary.InterfaceInstances; axioms=[propext,
 Quot.sound]
AXIOM AUDIT theorem: DefiKernel.Nary.InterfaceInstances.f14_not_initialized; module=DefiKernel.Nary.InterfaceInstances; axioms=[propext,
 Classical.choice,
 Quot.sound]
AXIOM AUDIT theorem: DefiKernel.Nary.InterfaceInstances.f14_prefix_eq_expected; module=DefiKernel.Nary.InterfaceInstances; axioms=[propext,
 Classical.choice,
 Quot.sound]
AXIOM AUDIT theorem: DefiKernel.Nary.InterfaceInstances.f14_remaining_premises; module=DefiKernel.Nary.InterfaceInstances; axioms=[propext,
 Classical.choice,
 Quot.sound]
AXIOM AUDIT theorem: DefiKernel.Nary.InterfaceInstances.f14_runNary_expected; module=DefiKernel.Nary.InterfaceInstances; axioms=[propext,
 Classical.choice,
 Quot.sound]
AXIOM AUDIT theorem: DefiKernel.Nary.InterfaceInstances.f14_runNary_prefix; module=DefiKernel.Nary.InterfaceInstances; axioms=[propext,
 Classical.choice,
 Quot.sound]
AXIOM AUDIT theorem: DefiKernel.Nary.InterfaceInstances.f14_runNary_uninitialized; module=DefiKernel.Nary.InterfaceInstances; axioms=[propext,
 Classical.choice,
 Quot.sound]
AXIOM AUDIT theorem: DefiKernel.Nary.InterfaceInstances.f14_second_accept; module=DefiKernel.Nary.InterfaceInstances; axioms=[propext,
 Classical.choice,
 Quot.sound]
AXIOM AUDIT theorem: DefiKernel.Nary.InterfaceInstances.f14_stays_uninitialized; module=DefiKernel.Nary.InterfaceInstances; axioms=[propext,
 Classical.choice,
 Quot.sound]
AXIOM AUDIT theorem: DefiKernel.Nary.InterfaceInstances.f14_third_accept; module=DefiKernel.Nary.InterfaceInstances; axioms=[propext,
 Classical.choice,
 Quot.sound]
AXIOM AUDIT theorem: DefiKernel.Nary.InterfaceInstances.f14_three_locals; module=DefiKernel.Nary.InterfaceInstances; axioms=[propext,
 Classical.choice,
 Quot.sound]
AXIOM AUDIT theorem: DefiKernel.Nary.InterfaceInstances.f14_three_run; module=DefiKernel.Nary.InterfaceInstances; axioms=[propext,
 Classical.choice,
 Quot.sound]
AXIOM AUDIT theorem: DefiKernel.Nary.InterfaceInstances.f14_vault; module=DefiKernel.Nary.InterfaceInstances; axioms=[propext,
 Classical.choice,
 Quot.sound]
AXIOM AUDIT theorem: DefiKernel.Nary.InterfaceInstances.f15_false_circular; module=DefiKernel.Nary.InterfaceInstances; axioms=[]
AXIOM AUDIT theorem: DefiKernel.Nary.InterfaceInstances.f15_implications_do_not_initialize; module=DefiKernel.Nary.InterfaceInstances; axioms=[propext,
 Classical.choice,
 Quot.sound]
AXIOM AUDIT theorem: DefiKernel.Nary.InterfaceInstances.f18_admit_isOk; module=DefiKernel.Nary.InterfaceInstances; axioms=[propext,
 Quot.sound]
AXIOM AUDIT theorem: DefiKernel.Nary.InterfaceInstances.f18_admit_ok; module=DefiKernel.Nary.InterfaceInstances; axioms=[propext,
 Classical.choice,
 Quot.sound]
AXIOM AUDIT theorem: DefiKernel.Nary.InterfaceInstances.f18_advance_eq; module=DefiKernel.Nary.InterfaceInstances; axioms=[propext,
 Classical.choice,
 Quot.sound]
AXIOM AUDIT theorem: DefiKernel.Nary.InterfaceInstances.f18_alice_bob_effects; module=DefiKernel.Nary.InterfaceInstances; axioms=[propext,
 Classical.choice,
 Quot.sound]
AXIOM AUDIT theorem: DefiKernel.Nary.InterfaceInstances.f18_all_tokens; module=DefiKernel.Nary.InterfaceInstances; axioms=[propext,
 Classical.choice,
 Quot.sound]
AXIOM AUDIT theorem: DefiKernel.Nary.InterfaceInstances.f18_binding_obligations; module=DefiKernel.Nary.InterfaceInstances; axioms=[propext,
 Classical.choice,
 Quot.sound]
AXIOM AUDIT theorem: DefiKernel.Nary.InterfaceInstances.f18_bounds_boundary; module=DefiKernel.Nary.InterfaceInstances; axioms=[]
AXIOM AUDIT theorem: DefiKernel.Nary.InterfaceInstances.f18_branches_singleton; module=DefiKernel.Nary.InterfaceInstances; axioms=[]
AXIOM AUDIT theorem: DefiKernel.Nary.InterfaceInstances.f18_catalog_valid; module=DefiKernel.Nary.InterfaceInstances; axioms=[propext,
 Quot.sound]
AXIOM AUDIT theorem: DefiKernel.Nary.InterfaceInstances.f18_cfg_eq; module=DefiKernel.Nary.InterfaceInstances; axioms=[propext,
 Quot.sound]
AXIOM AUDIT theorem: DefiKernel.Nary.InterfaceInstances.f18_complete_of_mem; module=DefiKernel.Nary.InterfaceInstances; axioms=[propext,
 Classical.choice,
 Quot.sound]
AXIOM AUDIT theorem: DefiKernel.Nary.InterfaceInstances.f18_complete_schedules_invariants; module=DefiKernel.Nary.InterfaceInstances; axioms=[propext,
 Classical.choice,
 Quot.sound]
AXIOM AUDIT theorem: DefiKernel.Nary.InterfaceInstances.f18_cross; module=DefiKernel.Nary.InterfaceInstances; axioms=[propext,
 Classical.choice,
 Quot.sound]
AXIOM AUDIT theorem: DefiKernel.Nary.InterfaceInstances.f18_edges_fixed; module=DefiKernel.Nary.InterfaceInstances; axioms=[]
AXIOM AUDIT theorem: DefiKernel.Nary.InterfaceInstances.f18_empty_edges; module=DefiKernel.Nary.InterfaceInstances; axioms=[]
AXIOM AUDIT theorem: DefiKernel.Nary.InterfaceInstances.f18_every_prefix; module=DefiKernel.Nary.InterfaceInstances; axioms=[propext,
 Classical.choice,
 Quot.sound]
AXIOM AUDIT theorem: DefiKernel.Nary.InterfaceInstances.f18_execute_after1; module=DefiKernel.Nary.InterfaceInstances; axioms=[propext,
 Classical.choice,
 Quot.sound]
AXIOM AUDIT theorem: DefiKernel.Nary.InterfaceInstances.f18_execute_after2; module=DefiKernel.Nary.InterfaceInstances; axioms=[propext,
 Classical.choice,
 Quot.sound]
AXIOM AUDIT theorem: DefiKernel.Nary.InterfaceInstances.f18_execute_initial; module=DefiKernel.Nary.InterfaceInstances; axioms=[propext,
 Classical.choice,
 Quot.sound]
AXIOM AUDIT theorem: DefiKernel.Nary.InterfaceInstances.f18_first_local; module=DefiKernel.Nary.InterfaceInstances; axioms=[propext,
 Classical.choice,
 Quot.sound]
AXIOM AUDIT theorem: DefiKernel.Nary.InterfaceInstances.f18_guarantee_of_step; module=DefiKernel.Nary.InterfaceInstances; axioms=[propext,
 Classical.choice,
 Quot.sound]
AXIOM AUDIT theorem: DefiKernel.Nary.InterfaceInstances.f18_initial_eq; module=DefiKernel.Nary.InterfaceInstances; axioms=[propext,
 Classical.choice,
 Quot.sound]
AXIOM AUDIT theorem: DefiKernel.Nary.InterfaceInstances.f18_initialized; module=DefiKernel.Nary.InterfaceInstances; axioms=[propext,
 Classical.choice,
 Quot.sound]
AXIOM AUDIT theorem: DefiKernel.Nary.InterfaceInstances.f18_initialized_agrees; module=DefiKernel.Nary.InterfaceInstances; axioms=[propext,
 Classical.choice,
 Quot.sound]
AXIOM AUDIT theorem: DefiKernel.Nary.InterfaceInstances.f18_initialized_sum; module=DefiKernel.Nary.InterfaceInstances; axioms=[propext,
 Classical.choice,
 Quot.sound]
AXIOM AUDIT theorem: DefiKernel.Nary.InterfaceInstances.f18_initialized_total; module=DefiKernel.Nary.InterfaceInstances; axioms=[propext,
 Classical.choice,
 Quot.sound]
AXIOM AUDIT theorem: DefiKernel.Nary.InterfaceInstances.f18_local_obligation; module=DefiKernel.Nary.InterfaceInstances; axioms=[propext,
 Classical.choice,
 Quot.sound]
AXIOM AUDIT theorem: DefiKernel.Nary.InterfaceInstances.f18_neutral; module=DefiKernel.Nary.InterfaceInstances; axioms=[propext,
 Classical.choice,
 Quot.sound]
AXIOM AUDIT theorem: DefiKernel.Nary.InterfaceInstances.f18_op102_receipt; module=DefiKernel.Nary.InterfaceInstances; axioms=[propext,
 Classical.choice,
 Quot.sound]
AXIOM AUDIT theorem: DefiKernel.Nary.InterfaceInstances.f18_op_eq; module=DefiKernel.Nary.InterfaceInstances; axioms=[]
AXIOM AUDIT theorem: DefiKernel.Nary.InterfaceInstances.f18_paired_effects; module=DefiKernel.Nary.InterfaceInstances; axioms=[propext,
 Classical.choice,
 Quot.sound]
AXIOM AUDIT theorem: DefiKernel.Nary.InterfaceInstances.f18_prefix_eq_expected; module=DefiKernel.Nary.InterfaceInstances; axioms=[propext,
 Classical.choice,
 Quot.sound]
AXIOM AUDIT theorem: DefiKernel.Nary.InterfaceInstances.f18_receipt_delta_zero; module=DefiKernel.Nary.InterfaceInstances; axioms=[propext,
 Classical.choice,
 Quot.sound]
AXIOM AUDIT theorem: DefiKernel.Nary.InterfaceInstances.f18_receipt_effects; module=DefiKernel.Nary.InterfaceInstances; axioms=[propext,
 Classical.choice,
 Quot.sound]
AXIOM AUDIT theorem: DefiKernel.Nary.InterfaceInstances.f18_receipt_eq; module=DefiKernel.Nary.InterfaceInstances; axioms=[propext,
 Quot.sound]
AXIOM AUDIT theorem: DefiKernel.Nary.InterfaceInstances.f18_region_obligations; module=DefiKernel.Nary.InterfaceInstances; axioms=[propext,
 Classical.choice,
 Quot.sound]
AXIOM AUDIT theorem: DefiKernel.Nary.InterfaceInstances.f18_region_wellFormed; module=DefiKernel.Nary.InterfaceInstances; axioms=[propext,
 Classical.choice,
 Quot.sound]
AXIOM AUDIT theorem: DefiKernel.Nary.InterfaceInstances.f18_result1_eq; module=DefiKernel.Nary.InterfaceInstances; axioms=[propext,
 Classical.choice,
 Quot.sound]
AXIOM AUDIT theorem: DefiKernel.Nary.InterfaceInstances.f18_result1_outputs; module=DefiKernel.Nary.InterfaceInstances; axioms=[propext,
 Classical.choice,
 Quot.sound]
AXIOM AUDIT theorem: DefiKernel.Nary.InterfaceInstances.f18_runNary_expected; module=DefiKernel.Nary.InterfaceInstances; axioms=[propext,
 Classical.choice,
 Quot.sound]
AXIOM AUDIT theorem: DefiKernel.Nary.InterfaceInstances.f18_runNary_prefix; module=DefiKernel.Nary.InterfaceInstances; axioms=[propext,
 Classical.choice,
 Quot.sound]
AXIOM AUDIT theorem: DefiKernel.Nary.InterfaceInstances.f18_runNary_world; module=DefiKernel.Nary.InterfaceInstances; axioms=[propext,
 Classical.choice,
 Quot.sound]
AXIOM AUDIT theorem: DefiKernel.Nary.InterfaceInstances.f18_schedule_012; module=DefiKernel.Nary.InterfaceInstances; axioms=[propext,
 Classical.choice,
 Quot.sound]
AXIOM AUDIT theorem: DefiKernel.Nary.InterfaceInstances.f18_schedule_021; module=DefiKernel.Nary.InterfaceInstances; axioms=[propext,
 Classical.choice,
 Quot.sound]
AXIOM AUDIT theorem: DefiKernel.Nary.InterfaceInstances.f18_schedule_102; module=DefiKernel.Nary.InterfaceInstances; axioms=[propext,
 Classical.choice,
 Quot.sound]
AXIOM AUDIT theorem: DefiKernel.Nary.InterfaceInstances.f18_schedule_120; module=DefiKernel.Nary.InterfaceInstances; axioms=[propext,
 Classical.choice,
 Quot.sound]
AXIOM AUDIT theorem: DefiKernel.Nary.InterfaceInstances.f18_schedule_201; module=DefiKernel.Nary.InterfaceInstances; axioms=[propext,
 Classical.choice,
 Quot.sound]
AXIOM AUDIT theorem: DefiKernel.Nary.InterfaceInstances.f18_schedule_210; module=DefiKernel.Nary.InterfaceInstances; axioms=[propext,
 Classical.choice,
 Quot.sound]
AXIOM AUDIT theorem: DefiKernel.Nary.InterfaceInstances.f18_schedules_length; module=DefiKernel.Nary.InterfaceInstances; axioms=[propext]
AXIOM AUDIT theorem: DefiKernel.Nary.InterfaceInstances.f18_second_accept; module=DefiKernel.Nary.InterfaceInstances; axioms=[propext,
 Classical.choice,
 Quot.sound]
AXIOM AUDIT theorem: DefiKernel.Nary.InterfaceInstances.f18_selected; module=DefiKernel.Nary.InterfaceInstances; axioms=[propext,
 Classical.choice,
 Quot.sound]
AXIOM AUDIT theorem: DefiKernel.Nary.InterfaceInstances.f18_separate; module=DefiKernel.Nary.InterfaceInstances; axioms=[propext,
 Quot.sound]
AXIOM AUDIT theorem: DefiKernel.Nary.InterfaceInstances.f18_stable; module=DefiKernel.Nary.InterfaceInstances; axioms=[propext,
 Classical.choice,
 Quot.sound]
AXIOM AUDIT theorem: DefiKernel.Nary.InterfaceInstances.f18_start_accept; module=DefiKernel.Nary.InterfaceInstances; axioms=[propext,
 Classical.choice,
 Quot.sound]
AXIOM AUDIT theorem: DefiKernel.Nary.InterfaceInstances.f18_third_accept; module=DefiKernel.Nary.InterfaceInstances; axioms=[propext,
 Classical.choice,
 Quot.sound]
AXIOM AUDIT theorem: DefiKernel.Nary.InterfaceInstances.f18_three_outcome; module=DefiKernel.Nary.InterfaceInstances; axioms=[propext,
 Classical.choice,
 Quot.sound]
AXIOM AUDIT theorem: DefiKernel.Nary.InterfaceInstances.f18_three_run; module=DefiKernel.Nary.InterfaceInstances; axioms=[propext,
 Classical.choice,
 Quot.sound]
AXIOM AUDIT theorem: DefiKernel.Nary.InterfaceInstances.f18_value_supported; module=DefiKernel.Nary.InterfaceInstances; axioms=[propext,
 Quot.sound]
AXIOM AUDIT theorem: DefiKernel.Nary.InterfaceInstances.f18_worldAfter0; module=DefiKernel.Nary.InterfaceInstances; axioms=[propext,
 Classical.choice,
 Quot.sound]
AXIOM AUDIT theorem: DefiKernel.Nary.InterfaceInstances.f18_worldAfter1; module=DefiKernel.Nary.InterfaceInstances; axioms=[propext,
 Classical.choice,
 Quot.sound]
AXIOM AUDIT theorem: DefiKernel.Nary.InterfaceInstances.f18_worldAfter2; module=DefiKernel.Nary.InterfaceInstances; axioms=[propext,
 Classical.choice,
 Quot.sound]
AXIOM AUDIT theorem: DefiKernel.Nary.InterfaceInstances.f18_worldAfter3; module=DefiKernel.Nary.InterfaceInstances; axioms=[propext,
 Classical.choice,
 Quot.sound]
AXIOM AUDIT theorem: DefiKernel.Nary.InterfaceInstances.f18_world_balances; module=DefiKernel.Nary.InterfaceInstances; axioms=[propext,
 Classical.choice,
 Quot.sound]
AXIOM AUDIT theorem: DefiKernel.Nary.InterfaceInstances.f18_writes_within; module=DefiKernel.Nary.InterfaceInstances; axioms=[propext,
 Classical.choice,
 Quot.sound]
AXIOM AUDIT theorem: DefiKernel.Nary.InterfaceInstances.f19_admit_isOk; module=DefiKernel.Nary.InterfaceInstances; axioms=[propext,
 Quot.sound]
AXIOM AUDIT theorem: DefiKernel.Nary.InterfaceInstances.f19_admit_ok; module=DefiKernel.Nary.InterfaceInstances; axioms=[propext,
 Classical.choice,
 Quot.sound]
AXIOM AUDIT theorem: DefiKernel.Nary.InterfaceInstances.f19_advance; module=DefiKernel.Nary.InterfaceInstances; axioms=[propext,
 Classical.choice,
 Quot.sound]
AXIOM AUDIT theorem: DefiKernel.Nary.InterfaceInstances.f19_balances; module=DefiKernel.Nary.InterfaceInstances; axioms=[propext,
 Classical.choice,
 Quot.sound]
AXIOM AUDIT theorem: DefiKernel.Nary.InterfaceInstances.f19_bindingsHold_false; module=DefiKernel.Nary.InterfaceInstances; axioms=[propext,
 Classical.choice,
 Quot.sound]
AXIOM AUDIT theorem: DefiKernel.Nary.InterfaceInstances.f19_checkBindings; module=DefiKernel.Nary.InterfaceInstances; axioms=[propext,
 Classical.choice,
 Quot.sound]
AXIOM AUDIT theorem: DefiKernel.Nary.InterfaceInstances.f19_empty_agrees; module=DefiKernel.Nary.InterfaceInstances; axioms=[propext,
 Quot.sound]
AXIOM AUDIT theorem: DefiKernel.Nary.InterfaceInstances.f19_empty_bindingsHold; module=DefiKernel.Nary.InterfaceInstances; axioms=[propext,
 Classical.choice,
 Quot.sound]
AXIOM AUDIT theorem: DefiKernel.Nary.InterfaceInstances.f19_execute; module=DefiKernel.Nary.InterfaceInstances; axioms=[propext,
 Classical.choice,
 Quot.sound]
AXIOM AUDIT theorem: DefiKernel.Nary.InterfaceInstances.f19_local_index0; module=DefiKernel.Nary.InterfaceInstances; axioms=[propext,
 Classical.choice,
 Quot.sound]
AXIOM AUDIT theorem: DefiKernel.Nary.InterfaceInstances.f19_not_agrees; module=DefiKernel.Nary.InterfaceInstances; axioms=[propext,
 Classical.choice,
 Quot.sound]
AXIOM AUDIT theorem: DefiKernel.Nary.InterfaceInstances.f19_not_effect_paired; module=DefiKernel.Nary.InterfaceInstances; axioms=[propext,
 Classical.choice,
 Quot.sound]
AXIOM AUDIT theorem: DefiKernel.Nary.InterfaceInstances.f19_op_eq; module=DefiKernel.Nary.InterfaceInstances; axioms=[]
AXIOM AUDIT theorem: DefiKernel.Nary.InterfaceInstances.f19_prefix_eq_expected; module=DefiKernel.Nary.InterfaceInstances; axioms=[propext,
 Classical.choice,
 Quot.sound]
AXIOM AUDIT theorem: DefiKernel.Nary.InterfaceInstances.f19_query; module=DefiKernel.Nary.InterfaceInstances; axioms=[propext,
 Classical.choice,
 Quot.sound]
AXIOM AUDIT theorem: DefiKernel.Nary.InterfaceInstances.f19_receipt_effects; module=DefiKernel.Nary.InterfaceInstances; axioms=[propext,
 Classical.choice,
 Quot.sound]
AXIOM AUDIT theorem: DefiKernel.Nary.InterfaceInstances.f19_receipt_eq; module=DefiKernel.Nary.InterfaceInstances; axioms=[propext,
 Quot.sound]
AXIOM AUDIT theorem: DefiKernel.Nary.InterfaceInstances.f19_runNary_expected; module=DefiKernel.Nary.InterfaceInstances; axioms=[propext,
 Classical.choice,
 Quot.sound]
AXIOM AUDIT theorem: DefiKernel.Nary.InterfaceInstances.f19_runNary_prefix; module=DefiKernel.Nary.InterfaceInstances; axioms=[propext,
 Classical.choice,
 Quot.sound]
AXIOM AUDIT theorem: DefiKernel.Nary.InterfaceInstances.f19_runNary_query; module=DefiKernel.Nary.InterfaceInstances; axioms=[propext,
 Classical.choice,
 Quot.sound]
AXIOM AUDIT theorem: DefiKernel.Nary.InterfaceInstances.f19_runPrefix; module=DefiKernel.Nary.InterfaceInstances; axioms=[propext,
 Classical.choice,
 Quot.sound]
AXIOM AUDIT theorem: DefiKernel.Nary.InterfaceInstances.f19_total_holds; module=DefiKernel.Nary.InterfaceInstances; axioms=[propext,
 Classical.choice,
 Quot.sound]
AXIOM AUDIT theorem: DefiKernel.Nary.InterfaceInstances.f19_world_eq; module=DefiKernel.Nary.InterfaceInstances; axioms=[propext,
 Classical.choice,
 Quot.sound]
AXIOM AUDIT theorem: DefiKernel.Nary.InterfaceInstances.runNary_executed_of_isOk; module=DefiKernel.Nary.InterfaceInstances; axioms=[propext,
 Classical.choice,
 Quot.sound]
AXIOM AUDIT theorem: DefiKernel.Nary.Reachable.accounting; module=DefiKernel.Nary.Preservation; axioms=[propext,
 Classical.choice,
 Quot.sound]
AXIOM AUDIT theorem: DefiKernel.Nary.Reachable.active_index; module=DefiKernel.Nary.LocalOrder; axioms=[propext,
 Classical.choice,
 Quot.sound]
AXIOM AUDIT theorem: DefiKernel.Nary.Reachable.analyzed_locality; module=DefiKernel.Nary.Preservation; axioms=[propext,
 Classical.choice,
 Quot.sound]
AXIOM AUDIT theorem: DefiKernel.Nary.Reachable.analyzed_predicate_frame; module=DefiKernel.Nary.Preservation; axioms=[propext,
 Classical.choice,
 Quot.sound]
AXIOM AUDIT theorem: DefiKernel.Nary.Reachable.attempt_chain; module=DefiKernel.Nary.Trace; axioms=[propext,
 Classical.choice,
 Quot.sound]
AXIOM AUDIT theorem: DefiKernel.Nary.Reachable.attempt_exact; module=DefiKernel.Nary.Trace; axioms=[propext,
 Classical.choice,
 Quot.sound]
AXIOM AUDIT theorem: DefiKernel.Nary.Reachable.attempt_index; module=DefiKernel.Nary.LocalOrder; axioms=[propext,
 Classical.choice,
 Quot.sound]
AXIOM AUDIT theorem: DefiKernel.Nary.Reachable.attempts; module=DefiKernel.Nary.Soundness; axioms=[propext,
 Classical.choice,
 Quot.sound]
AXIOM AUDIT theorem: DefiKernel.Nary.Reachable.authority; module=DefiKernel.Nary.Preservation; axioms=[propext,
 Classical.choice,
 Quot.sound]
AXIOM AUDIT theorem: DefiKernel.Nary.Reachable.before_stores; module=DefiKernel.Nary.Preservation; axioms=[propext,
 Classical.choice,
 Quot.sound]
AXIOM AUDIT theorem: DefiKernel.Nary.Reachable.branch_projection; module=DefiKernel.Nary.Trace; axioms=[propext,
 Classical.choice,
 Quot.sound]
AXIOM AUDIT theorem: DefiKernel.Nary.Reachable.brecOn; module=DefiKernel.Nary.Execution; axioms=[propext,
 Classical.choice,
 Quot.sound]
AXIOM AUDIT theorem: DefiKernel.Nary.Reachable.cell_accounting; module=DefiKernel.Nary.Preservation; axioms=[propext,
 Classical.choice,
 Quot.sound]
AXIOM AUDIT theorem: DefiKernel.Nary.Reachable.congr_simp; module=DefiKernel.Nary.Preservation; axioms=[propext,
 Classical.choice,
 Quot.sound]
AXIOM AUDIT theorem: DefiKernel.Nary.Reachable.event_index_at; module=DefiKernel.Nary.Trace; axioms=[propext,
 Classical.choice,
 Quot.sound]
AXIOM AUDIT theorem: DefiKernel.Nary.Reachable.event_index_seq; module=DefiKernel.Nary.Trace; axioms=[propext,
 Classical.choice,
 Quot.sound]
AXIOM AUDIT theorem: DefiKernel.Nary.Reachable.failure_index; module=DefiKernel.Nary.Trace; axioms=[propext,
 Classical.choice,
 Quot.sound]
AXIOM AUDIT theorem: DefiKernel.Nary.Reachable.frame; module=DefiKernel.Nary.Preservation; axioms=[propext,
 Classical.choice,
 Quot.sound]
AXIOM AUDIT theorem: DefiKernel.Nary.Reachable.initial_store_authority; module=DefiKernel.Nary.Preservation; axioms=[propext,
 Classical.choice,
 Quot.sound]
AXIOM AUDIT theorem: DefiKernel.Nary.Reachable.invariants; module=DefiKernel.Nary.Interference; axioms=[propext,
 Classical.choice,
 Quot.sound]
AXIOM AUDIT theorem: DefiKernel.Nary.Reachable.local_event_index; module=DefiKernel.Nary.Trace; axioms=[propext,
 Classical.choice,
 Quot.sound]
AXIOM AUDIT theorem: DefiKernel.Nary.Reachable.local_history; module=DefiKernel.Nary.Trace; axioms=[propext,
 Classical.choice,
 Quot.sound]
AXIOM AUDIT theorem: DefiKernel.Nary.Reachable.local_order; module=DefiKernel.Nary.Trace; axioms=[propext,
 Classical.choice,
 Quot.sound]
AXIOM AUDIT theorem: DefiKernel.Nary.Reachable.locality; module=DefiKernel.Nary.Preservation; axioms=[propext,
 Classical.choice,
 Quot.sound]
AXIOM AUDIT theorem: DefiKernel.Nary.Reachable.own_history; module=DefiKernel.Nary.Trace; axioms=[propext,
 Classical.choice,
 Quot.sound]
AXIOM AUDIT theorem: DefiKernel.Nary.Reachable.predicate_frame; module=DefiKernel.Nary.Preservation; axioms=[propext,
 Classical.choice,
 Quot.sound]
AXIOM AUDIT theorem: DefiKernel.Nary.Reachable.store; module=DefiKernel.Nary.Execution; axioms=[propext,
 Classical.choice,
 Quot.sound]
AXIOM AUDIT theorem: DefiKernel.Nary.Replay.brecOn; module=DefiKernel.Nary.Causal; axioms=[propext,
 Classical.choice,
 Quot.sound]
AXIOM AUDIT theorem: DefiKernel.Nary.Replay.eq_continueMonitored; module=DefiKernel.Nary.Causal; axioms=[propext,
 Classical.choice,
 Quot.sound]
AXIOM AUDIT theorem: DefiKernel.Nary.Replay.erase; module=DefiKernel.Nary.Causal; axioms=[propext,
 Classical.choice,
 Quot.sound]
AXIOM AUDIT theorem: DefiKernel.Nary.ResultEquivalent.eq_1; module=DefiKernel.Nary.Observation; axioms=[propext,
 Quot.sound]
AXIOM AUDIT theorem: DefiKernel.Nary.ResultEquivalent.eq_2; module=DefiKernel.Nary.Observation; axioms=[propext,
 Quot.sound]
AXIOM AUDIT theorem: DefiKernel.Nary.ResultEquivalent.eq_3; module=DefiKernel.Nary.Observation; axioms=[propext,
 Quot.sound]
AXIOM AUDIT theorem: DefiKernel.Nary.Roster.complete; module=DefiKernel.Nary.Schedule; axioms=[]
AXIOM AUDIT theorem: DefiKernel.Nary.Roster.nodup; module=DefiKernel.Nary.Schedule; axioms=[]
AXIOM AUDIT theorem: DefiKernel.Nary.admit.eq_1; module=DefiKernel.Nary.Schedule; axioms=[propext]
AXIOM AUDIT theorem: DefiKernel.Nary.advance.eq_1; module=DefiKernel.Nary.Execution; axioms=[propext,
 Classical.choice,
 Quot.sound]
AXIOM AUDIT theorem: DefiKernel.Nary.analyzeAll.eq_1; module=DefiKernel.Nary.Schedule; axioms=[propext]
AXIOM AUDIT theorem: DefiKernel.Nary.analyzeAll.eq_2; module=DefiKernel.Nary.Schedule; axioms=[propext]
AXIOM AUDIT theorem: DefiKernel.Nary.analyzeAll.eq_def; module=DefiKernel.Nary.Schedule; axioms=[propext]
AXIOM AUDIT theorem: DefiKernel.Nary.analyzeAll_lookup._simp_1_1; module=DefiKernel.Nary.Preservation; axioms=[propext]
AXIOM AUDIT theorem: DefiKernel.Nary.attemptEq.congr_simp; module=DefiKernel.Nary.Observation; axioms=[propext,
 Classical.choice,
 Quot.sound]
AXIOM AUDIT theorem: DefiKernel.Nary.attemptEq.eq_1; module=DefiKernel.Nary.Observation; axioms=[propext,
 Classical.choice,
 Quot.sound]
AXIOM AUDIT theorem: DefiKernel.Nary.attemptEq_iff._simp_1_2; module=DefiKernel.Nary.Observation; axioms=[propext]
AXIOM AUDIT theorem: DefiKernel.Nary.attemptEq_iff._simp_1_3; module=DefiKernel.Nary.Observation; axioms=[propext,
 Classical.choice,
 Quot.sound]
AXIOM AUDIT theorem: DefiKernel.Nary.attemptEq_iff._simp_1_4; module=DefiKernel.Nary.Observation; axioms=[propext,
 Classical.choice,
 Quot.sound]
AXIOM AUDIT theorem: DefiKernel.Nary.attemptsEq.congr_simp; module=DefiKernel.Nary.Observation; axioms=[propext,
 Classical.choice,
 Quot.sound]
AXIOM AUDIT theorem: DefiKernel.Nary.attemptsEq.eq_1; module=DefiKernel.Nary.Observation; axioms=[propext,
 Classical.choice,
 Quot.sound]
AXIOM AUDIT theorem: DefiKernel.Nary.attemptsEq.eq_2; module=DefiKernel.Nary.Observation; axioms=[propext,
 Classical.choice,
 Quot.sound]
AXIOM AUDIT theorem: DefiKernel.Nary.attemptsEq.eq_3; module=DefiKernel.Nary.Observation; axioms=[propext,
 Classical.choice,
 Quot.sound]
AXIOM AUDIT theorem: DefiKernel.Nary.attemptsEq.eq_def; module=DefiKernel.Nary.Observation; axioms=[propext,
 Classical.choice,
 Quot.sound]
AXIOM AUDIT theorem: DefiKernel.Nary.attemptsEq_iff._simp_1_5; module=DefiKernel.Nary.Observation; axioms=[propext,
 Classical.choice,
 Quot.sound]
AXIOM AUDIT theorem: DefiKernel.Nary.binaryAdvanceAgrees.eq_1; module=DefiKernel.Nary.BinaryCorrespondence; axioms=[propext,
 Classical.choice,
 Quot.sound]
AXIOM AUDIT theorem: DefiKernel.Nary.binaryAdvanceAgrees_true._simp_1_2; module=DefiKernel.Nary.BinaryCorrespondence; axioms=[propext,
 Classical.choice,
 Quot.sound]
AXIOM AUDIT theorem: DefiKernel.Nary.binaryContinueAgrees.eq_1; module=DefiKernel.Nary.BinaryCorrespondence; axioms=[propext,
 Classical.choice,
 Quot.sound]
AXIOM AUDIT theorem: DefiKernel.Nary.binaryContinueAgrees_true._simp_1_2; module=DefiKernel.Nary.BinaryCorrespondence; axioms=[propext,
 Classical.choice,
 Quot.sound]
AXIOM AUDIT theorem: DefiKernel.Nary.binaryLeft.eq_1; module=DefiKernel.Nary.BinaryCorrespondence; axioms=[]
AXIOM AUDIT theorem: DefiKernel.Nary.binaryMachineAgrees.congr_simp; module=DefiKernel.Nary.BinaryCorrespondence; axioms=[propext,
 Classical.choice,
 Quot.sound]
AXIOM AUDIT theorem: DefiKernel.Nary.binaryMachineAgrees.eq_1; module=DefiKernel.Nary.BinaryCorrespondence; axioms=[propext,
 Classical.choice,
 Quot.sound]
AXIOM AUDIT theorem: DefiKernel.Nary.binaryMachineAgrees_iff._simp_1_2; module=DefiKernel.Nary.BinaryCorrespondence; axioms=[propext,
 Classical.choice,
 Quot.sound]
AXIOM AUDIT theorem: DefiKernel.Nary.binaryParticipants._proof_1; module=DefiKernel.Nary.Observation; axioms=[propext,
 Quot.sound]
AXIOM AUDIT theorem: DefiKernel.Nary.binaryParticipants._proof_2; module=DefiKernel.Nary.Observation; axioms=[]
AXIOM AUDIT theorem: DefiKernel.Nary.binaryParticipants.eq_1; module=DefiKernel.Nary.BinaryCorrespondence; axioms=[propext,
 Quot.sound]
AXIOM AUDIT theorem: DefiKernel.Nary.binaryPrefixAgrees.eq_1; module=DefiKernel.Nary.BinaryCorrespondence; axioms=[propext,
 Classical.choice,
 Quot.sound]
AXIOM AUDIT theorem: DefiKernel.Nary.binaryPrefixAgrees_true._simp_1_2; module=DefiKernel.Nary.BinaryCorrespondence; axioms=[propext,
 Classical.choice,
 Quot.sound]
AXIOM AUDIT theorem: DefiKernel.Nary.binaryResultAgrees.eq_1; module=DefiKernel.Nary.BinaryCorrespondence; axioms=[propext,
 Classical.choice,
 Quot.sound]
AXIOM AUDIT theorem: DefiKernel.Nary.binaryRight.eq_1; module=DefiKernel.Nary.BinaryCorrespondence; axioms=[]
AXIOM AUDIT theorem: DefiKernel.Nary.binaryRunAgrees.eq_1; module=DefiKernel.Nary.BinaryCorrespondence; axioms=[propext,
 Classical.choice,
 Quot.sound]
AXIOM AUDIT theorem: DefiKernel.Nary.binaryRunAgrees_true._simp_1_3; module=DefiKernel.Nary.BinaryCorrespondence; axioms=[propext,
 Classical.choice,
 Quot.sound]
AXIOM AUDIT theorem: DefiKernel.Nary.checkCountsFrom.eq_1; module=DefiKernel.Nary.Schedule; axioms=[]
AXIOM AUDIT theorem: DefiKernel.Nary.checkCountsFrom.eq_2; module=DefiKernel.Nary.Schedule; axioms=[]
AXIOM AUDIT theorem: DefiKernel.Nary.checkCountsFrom.eq_def; module=DefiKernel.Nary.Schedule; axioms=[]
AXIOM AUDIT theorem: DefiKernel.Nary.checkSchedule.eq_1; module=DefiKernel.Nary.Schedule; axioms=[]
AXIOM AUDIT theorem: DefiKernel.Nary.checkSchedule_ok_binary._simp_1_2; module=DefiKernel.Nary.BinaryCorrespondence; axioms=[propext,
 Classical.choice,
 Quot.sound]
AXIOM AUDIT theorem: DefiKernel.Nary.checkSchedule_ok_binary._simp_1_3; module=DefiKernel.Nary.BinaryCorrespondence; axioms=[propext,
 Quot.sound]
AXIOM AUDIT theorem: DefiKernel.Nary.checkSchedule_ok_iff._simp_1_2; module=DefiKernel.Nary.Schedule; axioms=[propext,
 Quot.sound]
AXIOM AUDIT theorem: DefiKernel.Nary.continueRun.eq_1; module=DefiKernel.Nary.Execution; axioms=[propext,
 Classical.choice,
 Quot.sound]
AXIOM AUDIT theorem: DefiKernel.Nary.eventEq.congr_simp; module=DefiKernel.Nary.Observation; axioms=[propext,
 Classical.choice,
 Quot.sound]
AXIOM AUDIT theorem: DefiKernel.Nary.eventEq.eq_1; module=DefiKernel.Nary.Observation; axioms=[propext,
 Classical.choice,
 Quot.sound]
AXIOM AUDIT theorem: DefiKernel.Nary.eventEq_iff._simp_1_2; module=DefiKernel.Nary.Observation; axioms=[propext]
AXIOM AUDIT theorem: DefiKernel.Nary.eventEq_iff._simp_1_3; module=DefiKernel.Nary.Observation; axioms=[propext,
 Classical.choice,
 Quot.sound]
AXIOM AUDIT theorem: DefiKernel.Nary.eventEq_iff._simp_1_4; module=DefiKernel.Nary.Observation; axioms=[propext,
 Classical.choice,
 Quot.sound]
AXIOM AUDIT theorem: DefiKernel.Nary.eventsEq.congr_simp; module=DefiKernel.Nary.Observation; axioms=[propext,
 Classical.choice,
 Quot.sound]
AXIOM AUDIT theorem: DefiKernel.Nary.eventsEq.eq_1; module=DefiKernel.Nary.Observation; axioms=[propext,
 Classical.choice,
 Quot.sound]
AXIOM AUDIT theorem: DefiKernel.Nary.eventsEq.eq_2; module=DefiKernel.Nary.Observation; axioms=[propext,
 Classical.choice,
 Quot.sound]
AXIOM AUDIT theorem: DefiKernel.Nary.eventsEq.eq_3; module=DefiKernel.Nary.Observation; axioms=[propext,
 Classical.choice,
 Quot.sound]
AXIOM AUDIT theorem: DefiKernel.Nary.eventsEq.eq_def; module=DefiKernel.Nary.Observation; axioms=[propext,
 Classical.choice,
 Quot.sound]
AXIOM AUDIT theorem: DefiKernel.Nary.eventsEq_iff._simp_1_5; module=DefiKernel.Nary.Observation; axioms=[propext,
 Classical.choice,
 Quot.sound]
AXIOM AUDIT theorem: DefiKernel.Nary.existingBinaryAdvance.eq_1; module=DefiKernel.Nary.BinaryCorrespondence; axioms=[propext,
 Classical.choice,
 Quot.sound]
AXIOM AUDIT theorem: DefiKernel.Nary.existingBinaryContinue.eq_1; module=DefiKernel.Nary.BinaryCorrespondence; axioms=[propext,
 Classical.choice,
 Quot.sound]
AXIOM AUDIT theorem: DefiKernel.Nary.existingBinaryPrefix.eq_1; module=DefiKernel.Nary.BinaryCorrespondence; axioms=[propext,
 Classical.choice,
 Quot.sound]
AXIOM AUDIT theorem: DefiKernel.Nary.failedAttempt.eq_1; module=DefiKernel.Nary.Execution; axioms=[propext, Quot.sound]
AXIOM AUDIT theorem: DefiKernel.Nary.interleavingAttemptEq.congr_simp; module=DefiKernel.Nary.BinaryCorrespondence; axioms=[propext,
 Classical.choice,
 Quot.sound]
AXIOM AUDIT theorem: DefiKernel.Nary.interleavingAttemptEq.eq_1; module=DefiKernel.Nary.BinaryCorrespondence; axioms=[propext,
 Classical.choice,
 Quot.sound]
AXIOM AUDIT theorem: DefiKernel.Nary.interleavingAttemptEq_iff._simp_1_2; module=DefiKernel.Nary.BinaryCorrespondence; axioms=[propext,
 Classical.choice,
 Quot.sound]
AXIOM AUDIT theorem: DefiKernel.Nary.interleavingAttemptsEq.congr_simp; module=DefiKernel.Nary.BinaryCorrespondence; axioms=[propext,
 Classical.choice,
 Quot.sound]
AXIOM AUDIT theorem: DefiKernel.Nary.interleavingAttemptsEq.eq_1; module=DefiKernel.Nary.BinaryCorrespondence; axioms=[propext,
 Classical.choice,
 Quot.sound]
AXIOM AUDIT theorem: DefiKernel.Nary.interleavingAttemptsEq.eq_2; module=DefiKernel.Nary.BinaryCorrespondence; axioms=[propext,
 Classical.choice,
 Quot.sound]
AXIOM AUDIT theorem: DefiKernel.Nary.interleavingAttemptsEq.eq_3; module=DefiKernel.Nary.BinaryCorrespondence; axioms=[propext,
 Classical.choice,
 Quot.sound]
AXIOM AUDIT theorem: DefiKernel.Nary.interleavingAttemptsEq.eq_def; module=DefiKernel.Nary.BinaryCorrespondence; axioms=[propext,
 Classical.choice,
 Quot.sound]
AXIOM AUDIT theorem: DefiKernel.Nary.interleavingAttemptsEq_iff._simp_1_5; module=DefiKernel.Nary.BinaryCorrespondence; axioms=[propext,
 Classical.choice,
 Quot.sound]
AXIOM AUDIT theorem: DefiKernel.Nary.interleavingMachineEq.congr_simp; module=DefiKernel.Nary.BinaryCorrespondence; axioms=[propext,
 Classical.choice,
 Quot.sound]
AXIOM AUDIT theorem: DefiKernel.Nary.interleavingMachineEq.eq_1; module=DefiKernel.Nary.BinaryCorrespondence; axioms=[propext,
 Classical.choice,
 Quot.sound]
AXIOM AUDIT theorem: DefiKernel.Nary.interleavingMachineEq_iff._simp_1_2; module=DefiKernel.Nary.BinaryCorrespondence; axioms=[propext,
 Classical.choice,
 Quot.sound]
AXIOM AUDIT theorem: DefiKernel.Nary.interleavingMachineEq_iff._simp_1_3; module=DefiKernel.Nary.BinaryCorrespondence; axioms=[propext,
 Classical.choice,
 Quot.sound]
AXIOM AUDIT theorem: DefiKernel.Nary.interleavingMachineEq_iff._simp_1_4; module=DefiKernel.Nary.BinaryCorrespondence; axioms=[propext,
 Classical.choice,
 Quot.sound]
AXIOM AUDIT theorem: DefiKernel.Nary.interleavingMachineEq_iff._simp_1_5; module=DefiKernel.Nary.BinaryCorrespondence; axioms=[propext]
AXIOM AUDIT theorem: DefiKernel.Nary.interleavingResultEq.congr_simp; module=DefiKernel.Nary.BinaryCorrespondence; axioms=[propext,
 Classical.choice,
 Quot.sound]
AXIOM AUDIT theorem: DefiKernel.Nary.interleavingResultEq.eq_1; module=DefiKernel.Nary.BinaryCorrespondence; axioms=[propext,
 Classical.choice,
 Quot.sound]
AXIOM AUDIT theorem: DefiKernel.Nary.interleavingResultEq.eq_2; module=DefiKernel.Nary.BinaryCorrespondence; axioms=[propext,
 Classical.choice,
 Quot.sound]
AXIOM AUDIT theorem: DefiKernel.Nary.interleavingResultEq.eq_3; module=DefiKernel.Nary.BinaryCorrespondence; axioms=[propext,
 Classical.choice,
 Quot.sound]
AXIOM AUDIT theorem: DefiKernel.Nary.interleavingResultEq_iff._simp_1_6; module=DefiKernel.Nary.BinaryCorrespondence; axioms=[propext,
 Classical.choice,
 Quot.sound]
AXIOM AUDIT theorem: DefiKernel.Nary.interleavingResultEq_iff._simp_1_7; module=DefiKernel.Nary.BinaryCorrespondence; axioms=[propext]
AXIOM AUDIT theorem: DefiKernel.Nary.interleavingResultEq_iff._simp_1_8; module=DefiKernel.Nary.BinaryCorrespondence; axioms=[propext,
 Classical.choice,
 Quot.sound]
AXIOM AUDIT theorem: DefiKernel.Nary.localEq.congr_simp; module=DefiKernel.Nary.Observation; axioms=[propext,
 Classical.choice,
 Quot.sound]
AXIOM AUDIT theorem: DefiKernel.Nary.localEq.eq_1; module=DefiKernel.Nary.Observation; axioms=[propext,
 Classical.choice,
 Quot.sound]
AXIOM AUDIT theorem: DefiKernel.Nary.localEq_iff._simp_1_2; module=DefiKernel.Nary.Observation; axioms=[propext,
 Classical.choice,
 Quot.sound]
AXIOM AUDIT theorem: DefiKernel.Nary.localsEq.congr_simp; module=DefiKernel.Nary.Observation; axioms=[propext,
 Classical.choice,
 Quot.sound]
AXIOM AUDIT theorem: DefiKernel.Nary.localsEq.eq_1; module=DefiKernel.Nary.Observation; axioms=[propext,
 Classical.choice,
 Quot.sound]
AXIOM AUDIT theorem: DefiKernel.Nary.localsEq.eq_2; module=DefiKernel.Nary.Observation; axioms=[propext,
 Classical.choice,
 Quot.sound]
AXIOM AUDIT theorem: DefiKernel.Nary.localsEq.eq_def; module=DefiKernel.Nary.Observation; axioms=[propext,
 Classical.choice,
 Quot.sound]
AXIOM AUDIT theorem: DefiKernel.Nary.localsEq_iff._simp_1_4; module=DefiKernel.Nary.Observation; axioms=[propext,
 Classical.choice,
 Quot.sound]
AXIOM AUDIT theorem: DefiKernel.Nary.machineEq.congr_simp; module=DefiKernel.Nary.Observation; axioms=[propext,
 Classical.choice,
 Quot.sound]
AXIOM AUDIT theorem: DefiKernel.Nary.machineEq.eq_1; module=DefiKernel.Nary.Observation; axioms=[propext,
 Classical.choice,
 Quot.sound]
AXIOM AUDIT theorem: DefiKernel.Nary.machineEq_iff._simp_1_5; module=DefiKernel.Nary.Observation; axioms=[propext,
 Classical.choice,
 Quot.sound]
AXIOM AUDIT theorem: DefiKernel.Nary.machineEq_iff._simp_1_6; module=DefiKernel.Nary.Observation; axioms=[propext,
 Classical.choice,
 Quot.sound]
AXIOM AUDIT theorem: DefiKernel.Nary.machineEq_iff._simp_1_7; module=DefiKernel.Nary.Observation; axioms=[propext,
 Classical.choice,
 Quot.sound]
AXIOM AUDIT theorem: DefiKernel.Nary.monitorPayload.eq_1; module=DefiKernel.Nary.Causal; axioms=[propext, Quot.sound]
AXIOM AUDIT theorem: DefiKernel.Nary.ofBinaryAttempt.eq_1; module=DefiKernel.Nary.BinaryCorrespondence; axioms=[propext,
 Quot.sound]
AXIOM AUDIT theorem: DefiKernel.Nary.ofBinaryAttempts.eq_1; module=DefiKernel.Nary.BinaryCorrespondence; axioms=[propext,
 Quot.sound]
AXIOM AUDIT theorem: DefiKernel.Nary.ofBinaryLocals.eq_1; module=DefiKernel.Nary.BinaryCorrespondence; axioms=[propext,
 Quot.sound]
AXIOM AUDIT theorem: DefiKernel.Nary.ofBinaryLocals.eq_2; module=DefiKernel.Nary.BinaryCorrespondence; axioms=[propext,
 Quot.sound]
AXIOM AUDIT theorem: DefiKernel.Nary.ofBinaryMachine.eq_1; module=DefiKernel.Nary.BinaryCorrespondence; axioms=[propext,
 Quot.sound]
AXIOM AUDIT theorem: DefiKernel.Nary.outcomeEq.congr_simp; module=DefiKernel.Nary.Observation; axioms=[propext,
 Classical.choice,
 Quot.sound]
AXIOM AUDIT theorem: DefiKernel.Nary.outcomeEq.eq_1; module=DefiKernel.Nary.Observation; axioms=[propext,
 Classical.choice,
 Quot.sound]
AXIOM AUDIT theorem: DefiKernel.Nary.outcomeEq.eq_2; module=DefiKernel.Nary.Observation; axioms=[propext,
 Classical.choice,
 Quot.sound]
AXIOM AUDIT theorem: DefiKernel.Nary.outcomeEq.eq_3; module=DefiKernel.Nary.Observation; axioms=[propext,
 Classical.choice,
 Quot.sound]
AXIOM AUDIT theorem: DefiKernel.Nary.outcomeEq_iff._simp_1_6; module=DefiKernel.Nary.Observation; axioms=[propext,
 Classical.choice,
 Quot.sound]
AXIOM AUDIT theorem: DefiKernel.Nary.ownHistory.congr_simp; module=DefiKernel.Nary.Trace; axioms=[propext, Quot.sound]
AXIOM AUDIT theorem: DefiKernel.Nary.projectAdmissionFailure.eq_1; module=DefiKernel.Nary.BinaryCorrespondence; axioms=[]
AXIOM AUDIT theorem: DefiKernel.Nary.projectAdmissionFailure.eq_2; module=DefiKernel.Nary.BinaryCorrespondence; axioms=[]
AXIOM AUDIT theorem: DefiKernel.Nary.projectAdmissionFailure.eq_3; module=DefiKernel.Nary.BinaryCorrespondence; axioms=[]
AXIOM AUDIT theorem: DefiKernel.Nary.projectAdmitSuccess.eq_1; module=DefiKernel.Nary.BinaryCorrespondence; axioms=[propext]
AXIOM AUDIT theorem: DefiKernel.Nary.projectAdmitSuccess.eq_2; module=DefiKernel.Nary.BinaryCorrespondence; axioms=[propext]
AXIOM AUDIT theorem: DefiKernel.Nary.resultEq.congr_simp; module=DefiKernel.Nary.Observation; axioms=[propext,
 Classical.choice,
 Quot.sound]
AXIOM AUDIT theorem: DefiKernel.Nary.resultEq.eq_1; module=DefiKernel.Nary.Observation; axioms=[propext,
 Classical.choice,
 Quot.sound]
AXIOM AUDIT theorem: DefiKernel.Nary.resultEq.eq_2; module=DefiKernel.Nary.Observation; axioms=[propext,
 Classical.choice,
 Quot.sound]
AXIOM AUDIT theorem: DefiKernel.Nary.resultEq.eq_3; module=DefiKernel.Nary.Observation; axioms=[propext,
 Classical.choice,
 Quot.sound]
AXIOM AUDIT theorem: DefiKernel.Nary.resultEq_iff._simp_1_6; module=DefiKernel.Nary.Observation; axioms=[propext,
 Classical.choice,
 Quot.sound]
AXIOM AUDIT theorem: DefiKernel.Nary.resultEq_iff._simp_1_7; module=DefiKernel.Nary.Observation; axioms=[propext]
AXIOM AUDIT theorem: DefiKernel.Nary.resultEq_iff._simp_1_9; module=DefiKernel.Nary.Observation; axioms=[propext,
 Classical.choice,
 Quot.sound]
AXIOM AUDIT theorem: DefiKernel.Nary.runNary.eq_1; module=DefiKernel.Nary.Execution; axioms=[propext,
 Classical.choice,
 Quot.sound]
AXIOM AUDIT theorem: DefiKernel.Nary.runPrefix.eq_1; module=DefiKernel.Nary.Execution; axioms=[propext,
 Classical.choice,
 Quot.sound]
AXIOM AUDIT theorem: DefiKernel.Nary.start.eq_1; module=DefiKernel.Nary.Execution; axioms=[propext, Quot.sound]
AXIOM AUDIT theorem: DefiKernel.Nary.stepResultEq.congr_simp; module=DefiKernel.Nary.Observation; axioms=[propext,
 Classical.choice,
 Quot.sound]
AXIOM AUDIT theorem: DefiKernel.Nary.stepResultEq.eq_1; module=DefiKernel.Nary.Observation; axioms=[propext,
 Classical.choice,
 Quot.sound]
AXIOM AUDIT theorem: DefiKernel.Nary.stepResultEq_iff._simp_1_2; module=DefiKernel.Nary.Observation; axioms=[propext]
AXIOM AUDIT theorem: DefiKernel.Nary.stepResultEq_iff._simp_1_3; module=DefiKernel.Nary.Observation; axioms=[propext,
 Classical.choice,
 Quot.sound]
AXIOM AUDIT theorem: DefiKernel.Nary.successfulEvent.congr_simp; module=DefiKernel.Nary.Trace; axioms=[propext,
 Quot.sound]
AXIOM AUDIT theorem: DefiKernel.Nary.successfulEvent.eq_1; module=DefiKernel.Nary.Trace; axioms=[propext, Quot.sound]
AXIOM AUDIT theorem: DefiKernel.Nary.sum_count_cons._simp_1_1; module=DefiKernel.Nary.Schedule; axioms=[propext]
AXIOM AUDIT theorem: DefiKernel.Nary.toBinaryAttempt.eq_1; module=DefiKernel.Nary.BinaryCorrespondence; axioms=[propext,
 Quot.sound]
AXIOM AUDIT theorem: DefiKernel.Nary.toBinaryAttempts.eq_1; module=DefiKernel.Nary.BinaryCorrespondence; axioms=[propext,
 Quot.sound]
AXIOM AUDIT theorem: DefiKernel.Nary.toBinaryBoundaries.eq_1; module=DefiKernel.Nary.BinaryCorrespondence; axioms=[]
AXIOM AUDIT theorem: DefiKernel.Nary.toBinaryMachine.eq_1; module=DefiKernel.Nary.BinaryCorrespondence; axioms=[propext,
 Quot.sound]
AXIOM AUDIT theorem: DefiKernel.Nary.toBinaryResult.eq_1; module=DefiKernel.Nary.BinaryCorrespondence; axioms=[propext,
 Quot.sound]
AXIOM AUDIT theorem: DefiKernel.Nary.toBinaryResult.eq_2; module=DefiKernel.Nary.BinaryCorrespondence; axioms=[propext,
 Quot.sound]
AXIOM AUDIT theorem: DefiKernel.Parallel.worldEq.congr_simp; module=DefiKernel.Nary.Observation; axioms=[propext,
 Classical.choice,
 Quot.sound]
AXIOM AUDIT theorem: DefiKernel.Typed.numericRat.eq_1; module=DefiKernel.Nary.FundedEnabledness; axioms=[]
AXIOM AUDIT theorem: DefiKernel.Typed.numericRat.eq_2; module=DefiKernel.Nary.FundedEnabledness; axioms=[]
AXIOM AUDIT theorem: DefiKernel.Typed.numericRat.eq_3; module=DefiKernel.Nary.FundedEnabledness; axioms=[]
AXIOM AUDIT theorem: DefiKernel.Typed.numericValue.eq_1; module=DefiKernel.Nary.FundedEnabledness; axioms=[]
AXIOM AUDIT theorem: DefiKernel.Typed.numericValue.eq_2; module=DefiKernel.Nary.FundedEnabledness; axioms=[]
AXIOM AUDIT theorem: DefiKernel.Typed.numericValue.eq_3; module=DefiKernel.Nary.FundedEnabledness; axioms=[]
AXIOM AUDIT theorem: _private.DefiKernel.Nary.BinaryCorrespondence.0.Except.map.match_1.eq_1; module=DefiKernel.Nary.BinaryCorrespondence; axioms=[]
AXIOM AUDIT theorem: _private.DefiKernel.Nary.BinaryCorrespondence.0.Except.map.match_1.eq_2; module=DefiKernel.Nary.BinaryCorrespondence; axioms=[]
AXIOM AUDIT theorem: _private.DefiKernel.Nary.FundedCausal.0.Except.map.match_1.eq_1; module=DefiKernel.Nary.FundedCausal; axioms=[]
AXIOM AUDIT theorem: _private.DefiKernel.Nary.FundedCausal.0.Except.map.match_1.eq_2; module=DefiKernel.Nary.FundedCausal; axioms=[]
AXIOM AUDIT theorem: _private.DefiKernel.Nary.FundedCompanions.0.Except.map.match_1.eq_1; module=DefiKernel.Nary.FundedCompanions; axioms=[]
AXIOM AUDIT theorem: _private.DefiKernel.Nary.FundedCompanions.0.Except.map.match_1.eq_2; module=DefiKernel.Nary.FundedCompanions; axioms=[]
AXIOM AUDIT theorem: _private.DefiKernel.Nary.FundedCompanions.0.Except.toBool.match_1.eq_1; module=DefiKernel.Nary.FundedCompanions; axioms=[]
AXIOM AUDIT theorem: _private.DefiKernel.Nary.FundedCompanions.0.Except.toBool.match_1.eq_2; module=DefiKernel.Nary.FundedCompanions; axioms=[]
AXIOM AUDIT theorem: _private.DefiKernel.Nary.FundedEnabledness.0.Except.map.match_1.eq_1; module=DefiKernel.Nary.FundedEnabledness; axioms=[]
AXIOM AUDIT theorem: _private.DefiKernel.Nary.FundedEnabledness.0.Except.map.match_1.eq_2; module=DefiKernel.Nary.FundedEnabledness; axioms=[]
AXIOM AUDIT theorem: _private.DefiKernel.Nary.InterfaceInstances.0.Except.toBool.match_1.eq_1; module=DefiKernel.Nary.InterfaceInstances; axioms=[]
AXIOM AUDIT theorem: _private.DefiKernel.Nary.InterfaceInstances.0.Except.toBool.match_1.eq_2; module=DefiKernel.Nary.InterfaceInstances; axioms=[]
AXIOM AUDIT theorem: _private.DefiKernel.Nary.Schedule.0.Except.map.match_1.eq_1; module=DefiKernel.Nary.Schedule; axioms=[]
AXIOM AUDIT theorem: _private.DefiKernel.Nary.Schedule.0.Except.map.match_1.eq_2; module=DefiKernel.Nary.Schedule; axioms=[]
AXIOM AUDIT theorem: DefiKernel.Interface.Examples.alice.eq_1; module=DefiKernel.Nary.InterfaceInstances; axioms=[]
AXIOM AUDIT theorem: DefiKernel.Interface.Examples.bob.eq_1; module=DefiKernel.Nary.InterfaceInstances; axioms=[]
AXIOM AUDIT theorem: DefiKernel.Interface.Examples.carol.eq_1; module=DefiKernel.Nary.InterfaceInstances; axioms=[]
AXIOM AUDIT theorem: DefiKernel.Interface.Examples.evaluated.eq_1; module=DefiKernel.Nary.InterfaceInstances; axioms=[]
AXIOM AUDIT theorem: DefiKernel.Interface.Examples.expected102.eq_1; module=DefiKernel.Nary.InterfaceInstances; axioms=[propext,
 Classical.choice,
 Quot.sound]
AXIOM AUDIT theorem: DefiKernel.Interface.Examples.expected103.eq_1; module=DefiKernel.Nary.InterfaceInstances; axioms=[propext,
 Classical.choice,
 Quot.sound]
AXIOM AUDIT theorem: DefiKernel.Interface.Examples.receipt102.eq_1; module=DefiKernel.Nary.InterfaceInstances; axioms=[propext,
 Quot.sound]
AXIOM AUDIT theorem: DefiKernel.Interface.Region.WellFormed.eq_1; module=DefiKernel.Nary.InterfaceInstances; axioms=[propext,
 Classical.choice,
 Quot.sound]
AXIOM AUDIT theorem: DefiKernel.Interleaving.Machine.accept.eq_1; module=DefiKernel.Nary.BinaryCorrespondence; axioms=[propext,
 Quot.sound]
AXIOM AUDIT theorem: DefiKernel.Interleaving.Machine.refuse.eq_1; module=DefiKernel.Nary.BinaryCorrespondence; axioms=[propext,
 Quot.sound]
AXIOM AUDIT theorem: DefiKernel.Interleaving.Machine.setLocal.eq_1; module=DefiKernel.Nary.BinaryCorrespondence; axioms=[propext,
 Quot.sound]
AXIOM AUDIT theorem: DefiKernel.Interleaving.Machine.setLocal.eq_2; module=DefiKernel.Nary.BinaryCorrespondence; axioms=[propext,
 Quot.sound]
AXIOM AUDIT theorem: DefiKernel.Interleaving.Machine.skip.eq_1; module=DefiKernel.Nary.BinaryCorrespondence; axioms=[propext,
 Quot.sound]
AXIOM AUDIT theorem: DefiKernel.Nary.AdmissionFailure.configuration.sizeOf_spec; module=DefiKernel.Nary.Schedule; axioms=[]
AXIOM AUDIT theorem: DefiKernel.Nary.AdmissionFailure.schedule.inj; module=DefiKernel.Nary.Schedule; axioms=[]
AXIOM AUDIT theorem: DefiKernel.Nary.AdmissionFailure.schedule.injEq; module=DefiKernel.Nary.Schedule; axioms=[propext]
AXIOM AUDIT theorem: DefiKernel.Nary.AdmissionFailure.schedule.sizeOf_spec; module=DefiKernel.Nary.Schedule; axioms=[]
AXIOM AUDIT theorem: DefiKernel.Nary.AdmissionFailure.structural.inj; module=DefiKernel.Nary.Schedule; axioms=[]
AXIOM AUDIT theorem: DefiKernel.Nary.AdmissionFailure.structural.injEq; module=DefiKernel.Nary.Schedule; axioms=[propext]
AXIOM AUDIT theorem: DefiKernel.Nary.AdmissionFailure.structural.sizeOf_spec; module=DefiKernel.Nary.Schedule; axioms=[]
AXIOM AUDIT theorem: DefiKernel.Nary.AdvanceSound.attempts._simp_1_1; module=DefiKernel.Nary.Soundness; axioms=[propext]
AXIOM AUDIT theorem: DefiKernel.Nary.AdvanceSound.attempts._simp_1_2; module=DefiKernel.Nary.Soundness; axioms=[propext]
AXIOM AUDIT theorem: DefiKernel.Nary.AdvanceSound.before_stores._simp_1_1; module=DefiKernel.Nary.Preservation; axioms=[propext]
AXIOM AUDIT theorem: DefiKernel.Nary.AdvanceSound.before_stores._simp_1_2; module=DefiKernel.Nary.Preservation; axioms=[propext]
AXIOM AUDIT theorem: DefiKernel.Nary.AdvanceSound.locality._simp_1_4; module=DefiKernel.Nary.Preservation; axioms=[propext]
AXIOM AUDIT theorem: DefiKernel.Nary.AdvanceSound.locality._simp_1_5; module=DefiKernel.Nary.Preservation; axioms=[propext]
AXIOM AUDIT theorem: DefiKernel.Nary.Attempt.cellEffect.congr_simp; module=DefiKernel.Nary.Preservation; axioms=[propext,
 Classical.choice,
 Quot.sound]
AXIOM AUDIT theorem: DefiKernel.Nary.Attempt.cellEffect.eq_1; module=DefiKernel.Nary.Preservation; axioms=[propext,
 Classical.choice,
 Quot.sound]
AXIOM AUDIT theorem: DefiKernel.Nary.Attempt.mk.inj; module=DefiKernel.Nary.Execution; axioms=[propext, Quot.sound]
AXIOM AUDIT theorem: DefiKernel.Nary.Attempt.mk.injEq; module=DefiKernel.Nary.Execution; axioms=[propext, Quot.sound]
AXIOM AUDIT theorem: DefiKernel.Nary.Attempt.mk.sizeOf_spec; module=DefiKernel.Nary.Execution; axioms=[propext,
 Quot.sound]
AXIOM AUDIT theorem: DefiKernel.Nary.Attempt.supply.congr_simp; module=DefiKernel.Nary.Preservation; axioms=[propext,
 Classical.choice,
 Quot.sound]
AXIOM AUDIT theorem: DefiKernel.Nary.Attempt.supply.eq_1; module=DefiKernel.Nary.Preservation; axioms=[propext,
 Classical.choice,
 Quot.sound]
AXIOM AUDIT theorem: DefiKernel.Nary.Attempt.writes.eq_1; module=DefiKernel.Nary.Preservation; axioms=[propext,
 Quot.sound]
AXIOM AUDIT theorem: DefiKernel.Nary.Examples.Asset.ofNat_ctorIdx; module=DefiKernel.Nary.Examples; axioms=[]
AXIOM AUDIT theorem: DefiKernel.Nary.Examples.Domain.ofNat_ctorIdx; module=DefiKernel.Nary.Examples; axioms=[]
AXIOM AUDIT theorem: DefiKernel.Nary.Examples.EvidenceClass.ofNat_ctorIdx; module=DefiKernel.Nary.Examples; axioms=[]
AXIOM AUDIT theorem: DefiKernel.Nary.Examples.Party.ofNat_ctorIdx; module=DefiKernel.Nary.Examples; axioms=[]
AXIOM AUDIT theorem: DefiKernel.Nary.Examples.ReservePhase.ofNat_ctorIdx; module=DefiKernel.Nary.Examples; axioms=[]
AXIOM AUDIT theorem: DefiKernel.Nary.Examples.andBool.eq_1; module=DefiKernel.Nary.FundedEnabledness; axioms=[]
AXIOM AUDIT theorem: DefiKernel.Nary.Examples.binaryRoster._proof_1; module=DefiKernel.Nary.Examples; axioms=[]
AXIOM AUDIT theorem: DefiKernel.Nary.Examples.binaryRoster._proof_2; module=DefiKernel.Nary.Examples; axioms=[propext]
AXIOM AUDIT theorem: DefiKernel.Nary.Examples.budgetOut.eq_1; module=DefiKernel.Nary.FundedEnabledness; axioms=[propext,
 Quot.sound]
AXIOM AUDIT theorem: DefiKernel.Nary.Examples.cellRef.eq_1; module=DefiKernel.Nary.FundedEnabledness; axioms=[]
AXIOM AUDIT theorem: DefiKernel.Nary.Examples.constTransfer.eq_1; module=DefiKernel.Nary.FundedEnabledness; axioms=[]
AXIOM AUDIT theorem: DefiKernel.Nary.Examples.consumerTransfer.eq_1; module=DefiKernel.Nary.FundedEnabledness; axioms=[propext,
 Quot.sound]
AXIOM AUDIT theorem: DefiKernel.Nary.Examples.donor1C.eq_1; module=DefiKernel.Nary.FundedEnabledness; axioms=[]
AXIOM AUDIT theorem: DefiKernel.Nary.Examples.donor2C.eq_1; module=DefiKernel.Nary.FundedEnabledness; axioms=[]
AXIOM AUDIT theorem: DefiKernel.Nary.Examples.emptyLocal.eq_1; module=DefiKernel.Nary.FundedCompanions; axioms=[propext,
 Quot.sound]
AXIOM AUDIT theorem: DefiKernel.Nary.Examples.ev.eq_1; module=DefiKernel.Nary.InterfaceInstances; axioms=[propext,
 Quot.sound]
AXIOM AUDIT theorem: DefiKernel.Nary.Examples.evaluated.eq_1; module=DefiKernel.Nary.FundedEnabledness; axioms=[]
AXIOM AUDIT theorem: DefiKernel.Nary.Examples.f10Bounds.eq_1; module=DefiKernel.Nary.FundedCausal; axioms=[propext]
AXIOM AUDIT theorem: DefiKernel.Nary.Examples.f10Branches.eq_1; module=DefiKernel.Nary.FundedCausal; axioms=[propext]
AXIOM AUDIT theorem: DefiKernel.Nary.Examples.f10Initial.eq_1; module=DefiKernel.Nary.FundedCompanions; axioms=[propext,
 Classical.choice,
 Quot.sound]
AXIOM AUDIT theorem: DefiKernel.Nary.Examples.f10Schedules.eq_1; module=DefiKernel.Nary.FundedCausal; axioms=[propext]
AXIOM AUDIT theorem: DefiKernel.Nary.Examples.f11Bounds.eq_1; module=DefiKernel.Nary.InterfaceInstances; axioms=[]
AXIOM AUDIT theorem: DefiKernel.Nary.Examples.f11Branches.eq_1; module=DefiKernel.Nary.InterfaceInstances; axioms=[propext]
AXIOM AUDIT theorem: DefiKernel.Nary.Examples.f11Expected.eq_1; module=DefiKernel.Nary.InterfaceInstances; axioms=[propext,
 Classical.choice,
 Quot.sound]
AXIOM AUDIT theorem: DefiKernel.Nary.Examples.f12AfterCons.eq_1; module=DefiKernel.Nary.FundedCausal; axioms=[propext,
 Classical.choice,
 Quot.sound]
AXIOM AUDIT theorem: DefiKernel.Nary.Examples.f12Bounds.eq_1; module=DefiKernel.Nary.FundedCompanions; axioms=[propext]
AXIOM AUDIT theorem: DefiKernel.Nary.Examples.f12Branches.eq_1; module=DefiKernel.Nary.FundedCompanions; axioms=[propext]
AXIOM AUDIT theorem: DefiKernel.Nary.Examples.f12Expected.eq_1; module=DefiKernel.Nary.FundedCausal; axioms=[propext,
 Classical.choice,
 Quot.sound]
AXIOM AUDIT theorem: DefiKernel.Nary.Examples.f12Schedule.eq_1; module=DefiKernel.Nary.FundedCompanions; axioms=[propext]
AXIOM AUDIT theorem: DefiKernel.Nary.Examples.f13Bounds.eq_1; module=DefiKernel.Nary.InterfaceInstances; axioms=[]
AXIOM AUDIT theorem: DefiKernel.Nary.Examples.f13Branches.eq_1; module=DefiKernel.Nary.InterfaceInstances; axioms=[propext]
AXIOM AUDIT theorem: DefiKernel.Nary.Examples.f13Expected.eq_1; module=DefiKernel.Nary.InterfaceInstances; axioms=[propext,
 Classical.choice,
 Quot.sound]
AXIOM AUDIT theorem: DefiKernel.Nary.Examples.f14Bounds.eq_1; module=DefiKernel.Nary.InterfaceInstances; axioms=[]
AXIOM AUDIT theorem: DefiKernel.Nary.Examples.f14Expected.eq_1; module=DefiKernel.Nary.InterfaceInstances; axioms=[propext,
 Classical.choice,
 Quot.sound]
AXIOM AUDIT theorem: DefiKernel.Nary.Examples.f16AfterPeer.eq_1; module=DefiKernel.Nary.FundedCompanions; axioms=[propext,
 Classical.choice,
 Quot.sound]
AXIOM AUDIT theorem: DefiKernel.Nary.Examples.f16Bounds.eq_1; module=DefiKernel.Nary.FundedCompanions; axioms=[propext]
AXIOM AUDIT theorem: DefiKernel.Nary.Examples.f16Branches.eq_1; module=DefiKernel.Nary.FundedCompanions; axioms=[propext]
AXIOM AUDIT theorem: DefiKernel.Nary.Examples.f16Expected.eq_1; module=DefiKernel.Nary.FundedCompanions; axioms=[propext,
 Classical.choice,
 Quot.sound]
AXIOM AUDIT theorem: DefiKernel.Nary.Examples.f16Schedule.eq_1; module=DefiKernel.Nary.FundedCompanions; axioms=[propext]
AXIOM AUDIT theorem: DefiKernel.Nary.Examples.f17After.eq_1; module=DefiKernel.Nary.FundedCompanions; axioms=[propext,
 Classical.choice,
 Quot.sound]
AXIOM AUDIT theorem: DefiKernel.Nary.Examples.f17Bounds.eq_1; module=DefiKernel.Nary.FundedCompanions; axioms=[]
AXIOM AUDIT theorem: DefiKernel.Nary.Examples.f17Branches.eq_1; module=DefiKernel.Nary.FundedCompanions; axioms=[propext]
AXIOM AUDIT theorem: DefiKernel.Nary.Examples.f17Expected.eq_1; module=DefiKernel.Nary.FundedCompanions; axioms=[propext,
 Classical.choice,
 Quot.sound]
AXIOM AUDIT theorem: DefiKernel.Nary.Examples.f17Schedule.eq_1; module=DefiKernel.Nary.FundedCompanions; axioms=[propext]
AXIOM AUDIT theorem: DefiKernel.Nary.Examples.f18Bounds.eq_1; module=DefiKernel.Nary.InterfaceInstances; axioms=[]
AXIOM AUDIT theorem: DefiKernel.Nary.Examples.f18Branches.eq_1; module=DefiKernel.Nary.InterfaceInstances; axioms=[]
AXIOM AUDIT theorem: DefiKernel.Nary.Examples.f18Edges.eq_1; module=DefiKernel.Nary.InterfaceInstances; axioms=[]
AXIOM AUDIT theorem: DefiKernel.Nary.Examples.f18Receipt.eq_1; module=DefiKernel.Nary.InterfaceInstances; axioms=[propext,
 Quot.sound]
AXIOM AUDIT theorem: DefiKernel.Nary.Examples.f18Region.eq_1; module=DefiKernel.Nary.InterfaceInstances; axioms=[propext,
 Quot.sound]
AXIOM AUDIT theorem: DefiKernel.Nary.Examples.f18Value.eq_1; module=DefiKernel.Nary.InterfaceInstances; axioms=[propext,
 Quot.sound]
AXIOM AUDIT theorem: DefiKernel.Nary.Examples.f18WorldAfter.eq_1; module=DefiKernel.Nary.InterfaceInstances; axioms=[propext,
 Classical.choice,
 Quot.sound]
AXIOM AUDIT theorem: DefiKernel.Nary.Examples.f18WorldAfter.eq_2; module=DefiKernel.Nary.InterfaceInstances; axioms=[propext,
 Classical.choice,
 Quot.sound]
AXIOM AUDIT theorem: DefiKernel.Nary.Examples.f18WorldAfter.eq_3; module=DefiKernel.Nary.InterfaceInstances; axioms=[propext,
 Classical.choice,
 Quot.sound]
AXIOM AUDIT theorem: DefiKernel.Nary.Examples.f18WorldAfter.eq_4; module=DefiKernel.Nary.InterfaceInstances; axioms=[propext,
 Classical.choice,
 Quot.sound]
AXIOM AUDIT theorem: DefiKernel.Nary.Examples.f19BindingError.eq_1; module=DefiKernel.Nary.InterfaceInstances; axioms=[propext,
 Quot.sound]
AXIOM AUDIT theorem: DefiKernel.Nary.Examples.f19Branches.eq_1; module=DefiKernel.Nary.InterfaceInstances; axioms=[propext]
AXIOM AUDIT theorem: DefiKernel.Nary.Examples.f19Expected.eq_1; module=DefiKernel.Nary.InterfaceInstances; axioms=[propext,
 Classical.choice,
 Quot.sound]
AXIOM AUDIT theorem: DefiKernel.Nary.Examples.f19World.eq_1; module=DefiKernel.Nary.InterfaceInstances; axioms=[propext,
 Classical.choice,
 Quot.sound]
AXIOM AUDIT theorem: DefiKernel.Nary.Examples.fin2Roster._proof_1; module=DefiKernel.Nary.Examples; axioms=[propext]
AXIOM AUDIT theorem: DefiKernel.Nary.Examples.fin2Roster._proof_2; module=DefiKernel.Nary.Examples; axioms=[propext]
AXIOM AUDIT theorem: DefiKernel.Nary.Examples.fin3Roster._proof_1; module=DefiKernel.Nary.Examples; axioms=[propext]
AXIOM AUDIT theorem: DefiKernel.Nary.Examples.fin3Roster._proof_2; module=DefiKernel.Nary.Examples; axioms=[propext]
AXIOM AUDIT theorem: DefiKernel.Nary.Examples.instDecidableEqAsset._proof_1; module=DefiKernel.Nary.Examples; axioms=[]
AXIOM AUDIT theorem: DefiKernel.Nary.Examples.instDecidableEqAsset._proof_2; module=DefiKernel.Nary.Examples; axioms=[]
AXIOM AUDIT theorem: DefiKernel.Nary.Examples.instDecidableEqDomain._proof_1; module=DefiKernel.Nary.Examples; axioms=[]
AXIOM AUDIT theorem: DefiKernel.Nary.Examples.instDecidableEqDomain._proof_2; module=DefiKernel.Nary.Examples; axioms=[]
AXIOM AUDIT theorem: DefiKernel.Nary.Examples.instDecidableEqEvidenceClass._proof_1; module=DefiKernel.Nary.Examples; axioms=[]
AXIOM AUDIT theorem: DefiKernel.Nary.Examples.instDecidableEqEvidenceClass._proof_2; module=DefiKernel.Nary.Examples; axioms=[]
AXIOM AUDIT theorem: DefiKernel.Nary.Examples.instDecidableEqParty._proof_1; module=DefiKernel.Nary.Examples; axioms=[]
AXIOM AUDIT theorem: DefiKernel.Nary.Examples.instDecidableEqParty._proof_2; module=DefiKernel.Nary.Examples; axioms=[]
AXIOM AUDIT theorem: DefiKernel.Nary.Examples.instDecidableEqReservePhase._proof_1; module=DefiKernel.Nary.Examples; axioms=[]
AXIOM AUDIT theorem: DefiKernel.Nary.Examples.instDecidableEqReservePhase._proof_2; module=DefiKernel.Nary.Examples; axioms=[]
AXIOM AUDIT theorem: DefiKernel.Nary.Examples.instFintypeAsset._proof_1; module=DefiKernel.Nary.Examples; axioms=[propext,
 Classical.choice,
 Quot.sound]
AXIOM AUDIT theorem: DefiKernel.Nary.Examples.instFintypeDomain._proof_1; module=DefiKernel.Nary.Examples; axioms=[propext,
 Classical.choice,
 Quot.sound]
AXIOM AUDIT theorem: DefiKernel.Nary.Examples.instFintypeParty._proof_1; module=DefiKernel.Nary.Examples; axioms=[propext,
 Classical.choice,
 Quot.sound]
AXIOM AUDIT theorem: DefiKernel.Nary.Examples.inv200.eq_1; module=DefiKernel.Nary.FundedCausal; axioms=[]
AXIOM AUDIT theorem: DefiKernel.Nary.Examples.inv201.eq_1; module=DefiKernel.Nary.FundedCausal; axioms=[]
AXIOM AUDIT theorem: DefiKernel.Nary.Examples.invoke.eq_1; module=DefiKernel.Nary.FundedCausal; axioms=[]
AXIOM AUDIT theorem: DefiKernel.Nary.Examples.isConsumedConsumer.eq_1; module=DefiKernel.Nary.FundedCausal; axioms=[propext,
 Quot.sound]
AXIOM AUDIT theorem: DefiKernel.Nary.Examples.isReadyProducer.eq_1; module=DefiKernel.Nary.FundedCausal; axioms=[propext,
 Quot.sound]
AXIOM AUDIT theorem: DefiKernel.Nary.Examples.leBalance.eq_1; module=DefiKernel.Nary.FundedEnabledness; axioms=[]
AXIOM AUDIT theorem: DefiKernel.Nary.Examples.litAmt.eq_1; module=DefiKernel.Nary.FundedEnabledness; axioms=[]
AXIOM AUDIT theorem: DefiKernel.Nary.Examples.localFail.eq_1; module=DefiKernel.Nary.FundedCompanions; axioms=[propext,
 Quot.sound]
AXIOM AUDIT theorem: DefiKernel.Nary.Examples.localSucc.eq_1; module=DefiKernel.Nary.FundedCompanions; axioms=[propext,
 Quot.sound]
AXIOM AUDIT theorem: DefiKernel.Nary.Examples.locals3.eq_1; module=DefiKernel.Nary.FundedCompanions; axioms=[propext,
 Quot.sound]
AXIOM AUDIT theorem: DefiKernel.Nary.Examples.mainUsd.eq_1; module=DefiKernel.Nary.Examples; axioms=[propext,
 Quot.sound]
AXIOM AUDIT theorem: DefiKernel.Nary.Examples.mkWorld._proof_1; module=DefiKernel.Nary.Examples; axioms=[propext,
 Classical.choice,
 Quot.sound]
AXIOM AUDIT theorem: DefiKernel.Nary.Examples.name.eq_1; module=DefiKernel.Nary.FundedEnabledness; axioms=[]
AXIOM AUDIT theorem: DefiKernel.Nary.Examples.negAmt.eq_1; module=DefiKernel.Nary.FundedEnabledness; axioms=[]
AXIOM AUDIT theorem: DefiKernel.Nary.Examples.nonnegative.eq_1; module=DefiKernel.Nary.FundedEnabledness; axioms=[propext,
 Quot.sound]
AXIOM AUDIT theorem: DefiKernel.Nary.Examples.p0._proof_1; module=DefiKernel.Nary.Examples; axioms=[propext]
AXIOM AUDIT theorem: DefiKernel.Nary.Examples.packed.eq_1; module=DefiKernel.Nary.FundedEnabledness; axioms=[]
AXIOM AUDIT theorem: DefiKernel.Nary.Examples.q0._proof_1; module=DefiKernel.Nary.Examples; axioms=[propext]
AXIOM AUDIT theorem: DefiKernel.Nary.Examples.rec17.eq_1; module=DefiKernel.Nary.InterfaceInstances; axioms=[]
AXIOM AUDIT theorem: DefiKernel.Nary.Examples.rec201.eq_1; module=DefiKernel.Nary.FundedCausal; axioms=[propext,
 Quot.sound]
AXIOM AUDIT theorem: DefiKernel.Nary.Examples.recConsumer.eq_1; module=DefiKernel.Nary.FundedCausal; axioms=[]
AXIOM AUDIT theorem: DefiKernel.Nary.Examples.recIdentity.eq_1; module=DefiKernel.Nary.InterfaceInstances; axioms=[]
AXIOM AUDIT theorem: DefiKernel.Nary.Examples.recipientC.eq_1; module=DefiKernel.Nary.FundedEnabledness; axioms=[]
AXIOM AUDIT theorem: DefiKernel.Nary.Examples.reserveUpdate.eq_1; module=DefiKernel.Nary.FundedCausal; axioms=[propext,
 Quot.sound]
AXIOM AUDIT theorem: DefiKernel.Nary.Examples.sr.eq_1; module=DefiKernel.Nary.FundedCompanions; axioms=[propext,
 Quot.sound]
AXIOM AUDIT theorem: DefiKernel.Nary.Examples.unitRoster._proof_1; module=DefiKernel.Nary.Examples; axioms=[]
AXIOM AUDIT theorem: DefiKernel.Nary.Examples.usdArg.eq_1; module=DefiKernel.Nary.FundedEnabledness; axioms=[]
AXIOM AUDIT theorem: DefiKernel.Nary.Examples.vaultC.eq_1; module=DefiKernel.Nary.FundedEnabledness; axioms=[]
AXIOM AUDIT theorem: DefiKernel.Nary.FundedCausal.FundedK._proof_1; module=DefiKernel.Nary.FundedCausal; axioms=[propext]
AXIOM AUDIT theorem: DefiKernel.Nary.FundedCausal.consumedFlag.eq_1; module=DefiKernel.Nary.FundedCausal; axioms=[]
AXIOM AUDIT theorem: DefiKernel.Nary.FundedCausal.f10_assumption_derivation._proof_1_11; module=DefiKernel.Nary.FundedCausal; axioms=[propext,
 Quot.sound]
AXIOM AUDIT theorem: DefiKernel.Nary.FundedCausal.f10_assumption_derivation._proof_1_3; module=DefiKernel.Nary.FundedCausal; axioms=[propext,
 Quot.sound]
AXIOM AUDIT theorem: DefiKernel.Nary.FundedCausal.f10_assumption_derivation._proof_1_4; module=DefiKernel.Nary.FundedCausal; axioms=[propext,
 Quot.sound]
AXIOM AUDIT theorem: DefiKernel.Nary.FundedCausal.f10_assumption_derivation._proof_1_9; module=DefiKernel.Nary.FundedCausal; axioms=[propext,
 Quot.sound]
AXIOM AUDIT theorem: DefiKernel.Nary.FundedCausal.f10_complete_length._proof_1_1; module=DefiKernel.Nary.FundedCausal; axioms=[propext,
 Quot.sound]
AXIOM AUDIT theorem: DefiKernel.Nary.FundedCausal.f10_expected_finals._proof_1_10; module=DefiKernel.Nary.FundedCausal; axioms=[propext,
 Classical.choice,
 Quot.sound]
AXIOM AUDIT theorem: DefiKernel.Nary.FundedCausal.f10_expected_finals._proof_1_11; module=DefiKernel.Nary.FundedCausal; axioms=[propext,
 Classical.choice,
 Quot.sound]
AXIOM AUDIT theorem: DefiKernel.Nary.FundedCausal.f10_expected_finals._proof_1_12; module=DefiKernel.Nary.FundedCausal; axioms=[propext,
 Classical.choice,
 Quot.sound]
AXIOM AUDIT theorem: DefiKernel.Nary.FundedCausal.f10_expected_finals._proof_1_13; module=DefiKernel.Nary.FundedCausal; axioms=[propext,
 Classical.choice,
 Quot.sound]
AXIOM AUDIT theorem: DefiKernel.Nary.FundedCausal.f10_expected_finals._proof_1_2; module=DefiKernel.Nary.FundedCausal; axioms=[propext,
 Classical.choice,
 Quot.sound]
AXIOM AUDIT theorem: DefiKernel.Nary.FundedCausal.f10_expected_finals._proof_1_3; module=DefiKernel.Nary.FundedCausal; axioms=[propext,
 Classical.choice,
 Quot.sound]
AXIOM AUDIT theorem: DefiKernel.Nary.FundedCausal.f10_expected_finals._proof_1_4; module=DefiKernel.Nary.FundedCausal; axioms=[propext,
 Classical.choice,
 Quot.sound]
AXIOM AUDIT theorem: DefiKernel.Nary.FundedCausal.f10_expected_finals._proof_1_5; module=DefiKernel.Nary.FundedCausal; axioms=[propext,
 Classical.choice,
 Quot.sound]
AXIOM AUDIT theorem: DefiKernel.Nary.FundedCausal.f10_expected_finals._proof_1_6; module=DefiKernel.Nary.FundedCausal; axioms=[propext,
 Classical.choice,
 Quot.sound]
AXIOM AUDIT theorem: DefiKernel.Nary.FundedCausal.f10_expected_finals._proof_1_7; module=DefiKernel.Nary.FundedCausal; axioms=[propext,
 Classical.choice,
 Quot.sound]
AXIOM AUDIT theorem: DefiKernel.Nary.FundedCausal.f10_expected_finals._proof_1_8; module=DefiKernel.Nary.FundedCausal; axioms=[propext,
 Classical.choice,
 Quot.sound]
AXIOM AUDIT theorem: DefiKernel.Nary.FundedCausal.f10_expected_finals._proof_1_9; module=DefiKernel.Nary.FundedCausal; axioms=[propext,
 Classical.choice,
 Quot.sound]
AXIOM AUDIT theorem: DefiKernel.Nary.FundedCausal.f10_initial_balances._proof_1_1; module=DefiKernel.Nary.FundedCausal; axioms=[propext,
 Classical.choice,
 Quot.sound]
AXIOM AUDIT theorem: DefiKernel.Nary.FundedCausal.f10_member_machineEq._proof_1_10; module=DefiKernel.Nary.FundedCausal; axioms=[propext,
 Classical.choice,
 Quot.sound]
AXIOM AUDIT theorem: DefiKernel.Nary.FundedCausal.f10_member_machineEq._proof_1_11; module=DefiKernel.Nary.FundedCausal; axioms=[propext,
 Classical.choice,
 Quot.sound]
AXIOM AUDIT theorem: DefiKernel.Nary.FundedCausal.f10_member_machineEq._proof_1_12; module=DefiKernel.Nary.FundedCausal; axioms=[propext,
 Classical.choice,
 Quot.sound]
AXIOM AUDIT theorem: DefiKernel.Nary.FundedCausal.f10_member_machineEq._proof_1_13; module=DefiKernel.Nary.FundedCausal; axioms=[propext,
 Classical.choice,
 Quot.sound]
AXIOM AUDIT theorem: DefiKernel.Nary.FundedCausal.f10_member_machineEq._proof_1_2; module=DefiKernel.Nary.FundedCausal; axioms=[propext,
 Classical.choice,
 Quot.sound]
AXIOM AUDIT theorem: DefiKernel.Nary.FundedCausal.f10_member_machineEq._proof_1_3; module=DefiKernel.Nary.FundedCausal; axioms=[propext,
 Classical.choice,
 Quot.sound]
AXIOM AUDIT theorem: DefiKernel.Nary.FundedCausal.f10_member_machineEq._proof_1_4; module=DefiKernel.Nary.FundedCausal; axioms=[propext,
 Classical.choice,
 Quot.sound]
AXIOM AUDIT theorem: DefiKernel.Nary.FundedCausal.f10_member_machineEq._proof_1_5; module=DefiKernel.Nary.FundedCausal; axioms=[propext,
 Classical.choice,
 Quot.sound]
AXIOM AUDIT theorem: DefiKernel.Nary.FundedCausal.f10_member_machineEq._proof_1_6; module=DefiKernel.Nary.FundedCausal; axioms=[propext,
 Classical.choice,
 Quot.sound]
AXIOM AUDIT theorem: DefiKernel.Nary.FundedCausal.f10_member_machineEq._proof_1_7; module=DefiKernel.Nary.FundedCausal; axioms=[propext,
 Classical.choice,
 Quot.sound]
AXIOM AUDIT theorem: DefiKernel.Nary.FundedCausal.f10_member_machineEq._proof_1_8; module=DefiKernel.Nary.FundedCausal; axioms=[propext,
 Classical.choice,
 Quot.sound]
AXIOM AUDIT theorem: DefiKernel.Nary.FundedCausal.f10_member_machineEq._proof_1_9; module=DefiKernel.Nary.FundedCausal; axioms=[propext,
 Classical.choice,
 Quot.sound]
AXIOM AUDIT theorem: DefiKernel.Nary.FundedCausal.f10_reachable_empty_outputs._proof_1_1; module=DefiKernel.Nary.FundedCausal; axioms=[propext,
 Quot.sound]
AXIOM AUDIT theorem: DefiKernel.Nary.FundedCausal.f10_selected_cases._proof_1_2; module=DefiKernel.Nary.FundedCausal; axioms=[propext,
 Quot.sound]
AXIOM AUDIT theorem: DefiKernel.Nary.FundedCausal.f10_selected_cases._proof_1_3; module=DefiKernel.Nary.FundedCausal; axioms=[propext,
 Quot.sound]
AXIOM AUDIT theorem: DefiKernel.Nary.FundedCausal.f10_selected_cases._proof_1_4; module=DefiKernel.Nary.FundedCausal; axioms=[propext,
 Quot.sound]
AXIOM AUDIT theorem: DefiKernel.Nary.FundedCausal.f10_success_update._proof_1_1; module=DefiKernel.Nary.FundedCausal; axioms=[propext,
 Quot.sound]
AXIOM AUDIT theorem: DefiKernel.Nary.FundedCausal.f10_success_update._proof_1_10; module=DefiKernel.Nary.FundedCausal; axioms=[propext,
 Quot.sound]
AXIOM AUDIT theorem: DefiKernel.Nary.FundedCausal.f10_success_update._proof_1_12; module=DefiKernel.Nary.FundedCausal; axioms=[propext,
 Quot.sound]
AXIOM AUDIT theorem: DefiKernel.Nary.FundedCausal.f10_success_update._proof_1_9; module=DefiKernel.Nary.FundedCausal; axioms=[propext,
 Quot.sound]
AXIOM AUDIT theorem: DefiKernel.Nary.FundedCausal.f12_deposit_only_rely_false._proof_1_1; module=DefiKernel.Nary.FundedCausal; axioms=[propext,
 Classical.choice,
 Quot.sound]
AXIOM AUDIT theorem: DefiKernel.Nary.FundedCausal.f12_deposit_only_rely_false._proof_1_2; module=DefiKernel.Nary.FundedCausal; axioms=[propext,
 Classical.choice,
 Quot.sound]
AXIOM AUDIT theorem: DefiKernel.Nary.FundedCausal.f12_vault_final._proof_1_1; module=DefiKernel.Nary.FundedCausal; axioms=[propext,
 Classical.choice,
 Quot.sound]
AXIOM AUDIT theorem: DefiKernel.Nary.FundedCausal.f12_vault_final._proof_1_3; module=DefiKernel.Nary.FundedCausal; axioms=[propext,
 Classical.choice,
 Quot.sound]
AXIOM AUDIT theorem: DefiKernel.Nary.FundedCausal.f16_monitor_awaiting._proof_1_1; module=DefiKernel.Nary.FundedCausal; axioms=[propext,
 Classical.choice,
 Quot.sound]
AXIOM AUDIT theorem: DefiKernel.Nary.FundedCausal.f16_no_p0_output._proof_1_1; module=DefiKernel.Nary.FundedCausal; axioms=[propext,
 Classical.choice,
 Quot.sound]
AXIOM AUDIT theorem: DefiKernel.Nary.FundedCausal.f16_producer_invoke_auth._proof_1_1; module=DefiKernel.Nary.FundedCausal; axioms=[propext]
AXIOM AUDIT theorem: DefiKernel.Nary.FundedCausal.f17_monitor_awaiting._proof_1_1; module=DefiKernel.Nary.FundedCausal; axioms=[propext,
 Classical.choice,
 Quot.sound]
AXIOM AUDIT theorem: DefiKernel.Nary.FundedCausal.f17_p0_silent._proof_1_1; module=DefiKernel.Nary.FundedCausal; axioms=[propext,
 Classical.choice,
 Quot.sound]
AXIOM AUDIT theorem: DefiKernel.Nary.FundedCausal.fin3_count_sum._proof_1_1; module=DefiKernel.Nary.FundedCausal; axioms=[propext,
 Quot.sound]
AXIOM AUDIT theorem: DefiKernel.Nary.FundedCausal.fin3_count_sum._proof_1_2; module=DefiKernel.Nary.FundedCausal; axioms=[propext,
 Quot.sound]
AXIOM AUDIT theorem: DefiKernel.Nary.FundedCausal.fin3_count_sum._proof_1_3; module=DefiKernel.Nary.FundedCausal; axioms=[propext,
 Quot.sound]
AXIOM AUDIT theorem: DefiKernel.Nary.FundedCausal.fundedBalances.eq_1; module=DefiKernel.Nary.FundedCausal; axioms=[propext,
 Classical.choice,
 Quot.sound]
AXIOM AUDIT theorem: DefiKernel.Nary.FundedCausal.fundedGuarantee.eq_1; module=DefiKernel.Nary.FundedCausal; axioms=[propext,
 Classical.choice,
 Quot.sound]
AXIOM AUDIT theorem: DefiKernel.Nary.FundedCausal.fundedGuarantee.eq_2; module=DefiKernel.Nary.FundedCausal; axioms=[propext,
 Classical.choice,
 Quot.sound]
AXIOM AUDIT theorem: DefiKernel.Nary.FundedCausal.fundedGuarantee.eq_3; module=DefiKernel.Nary.FundedCausal; axioms=[propext,
 Classical.choice,
 Quot.sound]
AXIOM AUDIT theorem: DefiKernel.Nary.FundedCausal.phaseOf.eq_1; module=DefiKernel.Nary.FundedCausal; axioms=[]
AXIOM AUDIT theorem: DefiKernel.Nary.FundedCausal.phaseOf.eq_2; module=DefiKernel.Nary.FundedCausal; axioms=[]
AXIOM AUDIT theorem: DefiKernel.Nary.FundedCausal.phaseOf.eq_3; module=DefiKernel.Nary.FundedCausal; axioms=[]
AXIOM AUDIT theorem: DefiKernel.Nary.FundedCausal.rec200_effects._proof_1_1; module=DefiKernel.Nary.FundedCausal; axioms=[propext,
 Classical.choice,
 Quot.sound]
AXIOM AUDIT theorem: DefiKernel.Nary.FundedCausal.rec201_effects._proof_1_1; module=DefiKernel.Nary.FundedCausal; axioms=[propext,
 Classical.choice,
 Quot.sound]
AXIOM AUDIT theorem: DefiKernel.Nary.FundedCausal.rec202_effects._proof_1_1; module=DefiKernel.Nary.FundedCausal; axioms=[propext,
 Classical.choice,
 Quot.sound]
AXIOM AUDIT theorem: DefiKernel.Nary.FundedCausal.rec203_effects._proof_1_1; module=DefiKernel.Nary.FundedCausal; axioms=[propext,
 Classical.choice,
 Quot.sound]
AXIOM AUDIT theorem: DefiKernel.Nary.FundedCompanions.depositOnlyRely.eq_1; module=DefiKernel.Nary.FundedCompanions; axioms=[propext,
 Quot.sound]
AXIOM AUDIT theorem: DefiKernel.Nary.FundedCompanions.f10_deposit1_after_producer_preserves_ready._proof_1_2; module=DefiKernel.Nary.FundedCompanions; axioms=[propext,
 Classical.choice,
 Quot.sound]
AXIOM AUDIT theorem: DefiKernel.Nary.FundedCompanions.f10_deposit1_execute._proof_1_1; module=DefiKernel.Nary.FundedCompanions; axioms=[propext,
 Classical.choice,
 Quot.sound]
AXIOM AUDIT theorem: DefiKernel.Nary.FundedCompanions.f10_deposit1_execute_preserves_ready._proof_1_2; module=DefiKernel.Nary.FundedCompanions; axioms=[propext,
 Classical.choice,
 Quot.sound]
AXIOM AUDIT theorem: DefiKernel.Nary.FundedCompanions.f10_deposit1_execute_preserves_ready._proof_1_3; module=DefiKernel.Nary.FundedCompanions; axioms=[propext,
 Classical.choice,
 Quot.sound]
AXIOM AUDIT theorem: DefiKernel.Nary.FundedCompanions.f10_deposit1_execute_preserves_ready._proof_1_4; module=DefiKernel.Nary.FundedCompanions; axioms=[propext,
 Classical.choice,
 Quot.sound]
AXIOM AUDIT theorem: DefiKernel.Nary.FundedCompanions.f10_deposit1_preserves_ready._simp_1_1; module=DefiKernel.Nary.FundedCompanions; axioms=[propext]
AXIOM AUDIT theorem: DefiKernel.Nary.FundedCompanions.f10_deposit1_preserves_ready._simp_1_2; module=DefiKernel.Nary.FundedCompanions; axioms=[propext]
AXIOM AUDIT theorem: DefiKernel.Nary.FundedCompanions.f10_deposit1_preserves_ready._simp_1_3; module=DefiKernel.Nary.FundedCompanions; axioms=[propext]
AXIOM AUDIT theorem: DefiKernel.Nary.FundedCompanions.f10_deposit2_after_producer_preserves_ready._proof_1_2; module=DefiKernel.Nary.FundedCompanions; axioms=[propext,
 Classical.choice,
 Quot.sound]
AXIOM AUDIT theorem: DefiKernel.Nary.FundedCompanions.f10_deposit2_execute._proof_1_1; module=DefiKernel.Nary.FundedCompanions; axioms=[propext,
 Classical.choice,
 Quot.sound]
AXIOM AUDIT theorem: DefiKernel.Nary.FundedCompanions.f10_deposit2_execute_preserves_ready._proof_1_2; module=DefiKernel.Nary.FundedCompanions; axioms=[propext,
 Classical.choice,
 Quot.sound]
AXIOM AUDIT theorem: DefiKernel.Nary.FundedCompanions.f10_deposit2_execute_preserves_ready._proof_1_3; module=DefiKernel.Nary.FundedCompanions; axioms=[propext,
 Classical.choice,
 Quot.sound]
AXIOM AUDIT theorem: DefiKernel.Nary.FundedCompanions.f10_deposit2_execute_preserves_ready._proof_1_4; module=DefiKernel.Nary.FundedCompanions; axioms=[propext,
 Classical.choice,
 Quot.sound]
AXIOM AUDIT theorem: DefiKernel.Nary.FundedCompanions.f10_deposit2_preserves_ready._simp_1_1; module=DefiKernel.Nary.FundedCompanions; axioms=[propext]
AXIOM AUDIT theorem: DefiKernel.Nary.FundedCompanions.f10_deposit2_preserves_ready._simp_1_2; module=DefiKernel.Nary.FundedCompanions; axioms=[propext]
AXIOM AUDIT theorem: DefiKernel.Nary.FundedCompanions.f10_deposit2_preserves_ready._simp_1_3; module=DefiKernel.Nary.FundedCompanions; axioms=[propext]
AXIOM AUDIT theorem: DefiKernel.Nary.FundedCompanions.f10_initial_budget6._proof_1_1; module=DefiKernel.Nary.FundedCompanions; axioms=[propext,
 Classical.choice,
 Quot.sound]
AXIOM AUDIT theorem: DefiKernel.Nary.FundedCompanions.f10_initial_ready._proof_1_2; module=DefiKernel.Nary.FundedCompanions; axioms=[propext,
 Classical.choice,
 Quot.sound]
AXIOM AUDIT theorem: DefiKernel.Nary.FundedCompanions.f10_initial_vault10._proof_1_1; module=DefiKernel.Nary.FundedCompanions; axioms=[propext,
 Classical.choice,
 Quot.sound]
AXIOM AUDIT theorem: DefiKernel.Nary.FundedCompanions.f10_producer_execute._proof_1_1; module=DefiKernel.Nary.FundedCompanions; axioms=[propext,
 Classical.choice,
 Quot.sound]
AXIOM AUDIT theorem: DefiKernel.Nary.FundedCompanions.f12M1.eq_1; module=DefiKernel.Nary.FundedCompanions; axioms=[propext,
 Classical.choice,
 Quot.sound]
AXIOM AUDIT theorem: DefiKernel.Nary.FundedCompanions.f12M2.eq_1; module=DefiKernel.Nary.FundedCompanions; axioms=[propext,
 Classical.choice,
 Quot.sound]
AXIOM AUDIT theorem: DefiKernel.Nary.FundedCompanions.f12ProdResult.eq_1; module=DefiKernel.Nary.FundedCompanions; axioms=[propext,
 Classical.choice,
 Quot.sound]
AXIOM AUDIT theorem: DefiKernel.Nary.FundedCompanions.f12WithdrawalGuarantee._proof_1; module=DefiKernel.Nary.FundedCompanions; axioms=[propext]
AXIOM AUDIT theorem: DefiKernel.Nary.FundedCompanions.f12_consumer_execute._proof_1_1; module=DefiKernel.Nary.FundedCompanions; axioms=[propext,
 Classical.choice,
 Quot.sound]
AXIOM AUDIT theorem: DefiKernel.Nary.FundedCompanions.f12_consumer_funds_valid._proof_1_1; module=DefiKernel.Nary.FundedCompanions; axioms=[propext,
 Classical.choice,
 Quot.sound]
AXIOM AUDIT theorem: DefiKernel.Nary.FundedCompanions.f12_not_ready_after_peer._proof_1_2; module=DefiKernel.Nary.FundedCompanions; axioms=[propext,
 Classical.choice,
 Quot.sound]
AXIOM AUDIT theorem: DefiKernel.Nary.FundedCompanions.f12_peer_breaks_ready._simp_1_1; module=DefiKernel.Nary.FundedCompanions; axioms=[propext]
AXIOM AUDIT theorem: DefiKernel.Nary.FundedCompanions.f12_peer_breaks_ready._simp_1_2; module=DefiKernel.Nary.FundedCompanions; axioms=[propext]
AXIOM AUDIT theorem: DefiKernel.Nary.FundedCompanions.f12_peer_breaks_ready._simp_1_3; module=DefiKernel.Nary.FundedCompanions; axioms=[propext]
AXIOM AUDIT theorem: DefiKernel.Nary.FundedCompanions.f12_peer_execute._proof_1_1; module=DefiKernel.Nary.FundedCompanions; axioms=[propext,
 Classical.choice,
 Quot.sound]
AXIOM AUDIT theorem: DefiKernel.Nary.FundedCompanions.f12_prefix_eq_expected._proof_1_1; module=DefiKernel.Nary.FundedCompanions; axioms=[propext,
 Classical.choice,
 Quot.sound]
AXIOM AUDIT theorem: DefiKernel.Nary.FundedCompanions.f12_producer_execute._proof_1_1; module=DefiKernel.Nary.FundedCompanions; axioms=[propext,
 Classical.choice,
 Quot.sound]
AXIOM AUDIT theorem: DefiKernel.Nary.FundedCompanions.f12_ready_after_producer._proof_1_2; module=DefiKernel.Nary.FundedCompanions; axioms=[propext,
 Classical.choice,
 Quot.sound]
AXIOM AUDIT theorem: DefiKernel.Nary.FundedCompanions.f12_reserve4_after_peer._proof_1_2; module=DefiKernel.Nary.FundedCompanions; axioms=[propext,
 Classical.choice,
 Quot.sound]
AXIOM AUDIT theorem: DefiKernel.Nary.FundedCompanions.f12_vaults._proof_1_1; module=DefiKernel.Nary.FundedCompanions; axioms=[propext,
 Classical.choice,
 Quot.sound]
AXIOM AUDIT theorem: DefiKernel.Nary.FundedCompanions.f16M1.eq_1; module=DefiKernel.Nary.FundedCompanions; axioms=[propext,
 Classical.choice,
 Quot.sound]
AXIOM AUDIT theorem: DefiKernel.Nary.FundedCompanions.f16M2.eq_1; module=DefiKernel.Nary.FundedCompanions; axioms=[propext,
 Classical.choice,
 Quot.sound]
AXIOM AUDIT theorem: DefiKernel.Nary.FundedCompanions.f16_monitor_awaiting._proof_1_1; module=DefiKernel.Nary.FundedCompanions; axioms=[propext,
 Classical.choice,
 Quot.sound]
AXIOM AUDIT theorem: DefiKernel.Nary.FundedCompanions.f16_peer_execute._proof_1_1; module=DefiKernel.Nary.FundedCompanions; axioms=[propext,
 Classical.choice,
 Quot.sound]
AXIOM AUDIT theorem: DefiKernel.Nary.FundedCompanions.f16_prefix_eq_expected._proof_1_1; module=DefiKernel.Nary.FundedCompanions; axioms=[propext,
 Classical.choice,
 Quot.sound]
AXIOM AUDIT theorem: DefiKernel.Nary.FundedCompanions.f16_producer_execute._proof_1_1; module=DefiKernel.Nary.FundedCompanions; axioms=[propext,
 Classical.choice,
 Quot.sound]
AXIOM AUDIT theorem: DefiKernel.Nary.FundedCompanions.f16_producer_invoke_auth._proof_1_1; module=DefiKernel.Nary.FundedCompanions; axioms=[propext]
AXIOM AUDIT theorem: DefiKernel.Nary.FundedCompanions.f16_runNary_outcome._proof_1_2; module=DefiKernel.Nary.FundedCompanions; axioms=[propext,
 Classical.choice,
 Quot.sound]
AXIOM AUDIT theorem: DefiKernel.Nary.FundedCompanions.f17PeerResult.eq_1; module=DefiKernel.Nary.FundedCompanions; axioms=[propext,
 Classical.choice,
 Quot.sound]
AXIOM AUDIT theorem: DefiKernel.Nary.FundedCompanions.f17_monitor_awaiting._proof_1_1; module=DefiKernel.Nary.FundedCompanions; axioms=[propext,
 Classical.choice,
 Quot.sound]
AXIOM AUDIT theorem: DefiKernel.Nary.FundedCompanions.f17_peer_execute._proof_1_1; module=DefiKernel.Nary.FundedCompanions; axioms=[propext,
 Classical.choice,
 Quot.sound]
AXIOM AUDIT theorem: DefiKernel.Nary.FundedCompanions.f17_prefix_eq_expected._proof_1_1; module=DefiKernel.Nary.FundedCompanions; axioms=[propext,
 Classical.choice,
 Quot.sound]
AXIOM AUDIT theorem: DefiKernel.Nary.FundedCompanions.readyBudgetBound.eq_1; module=DefiKernel.Nary.FundedCompanions; axioms=[propext,
 Classical.choice,
 Quot.sound]
AXIOM AUDIT theorem: DefiKernel.Nary.FundedCompanions.readyInv.eq_1; module=DefiKernel.Nary.FundedCompanions; axioms=[propext,
 Classical.choice,
 Quot.sound]
AXIOM AUDIT theorem: DefiKernel.Nary.FundedCompanions.vaultReserve4.eq_1; module=DefiKernel.Nary.FundedCompanions; axioms=[propext,
 Quot.sound]
AXIOM AUDIT theorem: DefiKernel.Nary.FundedEnabledness.applyWorld.eq_1; module=DefiKernel.Nary.FundedEnabledness; axioms=[propext,
 Classical.choice,
 Quot.sound]
AXIOM AUDIT theorem: DefiKernel.Nary.FundedEnabledness.consumerCtx.eq_1; module=DefiKernel.Nary.FundedEnabledness; axioms=[propext,
 Quot.sound]
AXIOM AUDIT theorem: DefiKernel.Nary.FundedEnabledness.consumerEval.eq_1; module=DefiKernel.Nary.FundedEnabledness; axioms=[propext,
 Quot.sound]
AXIOM AUDIT theorem: DefiKernel.Nary.FundedEnabledness.consumer_accountingOK._proof_1_1; module=DefiKernel.Nary.FundedEnabledness; axioms=[propext,
 Classical.choice,
 Quot.sound]
AXIOM AUDIT theorem: DefiKernel.Nary.FundedEnabledness.consumer_debit_auth._proof_1_1; module=DefiKernel.Nary.FundedEnabledness; axioms=[propext]
AXIOM AUDIT theorem: DefiKernel.Nary.FundedEnabledness.consumer_debitsOK._proof_1_1; module=DefiKernel.Nary.FundedEnabledness; axioms=[propext,
 Classical.choice,
 Quot.sound]
AXIOM AUDIT theorem: DefiKernel.Nary.FundedEnabledness.consumer_domainOK._proof_1_1; module=DefiKernel.Nary.FundedEnabledness; axioms=[propext,
 Classical.choice,
 Quot.sound]
AXIOM AUDIT theorem: DefiKernel.Nary.FundedEnabledness.consumer_effect._simp_1_3; module=DefiKernel.Nary.FundedEnabledness; axioms=[propext]
AXIOM AUDIT theorem: DefiKernel.Nary.FundedEnabledness.consumer_invoke_auth._proof_1_1; module=DefiKernel.Nary.FundedEnabledness; axioms=[propext]
AXIOM AUDIT theorem: DefiKernel.Nary.FundedEnabledness.consumer_suppliesOK._proof_1_1; module=DefiKernel.Nary.FundedEnabledness; axioms=[propext,
 Classical.choice,
 Quot.sound]
AXIOM AUDIT theorem: DefiKernel.Nary.FundedEnabledness.consumer_writesOK._proof_1_1; module=DefiKernel.Nary.FundedEnabledness; axioms=[propext,
 Classical.choice,
 Quot.sound]
AXIOM AUDIT theorem: DefiKernel.Nary.FundedEnabledness.deposit1Ctx.eq_1; module=DefiKernel.Nary.FundedEnabledness; axioms=[propext,
 Quot.sound]
AXIOM AUDIT theorem: DefiKernel.Nary.FundedEnabledness.deposit1Eval.eq_1; module=DefiKernel.Nary.FundedEnabledness; axioms=[propext,
 Quot.sound]
AXIOM AUDIT theorem: DefiKernel.Nary.FundedEnabledness.deposit1_accountingOK._proof_1_1; module=DefiKernel.Nary.FundedEnabledness; axioms=[propext,
 Classical.choice,
 Quot.sound]
AXIOM AUDIT theorem: DefiKernel.Nary.FundedEnabledness.deposit1_debit_auth._proof_1_1; module=DefiKernel.Nary.FundedEnabledness; axioms=[propext]
AXIOM AUDIT theorem: DefiKernel.Nary.FundedEnabledness.deposit1_debitsOK._proof_1_1; module=DefiKernel.Nary.FundedEnabledness; axioms=[propext,
 Classical.choice,
 Quot.sound]
AXIOM AUDIT theorem: DefiKernel.Nary.FundedEnabledness.deposit1_domainOK._proof_1_1; module=DefiKernel.Nary.FundedEnabledness; axioms=[propext,
 Classical.choice,
 Quot.sound]
AXIOM AUDIT theorem: DefiKernel.Nary.FundedEnabledness.deposit1_effect._simp_1_3; module=DefiKernel.Nary.FundedEnabledness; axioms=[propext]
AXIOM AUDIT theorem: DefiKernel.Nary.FundedEnabledness.deposit1_invoke_auth._proof_1_1; module=DefiKernel.Nary.FundedEnabledness; axioms=[propext]
AXIOM AUDIT theorem: DefiKernel.Nary.FundedEnabledness.deposit1_suppliesOK._proof_1_1; module=DefiKernel.Nary.FundedEnabledness; axioms=[propext,
 Classical.choice,
 Quot.sound]
AXIOM AUDIT theorem: DefiKernel.Nary.FundedEnabledness.deposit1_writesOK._proof_1_1; module=DefiKernel.Nary.FundedEnabledness; axioms=[propext,
 Classical.choice,
 Quot.sound]
AXIOM AUDIT theorem: DefiKernel.Nary.FundedEnabledness.deposit2Ctx.eq_1; module=DefiKernel.Nary.FundedEnabledness; axioms=[propext,
 Quot.sound]
AXIOM AUDIT theorem: DefiKernel.Nary.FundedEnabledness.deposit2Eval.eq_1; module=DefiKernel.Nary.FundedEnabledness; axioms=[propext,
 Quot.sound]
AXIOM AUDIT theorem: DefiKernel.Nary.FundedEnabledness.deposit2_accountingOK._proof_1_1; module=DefiKernel.Nary.FundedEnabledness; axioms=[propext,
 Classical.choice,
 Quot.sound]
AXIOM AUDIT theorem: DefiKernel.Nary.FundedEnabledness.deposit2_debit_auth._proof_1_1; module=DefiKernel.Nary.FundedEnabledness; axioms=[propext]
AXIOM AUDIT theorem: DefiKernel.Nary.FundedEnabledness.deposit2_debitsOK._proof_1_1; module=DefiKernel.Nary.FundedEnabledness; axioms=[propext,
 Classical.choice,
 Quot.sound]
AXIOM AUDIT theorem: DefiKernel.Nary.FundedEnabledness.deposit2_domainOK._proof_1_1; module=DefiKernel.Nary.FundedEnabledness; axioms=[propext,
 Classical.choice,
 Quot.sound]
AXIOM AUDIT theorem: DefiKernel.Nary.FundedEnabledness.deposit2_effect._simp_1_3; module=DefiKernel.Nary.FundedEnabledness; axioms=[propext]
AXIOM AUDIT theorem: DefiKernel.Nary.FundedEnabledness.deposit2_invoke_auth._proof_1_1; module=DefiKernel.Nary.FundedEnabledness; axioms=[propext]
AXIOM AUDIT theorem: DefiKernel.Nary.FundedEnabledness.deposit2_suppliesOK._proof_1_1; module=DefiKernel.Nary.FundedEnabledness; axioms=[propext,
 Classical.choice,
 Quot.sound]
AXIOM AUDIT theorem: DefiKernel.Nary.FundedEnabledness.deposit2_writesOK._proof_1_1; module=DefiKernel.Nary.FundedEnabledness; axioms=[propext,
 Classical.choice,
 Quot.sound]
AXIOM AUDIT theorem: DefiKernel.Nary.FundedEnabledness.prepare_consumer._proof_1_1; module=DefiKernel.Nary.FundedEnabledness; axioms=[propext,
 Quot.sound]
AXIOM AUDIT theorem: DefiKernel.Nary.FundedEnabledness.prepare_deposit1._proof_1_1; module=DefiKernel.Nary.FundedEnabledness; axioms=[propext,
 Quot.sound]
AXIOM AUDIT theorem: DefiKernel.Nary.FundedEnabledness.prepare_deposit2._proof_1_1; module=DefiKernel.Nary.FundedEnabledness; axioms=[propext,
 Quot.sound]
AXIOM AUDIT theorem: DefiKernel.Nary.FundedEnabledness.prepare_producer._proof_1_1; module=DefiKernel.Nary.FundedEnabledness; axioms=[propext,
 Quot.sound]
AXIOM AUDIT theorem: DefiKernel.Nary.FundedEnabledness.producerEval.eq_1; module=DefiKernel.Nary.FundedEnabledness; axioms=[]
AXIOM AUDIT theorem: DefiKernel.Nary.FundedEnabledness.producerIface.eq_1; module=DefiKernel.Nary.FundedEnabledness; axioms=[]
AXIOM AUDIT theorem: DefiKernel.Nary.FundedEnabledness.producer_invoke_auth._proof_1_1; module=DefiKernel.Nary.FundedEnabledness; axioms=[propext]
AXIOM AUDIT theorem: DefiKernel.Nary.InterfaceInstances.depositRely.eq_1; module=DefiKernel.Nary.InterfaceInstances; axioms=[propext,
 Quot.sound]
AXIOM AUDIT theorem: DefiKernel.Nary.InterfaceInstances.f11_execute._proof_1_1; module=DefiKernel.Nary.InterfaceInstances; axioms=[propext,
 Classical.choice,
 Quot.sound]
AXIOM AUDIT theorem: DefiKernel.Nary.InterfaceInstances.f11_initialized_reserve._proof_1_1; module=DefiKernel.Nary.InterfaceInstances; axioms=[propext,
 Classical.choice,
 Quot.sound]
AXIOM AUDIT theorem: DefiKernel.Nary.InterfaceInstances.f11_nonneg._proof_1_1; module=DefiKernel.Nary.InterfaceInstances; axioms=[propext,
 Classical.choice,
 Quot.sound]
AXIOM AUDIT theorem: DefiKernel.Nary.InterfaceInstances.f11_post_not_reserve._proof_1_1; module=DefiKernel.Nary.InterfaceInstances; axioms=[propext,
 Classical.choice,
 Quot.sound]
AXIOM AUDIT theorem: DefiKernel.Nary.InterfaceInstances.f11_prefix_eq_expected._proof_1_1; module=DefiKernel.Nary.InterfaceInstances; axioms=[propext,
 Classical.choice,
 Quot.sound]
AXIOM AUDIT theorem: DefiKernel.Nary.InterfaceInstances.f11_vaults._proof_1_1; module=DefiKernel.Nary.InterfaceInstances; axioms=[propext,
 Classical.choice,
 Quot.sound]
AXIOM AUDIT theorem: DefiKernel.Nary.InterfaceInstances.f13WithdrawalGuarantee._proof_1; module=DefiKernel.Nary.InterfaceInstances; axioms=[propext]
AXIOM AUDIT theorem: DefiKernel.Nary.InterfaceInstances.f13_execute._proof_1_1; module=DefiKernel.Nary.InterfaceInstances; axioms=[propext,
 Classical.choice,
 Quot.sound]
AXIOM AUDIT theorem: DefiKernel.Nary.InterfaceInstances.f13_not_deposit_rely._proof_1_1; module=DefiKernel.Nary.InterfaceInstances; axioms=[propext,
 Classical.choice,
 Quot.sound]
AXIOM AUDIT theorem: DefiKernel.Nary.InterfaceInstances.f13_not_stable_if_rely_covers._proof_1_1; module=DefiKernel.Nary.InterfaceInstances; axioms=[propext,
 Classical.choice,
 Quot.sound]
AXIOM AUDIT theorem: DefiKernel.Nary.InterfaceInstances.f13_peer_not_covered._proof_1_1; module=DefiKernel.Nary.InterfaceInstances; axioms=[propext,
 Classical.choice,
 Quot.sound]
AXIOM AUDIT theorem: DefiKernel.Nary.InterfaceInstances.f13_post_not_reserve._proof_1_1; module=DefiKernel.Nary.InterfaceInstances; axioms=[propext,
 Classical.choice,
 Quot.sound]
AXIOM AUDIT theorem: DefiKernel.Nary.InterfaceInstances.f13_prefix_eq_expected._proof_1_1; module=DefiKernel.Nary.InterfaceInstances; axioms=[propext,
 Classical.choice,
 Quot.sound]
AXIOM AUDIT theorem: DefiKernel.Nary.InterfaceInstances.f13_vaults._proof_1_1; module=DefiKernel.Nary.InterfaceInstances; axioms=[propext,
 Classical.choice,
 Quot.sound]
AXIOM AUDIT theorem: DefiKernel.Nary.InterfaceInstances.f14_execute._proof_1_1; module=DefiKernel.Nary.InterfaceInstances; axioms=[propext,
 Classical.choice,
 Quot.sound]
AXIOM AUDIT theorem: DefiKernel.Nary.InterfaceInstances.f14_not_initialized._proof_1_1; module=DefiKernel.Nary.InterfaceInstances; axioms=[propext,
 Classical.choice,
 Quot.sound]
AXIOM AUDIT theorem: DefiKernel.Nary.InterfaceInstances.f14_prefix_eq_expected._proof_1_1; module=DefiKernel.Nary.InterfaceInstances; axioms=[propext,
 Classical.choice,
 Quot.sound]
AXIOM AUDIT theorem: DefiKernel.Nary.InterfaceInstances.f14_vault._proof_1_1; module=DefiKernel.Nary.InterfaceInstances; axioms=[propext,
 Classical.choice,
 Quot.sound]
AXIOM AUDIT theorem: DefiKernel.Nary.InterfaceInstances.f18Result1.eq_1; module=DefiKernel.Nary.InterfaceInstances; axioms=[propext,
 Classical.choice,
 Quot.sound]
AXIOM AUDIT theorem: DefiKernel.Nary.InterfaceInstances.f18Result2.eq_1; module=DefiKernel.Nary.InterfaceInstances; axioms=[propext,
 Classical.choice,
 Quot.sound]
AXIOM AUDIT theorem: DefiKernel.Nary.InterfaceInstances.f18Result3.eq_1; module=DefiKernel.Nary.InterfaceInstances; axioms=[propext,
 Classical.choice,
 Quot.sound]
AXIOM AUDIT theorem: DefiKernel.Nary.InterfaceInstances.f18ValueFn.eq_1; module=DefiKernel.Nary.InterfaceInstances; axioms=[propext,
 Quot.sound]
AXIOM AUDIT theorem: DefiKernel.Nary.InterfaceInstances.f18_execute_after1._proof_1_1; module=DefiKernel.Nary.InterfaceInstances; axioms=[propext,
 Classical.choice,
 Quot.sound]
AXIOM AUDIT theorem: DefiKernel.Nary.InterfaceInstances.f18_execute_after2._proof_1_1; module=DefiKernel.Nary.InterfaceInstances; axioms=[propext,
 Classical.choice,
 Quot.sound]
AXIOM AUDIT theorem: DefiKernel.Nary.InterfaceInstances.f18_execute_initial._proof_1_1; module=DefiKernel.Nary.InterfaceInstances; axioms=[propext,
 Classical.choice,
 Quot.sound]
AXIOM AUDIT theorem: DefiKernel.Nary.InterfaceInstances.f18_initialized_sum._proof_1_1; module=DefiKernel.Nary.InterfaceInstances; axioms=[propext,
 Classical.choice,
 Quot.sound]
AXIOM AUDIT theorem: DefiKernel.Nary.InterfaceInstances.f18_prefix_eq_expected._proof_1_1; module=DefiKernel.Nary.InterfaceInstances; axioms=[propext,
 Classical.choice,
 Quot.sound]
AXIOM AUDIT theorem: DefiKernel.Nary.InterfaceInstances.f18_prefix_eq_expected._proof_1_2; module=DefiKernel.Nary.InterfaceInstances; axioms=[propext,
 Classical.choice,
 Quot.sound]
AXIOM AUDIT theorem: DefiKernel.Nary.InterfaceInstances.f18_prefix_eq_expected._proof_1_3; module=DefiKernel.Nary.InterfaceInstances; axioms=[propext,
 Classical.choice,
 Quot.sound]
AXIOM AUDIT theorem: DefiKernel.Nary.InterfaceInstances.f18_prefix_eq_expected._proof_1_4; module=DefiKernel.Nary.InterfaceInstances; axioms=[propext,
 Classical.choice,
 Quot.sound]
AXIOM AUDIT theorem: DefiKernel.Nary.InterfaceInstances.f18_prefix_eq_expected._proof_1_5; module=DefiKernel.Nary.InterfaceInstances; axioms=[propext,
 Classical.choice,
 Quot.sound]
AXIOM AUDIT theorem: DefiKernel.Nary.InterfaceInstances.f18_prefix_eq_expected._proof_1_6; module=DefiKernel.Nary.InterfaceInstances; axioms=[propext,
 Classical.choice,
 Quot.sound]
AXIOM AUDIT theorem: DefiKernel.Nary.InterfaceInstances.f18_receipt_delta_zero._proof_1_1; module=DefiKernel.Nary.InterfaceInstances; axioms=[propext,
 Classical.choice,
 Quot.sound]
AXIOM AUDIT theorem: DefiKernel.Nary.InterfaceInstances.f18_receipt_effects._proof_1_1; module=DefiKernel.Nary.InterfaceInstances; axioms=[propext,
 Classical.choice,
 Quot.sound]
AXIOM AUDIT theorem: DefiKernel.Nary.InterfaceInstances.f18_world_balances._proof_1_1; module=DefiKernel.Nary.InterfaceInstances; axioms=[propext,
 Classical.choice,
 Quot.sound]
AXIOM AUDIT theorem: DefiKernel.Nary.InterfaceInstances.f19_balances._proof_1_3; module=DefiKernel.Nary.InterfaceInstances; axioms=[propext,
 Classical.choice,
 Quot.sound]
AXIOM AUDIT theorem: DefiKernel.Nary.InterfaceInstances.f19_execute._proof_1_1; module=DefiKernel.Nary.InterfaceInstances; axioms=[propext,
 Classical.choice,
 Quot.sound]
AXIOM AUDIT theorem: DefiKernel.Nary.InterfaceInstances.f19_prefix_eq_expected._proof_1_1; module=DefiKernel.Nary.InterfaceInstances; axioms=[propext,
 Classical.choice,
 Quot.sound]
AXIOM AUDIT theorem: DefiKernel.Nary.InterfaceInstances.f19_receipt_effects._proof_1_1; module=DefiKernel.Nary.InterfaceInstances; axioms=[propext,
 Classical.choice,
 Quot.sound]
AXIOM AUDIT theorem: DefiKernel.Nary.InterfaceInstances.f19_runNary_query._proof_1_3; module=DefiKernel.Nary.InterfaceInstances; axioms=[propext,
 Classical.choice,
 Quot.sound]
AXIOM AUDIT theorem: DefiKernel.Nary.InterfaceInstances.f19_runNary_query._proof_1_4; module=DefiKernel.Nary.InterfaceInstances; axioms=[propext,
 Classical.choice,
 Quot.sound]
AXIOM AUDIT theorem: DefiKernel.Nary.InterfaceInstances.f19_runNary_query._proof_1_5; module=DefiKernel.Nary.InterfaceInstances; axioms=[propext,
 Classical.choice,
 Quot.sound]
AXIOM AUDIT theorem: DefiKernel.Nary.InterfaceInstances.f19_total_holds._proof_1_1; module=DefiKernel.Nary.InterfaceInstances; axioms=[propext,
 Classical.choice,
 Quot.sound]
AXIOM AUDIT theorem: DefiKernel.Nary.InterfaceInstances.vaultReserve.eq_1; module=DefiKernel.Nary.InterfaceInstances; axioms=[propext,
 Quot.sound]
AXIOM AUDIT theorem: DefiKernel.Nary.Machine.accept.eq_1; module=DefiKernel.Nary.Execution; axioms=[propext, Quot.sound]
AXIOM AUDIT theorem: DefiKernel.Nary.Machine.cellEffect.congr_simp; module=DefiKernel.Nary.Preservation; axioms=[propext,
 Classical.choice,
 Quot.sound]
AXIOM AUDIT theorem: DefiKernel.Nary.Machine.cellEffect.eq_1; module=DefiKernel.Nary.Preservation; axioms=[propext,
 Classical.choice,
 Quot.sound]
AXIOM AUDIT theorem: DefiKernel.Nary.Machine.mk.inj; module=DefiKernel.Nary.Execution; axioms=[propext, Quot.sound]
AXIOM AUDIT theorem: DefiKernel.Nary.Machine.mk.injEq; module=DefiKernel.Nary.Execution; axioms=[propext, Quot.sound]
AXIOM AUDIT theorem: DefiKernel.Nary.Machine.mk.sizeOf_spec; module=DefiKernel.Nary.Execution; axioms=[propext,
 Quot.sound]
AXIOM AUDIT theorem: DefiKernel.Nary.Machine.refuse.eq_1; module=DefiKernel.Nary.Execution; axioms=[propext, Quot.sound]
AXIOM AUDIT theorem: DefiKernel.Nary.Machine.setLocal.eq_1; module=DefiKernel.Nary.Execution; axioms=[propext,
 Quot.sound]
AXIOM AUDIT theorem: DefiKernel.Nary.Machine.skip.eq_1; module=DefiKernel.Nary.Execution; axioms=[propext, Quot.sound]
AXIOM AUDIT theorem: DefiKernel.Nary.Machine.supply.eq_1; module=DefiKernel.Nary.Preservation; axioms=[propext,
 Classical.choice,
 Quot.sound]
AXIOM AUDIT theorem: DefiKernel.Nary.Machine.writes.eq_1; module=DefiKernel.Nary.Preservation; axioms=[propext,
 Quot.sound]
AXIOM AUDIT theorem: DefiKernel.Nary.MonitorInput.mk.inj; module=DefiKernel.Nary.CausalRuntime; axioms=[propext,
 Quot.sound]
AXIOM AUDIT theorem: DefiKernel.Nary.MonitorInput.mk.injEq; module=DefiKernel.Nary.CausalRuntime; axioms=[propext,
 Quot.sound]
AXIOM AUDIT theorem: DefiKernel.Nary.MonitorInput.mk.sizeOf_spec; module=DefiKernel.Nary.CausalRuntime; axioms=[propext,
 Quot.sound]
AXIOM AUDIT theorem: DefiKernel.Nary.Result.executed.inj; module=DefiKernel.Nary.Execution; axioms=[propext, Quot.sound]
AXIOM AUDIT theorem: DefiKernel.Nary.Result.executed.injEq; module=DefiKernel.Nary.Execution; axioms=[propext,
 Quot.sound]
AXIOM AUDIT theorem: DefiKernel.Nary.Result.executed.sizeOf_spec; module=DefiKernel.Nary.Execution; axioms=[propext,
 Quot.sound]
AXIOM AUDIT theorem: DefiKernel.Nary.Result.refused.inj; module=DefiKernel.Nary.Execution; axioms=[propext, Quot.sound]
AXIOM AUDIT theorem: DefiKernel.Nary.Result.refused.injEq; module=DefiKernel.Nary.Execution; axioms=[propext,
 Quot.sound]
AXIOM AUDIT theorem: DefiKernel.Nary.Result.refused.sizeOf_spec; module=DefiKernel.Nary.Execution; axioms=[propext,
 Quot.sound]
AXIOM AUDIT theorem: DefiKernel.Nary.Roster.empty._proof_1; module=DefiKernel.Nary.Schedule; axioms=[]
AXIOM AUDIT theorem: DefiKernel.Nary.Roster.mk.congr_simp; module=DefiKernel.Nary.BinaryCorrespondence; axioms=[]
AXIOM AUDIT theorem: DefiKernel.Nary.Roster.mk.inj; module=DefiKernel.Nary.Schedule; axioms=[]
AXIOM AUDIT theorem: DefiKernel.Nary.Roster.mk.injEq; module=DefiKernel.Nary.Schedule; axioms=[propext]
AXIOM AUDIT theorem: DefiKernel.Nary.Roster.mk.sizeOf_spec; module=DefiKernel.Nary.Schedule; axioms=[]
AXIOM AUDIT theorem: DefiKernel.Nary.Roster.singleton._proof_1; module=DefiKernel.Nary.Schedule; axioms=[propext]
AXIOM AUDIT theorem: DefiKernel.Nary.ScheduleMismatch.mk.inj; module=DefiKernel.Nary.Schedule; axioms=[]
AXIOM AUDIT theorem: DefiKernel.Nary.ScheduleMismatch.mk.injEq; module=DefiKernel.Nary.Schedule; axioms=[propext]
AXIOM AUDIT theorem: DefiKernel.Nary.ScheduleMismatch.mk.sizeOf_spec; module=DefiKernel.Nary.Schedule; axioms=[]
AXIOM AUDIT theorem: DefiKernel.Nary.Tests.f05SharedRun._proof_1; module=DefiKernel.Nary.Tests; axioms=[propext]
AXIOM AUDIT theorem: DefiKernel.Nary.Tests.noFailures._proof_1; module=DefiKernel.Nary.Tests; axioms=[propext]
AXIOM AUDIT theorem: DefiKernel.Nary.eventsEq._sparseCasesOn_1.else_eq; module=DefiKernel.Nary.Observation; axioms=[propext]
AXIOM AUDIT theorem: DefiKernel.Nary.eventsEq._sparseCasesOn_2.else_eq; module=DefiKernel.Nary.Observation; axioms=[propext]
AXIOM AUDIT theorem: DefiKernel.Nary.instDecidableEqAdmissionFailure.decEq._proof_1; module=DefiKernel.Nary.Schedule; axioms=[]
AXIOM AUDIT theorem: DefiKernel.Nary.instDecidableEqAdmissionFailure.decEq._proof_10; module=DefiKernel.Nary.Schedule; axioms=[]
AXIOM AUDIT theorem: DefiKernel.Nary.instDecidableEqAdmissionFailure.decEq._proof_11; module=DefiKernel.Nary.Schedule; axioms=[]
AXIOM AUDIT theorem: DefiKernel.Nary.instDecidableEqAdmissionFailure.decEq._proof_12; module=DefiKernel.Nary.Schedule; axioms=[]
AXIOM AUDIT theorem: DefiKernel.Nary.instDecidableEqAdmissionFailure.decEq._proof_2; module=DefiKernel.Nary.Schedule; axioms=[]
AXIOM AUDIT theorem: DefiKernel.Nary.instDecidableEqAdmissionFailure.decEq._proof_3; module=DefiKernel.Nary.Schedule; axioms=[]
AXIOM AUDIT theorem: DefiKernel.Nary.instDecidableEqAdmissionFailure.decEq._proof_4; module=DefiKernel.Nary.Schedule; axioms=[]
AXIOM AUDIT theorem: DefiKernel.Nary.instDecidableEqAdmissionFailure.decEq._proof_5; module=DefiKernel.Nary.Schedule; axioms=[]
AXIOM AUDIT theorem: DefiKernel.Nary.instDecidableEqAdmissionFailure.decEq._proof_6; module=DefiKernel.Nary.Schedule; axioms=[]
AXIOM AUDIT theorem: DefiKernel.Nary.instDecidableEqAdmissionFailure.decEq._proof_7; module=DefiKernel.Nary.Schedule; axioms=[]
AXIOM AUDIT theorem: DefiKernel.Nary.instDecidableEqAdmissionFailure.decEq._proof_8; module=DefiKernel.Nary.Schedule; axioms=[]
AXIOM AUDIT theorem: DefiKernel.Nary.instDecidableEqAdmissionFailure.decEq._proof_9; module=DefiKernel.Nary.Schedule; axioms=[]
AXIOM AUDIT theorem: DefiKernel.Nary.instDecidableEqScheduleMismatch.decEq._proof_1; module=DefiKernel.Nary.Schedule; axioms=[]
AXIOM AUDIT theorem: DefiKernel.Nary.instDecidableEqScheduleMismatch.decEq._proof_2; module=DefiKernel.Nary.Schedule; axioms=[]
AXIOM AUDIT theorem: DefiKernel.Nary.instDecidableEqScheduleMismatch.decEq._proof_3; module=DefiKernel.Nary.Schedule; axioms=[]
AXIOM AUDIT theorem: DefiKernel.Nary.instDecidableEqScheduleMismatch.decEq._proof_4; module=DefiKernel.Nary.Schedule; axioms=[]
AXIOM AUDIT theorem: DefiKernel.Nary.interleavingResultEq._sparseCasesOn_1.else_eq; module=DefiKernel.Nary.BinaryCorrespondence; axioms=[propext,
 Quot.sound]
AXIOM AUDIT theorem: DefiKernel.Nary.interleavingResultEq._sparseCasesOn_2.else_eq; module=DefiKernel.Nary.BinaryCorrespondence; axioms=[propext,
 Quot.sound]
AXIOM AUDIT theorem: DefiKernel.Nary.outcomeEq._sparseCasesOn_1.else_eq; module=DefiKernel.Nary.Observation; axioms=[propext]
AXIOM AUDIT theorem: DefiKernel.Nary.outcomeEq._sparseCasesOn_2.else_eq; module=DefiKernel.Nary.Observation; axioms=[propext]
AXIOM AUDIT theorem: DefiKernel.Nary.projectAdmitSuccess._sparseCasesOn_1.else_eq; module=DefiKernel.Nary.BinaryCorrespondence; axioms=[propext]
AXIOM AUDIT theorem: DefiKernel.Nary.projectAdmitSuccess._sparseCasesOn_2.else_eq; module=DefiKernel.Nary.BinaryCorrespondence; axioms=[propext]
AXIOM AUDIT theorem: DefiKernel.Nary.resultEq._sparseCasesOn_1.else_eq; module=DefiKernel.Nary.Observation; axioms=[propext,
 Quot.sound]
AXIOM AUDIT theorem: DefiKernel.Nary.resultEq._sparseCasesOn_2.else_eq; module=DefiKernel.Nary.Observation; axioms=[propext,
 Quot.sound]
AXIOM AUDIT theorem: DefiKernel.Typed.Args.check.eq_1; module=DefiKernel.Nary.FundedCausal; axioms=[propext]
AXIOM AUDIT theorem: DefiKernel.Typed.Args.check.eq_2; module=DefiKernel.Nary.FundedCausal; axioms=[propext]
AXIOM AUDIT theorem: DefiKernel.Typed.Args.check.eq_3; module=DefiKernel.Nary.FundedCausal; axioms=[propext]
AXIOM AUDIT theorem: DefiKernel.Typed.Args.check.eq_def; module=DefiKernel.Nary.FundedCausal; axioms=[propext]
AXIOM AUDIT theorem: DefiKernel.Typed.Args.get.eq_1; module=DefiKernel.Nary.FundedEnabledness; axioms=[]
AXIOM AUDIT theorem: DefiKernel.Typed.Args.get.eq_2; module=DefiKernel.Nary.FundedEnabledness; axioms=[]
AXIOM AUDIT theorem: DefiKernel.Typed.Args.get.eq_def; module=DefiKernel.Nary.FundedEnabledness; axioms=[]
AXIOM AUDIT theorem: DefiKernel.Typed.BinaryOp.eval.eq_1; module=DefiKernel.Nary.FundedEnabledness; axioms=[propext,
 Classical.choice,
 Quot.sound]
AXIOM AUDIT theorem: DefiKernel.Typed.BinaryOp.eval.eq_10; module=DefiKernel.Nary.FundedEnabledness; axioms=[propext,
 Classical.choice,
 Quot.sound]
AXIOM AUDIT theorem: DefiKernel.Typed.BinaryOp.eval.eq_11; module=DefiKernel.Nary.FundedEnabledness; axioms=[propext,
 Classical.choice,
 Quot.sound]
AXIOM AUDIT theorem: DefiKernel.Typed.BinaryOp.eval.eq_12; module=DefiKernel.Nary.FundedEnabledness; axioms=[propext,
 Classical.choice,
 Quot.sound]
AXIOM AUDIT theorem: DefiKernel.Typed.BinaryOp.eval.eq_2; module=DefiKernel.Nary.FundedEnabledness; axioms=[propext,
 Classical.choice,
 Quot.sound]
AXIOM AUDIT theorem: DefiKernel.Typed.BinaryOp.eval.eq_3; module=DefiKernel.Nary.FundedEnabledness; axioms=[propext,
 Classical.choice,
 Quot.sound]
AXIOM AUDIT theorem: DefiKernel.Typed.BinaryOp.eval.eq_4; module=DefiKernel.Nary.FundedEnabledness; axioms=[propext,
 Classical.choice,
 Quot.sound]
AXIOM AUDIT theorem: DefiKernel.Typed.BinaryOp.eval.eq_5; module=DefiKernel.Nary.FundedEnabledness; axioms=[propext,
 Classical.choice,
 Quot.sound]
AXIOM AUDIT theorem: DefiKernel.Typed.BinaryOp.eval.eq_6; module=DefiKernel.Nary.FundedEnabledness; axioms=[propext,
 Classical.choice,
 Quot.sound]
AXIOM AUDIT theorem: DefiKernel.Typed.BinaryOp.eval.eq_7; module=DefiKernel.Nary.FundedEnabledness; axioms=[propext,
 Classical.choice,
 Quot.sound]
AXIOM AUDIT theorem: DefiKernel.Typed.BinaryOp.eval.eq_8; module=DefiKernel.Nary.FundedEnabledness; axioms=[propext,
 Classical.choice,
 Quot.sound]
AXIOM AUDIT theorem: DefiKernel.Typed.BinaryOp.eval.eq_9; module=DefiKernel.Nary.FundedEnabledness; axioms=[propext,
 Classical.choice,
 Quot.sound]
AXIOM AUDIT theorem: DefiKernel.Typed.CellRef.resolve.eq_1; module=DefiKernel.Nary.FundedEnabledness; axioms=[propext]
AXIOM AUDIT theorem: DefiKernel.Typed.Evaluated.accountingOK.eq_1; module=DefiKernel.Nary.FundedEnabledness; axioms=[propext,
 Classical.choice,
 Quot.sound]
AXIOM AUDIT theorem: DefiKernel.Typed.Evaluated.debitsOK.eq_1; module=DefiKernel.Nary.FundedEnabledness; axioms=[propext,
 Classical.choice,
 Quot.sound]
AXIOM AUDIT theorem: DefiKernel.Typed.Evaluated.domainOK.eq_1; module=DefiKernel.Nary.FundedEnabledness; axioms=[propext,
 Classical.choice,
 Quot.sound]
AXIOM AUDIT theorem: DefiKernel.Typed.Evaluated.suppliesOK.eq_1; module=DefiKernel.Nary.FundedEnabledness; axioms=[propext,
 Classical.choice,
 Quot.sound]
AXIOM AUDIT theorem: DefiKernel.Typed.Evaluated.writesOK.eq_1; module=DefiKernel.Nary.FundedEnabledness; axioms=[propext,
 Classical.choice,
 Quot.sound]
AXIOM AUDIT theorem: DefiKernel.Typed.PartyRef.resolve.eq_1; module=DefiKernel.Nary.FundedEnabledness; axioms=[propext]
AXIOM AUDIT theorem: DefiKernel.Typed.PartyRef.resolve.eq_2; module=DefiKernel.Nary.FundedEnabledness; axioms=[propext]
AXIOM AUDIT theorem: DefiKernel.Typed.PartyRef.resolve.eq_3; module=DefiKernel.Nary.FundedEnabledness; axioms=[propext]
AXIOM AUDIT theorem: DefiKernel.Typed.Template.evaluate.eq_1; module=DefiKernel.Nary.FundedCausal; axioms=[propext,
 Classical.choice,
 Quot.sound]
AXIOM AUDIT theorem: DefiKernel.Typed.Template.requiredEnvReads.eq_1; module=DefiKernel.Nary.FundedEnabledness; axioms=[]
AXIOM AUDIT theorem: DefiKernel.Typed.Template.requiredStateReads.eq_1; module=DefiKernel.Nary.FundedEnabledness; axioms=[]
AXIOM AUDIT theorem: DefiKernel.Typed.UnaryOp.eval.eq_1; module=DefiKernel.Nary.FundedEnabledness; axioms=[]
AXIOM AUDIT theorem: DefiKernel.Typed.UnaryOp.eval.eq_2; module=DefiKernel.Nary.FundedEnabledness; axioms=[]
AXIOM AUDIT theorem: _private.DefiKernel.Nary.BinaryCorrespondence.0.DefiKernel.Interleaving.advance.match_1.eq_1; module=DefiKernel.Nary.BinaryCorrespondence; axioms=[]
AXIOM AUDIT theorem: _private.DefiKernel.Nary.BinaryCorrespondence.0.DefiKernel.Interleaving.advance.match_1.eq_2; module=DefiKernel.Nary.BinaryCorrespondence; axioms=[]
AXIOM AUDIT theorem: _private.DefiKernel.Nary.BinaryCorrespondence.0.DefiKernel.Interleaving.runInterleaving.match_1.eq_1; module=DefiKernel.Nary.BinaryCorrespondence; axioms=[]
AXIOM AUDIT theorem: _private.DefiKernel.Nary.BinaryCorrespondence.0.DefiKernel.Interleaving.runInterleaving.match_1.eq_2; module=DefiKernel.Nary.BinaryCorrespondence; axioms=[]
AXIOM AUDIT theorem: _private.DefiKernel.Nary.BinaryCorrespondence.0.DefiKernel.Nary.admit_correspondence.match_1.eq_1; module=DefiKernel.Nary.BinaryCorrespondence; axioms=[]
AXIOM AUDIT theorem: _private.DefiKernel.Nary.BinaryCorrespondence.0.DefiKernel.Nary.admit_correspondence.match_1.eq_2; module=DefiKernel.Nary.BinaryCorrespondence; axioms=[]
AXIOM AUDIT theorem: _private.DefiKernel.Nary.BinaryCorrespondence.0.DefiKernel.Nary.admit_correspondence.match_3.eq_1; module=DefiKernel.Nary.BinaryCorrespondence; axioms=[]
AXIOM AUDIT theorem: _private.DefiKernel.Nary.BinaryCorrespondence.0.DefiKernel.Nary.admit_correspondence.match_3.eq_2; module=DefiKernel.Nary.BinaryCorrespondence; axioms=[]
AXIOM AUDIT theorem: _private.DefiKernel.Nary.BinaryCorrespondence.0.DefiKernel.Nary.advance.match_1.eq_1; module=DefiKernel.Nary.BinaryCorrespondence; axioms=[]
AXIOM AUDIT theorem: _private.DefiKernel.Nary.BinaryCorrespondence.0.DefiKernel.Nary.advance.match_1.eq_2; module=DefiKernel.Nary.BinaryCorrespondence; axioms=[]
AXIOM AUDIT theorem: _private.DefiKernel.Nary.BinaryCorrespondence.0.DefiKernel.Nary.analyzeAll.match_1.eq_1; module=DefiKernel.Nary.BinaryCorrespondence; axioms=[]
AXIOM AUDIT theorem: _private.DefiKernel.Nary.BinaryCorrespondence.0.DefiKernel.Nary.analyzeAll.match_1.eq_2; module=DefiKernel.Nary.BinaryCorrespondence; axioms=[]
AXIOM AUDIT theorem: _private.DefiKernel.Nary.BinaryCorrespondence.0.DefiKernel.Nary.analyzeAll_binary.match_1.eq_1; module=DefiKernel.Nary.BinaryCorrespondence; axioms=[]
AXIOM AUDIT theorem: _private.DefiKernel.Nary.BinaryCorrespondence.0.DefiKernel.Nary.analyzeAll_binary.match_1.eq_2; module=DefiKernel.Nary.BinaryCorrespondence; axioms=[]
AXIOM AUDIT theorem: _private.DefiKernel.Nary.BinaryCorrespondence.0.DefiKernel.Nary.analyzeAll_cons_ok.match_1.eq_1; module=DefiKernel.Nary.BinaryCorrespondence; axioms=[]
AXIOM AUDIT theorem: _private.DefiKernel.Nary.BinaryCorrespondence.0.DefiKernel.Nary.analyzeAll_cons_ok.match_1.eq_2; module=DefiKernel.Nary.BinaryCorrespondence; axioms=[]
AXIOM AUDIT theorem: _private.DefiKernel.Nary.BinaryCorrespondence.0.DefiKernel.Nary.failedAttempt.match_1.eq_1; module=DefiKernel.Nary.BinaryCorrespondence; axioms=[propext,
 Quot.sound]
AXIOM AUDIT theorem: _private.DefiKernel.Nary.BinaryCorrespondence.0.DefiKernel.Nary.failedAttempt.match_1.eq_2; module=DefiKernel.Nary.BinaryCorrespondence; axioms=[propext,
 Quot.sound]
AXIOM AUDIT theorem: _private.DefiKernel.Nary.BinaryCorrespondence.0.DefiKernel.Nary.interleavingAttemptsEq.match_1.eq_1; module=DefiKernel.Nary.BinaryCorrespondence; axioms=[propext,
 Quot.sound]
AXIOM AUDIT theorem: _private.DefiKernel.Nary.BinaryCorrespondence.0.DefiKernel.Nary.interleavingAttemptsEq.match_1.eq_2; module=DefiKernel.Nary.BinaryCorrespondence; axioms=[propext,
 Quot.sound]
AXIOM AUDIT theorem: _private.DefiKernel.Nary.BinaryCorrespondence.0.DefiKernel.Nary.interleavingAttemptsEq.match_1.eq_3; module=DefiKernel.Nary.BinaryCorrespondence; axioms=[propext,
 Quot.sound]
AXIOM AUDIT theorem: _private.DefiKernel.Nary.BinaryCorrespondence.0.DefiKernel.Nary.interleavingResultEq.match_1.eq_1; module=DefiKernel.Nary.BinaryCorrespondence; axioms=[propext,
 Quot.sound]
AXIOM AUDIT theorem: _private.DefiKernel.Nary.BinaryCorrespondence.0.DefiKernel.Nary.interleavingResultEq.match_1.eq_2; module=DefiKernel.Nary.BinaryCorrespondence; axioms=[propext,
 Quot.sound]
AXIOM AUDIT theorem: _private.DefiKernel.Nary.BinaryCorrespondence.0.DefiKernel.Nary.interleavingResultEq.match_1.eq_3; module=DefiKernel.Nary.BinaryCorrespondence; axioms=[propext,
 Quot.sound]
AXIOM AUDIT theorem: _private.DefiKernel.Nary.BinaryCorrespondence.0.DefiKernel.Nary.ofBinaryBranches.match_1.eq_1; module=DefiKernel.Nary.BinaryCorrespondence; axioms=[]
AXIOM AUDIT theorem: _private.DefiKernel.Nary.BinaryCorrespondence.0.DefiKernel.Nary.ofBinaryBranches.match_1.eq_2; module=DefiKernel.Nary.BinaryCorrespondence; axioms=[]
AXIOM AUDIT theorem: _private.DefiKernel.Nary.BinaryCorrespondence.0.DefiKernel.Nary.projectAdmissionFailure.match_1.eq_1; module=DefiKernel.Nary.BinaryCorrespondence; axioms=[]
AXIOM AUDIT theorem: _private.DefiKernel.Nary.BinaryCorrespondence.0.DefiKernel.Nary.projectAdmissionFailure.match_1.eq_2; module=DefiKernel.Nary.BinaryCorrespondence; axioms=[]
AXIOM AUDIT theorem: _private.DefiKernel.Nary.BinaryCorrespondence.0.DefiKernel.Nary.projectAdmissionFailure.match_1.eq_3; module=DefiKernel.Nary.BinaryCorrespondence; axioms=[]
AXIOM AUDIT theorem: _private.DefiKernel.Nary.BinaryCorrespondence.0.DefiKernel.Nary.projectAdmitSuccess.match_1.eq_1; module=DefiKernel.Nary.BinaryCorrespondence; axioms=[propext]
AXIOM AUDIT theorem: _private.DefiKernel.Nary.BinaryCorrespondence.0.DefiKernel.Nary.projectAdmitSuccess.match_1.eq_2; module=DefiKernel.Nary.BinaryCorrespondence; axioms=[propext]
AXIOM AUDIT theorem: _private.DefiKernel.Nary.BinaryCorrespondence.0.DefiKernel.Nary.toBinaryResult.match_1.eq_1; module=DefiKernel.Nary.BinaryCorrespondence; axioms=[propext,
 Quot.sound]
AXIOM AUDIT theorem: _private.DefiKernel.Nary.BinaryCorrespondence.0.DefiKernel.Nary.toBinaryResult.match_1.eq_2; module=DefiKernel.Nary.BinaryCorrespondence; axioms=[propext,
 Quot.sound]
AXIOM AUDIT theorem: _private.DefiKernel.Nary.Causal.0.DefiKernel.Nary.advance.match_1.eq_1; module=DefiKernel.Nary.Causal; axioms=[]
AXIOM AUDIT theorem: _private.DefiKernel.Nary.Causal.0.DefiKernel.Nary.advance.match_1.eq_2; module=DefiKernel.Nary.Causal; axioms=[]
AXIOM AUDIT theorem: _private.DefiKernel.Nary.Causal.0.DefiKernel.Nary.failedAttempt.match_1.eq_1; module=DefiKernel.Nary.Causal; axioms=[propext,
 Quot.sound]
AXIOM AUDIT theorem: _private.DefiKernel.Nary.Causal.0.DefiKernel.Nary.failedAttempt.match_1.eq_2; module=DefiKernel.Nary.Causal; axioms=[propext,
 Quot.sound]
AXIOM AUDIT theorem: _private.DefiKernel.Nary.FundedCausal.0.DefiKernel.Interface.receiptCellEffect.match_1.eq_1; module=DefiKernel.Nary.FundedCausal; axioms=[]
AXIOM AUDIT theorem: _private.DefiKernel.Nary.FundedCausal.0.DefiKernel.Interface.receiptCellEffect.match_1.eq_2; module=DefiKernel.Nary.FundedCausal; axioms=[]
AXIOM AUDIT theorem: _private.DefiKernel.Nary.FundedCausal.0.DefiKernel.Interface.receiptCellEffect.match_1.eq_3; module=DefiKernel.Nary.FundedCausal; axioms=[]
AXIOM AUDIT theorem: _private.DefiKernel.Nary.FundedCompanions.0.DefiKernel.Interface.receiptCellEffect.match_1.eq_1; module=DefiKernel.Nary.FundedCompanions; axioms=[]
AXIOM AUDIT theorem: _private.DefiKernel.Nary.FundedCompanions.0.DefiKernel.Interface.receiptCellEffect.match_1.eq_2; module=DefiKernel.Nary.FundedCompanions; axioms=[]
AXIOM AUDIT theorem: _private.DefiKernel.Nary.FundedCompanions.0.DefiKernel.Interface.receiptCellEffect.match_1.eq_3; module=DefiKernel.Nary.FundedCompanions; axioms=[]
AXIOM AUDIT theorem: _private.DefiKernel.Nary.FundedEnabledness.0.DefiKernel.Composition.prepareInvocation.match_3.eq_1; module=DefiKernel.Nary.FundedEnabledness; axioms=[]
AXIOM AUDIT theorem: _private.DefiKernel.Nary.FundedEnabledness.0.DefiKernel.Composition.prepareInvocation.match_3.eq_2; module=DefiKernel.Nary.FundedEnabledness; axioms=[]
AXIOM AUDIT theorem: _private.DefiKernel.Nary.FundedEnabledness.0.DefiKernel.Typed.numericRat.match_1.eq_1; module=DefiKernel.Nary.FundedEnabledness; axioms=[]
AXIOM AUDIT theorem: _private.DefiKernel.Nary.FundedEnabledness.0.DefiKernel.Typed.numericRat.match_1.eq_2; module=DefiKernel.Nary.FundedEnabledness; axioms=[]
AXIOM AUDIT theorem: _private.DefiKernel.Nary.FundedEnabledness.0.DefiKernel.Typed.numericRat.match_1.eq_3; module=DefiKernel.Nary.FundedEnabledness; axioms=[]
AXIOM AUDIT theorem: _private.DefiKernel.Nary.Observation.0.DefiKernel.Nary.attemptsEq.match_1.eq_1; module=DefiKernel.Nary.Observation; axioms=[propext,
 Quot.sound]
AXIOM AUDIT theorem: _private.DefiKernel.Nary.Observation.0.DefiKernel.Nary.attemptsEq.match_1.eq_2; module=DefiKernel.Nary.Observation; axioms=[propext,
 Quot.sound]
AXIOM AUDIT theorem: _private.DefiKernel.Nary.Observation.0.DefiKernel.Nary.attemptsEq.match_1.eq_3; module=DefiKernel.Nary.Observation; axioms=[propext,
 Quot.sound]
AXIOM AUDIT theorem: _private.DefiKernel.Nary.Observation.0.DefiKernel.Nary.eventsEq.match_1.eq_1; module=DefiKernel.Nary.Observation; axioms=[propext,
 Quot.sound]
AXIOM AUDIT theorem: _private.DefiKernel.Nary.Observation.0.DefiKernel.Nary.eventsEq.match_1.eq_2; module=DefiKernel.Nary.Observation; axioms=[propext,
 Quot.sound]
AXIOM AUDIT theorem: _private.DefiKernel.Nary.Observation.0.DefiKernel.Nary.eventsEq.match_1.eq_3; module=DefiKernel.Nary.Observation; axioms=[propext,
 Quot.sound]
AXIOM AUDIT theorem: _private.DefiKernel.Nary.Observation.0.DefiKernel.Nary.localsEq.match_1.eq_1; module=DefiKernel.Nary.Observation; axioms=[propext,
 Quot.sound]
AXIOM AUDIT theorem: _private.DefiKernel.Nary.Observation.0.DefiKernel.Nary.localsEq.match_1.eq_2; module=DefiKernel.Nary.Observation; axioms=[propext,
 Quot.sound]
AXIOM AUDIT theorem: _private.DefiKernel.Nary.Observation.0.DefiKernel.Nary.outcomeEq.match_1.eq_1; module=DefiKernel.Nary.Observation; axioms=[propext,
 Quot.sound]
AXIOM AUDIT theorem: _private.DefiKernel.Nary.Observation.0.DefiKernel.Nary.outcomeEq.match_1.eq_2; module=DefiKernel.Nary.Observation; axioms=[propext,
 Quot.sound]
AXIOM AUDIT theorem: _private.DefiKernel.Nary.Observation.0.DefiKernel.Nary.outcomeEq.match_1.eq_3; module=DefiKernel.Nary.Observation; axioms=[propext,
 Quot.sound]
AXIOM AUDIT theorem: _private.DefiKernel.Nary.Observation.0.DefiKernel.Nary.resultEq.match_1.eq_1; module=DefiKernel.Nary.Observation; axioms=[propext,
 Quot.sound]
AXIOM AUDIT theorem: _private.DefiKernel.Nary.Observation.0.DefiKernel.Nary.resultEq.match_1.eq_2; module=DefiKernel.Nary.Observation; axioms=[propext,
 Quot.sound]
AXIOM AUDIT theorem: _private.DefiKernel.Nary.Observation.0.DefiKernel.Nary.resultEq.match_1.eq_3; module=DefiKernel.Nary.Observation; axioms=[propext,
 Quot.sound]
AXIOM AUDIT theorem: _private.DefiKernel.Nary.Schedule.0.DefiKernel.Nary.analyzeAll.match_1.eq_1; module=DefiKernel.Nary.Schedule; axioms=[]
AXIOM AUDIT theorem: _private.DefiKernel.Nary.Schedule.0.DefiKernel.Nary.analyzeAll.match_1.eq_2; module=DefiKernel.Nary.Schedule; axioms=[]
AXIOM AUDIT theorem: _private.DefiKernel.Nary.Schedule.0.DefiKernel.Nary.analyzeAll.match_3.eq_1; module=DefiKernel.Nary.Schedule; axioms=[]
AXIOM AUDIT theorem: _private.DefiKernel.Nary.Schedule.0.DefiKernel.Nary.analyzeAll.match_3.eq_2; module=DefiKernel.Nary.Schedule; axioms=[]
AXIOM AUDIT theorem: _private.DefiKernel.Nary.Schedule.0.DefiKernel.Nary.checkCountsFrom.match_1.eq_1; module=DefiKernel.Nary.Schedule; axioms=[]
AXIOM AUDIT theorem: _private.DefiKernel.Nary.Schedule.0.DefiKernel.Nary.checkCountsFrom.match_1.eq_2; module=DefiKernel.Nary.Schedule; axioms=[]
AXIOM AUDIT theorem: _private.DefiKernel.Nary.Trace.0.DefiKernel.Nary.successfulEvent.match_1.eq_1; module=DefiKernel.Nary.Trace; axioms=[propext,
 Quot.sound]
AXIOM AUDIT theorem: _private.DefiKernel.Nary.Trace.0.DefiKernel.Nary.successfulEvent.match_1.eq_2; module=DefiKernel.Nary.Trace; axioms=[propext,
 Quot.sound]
AXIOM AUDIT theorem: DefiKernel.Nary.Examples.Asset.eur.sizeOf_spec; module=DefiKernel.Nary.Examples; axioms=[]
AXIOM AUDIT theorem: DefiKernel.Nary.Examples.Asset.usd.sizeOf_spec; module=DefiKernel.Nary.Examples; axioms=[]
AXIOM AUDIT theorem: DefiKernel.Nary.Examples.Domain.away.sizeOf_spec; module=DefiKernel.Nary.Examples; axioms=[]
AXIOM AUDIT theorem: DefiKernel.Nary.Examples.Domain.home.sizeOf_spec; module=DefiKernel.Nary.Examples; axioms=[]
AXIOM AUDIT theorem: DefiKernel.Nary.Examples.EvidenceClass.actualRefusal.sizeOf_spec; module=DefiKernel.Nary.Examples; axioms=[]
AXIOM AUDIT theorem: DefiKernel.Nary.Examples.EvidenceClass.admissionRefusal.sizeOf_spec; module=DefiKernel.Nary.Examples; axioms=[]
AXIOM AUDIT theorem: DefiKernel.Nary.Examples.EvidenceClass.arbitraryEntry.sizeOf_spec; module=DefiKernel.Nary.Examples; axioms=[]
AXIOM AUDIT theorem: DefiKernel.Nary.Examples.EvidenceClass.arbitraryPrefix.sizeOf_spec; module=DefiKernel.Nary.Examples; axioms=[]
AXIOM AUDIT theorem: DefiKernel.Nary.Examples.EvidenceClass.binaryInstance.sizeOf_spec; module=DefiKernel.Nary.Examples; axioms=[]
AXIOM AUDIT theorem: DefiKernel.Nary.Examples.EvidenceClass.fundedExecution.sizeOf_spec; module=DefiKernel.Nary.Examples; axioms=[]
AXIOM AUDIT theorem: DefiKernel.Nary.Examples.EvidenceClass.fundedNegative.sizeOf_spec; module=DefiKernel.Nary.Examples; axioms=[]
AXIOM AUDIT theorem: DefiKernel.Nary.Examples.EvidenceClass.genericProofInstance.sizeOf_spec; module=DefiKernel.Nary.Examples; axioms=[]
AXIOM AUDIT theorem: DefiKernel.Nary.Examples.EvidenceClass.logicalCounterexample.sizeOf_spec; module=DefiKernel.Nary.Examples; axioms=[]
AXIOM AUDIT theorem: DefiKernel.Nary.Examples.EvidenceClass.m2Instance.sizeOf_spec; module=DefiKernel.Nary.Examples; axioms=[]
AXIOM AUDIT theorem: DefiKernel.Nary.Examples.EvidenceClass.m2Negative.sizeOf_spec; module=DefiKernel.Nary.Examples; axioms=[]
AXIOM AUDIT theorem: DefiKernel.Nary.Examples.EvidenceClass.snapshotProvenanceNegative.sizeOf_spec; module=DefiKernel.Nary.Examples; axioms=[]
AXIOM AUDIT theorem: DefiKernel.Nary.Examples.EvidenceClass.syntheticObservation.sizeOf_spec; module=DefiKernel.Nary.Examples; axioms=[]
AXIOM AUDIT theorem: DefiKernel.Nary.Examples.EvidenceClass.typedRoster.sizeOf_spec; module=DefiKernel.Nary.Examples; axioms=[]
AXIOM AUDIT theorem: DefiKernel.Nary.Examples.F10Row.mk.inj; module=DefiKernel.Nary.Examples; axioms=[]
AXIOM AUDIT theorem: DefiKernel.Nary.Examples.F10Row.mk.injEq; module=DefiKernel.Nary.Examples; axioms=[propext]
AXIOM AUDIT theorem: DefiKernel.Nary.Examples.F10Row.mk.sizeOf_spec; module=DefiKernel.Nary.Examples; axioms=[]
AXIOM AUDIT theorem: DefiKernel.Nary.Examples.Party.admin.sizeOf_spec; module=DefiKernel.Nary.Examples; axioms=[]
AXIOM AUDIT theorem: DefiKernel.Nary.Examples.Party.budget.sizeOf_spec; module=DefiKernel.Nary.Examples; axioms=[]
AXIOM AUDIT theorem: DefiKernel.Nary.Examples.Party.donor0.sizeOf_spec; module=DefiKernel.Nary.Examples; axioms=[]
AXIOM AUDIT theorem: DefiKernel.Nary.Examples.Party.donor1.sizeOf_spec; module=DefiKernel.Nary.Examples; axioms=[]
AXIOM AUDIT theorem: DefiKernel.Nary.Examples.Party.donor2.sizeOf_spec; module=DefiKernel.Nary.Examples; axioms=[]
AXIOM AUDIT theorem: DefiKernel.Nary.Examples.Party.recipient.sizeOf_spec; module=DefiKernel.Nary.Examples; axioms=[]
AXIOM AUDIT theorem: DefiKernel.Nary.Examples.Party.recipient1.sizeOf_spec; module=DefiKernel.Nary.Examples; axioms=[]
AXIOM AUDIT theorem: DefiKernel.Nary.Examples.Party.vault.sizeOf_spec; module=DefiKernel.Nary.Examples; axioms=[]
AXIOM AUDIT theorem: DefiKernel.Nary.Examples.ReserveObs.mk.inj; module=DefiKernel.Nary.Examples; axioms=[propext,
 Quot.sound]
AXIOM AUDIT theorem: DefiKernel.Nary.Examples.ReserveObs.mk.injEq; module=DefiKernel.Nary.Examples; axioms=[propext,
 Quot.sound]
AXIOM AUDIT theorem: DefiKernel.Nary.Examples.ReserveObs.mk.sizeOf_spec; module=DefiKernel.Nary.Examples; axioms=[propext,
 Quot.sound]
AXIOM AUDIT theorem: DefiKernel.Nary.Examples.ReservePhase.awaiting.sizeOf_spec; module=DefiKernel.Nary.Examples; axioms=[]
AXIOM AUDIT theorem: DefiKernel.Nary.Examples.ReservePhase.consumed.sizeOf_spec; module=DefiKernel.Nary.Examples; axioms=[]
AXIOM AUDIT theorem: DefiKernel.Nary.Examples.ReservePhase.ready6.sizeOf_spec; module=DefiKernel.Nary.Examples; axioms=[]
AXIOM AUDIT theorem: DefiKernel.Typed.Args.check._sparseCasesOn_1.else_eq; module=DefiKernel.Nary.FundedCausal; axioms=[propext]
AXIOM AUDIT theorem: DefiKernel.Typed.Args.check._sparseCasesOn_2.else_eq; module=DefiKernel.Nary.FundedCausal; axioms=[propext]
AXIOM AUDIT theorem: _private.DefiKernel.Nary.BinaryCorrespondence.0.DefiKernel.Interleaving.Attempt.supply.match_1.eq_1; module=DefiKernel.Nary.BinaryCorrespondence; axioms=[propext,
 Quot.sound]
AXIOM AUDIT theorem: _private.DefiKernel.Nary.BinaryCorrespondence.0.DefiKernel.Interleaving.Attempt.supply.match_1.eq_2; module=DefiKernel.Nary.BinaryCorrespondence; axioms=[propext,
 Quot.sound]
AXIOM AUDIT theorem: _private.DefiKernel.Nary.BinaryCorrespondence.0.DefiKernel.Interleaving.Machine.local.match_1.eq_1; module=DefiKernel.Nary.BinaryCorrespondence; axioms=[]
AXIOM AUDIT theorem: _private.DefiKernel.Nary.BinaryCorrespondence.0.DefiKernel.Interleaving.Machine.local.match_1.eq_2; module=DefiKernel.Nary.BinaryCorrespondence; axioms=[]
AXIOM AUDIT theorem: _private.DefiKernel.Nary.FundedCausal.0.DefiKernel.Nary.FundedCausal.fundedGuarantee.match_1.eq_1; module=DefiKernel.Nary.FundedCausal; axioms=[propext]
AXIOM AUDIT theorem: _private.DefiKernel.Nary.FundedCausal.0.DefiKernel.Nary.FundedCausal.fundedGuarantee.match_1.eq_2; module=DefiKernel.Nary.FundedCausal; axioms=[propext]
AXIOM AUDIT theorem: _private.DefiKernel.Nary.FundedCausal.0.DefiKernel.Nary.FundedCausal.fundedGuarantee.match_1.eq_3; module=DefiKernel.Nary.FundedCausal; axioms=[propext]
AXIOM AUDIT theorem: _private.DefiKernel.Nary.FundedCausal.0.DefiKernel.Nary.FundedCausal.phaseOf.match_1.eq_1; module=DefiKernel.Nary.FundedCausal; axioms=[]
AXIOM AUDIT theorem: _private.DefiKernel.Nary.FundedCausal.0.DefiKernel.Nary.FundedCausal.phaseOf.match_1.eq_2; module=DefiKernel.Nary.FundedCausal; axioms=[]
AXIOM AUDIT theorem: _private.DefiKernel.Nary.FundedCausal.0.DefiKernel.Nary.FundedCausal.phaseOf.match_1.eq_3; module=DefiKernel.Nary.FundedCausal; axioms=[]
AXIOM AUDIT theorem: _private.DefiKernel.Nary.FundedCausal.0.DefiKernel.Typed.Args.check.match_1.eq_1; module=DefiKernel.Nary.FundedCausal; axioms=[propext]
AXIOM AUDIT theorem: _private.DefiKernel.Nary.FundedCausal.0.DefiKernel.Typed.Args.check.match_1.eq_2; module=DefiKernel.Nary.FundedCausal; axioms=[propext]
AXIOM AUDIT theorem: _private.DefiKernel.Nary.FundedCausal.0.DefiKernel.Typed.Args.check.match_1.eq_3; module=DefiKernel.Nary.FundedCausal; axioms=[propext]
AXIOM AUDIT theorem: _private.DefiKernel.Nary.FundedEnabledness.0.DefiKernel.Nary.FundedEnabledness.consumer_delta_eval.match_1.eq_1; module=DefiKernel.Nary.FundedEnabledness; axioms=[propext,
 Quot.sound]
AXIOM AUDIT theorem: _private.DefiKernel.Nary.FundedEnabledness.0.DefiKernel.Nary.FundedEnabledness.consumer_delta_eval.match_1.eq_2; module=DefiKernel.Nary.FundedEnabledness; axioms=[propext,
 Quot.sound]
AXIOM AUDIT theorem: _private.DefiKernel.Nary.FundedEnabledness.0.DefiKernel.Nary.FundedEnabledness.consumer_delta_eval.match_3.eq_1; module=DefiKernel.Nary.FundedEnabledness; axioms=[]
AXIOM AUDIT theorem: _private.DefiKernel.Nary.FundedEnabledness.0.DefiKernel.Nary.FundedEnabledness.consumer_delta_eval.match_3.eq_2; module=DefiKernel.Nary.FundedEnabledness; axioms=[]
AXIOM AUDIT theorem: _private.DefiKernel.Nary.FundedEnabledness.0.DefiKernel.Typed.Args.get.match_1.eq_1; module=DefiKernel.Nary.FundedEnabledness; axioms=[]
AXIOM AUDIT theorem: _private.DefiKernel.Nary.FundedEnabledness.0.DefiKernel.Typed.Args.get.match_1.eq_2; module=DefiKernel.Nary.FundedEnabledness; axioms=[]
AXIOM AUDIT theorem: _private.DefiKernel.Nary.FundedEnabledness.0.DefiKernel.Typed.BinaryOp.eval.match_1.eq_1; module=DefiKernel.Nary.FundedEnabledness; axioms=[]
AXIOM AUDIT theorem: _private.DefiKernel.Nary.FundedEnabledness.0.DefiKernel.Typed.BinaryOp.eval.match_1.eq_10; module=DefiKernel.Nary.FundedEnabledness; axioms=[]
AXIOM AUDIT theorem: _private.DefiKernel.Nary.FundedEnabledness.0.DefiKernel.Typed.BinaryOp.eval.match_1.eq_11; module=DefiKernel.Nary.FundedEnabledness; axioms=[]
AXIOM AUDIT theorem: _private.DefiKernel.Nary.FundedEnabledness.0.DefiKernel.Typed.BinaryOp.eval.match_1.eq_12; module=DefiKernel.Nary.FundedEnabledness; axioms=[]
AXIOM AUDIT theorem: _private.DefiKernel.Nary.FundedEnabledness.0.DefiKernel.Typed.BinaryOp.eval.match_1.eq_2; module=DefiKernel.Nary.FundedEnabledness; axioms=[]
AXIOM AUDIT theorem: _private.DefiKernel.Nary.FundedEnabledness.0.DefiKernel.Typed.BinaryOp.eval.match_1.eq_3; module=DefiKernel.Nary.FundedEnabledness; axioms=[]
AXIOM AUDIT theorem: _private.DefiKernel.Nary.FundedEnabledness.0.DefiKernel.Typed.BinaryOp.eval.match_1.eq_4; module=DefiKernel.Nary.FundedEnabledness; axioms=[]
AXIOM AUDIT theorem: _private.DefiKernel.Nary.FundedEnabledness.0.DefiKernel.Typed.BinaryOp.eval.match_1.eq_5; module=DefiKernel.Nary.FundedEnabledness; axioms=[]
AXIOM AUDIT theorem: _private.DefiKernel.Nary.FundedEnabledness.0.DefiKernel.Typed.BinaryOp.eval.match_1.eq_6; module=DefiKernel.Nary.FundedEnabledness; axioms=[]
AXIOM AUDIT theorem: _private.DefiKernel.Nary.FundedEnabledness.0.DefiKernel.Typed.BinaryOp.eval.match_1.eq_7; module=DefiKernel.Nary.FundedEnabledness; axioms=[]
AXIOM AUDIT theorem: _private.DefiKernel.Nary.FundedEnabledness.0.DefiKernel.Typed.BinaryOp.eval.match_1.eq_8; module=DefiKernel.Nary.FundedEnabledness; axioms=[]
AXIOM AUDIT theorem: _private.DefiKernel.Nary.FundedEnabledness.0.DefiKernel.Typed.BinaryOp.eval.match_1.eq_9; module=DefiKernel.Nary.FundedEnabledness; axioms=[]
AXIOM AUDIT theorem: _private.DefiKernel.Nary.FundedEnabledness.0.DefiKernel.Typed.UnaryOp.eval.match_1.eq_1; module=DefiKernel.Nary.FundedEnabledness; axioms=[]
AXIOM AUDIT theorem: _private.DefiKernel.Nary.FundedEnabledness.0.DefiKernel.Typed.UnaryOp.eval.match_1.eq_2; module=DefiKernel.Nary.FundedEnabledness; axioms=[]
AXIOM AUDIT theorem: _private.DefiKernel.Nary.FundedEnabledness.0.DefiKernel.Typed.instReprNumericUnit.repr.match_1.eq_1; module=DefiKernel.Nary.FundedEnabledness; axioms=[]
AXIOM AUDIT theorem: _private.DefiKernel.Nary.FundedEnabledness.0.DefiKernel.Typed.instReprNumericUnit.repr.match_1.eq_2; module=DefiKernel.Nary.FundedEnabledness; axioms=[]
AXIOM AUDIT theorem: _private.DefiKernel.Nary.FundedEnabledness.0.DefiKernel.Typed.instReprNumericUnit.repr.match_1.eq_3; module=DefiKernel.Nary.FundedEnabledness; axioms=[]
AXIOM AUDIT theorem: _private.DefiKernel.Nary.FundedEnabledness.0.DefiKernel.Typed.instReprPartyRef.repr.match_1.eq_1; module=DefiKernel.Nary.FundedEnabledness; axioms=[]
AXIOM AUDIT theorem: _private.DefiKernel.Nary.FundedEnabledness.0.DefiKernel.Typed.instReprPartyRef.repr.match_1.eq_2; module=DefiKernel.Nary.FundedEnabledness; axioms=[]
AXIOM AUDIT theorem: _private.DefiKernel.Nary.FundedEnabledness.0.DefiKernel.Typed.instReprPartyRef.repr.match_1.eq_3; module=DefiKernel.Nary.FundedEnabledness; axioms=[]
AXIOM AUDIT theorem: _private.DefiKernel.Nary.InterfaceInstances.0.DefiKernel.Nary.Examples.f18WorldAfter.match_1.eq_1; module=DefiKernel.Nary.InterfaceInstances; axioms=[]
AXIOM AUDIT theorem: _private.DefiKernel.Nary.InterfaceInstances.0.DefiKernel.Nary.Examples.f18WorldAfter.match_1.eq_2; module=DefiKernel.Nary.InterfaceInstances; axioms=[]
AXIOM AUDIT theorem: _private.DefiKernel.Nary.InterfaceInstances.0.DefiKernel.Nary.Examples.f18WorldAfter.match_1.eq_3; module=DefiKernel.Nary.InterfaceInstances; axioms=[]
AXIOM AUDIT theorem: _private.DefiKernel.Nary.InterfaceInstances.0.DefiKernel.Nary.Examples.f18WorldAfter.match_1.eq_4; module=DefiKernel.Nary.InterfaceInstances; axioms=[]
AXIOM AUDIT theorem: _private.DefiKernel.Nary.Preservation.0.DefiKernel.Composition.Receipt.supply.match_1.eq_1; module=DefiKernel.Nary.Preservation; axioms=[propext]
AXIOM AUDIT theorem: _private.DefiKernel.Nary.Preservation.0.DefiKernel.Composition.Receipt.supply.match_1.eq_2; module=DefiKernel.Nary.Preservation; axioms=[propext]
AXIOM AUDIT theorem: _private.DefiKernel.Nary.Preservation.0.DefiKernel.Nary.Attempt.supply.match_1.eq_1; module=DefiKernel.Nary.Preservation; axioms=[propext,
 Quot.sound]
AXIOM AUDIT theorem: _private.DefiKernel.Nary.Preservation.0.DefiKernel.Nary.Attempt.supply.match_1.eq_2; module=DefiKernel.Nary.Preservation; axioms=[propext,
 Quot.sound]
AXIOM AUDIT theorem: _private.DefiKernel.Nary.FundedCausal.0.DefiKernel.Nary.Examples.instReprReservePhase.repr.match_1.eq_1; module=DefiKernel.Nary.FundedCausal; axioms=[]
AXIOM AUDIT theorem: _private.DefiKernel.Nary.FundedCausal.0.DefiKernel.Nary.Examples.instReprReservePhase.repr.match_1.eq_2; module=DefiKernel.Nary.FundedCausal; axioms=[]
AXIOM AUDIT theorem: _private.DefiKernel.Nary.FundedCausal.0.DefiKernel.Nary.Examples.instReprReservePhase.repr.match_1.eq_3; module=DefiKernel.Nary.FundedCausal; axioms=[]
AXIOM AUDIT declaration: DefiKernel.Nary.AssumptionDerivation; module=DefiKernel.Nary.Causal; kind=definition; axioms=[propext,
 Quot.sound]
AXIOM AUDIT declaration: DefiKernel.Nary.AssumptionFamily; module=DefiKernel.Nary.Causal; kind=definition; axioms=[propext,
 Quot.sound]
AXIOM AUDIT declaration: DefiKernel.Nary.AttemptSound; module=DefiKernel.Nary.Soundness; kind=definition; axioms=[propext,
 Classical.choice,
 Quot.sound]
AXIOM AUDIT declaration: DefiKernel.Nary.Boundaries; module=DefiKernel.Nary.Schedule; kind=definition; axioms=[]
AXIOM AUDIT declaration: DefiKernel.Nary.Branches; module=DefiKernel.Nary.Schedule; kind=definition; axioms=[]
AXIOM AUDIT declaration: DefiKernel.Nary.Complete; module=DefiKernel.Nary.Schedule; kind=definition; axioms=[]
AXIOM AUDIT declaration: DefiKernel.Nary.CrossInclusion; module=DefiKernel.Nary.Interference; kind=definition; axioms=[propext,
 Quot.sound]
AXIOM AUDIT declaration: DefiKernel.Nary.ExternalFamily; module=DefiKernel.Nary.Causal; kind=definition; axioms=[propext,
 Quot.sound]
AXIOM AUDIT declaration: DefiKernel.Nary.GuaranteeInclusion; module=DefiKernel.Nary.Causal; kind=definition; axioms=[propext,
 Quot.sound]
AXIOM AUDIT declaration: DefiKernel.Nary.InvariantDerivation; module=DefiKernel.Nary.Causal; kind=definition; axioms=[propext,
 Quot.sound]
AXIOM AUDIT declaration: DefiKernel.Nary.JointInvariant; module=DefiKernel.Nary.Causal; kind=definition; axioms=[propext,
 Quot.sound]
AXIOM AUDIT declaration: DefiKernel.Nary.LedgerPredicate; module=DefiKernel.Nary.Interference; kind=definition; axioms=[propext,
 Quot.sound]
AXIOM AUDIT declaration: DefiKernel.Nary.LedgerRelation; module=DefiKernel.Nary.Interference; kind=definition; axioms=[propext,
 Quot.sound]
AXIOM AUDIT declaration: DefiKernel.Nary.LocalObligation; module=DefiKernel.Nary.Interference; kind=definition; axioms=[propext,
 Classical.choice,
 Quot.sound]
AXIOM AUDIT declaration: DefiKernel.Nary.MachineEquivalent; module=DefiKernel.Nary.Observation; kind=definition; axioms=[propext,
 Quot.sound]
AXIOM AUDIT declaration: DefiKernel.Nary.PresentExternal; module=DefiKernel.Nary.Causal; kind=definition; axioms=[propext,
 Quot.sound]
AXIOM AUDIT declaration: DefiKernel.Nary.RefusalUpdateObligation; module=DefiKernel.Nary.Causal; kind=definition; axioms=[propext,
 Classical.choice,
 Quot.sound]
AXIOM AUDIT declaration: DefiKernel.Nary.RelyStable; module=DefiKernel.Nary.Causal; kind=definition; axioms=[propext,
 Quot.sound]
AXIOM AUDIT declaration: DefiKernel.Nary.ResultEquivalent; module=DefiKernel.Nary.Observation; kind=definition; axioms=[propext,
 Quot.sound]
AXIOM AUDIT declaration: DefiKernel.Nary.Schedule; module=DefiKernel.Nary.Schedule; kind=definition; axioms=[]
AXIOM AUDIT declaration: DefiKernel.Nary.SelectedSuccessGuarantee; module=DefiKernel.Nary.Causal; kind=definition; axioms=[propext,
 Classical.choice,
 Quot.sound]
AXIOM AUDIT declaration: DefiKernel.Nary.SkipUpdateObligation; module=DefiKernel.Nary.Causal; kind=definition; axioms=[propext,
 Quot.sound]
AXIOM AUDIT declaration: DefiKernel.Nary.Stable; module=DefiKernel.Nary.Interference; kind=definition; axioms=[propext,
 Quot.sound]
AXIOM AUDIT declaration: DefiKernel.Nary.SuccessUpdateObligation; module=DefiKernel.Nary.Causal; kind=definition; axioms=[propext,
 Classical.choice,
 Quot.sound]
AXIOM AUDIT declaration: DefiKernel.Nary.admit; module=DefiKernel.Nary.Schedule; kind=definition; axioms=[propext]
AXIOM AUDIT declaration: DefiKernel.Nary.advance; module=DefiKernel.Nary.Execution; kind=definition; axioms=[propext,
 Classical.choice,
 Quot.sound]
AXIOM AUDIT declaration: DefiKernel.Nary.advanceMonitored; module=DefiKernel.Nary.CausalRuntime; kind=definition; axioms=[propext,
 Classical.choice,
 Quot.sound]
AXIOM AUDIT declaration: DefiKernel.Nary.analyzeAll; module=DefiKernel.Nary.Schedule; kind=definition; axioms=[propext]
AXIOM AUDIT declaration: DefiKernel.Nary.analyzedWrites; module=DefiKernel.Nary.Preservation; kind=definition; axioms=[]
AXIOM AUDIT declaration: DefiKernel.Nary.attemptEq; module=DefiKernel.Nary.Observation; kind=definition; axioms=[propext,
 Classical.choice,
 Quot.sound]
AXIOM AUDIT declaration: DefiKernel.Nary.attemptsEq; module=DefiKernel.Nary.Observation; kind=definition; axioms=[propext,
 Classical.choice,
 Quot.sound]
AXIOM AUDIT declaration: DefiKernel.Nary.binaryAdmitAgrees; module=DefiKernel.Nary.Observation; kind=definition; axioms=[propext,
 Quot.sound]
AXIOM AUDIT declaration: DefiKernel.Nary.binaryAdvanceAgrees; module=DefiKernel.Nary.Observation; kind=definition; axioms=[propext,
 Classical.choice,
 Quot.sound]
AXIOM AUDIT declaration: DefiKernel.Nary.binaryContinueAgrees; module=DefiKernel.Nary.Observation; kind=definition; axioms=[propext,
 Classical.choice,
 Quot.sound]
AXIOM AUDIT declaration: DefiKernel.Nary.binaryLeft; module=DefiKernel.Nary.Observation; kind=definition; axioms=[]
AXIOM AUDIT declaration: DefiKernel.Nary.binaryMachineAgrees; module=DefiKernel.Nary.Observation; kind=definition; axioms=[propext,
 Classical.choice,
 Quot.sound]
AXIOM AUDIT declaration: DefiKernel.Nary.binaryParticipants; module=DefiKernel.Nary.Observation; kind=definition; axioms=[propext,
 Quot.sound]
AXIOM AUDIT declaration: DefiKernel.Nary.binaryPrefixAgrees; module=DefiKernel.Nary.Observation; kind=definition; axioms=[propext,
 Classical.choice,
 Quot.sound]
AXIOM AUDIT declaration: DefiKernel.Nary.binaryResultAgrees; module=DefiKernel.Nary.Observation; kind=definition; axioms=[propext,
 Classical.choice,
 Quot.sound]
AXIOM AUDIT declaration: DefiKernel.Nary.binaryRight; module=DefiKernel.Nary.Observation; kind=definition; axioms=[]
AXIOM AUDIT declaration: DefiKernel.Nary.binaryRunAgrees; module=DefiKernel.Nary.Observation; kind=definition; axioms=[propext,
 Classical.choice,
 Quot.sound]
AXIOM AUDIT declaration: DefiKernel.Nary.checkCountsFrom; module=DefiKernel.Nary.Schedule; kind=definition; axioms=[]
AXIOM AUDIT declaration: DefiKernel.Nary.checkSchedule; module=DefiKernel.Nary.Schedule; kind=definition; axioms=[]
AXIOM AUDIT declaration: DefiKernel.Nary.continueMonitored; module=DefiKernel.Nary.CausalRuntime; kind=definition; axioms=[propext,
 Classical.choice,
 Quot.sound]
AXIOM AUDIT declaration: DefiKernel.Nary.continueRun; module=DefiKernel.Nary.Execution; kind=definition; axioms=[propext,
 Classical.choice,
 Quot.sound]
AXIOM AUDIT declaration: DefiKernel.Nary.eventEq; module=DefiKernel.Nary.Observation; kind=definition; axioms=[propext,
 Classical.choice,
 Quot.sound]
AXIOM AUDIT declaration: DefiKernel.Nary.eventsEq; module=DefiKernel.Nary.Observation; kind=definition; axioms=[propext,
 Classical.choice,
 Quot.sound]
AXIOM AUDIT declaration: DefiKernel.Nary.existingBinaryAdmit; module=DefiKernel.Nary.Observation; kind=definition; axioms=[propext]
AXIOM AUDIT declaration: DefiKernel.Nary.existingBinaryAdvance; module=DefiKernel.Nary.Observation; kind=definition; axioms=[propext,
 Classical.choice,
 Quot.sound]
AXIOM AUDIT declaration: DefiKernel.Nary.existingBinaryContinue; module=DefiKernel.Nary.Observation; kind=definition; axioms=[propext,
 Classical.choice,
 Quot.sound]
AXIOM AUDIT declaration: DefiKernel.Nary.existingBinaryPrefix; module=DefiKernel.Nary.Observation; kind=definition; axioms=[propext,
 Classical.choice,
 Quot.sound]
AXIOM AUDIT declaration: DefiKernel.Nary.existingBinaryRun; module=DefiKernel.Nary.Observation; kind=definition; axioms=[propext,
 Classical.choice,
 Quot.sound]
AXIOM AUDIT declaration: DefiKernel.Nary.failedAttempt; module=DefiKernel.Nary.Execution; kind=definition; axioms=[propext,
 Quot.sound]
AXIOM AUDIT declaration: DefiKernel.Nary.instDecidableEqAdmissionFailure; module=DefiKernel.Nary.Schedule; kind=definition; axioms=[]
AXIOM AUDIT declaration: DefiKernel.Nary.instDecidableEqScheduleMismatch; module=DefiKernel.Nary.Schedule; kind=definition; axioms=[]
AXIOM AUDIT declaration: DefiKernel.Nary.instReprAdmissionFailure; module=DefiKernel.Nary.Schedule; kind=definition; axioms=[]
AXIOM AUDIT declaration: DefiKernel.Nary.instReprScheduleMismatch; module=DefiKernel.Nary.Schedule; kind=definition; axioms=[]
AXIOM AUDIT declaration: DefiKernel.Nary.interleavingAttemptEq; module=DefiKernel.Nary.Observation; kind=definition; axioms=[propext,
 Classical.choice,
 Quot.sound]
AXIOM AUDIT declaration: DefiKernel.Nary.interleavingAttemptsEq; module=DefiKernel.Nary.Observation; kind=definition; axioms=[propext,
 Classical.choice,
 Quot.sound]
AXIOM AUDIT declaration: DefiKernel.Nary.interleavingMachineEq; module=DefiKernel.Nary.Observation; kind=definition; axioms=[propext,
 Classical.choice,
 Quot.sound]
AXIOM AUDIT declaration: DefiKernel.Nary.interleavingResultEq; module=DefiKernel.Nary.Observation; kind=definition; axioms=[propext,
 Classical.choice,
 Quot.sound]
AXIOM AUDIT declaration: DefiKernel.Nary.localEq; module=DefiKernel.Nary.Observation; kind=definition; axioms=[propext,
 Classical.choice,
 Quot.sound]
AXIOM AUDIT declaration: DefiKernel.Nary.localsEq; module=DefiKernel.Nary.Observation; kind=definition; axioms=[propext,
 Classical.choice,
 Quot.sound]
AXIOM AUDIT declaration: DefiKernel.Nary.machineEq; module=DefiKernel.Nary.Observation; kind=definition; axioms=[propext,
 Classical.choice,
 Quot.sound]
AXIOM AUDIT declaration: DefiKernel.Nary.monitorPayload; module=DefiKernel.Nary.Causal; kind=definition; axioms=[propext,
 Quot.sound]
AXIOM AUDIT declaration: DefiKernel.Nary.ofBinaryAttempt; module=DefiKernel.Nary.Observation; kind=definition; axioms=[propext,
 Quot.sound]
AXIOM AUDIT declaration: DefiKernel.Nary.ofBinaryAttempts; module=DefiKernel.Nary.Observation; kind=definition; axioms=[propext,
 Quot.sound]
AXIOM AUDIT declaration: DefiKernel.Nary.ofBinaryBoundaries; module=DefiKernel.Nary.Observation; kind=definition; axioms=[]
AXIOM AUDIT declaration: DefiKernel.Nary.ofBinaryBranches; module=DefiKernel.Nary.Observation; kind=definition; axioms=[]
AXIOM AUDIT declaration: DefiKernel.Nary.ofBinaryLocals; module=DefiKernel.Nary.Observation; kind=definition; axioms=[propext,
 Quot.sound]
AXIOM AUDIT declaration: DefiKernel.Nary.ofBinaryMachine; module=DefiKernel.Nary.Observation; kind=definition; axioms=[propext,
 Quot.sound]
AXIOM AUDIT declaration: DefiKernel.Nary.outcomeEq; module=DefiKernel.Nary.Observation; kind=definition; axioms=[propext,
 Classical.choice,
 Quot.sound]
AXIOM AUDIT declaration: DefiKernel.Nary.ownHistory; module=DefiKernel.Nary.Trace; kind=definition; axioms=[propext,
 Quot.sound]
AXIOM AUDIT declaration: DefiKernel.Nary.projectAdmissionFailure; module=DefiKernel.Nary.Observation; kind=definition; axioms=[]
AXIOM AUDIT declaration: DefiKernel.Nary.projectAdmitSuccess; module=DefiKernel.Nary.Observation; kind=definition; axioms=[propext]
AXIOM AUDIT declaration: DefiKernel.Nary.projectBinaryCounts; module=DefiKernel.Nary.Observation; kind=definition; axioms=[]
AXIOM AUDIT declaration: DefiKernel.Nary.projectScheduleMismatch; module=DefiKernel.Nary.Observation; kind=definition; axioms=[]
AXIOM AUDIT declaration: DefiKernel.Nary.resultEq; module=DefiKernel.Nary.Observation; kind=definition; axioms=[propext,
 Classical.choice,
 Quot.sound]
AXIOM AUDIT declaration: DefiKernel.Nary.runNary; module=DefiKernel.Nary.Execution; kind=definition; axioms=[propext,
 Classical.choice,
 Quot.sound]
AXIOM AUDIT declaration: DefiKernel.Nary.runPrefix; module=DefiKernel.Nary.Execution; kind=definition; axioms=[propext,
 Classical.choice,
 Quot.sound]
AXIOM AUDIT declaration: DefiKernel.Nary.skippedToken; module=DefiKernel.Nary.Causal; kind=definition; axioms=[propext,
 Quot.sound]
AXIOM AUDIT declaration: DefiKernel.Nary.start; module=DefiKernel.Nary.Execution; kind=definition; axioms=[propext,
 Quot.sound]
AXIOM AUDIT declaration: DefiKernel.Nary.stepResultEq; module=DefiKernel.Nary.Observation; kind=definition; axioms=[propext,
 Classical.choice,
 Quot.sound]
AXIOM AUDIT declaration: DefiKernel.Nary.successfulEvent; module=DefiKernel.Nary.Trace; kind=definition; axioms=[propext,
 Quot.sound]
AXIOM AUDIT declaration: DefiKernel.Nary.toBinaryAttempt; module=DefiKernel.Nary.Observation; kind=definition; axioms=[propext,
 Quot.sound]
AXIOM AUDIT declaration: DefiKernel.Nary.toBinaryAttempts; module=DefiKernel.Nary.Observation; kind=definition; axioms=[propext,
 Quot.sound]
AXIOM AUDIT declaration: DefiKernel.Nary.toBinaryBoundaries; module=DefiKernel.Nary.Observation; kind=definition; axioms=[]
AXIOM AUDIT declaration: DefiKernel.Nary.toBinaryLocals; module=DefiKernel.Nary.Observation; kind=definition; axioms=[propext,
 Quot.sound]
AXIOM AUDIT declaration: DefiKernel.Nary.toBinaryMachine; module=DefiKernel.Nary.Observation; kind=definition; axioms=[propext,
 Quot.sound]
AXIOM AUDIT declaration: DefiKernel.Nary.toBinaryResult; module=DefiKernel.Nary.Observation; kind=definition; axioms=[propext,
 Quot.sound]
AXIOM AUDIT declaration: DefiKernel.Nary.AdmissionFailure._sizeOf_1; module=DefiKernel.Nary.Schedule; kind=definition; axioms=[]
AXIOM AUDIT declaration: DefiKernel.Nary.AdmissionFailure._sizeOf_inst; module=DefiKernel.Nary.Schedule; kind=definition; axioms=[]
AXIOM AUDIT declaration: DefiKernel.Nary.AdmissionFailure.casesOn; module=DefiKernel.Nary.Schedule; kind=definition; axioms=[]
AXIOM AUDIT declaration: DefiKernel.Nary.AdmissionFailure.ctorElim; module=DefiKernel.Nary.Schedule; kind=definition; axioms=[]
AXIOM AUDIT declaration: DefiKernel.Nary.AdmissionFailure.ctorElimType; module=DefiKernel.Nary.Schedule; kind=definition; axioms=[]
AXIOM AUDIT declaration: DefiKernel.Nary.AdmissionFailure.ctorIdx; module=DefiKernel.Nary.Schedule; kind=definition; axioms=[]
AXIOM AUDIT declaration: DefiKernel.Nary.AdmissionFailure.noConfusion; module=DefiKernel.Nary.Schedule; kind=definition; axioms=[]
AXIOM AUDIT declaration: DefiKernel.Nary.AdmissionFailure.noConfusionType; module=DefiKernel.Nary.Schedule; kind=definition; axioms=[]
AXIOM AUDIT declaration: DefiKernel.Nary.AdmissionFailure.recOn; module=DefiKernel.Nary.Schedule; kind=definition; axioms=[]
AXIOM AUDIT declaration: DefiKernel.Nary.AdvanceSound.casesOn; module=DefiKernel.Nary.Execution; kind=definition; axioms=[propext,
 Classical.choice,
 Quot.sound]
AXIOM AUDIT declaration: DefiKernel.Nary.AdvanceSound.recOn; module=DefiKernel.Nary.Execution; kind=definition; axioms=[propext,
 Classical.choice,
 Quot.sound]
AXIOM AUDIT declaration: DefiKernel.Nary.Attempt._sizeOf_1; module=DefiKernel.Nary.Execution; kind=definition; axioms=[propext,
 Quot.sound]
AXIOM AUDIT declaration: DefiKernel.Nary.Attempt._sizeOf_inst; module=DefiKernel.Nary.Execution; kind=definition; axioms=[propext,
 Quot.sound]
AXIOM AUDIT declaration: DefiKernel.Nary.Attempt.before; module=DefiKernel.Nary.Execution; kind=definition; axioms=[propext,
 Quot.sound]
AXIOM AUDIT declaration: DefiKernel.Nary.Attempt.casesOn; module=DefiKernel.Nary.Execution; kind=definition; axioms=[propext,
 Quot.sound]
AXIOM AUDIT declaration: DefiKernel.Nary.Attempt.cellEffect; module=DefiKernel.Nary.Preservation; kind=definition; axioms=[propext,
 Classical.choice,
 Quot.sound]
AXIOM AUDIT declaration: DefiKernel.Nary.Attempt.ctorIdx; module=DefiKernel.Nary.Execution; kind=definition; axioms=[propext,
 Quot.sound]
AXIOM AUDIT declaration: DefiKernel.Nary.Attempt.index; module=DefiKernel.Nary.Execution; kind=definition; axioms=[propext,
 Quot.sound]
AXIOM AUDIT declaration: DefiKernel.Nary.Attempt.invocation; module=DefiKernel.Nary.Execution; kind=definition; axioms=[propext,
 Quot.sound]
AXIOM AUDIT declaration: DefiKernel.Nary.Attempt.noConfusion; module=DefiKernel.Nary.Execution; kind=definition; axioms=[propext,
 Quot.sound]
AXIOM AUDIT declaration: DefiKernel.Nary.Attempt.noConfusionType; module=DefiKernel.Nary.Execution; kind=definition; axioms=[propext,
 Quot.sound]
AXIOM AUDIT declaration: DefiKernel.Nary.Attempt.outcome; module=DefiKernel.Nary.Execution; kind=definition; axioms=[propext,
 Quot.sound]
AXIOM AUDIT declaration: DefiKernel.Nary.Attempt.participant; module=DefiKernel.Nary.Execution; kind=definition; axioms=[propext,
 Quot.sound]
AXIOM AUDIT declaration: DefiKernel.Nary.Attempt.recOn; module=DefiKernel.Nary.Execution; kind=definition; axioms=[propext,
 Quot.sound]
AXIOM AUDIT declaration: DefiKernel.Nary.Attempt.supply; module=DefiKernel.Nary.Preservation; kind=definition; axioms=[propext,
 Classical.choice,
 Quot.sound]
AXIOM AUDIT declaration: DefiKernel.Nary.Attempt.writes; module=DefiKernel.Nary.Preservation; kind=definition; axioms=[propext,
 Quot.sound]
AXIOM AUDIT declaration: DefiKernel.Nary.AttemptChain.casesOn; module=DefiKernel.Nary.Trace; kind=definition; axioms=[propext,
 Quot.sound]
AXIOM AUDIT declaration: DefiKernel.Nary.AttemptChain.recOn; module=DefiKernel.Nary.Trace; kind=definition; axioms=[propext,
 Quot.sound]
AXIOM AUDIT declaration: DefiKernel.Nary.Audit.main; module=DefiKernel.Nary.Audit; kind=definition; axioms=[propext,
 Classical.choice,
 Quot.sound]
AXIOM AUDIT declaration: DefiKernel.Nary.Audit.runtimeComparisons; module=DefiKernel.Nary.Audit; kind=definition; axioms=[propext,
 Classical.choice,
 Quot.sound]
AXIOM AUDIT declaration: DefiKernel.Nary.Examples.A; module=DefiKernel.Nary.Examples; kind=definition; axioms=[]
AXIOM AUDIT declaration: DefiKernel.Nary.Examples.C; module=DefiKernel.Nary.Examples; kind=definition; axioms=[]
AXIOM AUDIT declaration: DefiKernel.Nary.Examples.D; module=DefiKernel.Nary.Examples; kind=definition; axioms=[]
AXIOM AUDIT declaration: DefiKernel.Nary.Examples.Ev; module=DefiKernel.Nary.Examples; kind=definition; axioms=[propext,
 Quot.sound]
AXIOM AUDIT declaration: DefiKernel.Nary.Examples.IA; module=DefiKernel.Nary.Examples; kind=definition; axioms=[]
AXIOM AUDIT declaration: DefiKernel.Nary.Examples.ID; module=DefiKernel.Nary.Examples; kind=definition; axioms=[]
AXIOM AUDIT declaration: DefiKernel.Nary.Examples.IM3; module=DefiKernel.Nary.Examples; kind=definition; axioms=[propext,
 Quot.sound]
AXIOM AUDIT declaration: DefiKernel.Nary.Examples.IP; module=DefiKernel.Nary.Examples; kind=definition; axioms=[]
AXIOM AUDIT declaration: DefiKernel.Nary.Examples.IW; module=DefiKernel.Nary.Examples; kind=definition; axioms=[propext,
 Quot.sound]
AXIOM AUDIT declaration: DefiKernel.Nary.Examples.Inv; module=DefiKernel.Nary.Examples; kind=definition; axioms=[]
AXIOM AUDIT declaration: DefiKernel.Nary.Examples.LS; module=DefiKernel.Nary.Examples; kind=definition; axioms=[propext,
 Quot.sound]
AXIOM AUDIT declaration: DefiKernel.Nary.Examples.M2; module=DefiKernel.Nary.Examples; kind=definition; axioms=[propext,
 Quot.sound]
AXIOM AUDIT declaration: DefiKernel.Nary.Examples.M3; module=DefiKernel.Nary.Examples; kind=definition; axioms=[propext,
 Quot.sound]
AXIOM AUDIT declaration: DefiKernel.Nary.Examples.MB; module=DefiKernel.Nary.Examples; kind=definition; axioms=[propext,
 Quot.sound]
AXIOM AUDIT declaration: DefiKernel.Nary.Examples.ME; module=DefiKernel.Nary.Examples; kind=definition; axioms=[propext,
 Quot.sound]
AXIOM AUDIT declaration: DefiKernel.Nary.Examples.MU; module=DefiKernel.Nary.Examples; kind=definition; axioms=[propext,
 Quot.sound]
AXIOM AUDIT declaration: DefiKernel.Nary.Examples.P; module=DefiKernel.Nary.Examples; kind=definition; axioms=[]
AXIOM AUDIT declaration: DefiKernel.Nary.Examples.SR; module=DefiKernel.Nary.Examples; kind=definition; axioms=[propext,
 Quot.sound]
AXIOM AUDIT declaration: DefiKernel.Nary.Examples.Store; module=DefiKernel.Nary.Examples; kind=definition; axioms=[]
AXIOM AUDIT declaration: DefiKernel.Nary.Examples.W; module=DefiKernel.Nary.Examples; kind=definition; axioms=[propext,
 Quot.sound]
AXIOM AUDIT declaration: DefiKernel.Nary.Examples.adminBound; module=DefiKernel.Nary.Examples; kind=definition; axioms=[]
AXIOM AUDIT declaration: DefiKernel.Nary.Examples.adminC; module=DefiKernel.Nary.Examples; kind=definition; axioms=[]
AXIOM AUDIT declaration: DefiKernel.Nary.Examples.andBool; module=DefiKernel.Nary.Examples; kind=definition; axioms=[]
AXIOM AUDIT declaration: DefiKernel.Nary.Examples.argRef; module=DefiKernel.Nary.Examples; kind=definition; axioms=[]
AXIOM AUDIT declaration: DefiKernel.Nary.Examples.attempt3; module=DefiKernel.Nary.Examples; kind=definition; axioms=[propext,
 Quot.sound]
AXIOM AUDIT declaration: DefiKernel.Nary.Examples.binaryRoster; module=DefiKernel.Nary.Examples; kind=definition; axioms=[propext]
AXIOM AUDIT declaration: DefiKernel.Nary.Examples.bound; module=DefiKernel.Nary.Examples; kind=definition; axioms=[]
AXIOM AUDIT declaration: DefiKernel.Nary.Examples.budgetBound; module=DefiKernel.Nary.Examples; kind=definition; axioms=[]
AXIOM AUDIT declaration: DefiKernel.Nary.Examples.budgetC; module=DefiKernel.Nary.Examples; kind=definition; axioms=[]
AXIOM AUDIT declaration: DefiKernel.Nary.Examples.budgetOut; module=DefiKernel.Nary.Examples; kind=definition; axioms=[propext,
 Quot.sound]
AXIOM AUDIT declaration: DefiKernel.Nary.Examples.cap; module=DefiKernel.Nary.Examples; kind=definition; axioms=[]
AXIOM AUDIT declaration: DefiKernel.Nary.Examples.cellRef; module=DefiKernel.Nary.Examples; kind=definition; axioms=[]
AXIOM AUDIT declaration: DefiKernel.Nary.Examples.classification; module=DefiKernel.Nary.Examples; kind=definition; axioms=[]
AXIOM AUDIT declaration: DefiKernel.Nary.Examples.constTransfer; module=DefiKernel.Nary.Examples; kind=definition; axioms=[]
AXIOM AUDIT declaration: DefiKernel.Nary.Examples.consumerTransfer; module=DefiKernel.Nary.Examples; kind=definition; axioms=[propext,
 Quot.sound]
AXIOM AUDIT declaration: DefiKernel.Nary.Examples.countUpdate; module=DefiKernel.Nary.Examples; kind=definition; axioms=[propext,
 Quot.sound]
AXIOM AUDIT declaration: DefiKernel.Nary.Examples.donor0Bound; module=DefiKernel.Nary.Examples; kind=definition; axioms=[]
AXIOM AUDIT declaration: DefiKernel.Nary.Examples.donor0C; module=DefiKernel.Nary.Examples; kind=definition; axioms=[]
AXIOM AUDIT declaration: DefiKernel.Nary.Examples.donor1Bound; module=DefiKernel.Nary.Examples; kind=definition; axioms=[]
AXIOM AUDIT declaration: DefiKernel.Nary.Examples.donor1C; module=DefiKernel.Nary.Examples; kind=definition; axioms=[]
AXIOM AUDIT declaration: DefiKernel.Nary.Examples.donor2Bound; module=DefiKernel.Nary.Examples; kind=definition; axioms=[]
AXIOM AUDIT declaration: DefiKernel.Nary.Examples.donor2C; module=DefiKernel.Nary.Examples; kind=definition; axioms=[]
AXIOM AUDIT declaration: DefiKernel.Nary.Examples.emptyBounds; module=DefiKernel.Nary.Examples; kind=definition; axioms=[]
AXIOM AUDIT declaration: DefiKernel.Nary.Examples.emptyBranches; module=DefiKernel.Nary.Examples; kind=definition; axioms=[]
AXIOM AUDIT declaration: DefiKernel.Nary.Examples.emptyEnv; module=DefiKernel.Nary.Examples; kind=definition; axioms=[]
AXIOM AUDIT declaration: DefiKernel.Nary.Examples.emptyLocal; module=DefiKernel.Nary.Examples; kind=definition; axioms=[propext,
 Quot.sound]
AXIOM AUDIT declaration: DefiKernel.Nary.Examples.emptyLocals3; module=DefiKernel.Nary.Examples; kind=definition; axioms=[propext,
 Quot.sound]
AXIOM AUDIT declaration: DefiKernel.Nary.Examples.emptyMachine3; module=DefiKernel.Nary.Examples; kind=definition; axioms=[propext,
 Quot.sound]
AXIOM AUDIT declaration: DefiKernel.Nary.Examples.emptyRoster; module=DefiKernel.Nary.Examples; kind=definition; axioms=[]
AXIOM AUDIT declaration: DefiKernel.Nary.Examples.emptySchedule; module=DefiKernel.Nary.Examples; kind=definition; axioms=[]
AXIOM AUDIT declaration: DefiKernel.Nary.Examples.ev; module=DefiKernel.Nary.Examples; kind=definition; axioms=[propext,
 Quot.sound]
AXIOM AUDIT declaration: DefiKernel.Nary.Examples.evaluated; module=DefiKernel.Nary.Examples; kind=definition; axioms=[]
AXIOM AUDIT declaration: DefiKernel.Nary.Examples.expectAccept; module=DefiKernel.Nary.Examples; kind=definition; axioms=[propext,
 Classical.choice,
 Quot.sound]
AXIOM AUDIT declaration: DefiKernel.Nary.Examples.expectedF10; module=DefiKernel.Nary.Examples; kind=definition; axioms=[propext,
 Classical.choice,
 Quot.sound]
AXIOM AUDIT declaration: DefiKernel.Nary.Examples.expectedF10Phase; module=DefiKernel.Nary.Examples; kind=definition; axioms=[]
AXIOM AUDIT declaration: DefiKernel.Nary.Examples.expectedF10Prefix; module=DefiKernel.Nary.Examples; kind=definition; axioms=[propext,
 Classical.choice,
 Quot.sound]
AXIOM AUDIT declaration: DefiKernel.Nary.Examples.expectedF10PrefixNC; module=DefiKernel.Nary.Examples; kind=definition; axioms=[]
AXIOM AUDIT declaration: DefiKernel.Nary.Examples.expectedF10PrefixPhase; module=DefiKernel.Nary.Examples; kind=definition; axioms=[]
AXIOM AUDIT declaration: DefiKernel.Nary.Examples.expectedF18; module=DefiKernel.Nary.Examples; kind=definition; axioms=[propext,
 Classical.choice,
 Quot.sound]
AXIOM AUDIT declaration: DefiKernel.Nary.Examples.expectedProducerAttempt; module=DefiKernel.Nary.Examples; kind=definition; axioms=[propext,
 Classical.choice,
 Quot.sound]
AXIOM AUDIT declaration: DefiKernel.Nary.Examples.exportPort; module=DefiKernel.Nary.Examples; kind=definition; axioms=[]
AXIOM AUDIT declaration: DefiKernel.Nary.Examples.f01BothBadSchedule; module=DefiKernel.Nary.Examples; kind=definition; axioms=[propext]
AXIOM AUDIT declaration: DefiKernel.Nary.Examples.f01ExpectedConfig; module=DefiKernel.Nary.Examples; kind=definition; axioms=[]
AXIOM AUDIT declaration: DefiKernel.Nary.Examples.f01ExpectedFinal; module=DefiKernel.Nary.Examples; kind=definition; axioms=[propext]
AXIOM AUDIT declaration: DefiKernel.Nary.Examples.f01ExpectedUnknown; module=DefiKernel.Nary.Examples; kind=definition; axioms=[propext]
AXIOM AUDIT declaration: DefiKernel.Nary.Examples.f01MismatchSchedule; module=DefiKernel.Nary.Examples; kind=definition; axioms=[propext]
AXIOM AUDIT declaration: DefiKernel.Nary.Examples.f01UnknownBranches; module=DefiKernel.Nary.Examples; kind=definition; axioms=[propext]
AXIOM AUDIT declaration: DefiKernel.Nary.Examples.f01ValidBranches; module=DefiKernel.Nary.Examples; kind=definition; axioms=[propext]
AXIOM AUDIT declaration: DefiKernel.Nary.Examples.f02After0; module=DefiKernel.Nary.Examples; kind=definition; axioms=[propext,
 Classical.choice,
 Quot.sound]
AXIOM AUDIT declaration: DefiKernel.Nary.Examples.f02After1; module=DefiKernel.Nary.Examples; kind=definition; axioms=[propext,
 Classical.choice,
 Quot.sound]
AXIOM AUDIT declaration: DefiKernel.Nary.Examples.f02After2; module=DefiKernel.Nary.Examples; kind=definition; axioms=[propext,
 Classical.choice,
 Quot.sound]
AXIOM AUDIT declaration: DefiKernel.Nary.Examples.f02At0; module=DefiKernel.Nary.Examples; kind=definition; axioms=[propext,
 Classical.choice,
 Quot.sound]
AXIOM AUDIT declaration: DefiKernel.Nary.Examples.f02At1; module=DefiKernel.Nary.Examples; kind=definition; axioms=[propext,
 Classical.choice,
 Quot.sound]
AXIOM AUDIT declaration: DefiKernel.Nary.Examples.f02At2; module=DefiKernel.Nary.Examples; kind=definition; axioms=[propext,
 Classical.choice,
 Quot.sound]
AXIOM AUDIT declaration: DefiKernel.Nary.Examples.f02Ev0; module=DefiKernel.Nary.Examples; kind=definition; axioms=[propext,
 Classical.choice,
 Quot.sound]
AXIOM AUDIT declaration: DefiKernel.Nary.Examples.f02Ev1; module=DefiKernel.Nary.Examples; kind=definition; axioms=[propext,
 Classical.choice,
 Quot.sound]
AXIOM AUDIT declaration: DefiKernel.Nary.Examples.f02Ev2; module=DefiKernel.Nary.Examples; kind=definition; axioms=[propext,
 Classical.choice,
 Quot.sound]
AXIOM AUDIT declaration: DefiKernel.Nary.Examples.f02Expected; module=DefiKernel.Nary.Examples; kind=definition; axioms=[propext,
 Classical.choice,
 Quot.sound]
AXIOM AUDIT declaration: DefiKernel.Nary.Examples.f02Initial; module=DefiKernel.Nary.Examples; kind=definition; axioms=[propext,
 Classical.choice,
 Quot.sound]
AXIOM AUDIT declaration: DefiKernel.Nary.Examples.f02Schedule; module=DefiKernel.Nary.Examples; kind=definition; axioms=[propext]
AXIOM AUDIT declaration: DefiKernel.Nary.Examples.f02Store; module=DefiKernel.Nary.Examples; kind=definition; axioms=[]
AXIOM AUDIT declaration: DefiKernel.Nary.Examples.f03AfterLeft; module=DefiKernel.Nary.Examples; kind=definition; axioms=[propext,
 Classical.choice,
 Quot.sound]
AXIOM AUDIT declaration: DefiKernel.Nary.Examples.f03AfterRight; module=DefiKernel.Nary.Examples; kind=definition; axioms=[propext,
 Classical.choice,
 Quot.sound]
AXIOM AUDIT declaration: DefiKernel.Nary.Examples.f03BothCount; module=DefiKernel.Nary.Examples; kind=definition; axioms=[]
AXIOM AUDIT declaration: DefiKernel.Nary.Examples.f03Bounds; module=DefiKernel.Nary.Examples; kind=definition; axioms=[]
AXIOM AUDIT declaration: DefiKernel.Nary.Examples.f03Branches; module=DefiKernel.Nary.Examples; kind=definition; axioms=[]
AXIOM AUDIT declaration: DefiKernel.Nary.Examples.f03EmptySched; module=DefiKernel.Nary.Examples; kind=definition; axioms=[]
AXIOM AUDIT declaration: DefiKernel.Nary.Examples.f03FourNats; module=DefiKernel.Nary.Examples; kind=definition; axioms=[]
AXIOM AUDIT declaration: DefiKernel.Nary.Examples.f03Initial; module=DefiKernel.Nary.Examples; kind=definition; axioms=[propext,
 Classical.choice,
 Quot.sound]
AXIOM AUDIT declaration: DefiKernel.Nary.Examples.f03LR; module=DefiKernel.Nary.Examples; kind=definition; axioms=[]
AXIOM AUDIT declaration: DefiKernel.Nary.Examples.f03LRExpected; module=DefiKernel.Nary.Examples; kind=definition; axioms=[propext,
 Classical.choice,
 Quot.sound]
AXIOM AUDIT declaration: DefiKernel.Nary.Examples.f03LeftFail; module=DefiKernel.Nary.Examples; kind=definition; axioms=[]
AXIOM AUDIT declaration: DefiKernel.Nary.Examples.f03RL; module=DefiKernel.Nary.Examples; kind=definition; axioms=[]
AXIOM AUDIT declaration: DefiKernel.Nary.Examples.f03RLExpected; module=DefiKernel.Nary.Examples; kind=definition; axioms=[propext,
 Classical.choice,
 Quot.sound]
AXIOM AUDIT declaration: DefiKernel.Nary.Examples.f03RightFail; module=DefiKernel.Nary.Examples; kind=definition; axioms=[]
AXIOM AUDIT declaration: DefiKernel.Nary.Examples.f03Store; module=DefiKernel.Nary.Examples; kind=definition; axioms=[]
AXIOM AUDIT declaration: DefiKernel.Nary.Examples.f04After; module=DefiKernel.Nary.Examples; kind=definition; axioms=[propext,
 Classical.choice,
 Quot.sound]
AXIOM AUDIT declaration: DefiKernel.Nary.Examples.f04EmptyExpected; module=DefiKernel.Nary.Examples; kind=definition; axioms=[propext,
 Classical.choice,
 Quot.sound]
AXIOM AUDIT declaration: DefiKernel.Nary.Examples.f04Expected; module=DefiKernel.Nary.Examples; kind=definition; axioms=[propext,
 Classical.choice,
 Quot.sound]
AXIOM AUDIT declaration: DefiKernel.Nary.Examples.f04Initial; module=DefiKernel.Nary.Examples; kind=definition; axioms=[propext,
 Classical.choice,
 Quot.sound]
AXIOM AUDIT declaration: DefiKernel.Nary.Examples.f04Missing; module=DefiKernel.Nary.Examples; kind=definition; axioms=[]
AXIOM AUDIT declaration: DefiKernel.Nary.Examples.f04Store; module=DefiKernel.Nary.Examples; kind=definition; axioms=[]
AXIOM AUDIT declaration: DefiKernel.Nary.Examples.f05AfterCons0; module=DefiKernel.Nary.Examples; kind=definition; axioms=[propext,
 Classical.choice,
 Quot.sound]
AXIOM AUDIT declaration: DefiKernel.Nary.Examples.f05AfterCons1; module=DefiKernel.Nary.Examples; kind=definition; axioms=[propext,
 Classical.choice,
 Quot.sound]
AXIOM AUDIT declaration: DefiKernel.Nary.Examples.f05AfterProd0; module=DefiKernel.Nary.Examples; kind=definition; axioms=[propext,
 Classical.choice,
 Quot.sound]
AXIOM AUDIT declaration: DefiKernel.Nary.Examples.f05AfterProd1; module=DefiKernel.Nary.Examples; kind=definition; axioms=[propext,
 Classical.choice,
 Quot.sound]
AXIOM AUDIT declaration: DefiKernel.Nary.Examples.f05AllBounds; module=DefiKernel.Nary.Examples; kind=definition; axioms=[propext]
AXIOM AUDIT declaration: DefiKernel.Nary.Examples.f05Bounds; module=DefiKernel.Nary.Examples; kind=definition; axioms=[propext]
AXIOM AUDIT declaration: DefiKernel.Nary.Examples.f05Branches; module=DefiKernel.Nary.Examples; kind=definition; axioms=[propext,
 Quot.sound]
AXIOM AUDIT declaration: DefiKernel.Nary.Examples.f05Catalog; module=DefiKernel.Nary.Examples; kind=definition; axioms=[]
AXIOM AUDIT declaration: DefiKernel.Nary.Examples.f05Cfg; module=DefiKernel.Nary.Examples; kind=definition; axioms=[propext,
 Quot.sound]
AXIOM AUDIT declaration: DefiKernel.Nary.Examples.f05Cons0; module=DefiKernel.Nary.Examples; kind=definition; axioms=[]
AXIOM AUDIT declaration: DefiKernel.Nary.Examples.f05Cons1; module=DefiKernel.Nary.Examples; kind=definition; axioms=[]
AXIOM AUDIT declaration: DefiKernel.Nary.Examples.f05ConsBounds; module=DefiKernel.Nary.Examples; kind=definition; axioms=[]
AXIOM AUDIT declaration: DefiKernel.Nary.Examples.f05EvC0; module=DefiKernel.Nary.Examples; kind=definition; axioms=[propext,
 Classical.choice,
 Quot.sound]
AXIOM AUDIT declaration: DefiKernel.Nary.Examples.f05EvC1; module=DefiKernel.Nary.Examples; kind=definition; axioms=[propext,
 Classical.choice,
 Quot.sound]
AXIOM AUDIT declaration: DefiKernel.Nary.Examples.f05EvP0; module=DefiKernel.Nary.Examples; kind=definition; axioms=[propext,
 Classical.choice,
 Quot.sound]
AXIOM AUDIT declaration: DefiKernel.Nary.Examples.f05EvP1; module=DefiKernel.Nary.Examples; kind=definition; axioms=[propext,
 Classical.choice,
 Quot.sound]
AXIOM AUDIT declaration: DefiKernel.Nary.Examples.f05Expected; module=DefiKernel.Nary.Examples; kind=definition; axioms=[propext,
 Classical.choice,
 Quot.sound]
AXIOM AUDIT declaration: DefiKernel.Nary.Examples.f05Initial; module=DefiKernel.Nary.Examples; kind=definition; axioms=[propext,
 Classical.choice,
 Quot.sound]
AXIOM AUDIT declaration: DefiKernel.Nary.Examples.f05Out0; module=DefiKernel.Nary.Examples; kind=definition; axioms=[propext,
 Quot.sound]
AXIOM AUDIT declaration: DefiKernel.Nary.Examples.f05Out1; module=DefiKernel.Nary.Examples; kind=definition; axioms=[propext,
 Quot.sound]
AXIOM AUDIT declaration: DefiKernel.Nary.Examples.f05Prod0; module=DefiKernel.Nary.Examples; kind=definition; axioms=[propext,
 Quot.sound]
AXIOM AUDIT declaration: DefiKernel.Nary.Examples.f05Prod1; module=DefiKernel.Nary.Examples; kind=definition; axioms=[propext,
 Quot.sound]
AXIOM AUDIT declaration: DefiKernel.Nary.Examples.f05Schedule; module=DefiKernel.Nary.Examples; kind=definition; axioms=[propext]
AXIOM AUDIT declaration: DefiKernel.Nary.Examples.f05SharedAfter0; module=DefiKernel.Nary.Examples; kind=definition; axioms=[propext,
 Classical.choice,
 Quot.sound]
AXIOM AUDIT declaration: DefiKernel.Nary.Examples.f05SharedAfter1; module=DefiKernel.Nary.Examples; kind=definition; axioms=[propext,
 Classical.choice,
 Quot.sound]
AXIOM AUDIT declaration: DefiKernel.Nary.Examples.f05SharedBounds; module=DefiKernel.Nary.Examples; kind=definition; axioms=[]
AXIOM AUDIT declaration: DefiKernel.Nary.Examples.f05SharedBranches; module=DefiKernel.Nary.Examples; kind=definition; axioms=[]
AXIOM AUDIT declaration: DefiKernel.Nary.Examples.f05SharedEv0; module=DefiKernel.Nary.Examples; kind=definition; axioms=[propext,
 Classical.choice,
 Quot.sound]
AXIOM AUDIT declaration: DefiKernel.Nary.Examples.f05SharedEv1; module=DefiKernel.Nary.Examples; kind=definition; axioms=[propext,
 Classical.choice,
 Quot.sound]
AXIOM AUDIT declaration: DefiKernel.Nary.Examples.f05SharedExpected; module=DefiKernel.Nary.Examples; kind=definition; axioms=[propext,
 Classical.choice,
 Quot.sound]
AXIOM AUDIT declaration: DefiKernel.Nary.Examples.f05Store; module=DefiKernel.Nary.Examples; kind=definition; axioms=[]
AXIOM AUDIT declaration: DefiKernel.Nary.Examples.f06Bounds; module=DefiKernel.Nary.Examples; kind=definition; axioms=[propext]
AXIOM AUDIT declaration: DefiKernel.Nary.Examples.f06Branches; module=DefiKernel.Nary.Examples; kind=definition; axioms=[propext]
AXIOM AUDIT declaration: DefiKernel.Nary.Examples.f06Expected; module=DefiKernel.Nary.Examples; kind=definition; axioms=[propext,
 Classical.choice,
 Quot.sound]
AXIOM AUDIT declaration: DefiKernel.Nary.Examples.f06Fail; module=DefiKernel.Nary.Examples; kind=definition; axioms=[]
AXIOM AUDIT declaration: DefiKernel.Nary.Examples.f06Schedule; module=DefiKernel.Nary.Examples; kind=definition; axioms=[propext]
AXIOM AUDIT declaration: DefiKernel.Nary.Examples.f07After0; module=DefiKernel.Nary.Examples; kind=definition; axioms=[propext,
 Classical.choice,
 Quot.sound]
AXIOM AUDIT declaration: DefiKernel.Nary.Examples.f07After1; module=DefiKernel.Nary.Examples; kind=definition; axioms=[propext,
 Classical.choice,
 Quot.sound]
AXIOM AUDIT declaration: DefiKernel.Nary.Examples.f07After2; module=DefiKernel.Nary.Examples; kind=definition; axioms=[propext,
 Classical.choice,
 Quot.sound]
AXIOM AUDIT declaration: DefiKernel.Nary.Examples.f07Bounds; module=DefiKernel.Nary.Examples; kind=definition; axioms=[propext]
AXIOM AUDIT declaration: DefiKernel.Nary.Examples.f07Branches; module=DefiKernel.Nary.Examples; kind=definition; axioms=[propext]
AXIOM AUDIT declaration: DefiKernel.Nary.Examples.f07Ev0; module=DefiKernel.Nary.Examples; kind=definition; axioms=[propext,
 Classical.choice,
 Quot.sound]
AXIOM AUDIT declaration: DefiKernel.Nary.Examples.f07Expected; module=DefiKernel.Nary.Examples; kind=definition; axioms=[propext,
 Classical.choice,
 Quot.sound]
AXIOM AUDIT declaration: DefiKernel.Nary.Examples.f07Fail; module=DefiKernel.Nary.Examples; kind=definition; axioms=[]
AXIOM AUDIT declaration: DefiKernel.Nary.Examples.f07Initial; module=DefiKernel.Nary.Examples; kind=definition; axioms=[propext,
 Classical.choice,
 Quot.sound]
AXIOM AUDIT declaration: DefiKernel.Nary.Examples.f07Schedule; module=DefiKernel.Nary.Examples; kind=definition; axioms=[propext]
AXIOM AUDIT declaration: DefiKernel.Nary.Examples.f07Store; module=DefiKernel.Nary.Examples; kind=definition; axioms=[]
AXIOM AUDIT declaration: DefiKernel.Nary.Examples.f08After; module=DefiKernel.Nary.Examples; kind=definition; axioms=[propext,
 Classical.choice,
 Quot.sound]
AXIOM AUDIT declaration: DefiKernel.Nary.Examples.f08Bounds; module=DefiKernel.Nary.Examples; kind=definition; axioms=[propext]
AXIOM AUDIT declaration: DefiKernel.Nary.Examples.f08Branches; module=DefiKernel.Nary.Examples; kind=definition; axioms=[propext]
AXIOM AUDIT declaration: DefiKernel.Nary.Examples.f08Expected; module=DefiKernel.Nary.Examples; kind=definition; axioms=[propext,
 Classical.choice,
 Quot.sound]
AXIOM AUDIT declaration: DefiKernel.Nary.Examples.f08Prefix; module=DefiKernel.Nary.Examples; kind=definition; axioms=[propext]
AXIOM AUDIT declaration: DefiKernel.Nary.Examples.f09After; module=DefiKernel.Nary.Examples; kind=definition; axioms=[propext,
 Classical.choice,
 Quot.sound]
AXIOM AUDIT declaration: DefiKernel.Nary.Examples.f09AfterConsumer; module=DefiKernel.Nary.Examples; kind=definition; axioms=[propext,
 Classical.choice,
 Quot.sound]
AXIOM AUDIT declaration: DefiKernel.Nary.Examples.f09AtA; module=DefiKernel.Nary.Examples; kind=definition; axioms=[propext,
 Classical.choice,
 Quot.sound]
AXIOM AUDIT declaration: DefiKernel.Nary.Examples.f09AtB; module=DefiKernel.Nary.Examples; kind=definition; axioms=[propext,
 Classical.choice,
 Quot.sound]
AXIOM AUDIT declaration: DefiKernel.Nary.Examples.f09AtBeforeDiff; module=DefiKernel.Nary.Examples; kind=definition; axioms=[propext,
 Classical.choice,
 Quot.sound]
AXIOM AUDIT declaration: DefiKernel.Nary.Examples.f09AtFail; module=DefiKernel.Nary.Examples; kind=definition; axioms=[propext,
 Classical.choice,
 Quot.sound]
AXIOM AUDIT declaration: DefiKernel.Nary.Examples.f09AtIndexDiff; module=DefiKernel.Nary.Examples; kind=definition; axioms=[propext,
 Classical.choice,
 Quot.sound]
AXIOM AUDIT declaration: DefiKernel.Nary.Examples.f09AtInvDiff; module=DefiKernel.Nary.Examples; kind=definition; axioms=[propext,
 Classical.choice,
 Quot.sound]
AXIOM AUDIT declaration: DefiKernel.Nary.Examples.f09AtOkGuardDiff; module=DefiKernel.Nary.Examples; kind=definition; axioms=[propext,
 Classical.choice,
 Quot.sound]
AXIOM AUDIT declaration: DefiKernel.Nary.Examples.f09AtOkOutputsDiff; module=DefiKernel.Nary.Examples; kind=definition; axioms=[propext,
 Classical.choice,
 Quot.sound]
AXIOM AUDIT declaration: DefiKernel.Nary.Examples.f09AtOkWorldDiff; module=DefiKernel.Nary.Examples; kind=definition; axioms=[propext,
 Classical.choice,
 Quot.sound]
AXIOM AUDIT declaration: DefiKernel.Nary.Examples.f09AtOutcomeCtorDiff; module=DefiKernel.Nary.Examples; kind=definition; axioms=[propext,
 Classical.choice,
 Quot.sound]
AXIOM AUDIT declaration: DefiKernel.Nary.Examples.f09AtParticipantDiff; module=DefiKernel.Nary.Examples; kind=definition; axioms=[propext,
 Classical.choice,
 Quot.sound]
AXIOM AUDIT declaration: DefiKernel.Nary.Examples.f09Bounds; module=DefiKernel.Nary.Examples; kind=definition; axioms=[propext]
AXIOM AUDIT declaration: DefiKernel.Nary.Examples.f09Branches; module=DefiKernel.Nary.Examples; kind=definition; axioms=[propext]
AXIOM AUDIT declaration: DefiKernel.Nary.Examples.f09Cfg; module=DefiKernel.Nary.Examples; kind=definition; axioms=[propext,
 Quot.sound]
AXIOM AUDIT declaration: DefiKernel.Nary.Examples.f09Chunk1; module=DefiKernel.Nary.Examples; kind=definition; axioms=[propext]
AXIOM AUDIT declaration: DefiKernel.Nary.Examples.f09Chunk2; module=DefiKernel.Nary.Examples; kind=definition; axioms=[propext]
AXIOM AUDIT declaration: DefiKernel.Nary.Examples.f09ConsumedDiff; module=DefiKernel.Nary.Examples; kind=definition; axioms=[propext,
 Classical.choice,
 Quot.sound]
AXIOM AUDIT declaration: DefiKernel.Nary.Examples.f09Cont; module=DefiKernel.Nary.Examples; kind=definition; axioms=[propext]
AXIOM AUDIT declaration: DefiKernel.Nary.Examples.f09Entry; module=DefiKernel.Nary.Examples; kind=definition; axioms=[propext,
 Classical.choice,
 Quot.sound]
AXIOM AUDIT declaration: DefiKernel.Nary.Examples.f09EntryWorld; module=DefiKernel.Nary.Examples; kind=definition; axioms=[propext,
 Classical.choice,
 Quot.sound]
AXIOM AUDIT declaration: DefiKernel.Nary.Examples.f09EvA; module=DefiKernel.Nary.Examples; kind=definition; axioms=[propext,
 Classical.choice,
 Quot.sound]
AXIOM AUDIT declaration: DefiKernel.Nary.Examples.f09EvB; module=DefiKernel.Nary.Examples; kind=definition; axioms=[propext,
 Classical.choice,
 Quot.sound]
AXIOM AUDIT declaration: DefiKernel.Nary.Examples.f09EvC; module=DefiKernel.Nary.Examples; kind=definition; axioms=[propext,
 Classical.choice,
 Quot.sound]
AXIOM AUDIT declaration: DefiKernel.Nary.Examples.f09EvD; module=DefiKernel.Nary.Examples; kind=definition; axioms=[propext,
 Classical.choice,
 Quot.sound]
AXIOM AUDIT declaration: DefiKernel.Nary.Examples.f09EvDeclEnvDiff; module=DefiKernel.Nary.Examples; kind=definition; axioms=[propext,
 Classical.choice,
 Quot.sound]
AXIOM AUDIT declaration: DefiKernel.Nary.Examples.f09EvDeclReadsDiff; module=DefiKernel.Nary.Examples; kind=definition; axioms=[propext,
 Classical.choice,
 Quot.sound]
AXIOM AUDIT declaration: DefiKernel.Nary.Examples.f09EvDeltasDiff; module=DefiKernel.Nary.Examples; kind=definition; axioms=[propext,
 Classical.choice,
 Quot.sound]
AXIOM AUDIT declaration: DefiKernel.Nary.Examples.f09EvGuardDiff; module=DefiKernel.Nary.Examples; kind=definition; axioms=[propext,
 Classical.choice,
 Quot.sound]
AXIOM AUDIT declaration: DefiKernel.Nary.Examples.f09EvOutPortDiff; module=DefiKernel.Nary.Examples; kind=definition; axioms=[propext,
 Classical.choice,
 Quot.sound]
AXIOM AUDIT declaration: DefiKernel.Nary.Examples.f09EvOutStepDiff; module=DefiKernel.Nary.Examples; kind=definition; axioms=[propext,
 Classical.choice,
 Quot.sound]
AXIOM AUDIT declaration: DefiKernel.Nary.Examples.f09EvOutValueDiff; module=DefiKernel.Nary.Examples; kind=definition; axioms=[propext,
 Classical.choice,
 Quot.sound]
AXIOM AUDIT declaration: DefiKernel.Nary.Examples.f09EvReqEnvDiff; module=DefiKernel.Nary.Examples; kind=definition; axioms=[propext,
 Classical.choice,
 Quot.sound]
AXIOM AUDIT declaration: DefiKernel.Nary.Examples.f09EvReqReadsDiff; module=DefiKernel.Nary.Examples; kind=definition; axioms=[propext,
 Classical.choice,
 Quot.sound]
AXIOM AUDIT declaration: DefiKernel.Nary.Examples.f09EvSuppliesDiff; module=DefiKernel.Nary.Examples; kind=definition; axioms=[propext,
 Classical.choice,
 Quot.sound]
AXIOM AUDIT declaration: DefiKernel.Nary.Examples.f09EvWritesDiff; module=DefiKernel.Nary.Examples; kind=definition; axioms=[propext,
 Classical.choice,
 Quot.sound]
AXIOM AUDIT declaration: DefiKernel.Nary.Examples.f09EventBeforeDiff; module=DefiKernel.Nary.Examples; kind=definition; axioms=[propext,
 Classical.choice,
 Quot.sound]
AXIOM AUDIT declaration: DefiKernel.Nary.Examples.f09EventIndexDiff; module=DefiKernel.Nary.Examples; kind=definition; axioms=[propext,
 Classical.choice,
 Quot.sound]
AXIOM AUDIT declaration: DefiKernel.Nary.Examples.f09EventStepDiff; module=DefiKernel.Nary.Examples; kind=definition; axioms=[propext,
 Classical.choice,
 Quot.sound]
AXIOM AUDIT declaration: DefiKernel.Nary.Examples.f09Expected; module=DefiKernel.Nary.Examples; kind=definition; axioms=[propext,
 Classical.choice,
 Quot.sound]
AXIOM AUDIT declaration: DefiKernel.Nary.Examples.f09Fail; module=DefiKernel.Nary.Examples; kind=definition; axioms=[]
AXIOM AUDIT declaration: DefiKernel.Nary.Examples.f09FailIndexDiff; module=DefiKernel.Nary.Examples; kind=definition; axioms=[propext,
 Classical.choice,
 Quot.sound]
AXIOM AUDIT declaration: DefiKernel.Nary.Examples.f09FailReasonDiff; module=DefiKernel.Nary.Examples; kind=definition; axioms=[propext,
 Classical.choice,
 Quot.sound]
AXIOM AUDIT declaration: DefiKernel.Nary.Examples.f09FailStepDiff; module=DefiKernel.Nary.Examples; kind=definition; axioms=[propext,
 Classical.choice,
 Quot.sound]
AXIOM AUDIT declaration: DefiKernel.Nary.Examples.f09LocOutPortDiff; module=DefiKernel.Nary.Examples; kind=definition; axioms=[propext,
 Classical.choice,
 Quot.sound]
AXIOM AUDIT declaration: DefiKernel.Nary.Examples.f09LocOutStepDiff; module=DefiKernel.Nary.Examples; kind=definition; axioms=[propext,
 Classical.choice,
 Quot.sound]
AXIOM AUDIT declaration: DefiKernel.Nary.Examples.f09LocOutValueDiff; module=DefiKernel.Nary.Examples; kind=definition; axioms=[propext,
 Classical.choice,
 Quot.sound]
AXIOM AUDIT declaration: DefiKernel.Nary.Examples.f09LocalFailureDiff; module=DefiKernel.Nary.Examples; kind=definition; axioms=[propext,
 Classical.choice,
 Quot.sound]
AXIOM AUDIT declaration: DefiKernel.Nary.Examples.f09LocalOutputsDiff; module=DefiKernel.Nary.Examples; kind=definition; axioms=[propext,
 Classical.choice,
 Quot.sound]
AXIOM AUDIT declaration: DefiKernel.Nary.Examples.f09MonitorEntry; module=DefiKernel.Nary.Examples; kind=definition; axioms=[]
AXIOM AUDIT declaration: DefiKernel.Nary.Examples.f09MonitorExpected; module=DefiKernel.Nary.Examples; kind=definition; axioms=[]
AXIOM AUDIT declaration: DefiKernel.Nary.Examples.f09NextIndexDiff; module=DefiKernel.Nary.Examples; kind=definition; axioms=[propext,
 Classical.choice,
 Quot.sound]
AXIOM AUDIT declaration: DefiKernel.Nary.Examples.f09Out0; module=DefiKernel.Nary.Examples; kind=definition; axioms=[propext,
 Quot.sound]
AXIOM AUDIT declaration: DefiKernel.Nary.Examples.f09Out1; module=DefiKernel.Nary.Examples; kind=definition; axioms=[propext,
 Quot.sound]
AXIOM AUDIT declaration: DefiKernel.Nary.Examples.f09ReceiptCtorDiff; module=DefiKernel.Nary.Examples; kind=definition; axioms=[propext,
 Classical.choice,
 Quot.sound]
AXIOM AUDIT declaration: DefiKernel.Nary.Examples.f09ReqActorDiff; module=DefiKernel.Nary.Examples; kind=definition; axioms=[propext,
 Classical.choice,
 Quot.sound]
AXIOM AUDIT declaration: DefiKernel.Nary.Examples.f09ReqArgsDiff; module=DefiKernel.Nary.Examples; kind=definition; axioms=[propext,
 Classical.choice,
 Quot.sound]
AXIOM AUDIT declaration: DefiKernel.Nary.Examples.f09ReqCapsDiff; module=DefiKernel.Nary.Examples; kind=definition; axioms=[propext,
 Classical.choice,
 Quot.sound]
AXIOM AUDIT declaration: DefiKernel.Nary.Examples.f09ReqOpDiff; module=DefiKernel.Nary.Examples; kind=definition; axioms=[propext,
 Classical.choice,
 Quot.sound]
AXIOM AUDIT declaration: DefiKernel.Nary.Examples.f09ReqPartiesDiff; module=DefiKernel.Nary.Examples; kind=definition; axioms=[propext,
 Classical.choice,
 Quot.sound]
AXIOM AUDIT declaration: DefiKernel.Nary.Examples.f09ResultOutputsDiff; module=DefiKernel.Nary.Examples; kind=definition; axioms=[propext,
 Classical.choice,
 Quot.sound]
AXIOM AUDIT declaration: DefiKernel.Nary.Examples.f09ResultWorldDiff; module=DefiKernel.Nary.Examples; kind=definition; axioms=[propext,
 Classical.choice,
 Quot.sound]
AXIOM AUDIT declaration: DefiKernel.Nary.Examples.f09StoreDiff; module=DefiKernel.Nary.Examples; kind=definition; axioms=[propext,
 Classical.choice,
 Quot.sound]
AXIOM AUDIT declaration: DefiKernel.Nary.Examples.f09SyntheticClass; module=DefiKernel.Nary.Examples; kind=definition; axioms=[]
AXIOM AUDIT declaration: DefiKernel.Nary.Examples.f09WorldDiff; module=DefiKernel.Nary.Examples; kind=definition; axioms=[propext,
 Classical.choice,
 Quot.sound]
AXIOM AUDIT declaration: DefiKernel.Nary.Examples.f10Bounds; module=DefiKernel.Nary.Examples; kind=definition; axioms=[propext]
AXIOM AUDIT declaration: DefiKernel.Nary.Examples.f10Branches; module=DefiKernel.Nary.Examples; kind=definition; axioms=[propext]
AXIOM AUDIT declaration: DefiKernel.Nary.Examples.f10Catalog; module=DefiKernel.Nary.Examples; kind=definition; axioms=[]
AXIOM AUDIT declaration: DefiKernel.Nary.Examples.f10Cfg; module=DefiKernel.Nary.Examples; kind=definition; axioms=[propext,
 Quot.sound]
AXIOM AUDIT declaration: DefiKernel.Nary.Examples.f10ExtraSkip; module=DefiKernel.Nary.Examples; kind=definition; axioms=[propext]
AXIOM AUDIT declaration: DefiKernel.Nary.Examples.f10Final; module=DefiKernel.Nary.Examples; kind=definition; axioms=[propext,
 Classical.choice,
 Quot.sound]
AXIOM AUDIT declaration: DefiKernel.Nary.Examples.f10Initial; module=DefiKernel.Nary.Examples; kind=definition; axioms=[propext,
 Classical.choice,
 Quot.sound]
AXIOM AUDIT declaration: DefiKernel.Nary.Examples.f10OracleRows; module=DefiKernel.Nary.Examples; kind=definition; axioms=[]
AXIOM AUDIT declaration: DefiKernel.Nary.Examples.f10ProducerPrefix; module=DefiKernel.Nary.Examples; kind=definition; axioms=[]
AXIOM AUDIT declaration: DefiKernel.Nary.Examples.f10ProducerThenDeposit; module=DefiKernel.Nary.Examples; kind=definition; axioms=[]
AXIOM AUDIT declaration: DefiKernel.Nary.Examples.f10Schedules; module=DefiKernel.Nary.Examples; kind=definition; axioms=[propext]
AXIOM AUDIT declaration: DefiKernel.Nary.Examples.f10Store; module=DefiKernel.Nary.Examples; kind=definition; axioms=[]
AXIOM AUDIT declaration: DefiKernel.Nary.Examples.f11After; module=DefiKernel.Nary.Examples; kind=definition; axioms=[propext,
 Classical.choice,
 Quot.sound]
AXIOM AUDIT declaration: DefiKernel.Nary.Examples.f11Bounds; module=DefiKernel.Nary.Examples; kind=definition; axioms=[]
AXIOM AUDIT declaration: DefiKernel.Nary.Examples.f11Branches; module=DefiKernel.Nary.Examples; kind=definition; axioms=[propext]
AXIOM AUDIT declaration: DefiKernel.Nary.Examples.f11Expected; module=DefiKernel.Nary.Examples; kind=definition; axioms=[propext,
 Classical.choice,
 Quot.sound]
AXIOM AUDIT declaration: DefiKernel.Nary.Examples.f11Initial; module=DefiKernel.Nary.Examples; kind=definition; axioms=[propext,
 Classical.choice,
 Quot.sound]
AXIOM AUDIT declaration: DefiKernel.Nary.Examples.f11Store; module=DefiKernel.Nary.Examples; kind=definition; axioms=[]
AXIOM AUDIT declaration: DefiKernel.Nary.Examples.f12AfterCons; module=DefiKernel.Nary.Examples; kind=definition; axioms=[propext,
 Classical.choice,
 Quot.sound]
AXIOM AUDIT declaration: DefiKernel.Nary.Examples.f12AfterPeer; module=DefiKernel.Nary.Examples; kind=definition; axioms=[propext,
 Classical.choice,
 Quot.sound]
AXIOM AUDIT declaration: DefiKernel.Nary.Examples.f12AfterProd; module=DefiKernel.Nary.Examples; kind=definition; axioms=[propext,
 Classical.choice,
 Quot.sound]
AXIOM AUDIT declaration: DefiKernel.Nary.Examples.f12Bounds; module=DefiKernel.Nary.Examples; kind=definition; axioms=[propext]
AXIOM AUDIT declaration: DefiKernel.Nary.Examples.f12Branches; module=DefiKernel.Nary.Examples; kind=definition; axioms=[propext]
AXIOM AUDIT declaration: DefiKernel.Nary.Examples.f12Catalog; module=DefiKernel.Nary.Examples; kind=definition; axioms=[]
AXIOM AUDIT declaration: DefiKernel.Nary.Examples.f12Cfg; module=DefiKernel.Nary.Examples; kind=definition; axioms=[propext,
 Quot.sound]
AXIOM AUDIT declaration: DefiKernel.Nary.Examples.f12Expected; module=DefiKernel.Nary.Examples; kind=definition; axioms=[propext,
 Classical.choice,
 Quot.sound]
AXIOM AUDIT declaration: DefiKernel.Nary.Examples.f12Initial; module=DefiKernel.Nary.Examples; kind=definition; axioms=[propext,
 Classical.choice,
 Quot.sound]
AXIOM AUDIT declaration: DefiKernel.Nary.Examples.f12Schedule; module=DefiKernel.Nary.Examples; kind=definition; axioms=[propext]
AXIOM AUDIT declaration: DefiKernel.Nary.Examples.f12Store; module=DefiKernel.Nary.Examples; kind=definition; axioms=[]
AXIOM AUDIT declaration: DefiKernel.Nary.Examples.f13After; module=DefiKernel.Nary.Examples; kind=definition; axioms=[propext,
 Classical.choice,
 Quot.sound]
AXIOM AUDIT declaration: DefiKernel.Nary.Examples.f13Bounds; module=DefiKernel.Nary.Examples; kind=definition; axioms=[]
AXIOM AUDIT declaration: DefiKernel.Nary.Examples.f13Branches; module=DefiKernel.Nary.Examples; kind=definition; axioms=[propext]
AXIOM AUDIT declaration: DefiKernel.Nary.Examples.f13Expected; module=DefiKernel.Nary.Examples; kind=definition; axioms=[propext,
 Classical.choice,
 Quot.sound]
AXIOM AUDIT declaration: DefiKernel.Nary.Examples.f13Initial; module=DefiKernel.Nary.Examples; kind=definition; axioms=[propext,
 Classical.choice,
 Quot.sound]
AXIOM AUDIT declaration: DefiKernel.Nary.Examples.f13Store; module=DefiKernel.Nary.Examples; kind=definition; axioms=[]
AXIOM AUDIT declaration: DefiKernel.Nary.Examples.f14Bounds; module=DefiKernel.Nary.Examples; kind=definition; axioms=[]
AXIOM AUDIT declaration: DefiKernel.Nary.Examples.f14Branches; module=DefiKernel.Nary.Examples; kind=definition; axioms=[propext]
AXIOM AUDIT declaration: DefiKernel.Nary.Examples.f14Expected; module=DefiKernel.Nary.Examples; kind=definition; axioms=[propext,
 Classical.choice,
 Quot.sound]
AXIOM AUDIT declaration: DefiKernel.Nary.Examples.f14Initial; module=DefiKernel.Nary.Examples; kind=definition; axioms=[propext,
 Classical.choice,
 Quot.sound]
AXIOM AUDIT declaration: DefiKernel.Nary.Examples.f14Store; module=DefiKernel.Nary.Examples; kind=definition; axioms=[]
AXIOM AUDIT declaration: DefiKernel.Nary.Examples.f15Facts; module=DefiKernel.Nary.Examples; kind=definition; axioms=[]
AXIOM AUDIT declaration: DefiKernel.Nary.Examples.f15Implications; module=DefiKernel.Nary.Examples; kind=definition; axioms=[]
AXIOM AUDIT declaration: DefiKernel.Nary.Examples.f15Left; module=DefiKernel.Nary.Examples; kind=definition; axioms=[]
AXIOM AUDIT declaration: DefiKernel.Nary.Examples.f15Right; module=DefiKernel.Nary.Examples; kind=definition; axioms=[]
AXIOM AUDIT declaration: DefiKernel.Nary.Examples.f16AfterPeer; module=DefiKernel.Nary.Examples; kind=definition; axioms=[propext,
 Classical.choice,
 Quot.sound]
AXIOM AUDIT declaration: DefiKernel.Nary.Examples.f16Bounds; module=DefiKernel.Nary.Examples; kind=definition; axioms=[propext]
AXIOM AUDIT declaration: DefiKernel.Nary.Examples.f16Branches; module=DefiKernel.Nary.Examples; kind=definition; axioms=[propext]
AXIOM AUDIT declaration: DefiKernel.Nary.Examples.f16Catalog; module=DefiKernel.Nary.Examples; kind=definition; axioms=[]
AXIOM AUDIT declaration: DefiKernel.Nary.Examples.f16Cfg; module=DefiKernel.Nary.Examples; kind=definition; axioms=[propext,
 Quot.sound]
AXIOM AUDIT declaration: DefiKernel.Nary.Examples.f16Expected; module=DefiKernel.Nary.Examples; kind=definition; axioms=[propext,
 Classical.choice,
 Quot.sound]
AXIOM AUDIT declaration: DefiKernel.Nary.Examples.f16Fail; module=DefiKernel.Nary.Examples; kind=definition; axioms=[]
AXIOM AUDIT declaration: DefiKernel.Nary.Examples.f16Initial; module=DefiKernel.Nary.Examples; kind=definition; axioms=[propext,
 Classical.choice,
 Quot.sound]
AXIOM AUDIT declaration: DefiKernel.Nary.Examples.f16Schedule; module=DefiKernel.Nary.Examples; kind=definition; axioms=[propext]
AXIOM AUDIT declaration: DefiKernel.Nary.Examples.f16Store; module=DefiKernel.Nary.Examples; kind=definition; axioms=[]
AXIOM AUDIT declaration: DefiKernel.Nary.Examples.f17After; module=DefiKernel.Nary.Examples; kind=definition; axioms=[propext,
 Classical.choice,
 Quot.sound]
AXIOM AUDIT declaration: DefiKernel.Nary.Examples.f17Bounds; module=DefiKernel.Nary.Examples; kind=definition; axioms=[]
AXIOM AUDIT declaration: DefiKernel.Nary.Examples.f17Branches; module=DefiKernel.Nary.Examples; kind=definition; axioms=[propext]
AXIOM AUDIT declaration: DefiKernel.Nary.Examples.f17Expected; module=DefiKernel.Nary.Examples; kind=definition; axioms=[propext,
 Classical.choice,
 Quot.sound]
AXIOM AUDIT declaration: DefiKernel.Nary.Examples.f17Schedule; module=DefiKernel.Nary.Examples; kind=definition; axioms=[propext]
AXIOM AUDIT declaration: DefiKernel.Nary.Examples.f17Store; module=DefiKernel.Nary.Examples; kind=definition; axioms=[]
AXIOM AUDIT declaration: DefiKernel.Nary.Examples.f18Bounds; module=DefiKernel.Nary.Examples; kind=definition; axioms=[]
AXIOM AUDIT declaration: DefiKernel.Nary.Examples.f18Branches; module=DefiKernel.Nary.Examples; kind=definition; axioms=[]
AXIOM AUDIT declaration: DefiKernel.Nary.Examples.f18Cfg; module=DefiKernel.Nary.Examples; kind=definition; axioms=[propext,
 Quot.sound]
AXIOM AUDIT declaration: DefiKernel.Nary.Examples.f18Edges; module=DefiKernel.Nary.Examples; kind=definition; axioms=[]
AXIOM AUDIT declaration: DefiKernel.Nary.Examples.f18EmptyEdges; module=DefiKernel.Nary.Examples; kind=definition; axioms=[]
AXIOM AUDIT declaration: DefiKernel.Nary.Examples.f18Initial; module=DefiKernel.Nary.Examples; kind=definition; axioms=[propext,
 Classical.choice,
 Quot.sound]
AXIOM AUDIT declaration: DefiKernel.Nary.Examples.f18Op; module=DefiKernel.Nary.Examples; kind=definition; axioms=[]
AXIOM AUDIT declaration: DefiKernel.Nary.Examples.f18Receipt; module=DefiKernel.Nary.Examples; kind=definition; axioms=[propext,
 Quot.sound]
AXIOM AUDIT declaration: DefiKernel.Nary.Examples.f18Region; module=DefiKernel.Nary.Examples; kind=definition; axioms=[propext,
 Quot.sound]
AXIOM AUDIT declaration: DefiKernel.Nary.Examples.f18ResultAfter; module=DefiKernel.Nary.Examples; kind=definition; axioms=[propext,
 Classical.choice,
 Quot.sound]
AXIOM AUDIT declaration: DefiKernel.Nary.Examples.f18Roster; module=DefiKernel.Nary.Examples; kind=definition; axioms=[propext]
AXIOM AUDIT declaration: DefiKernel.Nary.Examples.f18Schedules; module=DefiKernel.Nary.Examples; kind=definition; axioms=[propext]
AXIOM AUDIT declaration: DefiKernel.Nary.Examples.f18Store; module=DefiKernel.Nary.Examples; kind=definition; axioms=[]
AXIOM AUDIT declaration: DefiKernel.Nary.Examples.f18Value; module=DefiKernel.Nary.Examples; kind=definition; axioms=[propext,
 Quot.sound]
AXIOM AUDIT declaration: DefiKernel.Nary.Examples.f18WorldAfter; module=DefiKernel.Nary.Examples; kind=definition; axioms=[propext,
 Classical.choice,
 Quot.sound]
AXIOM AUDIT declaration: DefiKernel.Nary.Examples.f19BindingError; module=DefiKernel.Nary.Examples; kind=definition; axioms=[propext,
 Quot.sound]
AXIOM AUDIT declaration: DefiKernel.Nary.Examples.f19Branches; module=DefiKernel.Nary.Examples; kind=definition; axioms=[propext]
AXIOM AUDIT declaration: DefiKernel.Nary.Examples.f19Expected; module=DefiKernel.Nary.Examples; kind=definition; axioms=[propext,
 Classical.choice,
 Quot.sound]
AXIOM AUDIT declaration: DefiKernel.Nary.Examples.f19Op; module=DefiKernel.Nary.Examples; kind=definition; axioms=[]
AXIOM AUDIT declaration: DefiKernel.Nary.Examples.f19Receipt; module=DefiKernel.Nary.Examples; kind=definition; axioms=[propext,
 Quot.sound]
AXIOM AUDIT declaration: DefiKernel.Nary.Examples.f19Schedule; module=DefiKernel.Nary.Examples; kind=definition; axioms=[propext]
AXIOM AUDIT declaration: DefiKernel.Nary.Examples.f19World; module=DefiKernel.Nary.Examples; kind=definition; axioms=[propext,
 Classical.choice,
 Quot.sound]
AXIOM AUDIT declaration: DefiKernel.Nary.Examples.falseProducer; module=DefiKernel.Nary.Examples; kind=definition; axioms=[]
AXIOM AUDIT declaration: DefiKernel.Nary.Examples.fin2Roster; module=DefiKernel.Nary.Examples; kind=definition; axioms=[propext]
AXIOM AUDIT declaration: DefiKernel.Nary.Examples.fin3Roster; module=DefiKernel.Nary.Examples; kind=definition; axioms=[propext]
AXIOM AUDIT declaration: DefiKernel.Nary.Examples.fixtureIds; module=DefiKernel.Nary.Examples; kind=definition; axioms=[]
AXIOM AUDIT declaration: DefiKernel.Nary.Examples.fundedBounds; module=DefiKernel.Nary.Examples; kind=definition; axioms=[propext]
AXIOM AUDIT declaration: DefiKernel.Nary.Examples.fundedBranches; module=DefiKernel.Nary.Examples; kind=definition; axioms=[propext]
AXIOM AUDIT declaration: DefiKernel.Nary.Examples.fundedCatalog; module=DefiKernel.Nary.Examples; kind=definition; axioms=[]
AXIOM AUDIT declaration: DefiKernel.Nary.Examples.fundedCfg; module=DefiKernel.Nary.Examples; kind=definition; axioms=[propext,
 Quot.sound]
AXIOM AUDIT declaration: DefiKernel.Nary.Examples.identityOp; module=DefiKernel.Nary.Examples; kind=definition; axioms=[]
AXIOM AUDIT declaration: DefiKernel.Nary.Examples.ids; module=DefiKernel.Nary.Examples; kind=definition; axioms=[]
AXIOM AUDIT declaration: DefiKernel.Nary.Examples.instDecidableEqAsset; module=DefiKernel.Nary.Examples; kind=definition; axioms=[]
AXIOM AUDIT declaration: DefiKernel.Nary.Examples.instDecidableEqDomain; module=DefiKernel.Nary.Examples; kind=definition; axioms=[]
AXIOM AUDIT declaration: DefiKernel.Nary.Examples.instDecidableEqEvidenceClass; module=DefiKernel.Nary.Examples; kind=definition; axioms=[]
AXIOM AUDIT declaration: DefiKernel.Nary.Examples.instDecidableEqParty; module=DefiKernel.Nary.Examples; kind=definition; axioms=[]
AXIOM AUDIT declaration: DefiKernel.Nary.Examples.instDecidableEqReservePhase; module=DefiKernel.Nary.Examples; kind=definition; axioms=[]
AXIOM AUDIT declaration: DefiKernel.Nary.Examples.instFintypeAsset; module=DefiKernel.Nary.Examples; kind=definition; axioms=[propext,
 Classical.choice,
 Quot.sound]
AXIOM AUDIT declaration: DefiKernel.Nary.Examples.instFintypeDomain; module=DefiKernel.Nary.Examples; kind=definition; axioms=[propext,
 Classical.choice,
 Quot.sound]
AXIOM AUDIT declaration: DefiKernel.Nary.Examples.instFintypeParty; module=DefiKernel.Nary.Examples; kind=definition; axioms=[propext,
 Classical.choice,
 Quot.sound]
AXIOM AUDIT declaration: DefiKernel.Nary.Examples.instReprAsset; module=DefiKernel.Nary.Examples; kind=definition; axioms=[]
AXIOM AUDIT declaration: DefiKernel.Nary.Examples.instReprDomain; module=DefiKernel.Nary.Examples; kind=definition; axioms=[]
AXIOM AUDIT declaration: DefiKernel.Nary.Examples.instReprEvidenceClass; module=DefiKernel.Nary.Examples; kind=definition; axioms=[]
AXIOM AUDIT declaration: DefiKernel.Nary.Examples.instReprParty; module=DefiKernel.Nary.Examples; kind=definition; axioms=[]
AXIOM AUDIT declaration: DefiKernel.Nary.Examples.instReprReservePhase; module=DefiKernel.Nary.Examples; kind=definition; axioms=[]
AXIOM AUDIT declaration: DefiKernel.Nary.Examples.inv10; module=DefiKernel.Nary.Examples; kind=definition; axioms=[]
AXIOM AUDIT declaration: DefiKernel.Nary.Examples.inv11; module=DefiKernel.Nary.Examples; kind=definition; axioms=[]
AXIOM AUDIT declaration: DefiKernel.Nary.Examples.inv12; module=DefiKernel.Nary.Examples; kind=definition; axioms=[]
AXIOM AUDIT declaration: DefiKernel.Nary.Examples.inv13; module=DefiKernel.Nary.Examples; kind=definition; axioms=[]
AXIOM AUDIT declaration: DefiKernel.Nary.Examples.inv14; module=DefiKernel.Nary.Examples; kind=definition; axioms=[]
AXIOM AUDIT declaration: DefiKernel.Nary.Examples.inv15; module=DefiKernel.Nary.Examples; kind=definition; axioms=[]
AXIOM AUDIT declaration: DefiKernel.Nary.Examples.inv16; module=DefiKernel.Nary.Examples; kind=definition; axioms=[]
AXIOM AUDIT declaration: DefiKernel.Nary.Examples.inv17; module=DefiKernel.Nary.Examples; kind=definition; axioms=[]
AXIOM AUDIT declaration: DefiKernel.Nary.Examples.inv18; module=DefiKernel.Nary.Examples; kind=definition; axioms=[]
AXIOM AUDIT declaration: DefiKernel.Nary.Examples.inv19; module=DefiKernel.Nary.Examples; kind=definition; axioms=[]
AXIOM AUDIT declaration: DefiKernel.Nary.Examples.inv200; module=DefiKernel.Nary.Examples; kind=definition; axioms=[]
AXIOM AUDIT declaration: DefiKernel.Nary.Examples.inv201; module=DefiKernel.Nary.Examples; kind=definition; axioms=[]
AXIOM AUDIT declaration: DefiKernel.Nary.Examples.inv202; module=DefiKernel.Nary.Examples; kind=definition; axioms=[]
AXIOM AUDIT declaration: DefiKernel.Nary.Examples.inv203; module=DefiKernel.Nary.Examples; kind=definition; axioms=[]
AXIOM AUDIT declaration: DefiKernel.Nary.Examples.inv21; module=DefiKernel.Nary.Examples; kind=definition; axioms=[]
AXIOM AUDIT declaration: DefiKernel.Nary.Examples.inv210; module=DefiKernel.Nary.Examples; kind=definition; axioms=[]
AXIOM AUDIT declaration: DefiKernel.Nary.Examples.inv999; module=DefiKernel.Nary.Examples; kind=definition; axioms=[]
AXIOM AUDIT declaration: DefiKernel.Nary.Examples.invOf; module=DefiKernel.Nary.Examples; kind=definition; axioms=[]
AXIOM AUDIT declaration: DefiKernel.Nary.Examples.invalidCatalog; module=DefiKernel.Nary.Examples; kind=definition; axioms=[]
AXIOM AUDIT declaration: DefiKernel.Nary.Examples.invalidCfg; module=DefiKernel.Nary.Examples; kind=definition; axioms=[propext,
 Quot.sound]
AXIOM AUDIT declaration: DefiKernel.Nary.Examples.invoke; module=DefiKernel.Nary.Examples; kind=definition; axioms=[]
AXIOM AUDIT declaration: DefiKernel.Nary.Examples.isConsumedConsumer; module=DefiKernel.Nary.Examples; kind=definition; axioms=[propext,
 Quot.sound]
AXIOM AUDIT declaration: DefiKernel.Nary.Examples.isReadyProducer; module=DefiKernel.Nary.Examples; kind=definition; axioms=[propext,
 Quot.sound]
AXIOM AUDIT declaration: DefiKernel.Nary.Examples.leBalance; module=DefiKernel.Nary.Examples; kind=definition; axioms=[]
AXIOM AUDIT declaration: DefiKernel.Nary.Examples.litAmt; module=DefiKernel.Nary.Examples; kind=definition; axioms=[]
AXIOM AUDIT declaration: DefiKernel.Nary.Examples.localFail; module=DefiKernel.Nary.Examples; kind=definition; axioms=[propext,
 Quot.sound]
AXIOM AUDIT declaration: DefiKernel.Nary.Examples.localSucc; module=DefiKernel.Nary.Examples; kind=definition; axioms=[propext,
 Quot.sound]
AXIOM AUDIT declaration: DefiKernel.Nary.Examples.locals2; module=DefiKernel.Nary.Examples; kind=definition; axioms=[propext,
 Quot.sound]
AXIOM AUDIT declaration: DefiKernel.Nary.Examples.locals3; module=DefiKernel.Nary.Examples; kind=definition; axioms=[propext,
 Quot.sound]
AXIOM AUDIT declaration: DefiKernel.Nary.Examples.mainUsd; module=DefiKernel.Nary.Examples; kind=definition; axioms=[propext,
 Quot.sound]
AXIOM AUDIT declaration: DefiKernel.Nary.Examples.mapAt0; module=DefiKernel.Nary.Examples; kind=definition; axioms=[propext,
 Quot.sound]
AXIOM AUDIT declaration: DefiKernel.Nary.Examples.mapAt0Eval; module=DefiKernel.Nary.Examples; kind=definition; axioms=[propext,
 Quot.sound]
AXIOM AUDIT declaration: DefiKernel.Nary.Examples.mapEv0; module=DefiKernel.Nary.Examples; kind=definition; axioms=[propext,
 Quot.sound]
AXIOM AUDIT declaration: DefiKernel.Nary.Examples.mapEv0Eval; module=DefiKernel.Nary.Examples; kind=definition; axioms=[propext,
 Quot.sound]
AXIOM AUDIT declaration: DefiKernel.Nary.Examples.mapEv0Out; module=DefiKernel.Nary.Examples; kind=definition; axioms=[propext,
 Quot.sound]
AXIOM AUDIT declaration: DefiKernel.Nary.Examples.mapEv0Req; module=DefiKernel.Nary.Examples; kind=definition; axioms=[propext,
 Quot.sound]
AXIOM AUDIT declaration: DefiKernel.Nary.Examples.mapFail; module=DefiKernel.Nary.Examples; kind=definition; axioms=[propext,
 Quot.sound]
AXIOM AUDIT declaration: DefiKernel.Nary.Examples.mapLocOut0; module=DefiKernel.Nary.Examples; kind=definition; axioms=[propext,
 Quot.sound]
AXIOM AUDIT declaration: DefiKernel.Nary.Examples.mkCfg; module=DefiKernel.Nary.Examples; kind=definition; axioms=[propext,
 Quot.sound]
AXIOM AUDIT declaration: DefiKernel.Nary.Examples.mkWorld; module=DefiKernel.Nary.Examples; kind=definition; axioms=[propext,
 Classical.choice,
 Quot.sound]
AXIOM AUDIT declaration: DefiKernel.Nary.Examples.mutationFalseLabels; module=DefiKernel.Nary.Examples; kind=definition; axioms=[]
AXIOM AUDIT declaration: DefiKernel.Nary.Examples.name; module=DefiKernel.Nary.Examples; kind=definition; axioms=[]
AXIOM AUDIT declaration: DefiKernel.Nary.Examples.negAmt; module=DefiKernel.Nary.Examples; kind=definition; axioms=[]
AXIOM AUDIT declaration: DefiKernel.Nary.Examples.nonnegative; module=DefiKernel.Nary.Examples; kind=definition; axioms=[propext,
 Quot.sound]
AXIOM AUDIT declaration: DefiKernel.Nary.Examples.observeReserve; module=DefiKernel.Nary.Examples; kind=definition; axioms=[propext,
 Quot.sound]
AXIOM AUDIT declaration: DefiKernel.Nary.Examples.opIface; module=DefiKernel.Nary.Examples; kind=definition; axioms=[]
AXIOM AUDIT declaration: DefiKernel.Nary.Examples.p0; module=DefiKernel.Nary.Examples; kind=definition; axioms=[propext]
AXIOM AUDIT declaration: DefiKernel.Nary.Examples.p1; module=DefiKernel.Nary.Examples; kind=definition; axioms=[propext]
AXIOM AUDIT declaration: DefiKernel.Nary.Examples.p2; module=DefiKernel.Nary.Examples; kind=definition; axioms=[propext]
AXIOM AUDIT declaration: DefiKernel.Nary.Examples.packed; module=DefiKernel.Nary.Examples; kind=definition; axioms=[]
AXIOM AUDIT declaration: DefiKernel.Nary.Examples.packedArg; module=DefiKernel.Nary.Examples; kind=definition; axioms=[]
AXIOM AUDIT declaration: DefiKernel.Nary.Examples.parameterizedConsumer; module=DefiKernel.Nary.Examples; kind=definition; axioms=[propext,
 Quot.sound]
AXIOM AUDIT declaration: DefiKernel.Nary.Examples.parameterizedProducer; module=DefiKernel.Nary.Examples; kind=definition; axioms=[propext,
 Quot.sound]
AXIOM AUDIT declaration: DefiKernel.Nary.Examples.prefixRows; module=DefiKernel.Nary.Examples; kind=definition; axioms=[]
AXIOM AUDIT declaration: DefiKernel.Nary.Examples.producerSnapshot; module=DefiKernel.Nary.Examples; kind=definition; axioms=[]
AXIOM AUDIT declaration: DefiKernel.Nary.Examples.protectedPositiveLabels; module=DefiKernel.Nary.Examples; kind=definition; axioms=[]
AXIOM AUDIT declaration: DefiKernel.Nary.Examples.q0; module=DefiKernel.Nary.Examples; kind=definition; axioms=[propext]
AXIOM AUDIT declaration: DefiKernel.Nary.Examples.q1; module=DefiKernel.Nary.Examples; kind=definition; axioms=[propext]
AXIOM AUDIT declaration: DefiKernel.Nary.Examples.rec10; module=DefiKernel.Nary.Examples; kind=definition; axioms=[propext,
 Quot.sound]
AXIOM AUDIT declaration: DefiKernel.Nary.Examples.rec10s; module=DefiKernel.Nary.Examples; kind=definition; axioms=[propext,
 Quot.sound]
AXIOM AUDIT declaration: DefiKernel.Nary.Examples.rec11; module=DefiKernel.Nary.Examples; kind=definition; axioms=[propext,
 Quot.sound]
AXIOM AUDIT declaration: DefiKernel.Nary.Examples.rec11s; module=DefiKernel.Nary.Examples; kind=definition; axioms=[propext,
 Quot.sound]
AXIOM AUDIT declaration: DefiKernel.Nary.Examples.rec12; module=DefiKernel.Nary.Examples; kind=definition; axioms=[propext,
 Quot.sound]
AXIOM AUDIT declaration: DefiKernel.Nary.Examples.rec12s; module=DefiKernel.Nary.Examples; kind=definition; axioms=[propext,
 Quot.sound]
AXIOM AUDIT declaration: DefiKernel.Nary.Examples.rec14; module=DefiKernel.Nary.Examples; kind=definition; axioms=[propext,
 Quot.sound]
AXIOM AUDIT declaration: DefiKernel.Nary.Examples.rec15; module=DefiKernel.Nary.Examples; kind=definition; axioms=[propext,
 Quot.sound]
AXIOM AUDIT declaration: DefiKernel.Nary.Examples.rec16; module=DefiKernel.Nary.Examples; kind=definition; axioms=[propext,
 Quot.sound]
AXIOM AUDIT declaration: DefiKernel.Nary.Examples.rec16s; module=DefiKernel.Nary.Examples; kind=definition; axioms=[propext,
 Quot.sound]
AXIOM AUDIT declaration: DefiKernel.Nary.Examples.rec17; module=DefiKernel.Nary.Examples; kind=definition; axioms=[]
AXIOM AUDIT declaration: DefiKernel.Nary.Examples.rec18; module=DefiKernel.Nary.Examples; kind=definition; axioms=[]
AXIOM AUDIT declaration: DefiKernel.Nary.Examples.rec18a; module=DefiKernel.Nary.Examples; kind=definition; axioms=[propext,
 Quot.sound]
AXIOM AUDIT declaration: DefiKernel.Nary.Examples.rec18b; module=DefiKernel.Nary.Examples; kind=definition; axioms=[propext,
 Quot.sound]
AXIOM AUDIT declaration: DefiKernel.Nary.Examples.rec19; module=DefiKernel.Nary.Examples; kind=definition; axioms=[]
AXIOM AUDIT declaration: DefiKernel.Nary.Examples.rec19a; module=DefiKernel.Nary.Examples; kind=definition; axioms=[propext,
 Quot.sound]
AXIOM AUDIT declaration: DefiKernel.Nary.Examples.rec19b; module=DefiKernel.Nary.Examples; kind=definition; axioms=[propext,
 Quot.sound]
AXIOM AUDIT declaration: DefiKernel.Nary.Examples.rec200; module=DefiKernel.Nary.Examples; kind=definition; axioms=[]
AXIOM AUDIT declaration: DefiKernel.Nary.Examples.rec201; module=DefiKernel.Nary.Examples; kind=definition; axioms=[propext,
 Quot.sound]
AXIOM AUDIT declaration: DefiKernel.Nary.Examples.rec202; module=DefiKernel.Nary.Examples; kind=definition; axioms=[propext,
 Quot.sound]
AXIOM AUDIT declaration: DefiKernel.Nary.Examples.rec202s; module=DefiKernel.Nary.Examples; kind=definition; axioms=[propext,
 Quot.sound]
AXIOM AUDIT declaration: DefiKernel.Nary.Examples.rec203; module=DefiKernel.Nary.Examples; kind=definition; axioms=[propext,
 Quot.sound]
AXIOM AUDIT declaration: DefiKernel.Nary.Examples.rec21; module=DefiKernel.Nary.Examples; kind=definition; axioms=[propext,
 Quot.sound]
AXIOM AUDIT declaration: DefiKernel.Nary.Examples.recConst; module=DefiKernel.Nary.Examples; kind=definition; axioms=[]
AXIOM AUDIT declaration: DefiKernel.Nary.Examples.recConsumer; module=DefiKernel.Nary.Examples; kind=definition; axioms=[]
AXIOM AUDIT declaration: DefiKernel.Nary.Examples.recIdentity; module=DefiKernel.Nary.Examples; kind=definition; axioms=[]
AXIOM AUDIT declaration: DefiKernel.Nary.Examples.recProducer; module=DefiKernel.Nary.Examples; kind=definition; axioms=[]
AXIOM AUDIT declaration: DefiKernel.Nary.Examples.receiptOf; module=DefiKernel.Nary.Examples; kind=definition; axioms=[propext,
 Quot.sound]
AXIOM AUDIT declaration: DefiKernel.Nary.Examples.recipient1C; module=DefiKernel.Nary.Examples; kind=definition; axioms=[]
AXIOM AUDIT declaration: DefiKernel.Nary.Examples.recipientC; module=DefiKernel.Nary.Examples; kind=definition; axioms=[]
AXIOM AUDIT declaration: DefiKernel.Nary.Examples.registry; module=DefiKernel.Nary.Examples; kind=definition; axioms=[propext,
 Quot.sound]
AXIOM AUDIT declaration: DefiKernel.Nary.Examples.reserveUpdate; module=DefiKernel.Nary.Examples; kind=definition; axioms=[propext,
 Quot.sound]
AXIOM AUDIT declaration: DefiKernel.Nary.Examples.rowsFor; module=DefiKernel.Nary.Examples; kind=definition; axioms=[]
AXIOM AUDIT declaration: DefiKernel.Nary.Examples.sched3; module=DefiKernel.Nary.Examples; kind=definition; axioms=[propext]
AXIOM AUDIT declaration: DefiKernel.Nary.Examples.sentinelC; module=DefiKernel.Nary.Examples; kind=definition; axioms=[]
AXIOM AUDIT declaration: DefiKernel.Nary.Examples.setLoc0; module=DefiKernel.Nary.Examples; kind=definition; axioms=[propext,
 Quot.sound]
AXIOM AUDIT declaration: DefiKernel.Nary.Examples.setLoc1; module=DefiKernel.Nary.Examples; kind=definition; axioms=[propext,
 Quot.sound]
AXIOM AUDIT declaration: DefiKernel.Nary.Examples.sr; module=DefiKernel.Nary.Examples; kind=definition; axioms=[propext,
 Quot.sound]
AXIOM AUDIT declaration: DefiKernel.Nary.Examples.storeOf; module=DefiKernel.Nary.Examples; kind=definition; axioms=[]
AXIOM AUDIT declaration: DefiKernel.Nary.Examples.toFin3; module=DefiKernel.Nary.Examples; kind=definition; axioms=[propext]
AXIOM AUDIT declaration: DefiKernel.Nary.Examples.unitBounds; module=DefiKernel.Nary.Examples; kind=definition; axioms=[]
AXIOM AUDIT declaration: DefiKernel.Nary.Examples.unitBranches; module=DefiKernel.Nary.Examples; kind=definition; axioms=[]
AXIOM AUDIT declaration: DefiKernel.Nary.Examples.unitComplete; module=DefiKernel.Nary.Examples; kind=definition; axioms=[]
AXIOM AUDIT declaration: DefiKernel.Nary.Examples.unitMissing; module=DefiKernel.Nary.Examples; kind=definition; axioms=[]
AXIOM AUDIT declaration: DefiKernel.Nary.Examples.unitRoster; module=DefiKernel.Nary.Examples; kind=definition; axioms=[propext,
 Quot.sound]
AXIOM AUDIT declaration: DefiKernel.Nary.Examples.usdArg; module=DefiKernel.Nary.Examples; kind=definition; axioms=[]
AXIOM AUDIT declaration: DefiKernel.Nary.Examples.vaultBound; module=DefiKernel.Nary.Examples; kind=definition; axioms=[]
AXIOM AUDIT declaration: DefiKernel.Nary.Examples.vaultC; module=DefiKernel.Nary.Examples; kind=definition; axioms=[]
AXIOM AUDIT declaration: DefiKernel.Nary.Examples.worldOfMain; module=DefiKernel.Nary.Examples; kind=definition; axioms=[propext,
 Classical.choice,
 Quot.sound]
AXIOM AUDIT declaration: DefiKernel.Nary.FundedCausal.FundedK; module=DefiKernel.Nary.FundedCausal; kind=definition; axioms=[propext,
 Classical.choice,
 Quot.sound]
AXIOM AUDIT declaration: DefiKernel.Nary.FundedCausal.consumedFlag; module=DefiKernel.Nary.FundedCausal; kind=definition; axioms=[]
AXIOM AUDIT declaration: DefiKernel.Nary.FundedCausal.depositOnlyRely; module=DefiKernel.Nary.FundedCausal; kind=definition; axioms=[propext,
 Quot.sound]
AXIOM AUDIT declaration: DefiKernel.Nary.FundedCausal.fundedAssumption; module=DefiKernel.Nary.FundedCausal; kind=definition; axioms=[propext,
 Classical.choice,
 Quot.sound]
AXIOM AUDIT declaration: DefiKernel.Nary.FundedCausal.fundedBalances; module=DefiKernel.Nary.FundedCausal; kind=definition; axioms=[propext,
 Classical.choice,
 Quot.sound]
AXIOM AUDIT declaration: DefiKernel.Nary.FundedCausal.fundedExternal; module=DefiKernel.Nary.FundedCausal; kind=definition; axioms=[propext,
 Quot.sound]
AXIOM AUDIT declaration: DefiKernel.Nary.FundedCausal.fundedGuarantee; module=DefiKernel.Nary.FundedCausal; kind=definition; axioms=[propext,
 Classical.choice,
 Quot.sound]
AXIOM AUDIT declaration: DefiKernel.Nary.FundedCausal.fundedInv; module=DefiKernel.Nary.FundedCausal; kind=definition; axioms=[propext,
 Quot.sound]
AXIOM AUDIT declaration: DefiKernel.Nary.FundedCausal.fundedInvariant; module=DefiKernel.Nary.FundedCausal; kind=definition; axioms=[propext,
 Quot.sound]
AXIOM AUDIT declaration: DefiKernel.Nary.FundedCausal.fundedRely; module=DefiKernel.Nary.FundedCausal; kind=definition; axioms=[propext,
 Quot.sound]
AXIOM AUDIT declaration: DefiKernel.Nary.FundedCausal.phaseOf; module=DefiKernel.Nary.FundedCausal; kind=definition; axioms=[]
AXIOM AUDIT declaration: DefiKernel.Nary.FundedCompanions.depositOnlyRely; module=DefiKernel.Nary.FundedCompanions; kind=definition; axioms=[propext,
 Quot.sound]
AXIOM AUDIT declaration: DefiKernel.Nary.FundedCompanions.f10AfterDeposit1; module=DefiKernel.Nary.FundedCompanions; kind=definition; axioms=[propext,
 Classical.choice,
 Quot.sound]
AXIOM AUDIT declaration: DefiKernel.Nary.FundedCompanions.f10AfterDeposit2; module=DefiKernel.Nary.FundedCompanions; kind=definition; axioms=[propext,
 Classical.choice,
 Quot.sound]
AXIOM AUDIT declaration: DefiKernel.Nary.FundedCompanions.f12ConsResult; module=DefiKernel.Nary.FundedCompanions; kind=definition; axioms=[propext,
 Classical.choice,
 Quot.sound]
AXIOM AUDIT declaration: DefiKernel.Nary.FundedCompanions.f12M1; module=DefiKernel.Nary.FundedCompanions; kind=definition; axioms=[propext,
 Classical.choice,
 Quot.sound]
AXIOM AUDIT declaration: DefiKernel.Nary.FundedCompanions.f12M2; module=DefiKernel.Nary.FundedCompanions; kind=definition; axioms=[propext,
 Classical.choice,
 Quot.sound]
AXIOM AUDIT declaration: DefiKernel.Nary.FundedCompanions.f12PeerResult; module=DefiKernel.Nary.FundedCompanions; kind=definition; axioms=[propext,
 Classical.choice,
 Quot.sound]
AXIOM AUDIT declaration: DefiKernel.Nary.FundedCompanions.f12ProdResult; module=DefiKernel.Nary.FundedCompanions; kind=definition; axioms=[propext,
 Classical.choice,
 Quot.sound]
AXIOM AUDIT declaration: DefiKernel.Nary.FundedCompanions.f12WithdrawalGuarantee; module=DefiKernel.Nary.FundedCompanions; kind=definition; axioms=[propext,
 Quot.sound]
AXIOM AUDIT declaration: DefiKernel.Nary.FundedCompanions.f16M1; module=DefiKernel.Nary.FundedCompanions; kind=definition; axioms=[propext,
 Classical.choice,
 Quot.sound]
AXIOM AUDIT declaration: DefiKernel.Nary.FundedCompanions.f16M2; module=DefiKernel.Nary.FundedCompanions; kind=definition; axioms=[propext,
 Classical.choice,
 Quot.sound]
AXIOM AUDIT declaration: DefiKernel.Nary.FundedCompanions.f16PeerResult; module=DefiKernel.Nary.FundedCompanions; kind=definition; axioms=[propext,
 Classical.choice,
 Quot.sound]
AXIOM AUDIT declaration: DefiKernel.Nary.FundedCompanions.f17PeerResult; module=DefiKernel.Nary.FundedCompanions; kind=definition; axioms=[propext,
 Classical.choice,
 Quot.sound]
AXIOM AUDIT declaration: DefiKernel.Nary.FundedCompanions.readyBudgetBound; module=DefiKernel.Nary.FundedCompanions; kind=definition; axioms=[propext,
 Classical.choice,
 Quot.sound]
AXIOM AUDIT declaration: DefiKernel.Nary.FundedCompanions.readyInv; module=DefiKernel.Nary.FundedCompanions; kind=definition; axioms=[propext,
 Classical.choice,
 Quot.sound]
AXIOM AUDIT declaration: DefiKernel.Nary.FundedCompanions.vaultReserve4; module=DefiKernel.Nary.FundedCompanions; kind=definition; axioms=[propext,
 Quot.sound]
AXIOM AUDIT declaration: DefiKernel.Nary.FundedEnabledness.applyWorld; module=DefiKernel.Nary.FundedEnabledness; kind=definition; axioms=[propext,
 Classical.choice,
 Quot.sound]
AXIOM AUDIT declaration: DefiKernel.Nary.FundedEnabledness.consumerCtx; module=DefiKernel.Nary.FundedEnabledness; kind=definition; axioms=[propext,
 Quot.sound]
AXIOM AUDIT declaration: DefiKernel.Nary.FundedEnabledness.consumerEval; module=DefiKernel.Nary.FundedEnabledness; kind=definition; axioms=[propext,
 Quot.sound]
AXIOM AUDIT declaration: DefiKernel.Nary.FundedEnabledness.consumerIface; module=DefiKernel.Nary.FundedEnabledness; kind=definition; axioms=[]
AXIOM AUDIT declaration: DefiKernel.Nary.FundedEnabledness.consumerRequest; module=DefiKernel.Nary.FundedEnabledness; kind=definition; axioms=[propext,
 Quot.sound]
AXIOM AUDIT declaration: DefiKernel.Nary.FundedEnabledness.deposit1Ctx; module=DefiKernel.Nary.FundedEnabledness; kind=definition; axioms=[propext,
 Quot.sound]
AXIOM AUDIT declaration: DefiKernel.Nary.FundedEnabledness.deposit1Eval; module=DefiKernel.Nary.FundedEnabledness; kind=definition; axioms=[propext,
 Quot.sound]
AXIOM AUDIT declaration: DefiKernel.Nary.FundedEnabledness.deposit1Iface; module=DefiKernel.Nary.FundedEnabledness; kind=definition; axioms=[]
AXIOM AUDIT declaration: DefiKernel.Nary.FundedEnabledness.deposit1Request; module=DefiKernel.Nary.FundedEnabledness; kind=definition; axioms=[]
AXIOM AUDIT declaration: DefiKernel.Nary.FundedEnabledness.deposit2Ctx; module=DefiKernel.Nary.FundedEnabledness; kind=definition; axioms=[propext,
 Quot.sound]
AXIOM AUDIT declaration: DefiKernel.Nary.FundedEnabledness.deposit2Eval; module=DefiKernel.Nary.FundedEnabledness; kind=definition; axioms=[propext,
 Quot.sound]
AXIOM AUDIT declaration: DefiKernel.Nary.FundedEnabledness.deposit2Iface; module=DefiKernel.Nary.FundedEnabledness; kind=definition; axioms=[]
AXIOM AUDIT declaration: DefiKernel.Nary.FundedEnabledness.deposit2Request; module=DefiKernel.Nary.FundedEnabledness; kind=definition; axioms=[]
AXIOM AUDIT declaration: DefiKernel.Nary.FundedEnabledness.producerEval; module=DefiKernel.Nary.FundedEnabledness; kind=definition; axioms=[]
AXIOM AUDIT declaration: DefiKernel.Nary.FundedEnabledness.producerIface; module=DefiKernel.Nary.FundedEnabledness; kind=definition; axioms=[]
AXIOM AUDIT declaration: DefiKernel.Nary.FundedEnabledness.producerRequest; module=DefiKernel.Nary.FundedEnabledness; kind=definition; axioms=[]
AXIOM AUDIT declaration: DefiKernel.Nary.InterfaceInstances.depositRely; module=DefiKernel.Nary.InterfaceInstances; kind=definition; axioms=[propext,
 Quot.sound]
AXIOM AUDIT declaration: DefiKernel.Nary.InterfaceInstances.f13WithdrawalGuarantee; module=DefiKernel.Nary.InterfaceInstances; kind=definition; axioms=[propext,
 Quot.sound]
AXIOM AUDIT declaration: DefiKernel.Nary.InterfaceInstances.f14Result; module=DefiKernel.Nary.InterfaceInstances; kind=definition; axioms=[propext,
 Classical.choice,
 Quot.sound]
AXIOM AUDIT declaration: DefiKernel.Nary.InterfaceInstances.f18Allowed; module=DefiKernel.Nary.InterfaceInstances; kind=definition; axioms=[]
AXIOM AUDIT declaration: DefiKernel.Nary.InterfaceInstances.f18Guarantee; module=DefiKernel.Nary.InterfaceInstances; kind=definition; axioms=[propext,
 Classical.choice,
 Quot.sound]
AXIOM AUDIT declaration: DefiKernel.Nary.InterfaceInstances.f18Invariant; module=DefiKernel.Nary.InterfaceInstances; kind=definition; axioms=[propext,
 Classical.choice,
 Quot.sound]
AXIOM AUDIT declaration: DefiKernel.Nary.InterfaceInstances.f18Result1; module=DefiKernel.Nary.InterfaceInstances; kind=definition; axioms=[propext,
 Classical.choice,
 Quot.sound]
AXIOM AUDIT declaration: DefiKernel.Nary.InterfaceInstances.f18Result2; module=DefiKernel.Nary.InterfaceInstances; kind=definition; axioms=[propext,
 Classical.choice,
 Quot.sound]
AXIOM AUDIT declaration: DefiKernel.Nary.InterfaceInstances.f18Result3; module=DefiKernel.Nary.InterfaceInstances; kind=definition; axioms=[propext,
 Classical.choice,
 Quot.sound]
AXIOM AUDIT declaration: DefiKernel.Nary.InterfaceInstances.f18Support; module=DefiKernel.Nary.InterfaceInstances; kind=definition; axioms=[]
AXIOM AUDIT declaration: DefiKernel.Nary.InterfaceInstances.f18ValueFn; module=DefiKernel.Nary.InterfaceInstances; kind=definition; axioms=[propext,
 Quot.sound]
AXIOM AUDIT declaration: DefiKernel.Nary.InterfaceInstances.identityGuarantee; module=DefiKernel.Nary.InterfaceInstances; kind=definition; axioms=[propext,
 Quot.sound]
AXIOM AUDIT declaration: DefiKernel.Nary.InterfaceInstances.vaultReserve; module=DefiKernel.Nary.InterfaceInstances; kind=definition; axioms=[propext,
 Quot.sound]
AXIOM AUDIT declaration: DefiKernel.Nary.Machine._sizeOf_1; module=DefiKernel.Nary.Execution; kind=definition; axioms=[propext,
 Quot.sound]
AXIOM AUDIT declaration: DefiKernel.Nary.Machine._sizeOf_inst; module=DefiKernel.Nary.Execution; kind=definition; axioms=[propext,
 Quot.sound]
AXIOM AUDIT declaration: DefiKernel.Nary.Machine.accept; module=DefiKernel.Nary.Execution; kind=definition; axioms=[propext,
 Quot.sound]
AXIOM AUDIT declaration: DefiKernel.Nary.Machine.attempts; module=DefiKernel.Nary.Execution; kind=definition; axioms=[propext,
 Quot.sound]
AXIOM AUDIT declaration: DefiKernel.Nary.Machine.casesOn; module=DefiKernel.Nary.Execution; kind=definition; axioms=[propext,
 Quot.sound]
AXIOM AUDIT declaration: DefiKernel.Nary.Machine.cellEffect; module=DefiKernel.Nary.Preservation; kind=definition; axioms=[propext,
 Classical.choice,
 Quot.sound]
AXIOM AUDIT declaration: DefiKernel.Nary.Machine.ctorIdx; module=DefiKernel.Nary.Execution; kind=definition; axioms=[propext,
 Quot.sound]
AXIOM AUDIT declaration: DefiKernel.Nary.Machine.locals; module=DefiKernel.Nary.Execution; kind=definition; axioms=[propext,
 Quot.sound]
AXIOM AUDIT declaration: DefiKernel.Nary.Machine.noConfusion; module=DefiKernel.Nary.Execution; kind=definition; axioms=[propext,
 Quot.sound]
AXIOM AUDIT declaration: DefiKernel.Nary.Machine.noConfusionType; module=DefiKernel.Nary.Execution; kind=definition; axioms=[propext,
 Quot.sound]
AXIOM AUDIT declaration: DefiKernel.Nary.Machine.recOn; module=DefiKernel.Nary.Execution; kind=definition; axioms=[propext,
 Quot.sound]
AXIOM AUDIT declaration: DefiKernel.Nary.Machine.refuse; module=DefiKernel.Nary.Execution; kind=definition; axioms=[propext,
 Quot.sound]
AXIOM AUDIT declaration: DefiKernel.Nary.Machine.setLocal; module=DefiKernel.Nary.Execution; kind=definition; axioms=[propext,
 Quot.sound]
AXIOM AUDIT declaration: DefiKernel.Nary.Machine.skip; module=DefiKernel.Nary.Execution; kind=definition; axioms=[propext,
 Quot.sound]
AXIOM AUDIT declaration: DefiKernel.Nary.Machine.supply; module=DefiKernel.Nary.Preservation; kind=definition; axioms=[propext,
 Classical.choice,
 Quot.sound]
AXIOM AUDIT declaration: DefiKernel.Nary.Machine.world; module=DefiKernel.Nary.Execution; kind=definition; axioms=[propext,
 Quot.sound]
AXIOM AUDIT declaration: DefiKernel.Nary.Machine.writes; module=DefiKernel.Nary.Preservation; kind=definition; axioms=[propext,
 Quot.sound]
AXIOM AUDIT declaration: DefiKernel.Nary.MonitorInput._sizeOf_1; module=DefiKernel.Nary.CausalRuntime; kind=definition; axioms=[propext,
 Quot.sound]
AXIOM AUDIT declaration: DefiKernel.Nary.MonitorInput._sizeOf_inst; module=DefiKernel.Nary.CausalRuntime; kind=definition; axioms=[propext,
 Quot.sound]
AXIOM AUDIT declaration: DefiKernel.Nary.MonitorInput.after; module=DefiKernel.Nary.CausalRuntime; kind=definition; axioms=[propext,
 Quot.sound]
AXIOM AUDIT declaration: DefiKernel.Nary.MonitorInput.attempt; module=DefiKernel.Nary.CausalRuntime; kind=definition; axioms=[propext,
 Quot.sound]
AXIOM AUDIT declaration: DefiKernel.Nary.MonitorInput.before; module=DefiKernel.Nary.CausalRuntime; kind=definition; axioms=[propext,
 Quot.sound]
AXIOM AUDIT declaration: DefiKernel.Nary.MonitorInput.boundary; module=DefiKernel.Nary.CausalRuntime; kind=definition; axioms=[propext,
 Quot.sound]
AXIOM AUDIT declaration: DefiKernel.Nary.MonitorInput.casesOn; module=DefiKernel.Nary.CausalRuntime; kind=definition; axioms=[propext,
 Quot.sound]
AXIOM AUDIT declaration: DefiKernel.Nary.MonitorInput.ctorIdx; module=DefiKernel.Nary.CausalRuntime; kind=definition; axioms=[propext,
 Quot.sound]
AXIOM AUDIT declaration: DefiKernel.Nary.MonitorInput.noConfusion; module=DefiKernel.Nary.CausalRuntime; kind=definition; axioms=[propext,
 Quot.sound]
AXIOM AUDIT declaration: DefiKernel.Nary.MonitorInput.noConfusionType; module=DefiKernel.Nary.CausalRuntime; kind=definition; axioms=[propext,
 Quot.sound]
AXIOM AUDIT declaration: DefiKernel.Nary.MonitorInput.participant; module=DefiKernel.Nary.CausalRuntime; kind=definition; axioms=[propext,
 Quot.sound]
AXIOM AUDIT declaration: DefiKernel.Nary.MonitorInput.recOn; module=DefiKernel.Nary.CausalRuntime; kind=definition; axioms=[propext,
 Quot.sound]
AXIOM AUDIT declaration: DefiKernel.Nary.Reachable.casesOn; module=DefiKernel.Nary.Execution; kind=definition; axioms=[propext,
 Classical.choice,
 Quot.sound]
AXIOM AUDIT declaration: DefiKernel.Nary.Reachable.recOn; module=DefiKernel.Nary.Execution; kind=definition; axioms=[propext,
 Classical.choice,
 Quot.sound]
AXIOM AUDIT declaration: DefiKernel.Nary.Replay.casesOn; module=DefiKernel.Nary.Causal; kind=definition; axioms=[propext,
 Classical.choice,
 Quot.sound]
AXIOM AUDIT declaration: DefiKernel.Nary.Replay.recOn; module=DefiKernel.Nary.Causal; kind=definition; axioms=[propext,
 Classical.choice,
 Quot.sound]
AXIOM AUDIT declaration: DefiKernel.Nary.Result._sizeOf_1; module=DefiKernel.Nary.Execution; kind=definition; axioms=[propext,
 Quot.sound]
AXIOM AUDIT declaration: DefiKernel.Nary.Result._sizeOf_inst; module=DefiKernel.Nary.Execution; kind=definition; axioms=[propext,
 Quot.sound]
AXIOM AUDIT declaration: DefiKernel.Nary.Result.casesOn; module=DefiKernel.Nary.Execution; kind=definition; axioms=[propext,
 Quot.sound]
AXIOM AUDIT declaration: DefiKernel.Nary.Result.ctorElim; module=DefiKernel.Nary.Execution; kind=definition; axioms=[propext,
 Quot.sound]
AXIOM AUDIT declaration: DefiKernel.Nary.Result.ctorElimType; module=DefiKernel.Nary.Execution; kind=definition; axioms=[propext,
 Quot.sound]
AXIOM AUDIT declaration: DefiKernel.Nary.Result.ctorIdx; module=DefiKernel.Nary.Execution; kind=definition; axioms=[propext,
 Quot.sound]
AXIOM AUDIT declaration: DefiKernel.Nary.Result.noConfusion; module=DefiKernel.Nary.Execution; kind=definition; axioms=[propext,
 Quot.sound]
AXIOM AUDIT declaration: DefiKernel.Nary.Result.noConfusionType; module=DefiKernel.Nary.Execution; kind=definition; axioms=[propext,
 Quot.sound]
AXIOM AUDIT declaration: DefiKernel.Nary.Result.recOn; module=DefiKernel.Nary.Execution; kind=definition; axioms=[propext,
 Quot.sound]
AXIOM AUDIT declaration: DefiKernel.Nary.Roster._sizeOf_1; module=DefiKernel.Nary.Schedule; kind=definition; axioms=[]
AXIOM AUDIT declaration: DefiKernel.Nary.Roster._sizeOf_inst; module=DefiKernel.Nary.Schedule; kind=definition; axioms=[]
AXIOM AUDIT declaration: DefiKernel.Nary.Roster.casesOn; module=DefiKernel.Nary.Schedule; kind=definition; axioms=[]
AXIOM AUDIT declaration: DefiKernel.Nary.Roster.ctorIdx; module=DefiKernel.Nary.Schedule; kind=definition; axioms=[]
AXIOM AUDIT declaration: DefiKernel.Nary.Roster.empty; module=DefiKernel.Nary.Schedule; kind=definition; axioms=[]
AXIOM AUDIT declaration: DefiKernel.Nary.Roster.noConfusion; module=DefiKernel.Nary.Schedule; kind=definition; axioms=[]
AXIOM AUDIT declaration: DefiKernel.Nary.Roster.noConfusionType; module=DefiKernel.Nary.Schedule; kind=definition; axioms=[]
AXIOM AUDIT declaration: DefiKernel.Nary.Roster.order; module=DefiKernel.Nary.Schedule; kind=definition; axioms=[]
AXIOM AUDIT declaration: DefiKernel.Nary.Roster.recOn; module=DefiKernel.Nary.Schedule; kind=definition; axioms=[]
AXIOM AUDIT declaration: DefiKernel.Nary.Roster.singleton; module=DefiKernel.Nary.Schedule; kind=definition; axioms=[propext,
 Quot.sound]
AXIOM AUDIT declaration: DefiKernel.Nary.ScheduleMismatch._sizeOf_1; module=DefiKernel.Nary.Schedule; kind=definition; axioms=[]
AXIOM AUDIT declaration: DefiKernel.Nary.ScheduleMismatch._sizeOf_inst; module=DefiKernel.Nary.Schedule; kind=definition; axioms=[]
AXIOM AUDIT declaration: DefiKernel.Nary.ScheduleMismatch.casesOn; module=DefiKernel.Nary.Schedule; kind=definition; axioms=[]
AXIOM AUDIT declaration: DefiKernel.Nary.ScheduleMismatch.ctorIdx; module=DefiKernel.Nary.Schedule; kind=definition; axioms=[]
AXIOM AUDIT declaration: DefiKernel.Nary.ScheduleMismatch.expected; module=DefiKernel.Nary.Schedule; kind=definition; axioms=[]
AXIOM AUDIT declaration: DefiKernel.Nary.ScheduleMismatch.noConfusion; module=DefiKernel.Nary.Schedule; kind=definition; axioms=[]
AXIOM AUDIT declaration: DefiKernel.Nary.ScheduleMismatch.noConfusionType; module=DefiKernel.Nary.Schedule; kind=definition; axioms=[]
AXIOM AUDIT declaration: DefiKernel.Nary.ScheduleMismatch.observed; module=DefiKernel.Nary.Schedule; kind=definition; axioms=[]
AXIOM AUDIT declaration: DefiKernel.Nary.ScheduleMismatch.participant; module=DefiKernel.Nary.Schedule; kind=definition; axioms=[]
AXIOM AUDIT declaration: DefiKernel.Nary.ScheduleMismatch.recOn; module=DefiKernel.Nary.Schedule; kind=definition; axioms=[]
AXIOM AUDIT declaration: DefiKernel.Nary.Tests.attemptEq; module=DefiKernel.Nary.Tests; kind=definition; axioms=[propext,
 Classical.choice,
 Quot.sound]
AXIOM AUDIT declaration: DefiKernel.Nary.Tests.catalogChecks; module=DefiKernel.Nary.Tests; kind=definition; axioms=[propext,
 Quot.sound]
AXIOM AUDIT declaration: DefiKernel.Nary.Tests.cmpMachine; module=DefiKernel.Nary.Tests; kind=definition; axioms=[propext,
 Classical.choice,
 Quot.sound]
AXIOM AUDIT declaration: DefiKernel.Nary.Tests.countMonitored; module=DefiKernel.Nary.Tests; kind=definition; axioms=[propext,
 Classical.choice,
 Quot.sound]
AXIOM AUDIT declaration: DefiKernel.Nary.Tests.distinctLocals; module=DefiKernel.Nary.Tests; kind=definition; axioms=[propext,
 Quot.sound]
AXIOM AUDIT declaration: DefiKernel.Nary.Tests.emitSchedTag; module=DefiKernel.Nary.Tests; kind=definition; axioms=[propext]
AXIOM AUDIT declaration: DefiKernel.Nary.Tests.eventEq; module=DefiKernel.Nary.Tests; kind=definition; axioms=[propext,
 Classical.choice,
 Quot.sound]
AXIOM AUDIT declaration: DefiKernel.Nary.Tests.eventsEq; module=DefiKernel.Nary.Tests; kind=definition; axioms=[propext,
 Classical.choice,
 Quot.sound]
AXIOM AUDIT declaration: DefiKernel.Nary.Tests.executedEq; module=DefiKernel.Nary.Tests; kind=definition; axioms=[propext,
 Classical.choice,
 Quot.sound]
AXIOM AUDIT declaration: DefiKernel.Nary.Tests.f01Checks; module=DefiKernel.Nary.Tests; kind=definition; axioms=[propext,
 Classical.choice,
 Quot.sound]
AXIOM AUDIT declaration: DefiKernel.Nary.Tests.f01ConfigRun; module=DefiKernel.Nary.Tests; kind=definition; axioms=[propext,
 Classical.choice,
 Quot.sound]
AXIOM AUDIT declaration: DefiKernel.Nary.Tests.f01FinalRun; module=DefiKernel.Nary.Tests; kind=definition; axioms=[propext,
 Classical.choice,
 Quot.sound]
AXIOM AUDIT declaration: DefiKernel.Nary.Tests.f01UnknownRun; module=DefiKernel.Nary.Tests; kind=definition; axioms=[propext,
 Classical.choice,
 Quot.sound]
AXIOM AUDIT declaration: DefiKernel.Nary.Tests.f02Checks; module=DefiKernel.Nary.Tests; kind=definition; axioms=[propext,
 Classical.choice,
 Quot.sound]
AXIOM AUDIT declaration: DefiKernel.Nary.Tests.f02Run; module=DefiKernel.Nary.Tests; kind=definition; axioms=[propext,
 Classical.choice,
 Quot.sound]
AXIOM AUDIT declaration: DefiKernel.Nary.Tests.f03Checks; module=DefiKernel.Nary.Tests; kind=definition; axioms=[propext,
 Classical.choice,
 Quot.sound]
AXIOM AUDIT declaration: DefiKernel.Nary.Tests.f03CountRun; module=DefiKernel.Nary.Tests; kind=definition; axioms=[propext,
 Classical.choice,
 Quot.sound]
AXIOM AUDIT declaration: DefiKernel.Nary.Tests.f03ExhaustedPrefix; module=DefiKernel.Nary.Tests; kind=definition; axioms=[]
AXIOM AUDIT declaration: DefiKernel.Nary.Tests.f03ExhaustedPrefixExpected; module=DefiKernel.Nary.Tests; kind=definition; axioms=[propext,
 Classical.choice,
 Quot.sound]
AXIOM AUDIT declaration: DefiKernel.Nary.Tests.f03ExhaustedPrefixRun; module=DefiKernel.Nary.Tests; kind=definition; axioms=[propext,
 Classical.choice,
 Quot.sound]
AXIOM AUDIT declaration: DefiKernel.Nary.Tests.f03FailedPrefix; module=DefiKernel.Nary.Tests; kind=definition; axioms=[]
AXIOM AUDIT declaration: DefiKernel.Nary.Tests.f03FailedPrefixExpected; module=DefiKernel.Nary.Tests; kind=definition; axioms=[propext,
 Classical.choice,
 Quot.sound]
AXIOM AUDIT declaration: DefiKernel.Nary.Tests.f03FailedPrefixRun; module=DefiKernel.Nary.Tests; kind=definition; axioms=[propext,
 Classical.choice,
 Quot.sound]
AXIOM AUDIT declaration: DefiKernel.Nary.Tests.f03LRRun; module=DefiKernel.Nary.Tests; kind=definition; axioms=[propext,
 Classical.choice,
 Quot.sound]
AXIOM AUDIT declaration: DefiKernel.Nary.Tests.f03MalformedBranches; module=DefiKernel.Nary.Tests; kind=definition; axioms=[]
AXIOM AUDIT declaration: DefiKernel.Nary.Tests.f03MalformedReason; module=DefiKernel.Nary.Tests; kind=definition; axioms=[]
AXIOM AUDIT declaration: DefiKernel.Nary.Tests.f03MalformedRun; module=DefiKernel.Nary.Tests; kind=definition; axioms=[propext,
 Classical.choice,
 Quot.sound]
AXIOM AUDIT declaration: DefiKernel.Nary.Tests.f03MalformedSchedule; module=DefiKernel.Nary.Tests; kind=definition; axioms=[]
AXIOM AUDIT declaration: DefiKernel.Nary.Tests.f03ProjectedCounts; module=DefiKernel.Nary.Tests; kind=definition; axioms=[]
AXIOM AUDIT declaration: DefiKernel.Nary.Tests.f03RLRun; module=DefiKernel.Nary.Tests; kind=definition; axioms=[propext,
 Classical.choice,
 Quot.sound]
AXIOM AUDIT declaration: DefiKernel.Nary.Tests.f04Checks; module=DefiKernel.Nary.Tests; kind=definition; axioms=[propext,
 Classical.choice,
 Quot.sound]
AXIOM AUDIT declaration: DefiKernel.Nary.Tests.f04EmptyRun; module=DefiKernel.Nary.Tests; kind=definition; axioms=[propext,
 Classical.choice,
 Quot.sound]
AXIOM AUDIT declaration: DefiKernel.Nary.Tests.f04InvalidEmpty; module=DefiKernel.Nary.Tests; kind=definition; axioms=[propext,
 Classical.choice,
 Quot.sound]
AXIOM AUDIT declaration: DefiKernel.Nary.Tests.f04MissingRun; module=DefiKernel.Nary.Tests; kind=definition; axioms=[propext,
 Classical.choice,
 Quot.sound]
AXIOM AUDIT declaration: DefiKernel.Nary.Tests.f04UnitRun; module=DefiKernel.Nary.Tests; kind=definition; axioms=[propext,
 Classical.choice,
 Quot.sound]
AXIOM AUDIT declaration: DefiKernel.Nary.Tests.f05Checks; module=DefiKernel.Nary.Tests; kind=definition; axioms=[propext,
 Classical.choice,
 Quot.sound]
AXIOM AUDIT declaration: DefiKernel.Nary.Tests.f05Run; module=DefiKernel.Nary.Tests; kind=definition; axioms=[propext,
 Classical.choice,
 Quot.sound]
AXIOM AUDIT declaration: DefiKernel.Nary.Tests.f05SharedRun; module=DefiKernel.Nary.Tests; kind=definition; axioms=[propext,
 Classical.choice,
 Quot.sound]
AXIOM AUDIT declaration: DefiKernel.Nary.Tests.f06Checks; module=DefiKernel.Nary.Tests; kind=definition; axioms=[propext,
 Classical.choice,
 Quot.sound]
AXIOM AUDIT declaration: DefiKernel.Nary.Tests.f06Run; module=DefiKernel.Nary.Tests; kind=definition; axioms=[propext,
 Classical.choice,
 Quot.sound]
AXIOM AUDIT declaration: DefiKernel.Nary.Tests.f07Assoc; module=DefiKernel.Nary.Tests; kind=definition; axioms=[propext,
 Classical.choice,
 Quot.sound]
AXIOM AUDIT declaration: DefiKernel.Nary.Tests.f07Checks; module=DefiKernel.Nary.Tests; kind=definition; axioms=[propext,
 Classical.choice,
 Quot.sound]
AXIOM AUDIT declaration: DefiKernel.Nary.Tests.f07Chunk1; module=DefiKernel.Nary.Tests; kind=definition; axioms=[propext]
AXIOM AUDIT declaration: DefiKernel.Nary.Tests.f07Chunk2; module=DefiKernel.Nary.Tests; kind=definition; axioms=[propext]
AXIOM AUDIT declaration: DefiKernel.Nary.Tests.f07Chunk3; module=DefiKernel.Nary.Tests; kind=definition; axioms=[propext]
AXIOM AUDIT declaration: DefiKernel.Nary.Tests.f07ChunkChecks; module=DefiKernel.Nary.Tests; kind=definition; axioms=[propext,
 Classical.choice,
 Quot.sound]
AXIOM AUDIT declaration: DefiKernel.Nary.Tests.f07Chunks; module=DefiKernel.Nary.Tests; kind=definition; axioms=[propext]
AXIOM AUDIT declaration: DefiKernel.Nary.Tests.f07Concat; module=DefiKernel.Nary.Tests; kind=definition; axioms=[propext,
 Classical.choice,
 Quot.sound]
AXIOM AUDIT declaration: DefiKernel.Nary.Tests.f07Entry; module=DefiKernel.Nary.Tests; kind=definition; axioms=[propext,
 Classical.choice,
 Quot.sound]
AXIOM AUDIT declaration: DefiKernel.Nary.Tests.f07First; module=DefiKernel.Nary.Tests; kind=definition; axioms=[propext,
 Classical.choice,
 Quot.sound]
AXIOM AUDIT declaration: DefiKernel.Nary.Tests.f07FirstExpected; module=DefiKernel.Nary.Tests; kind=definition; axioms=[propext,
 Classical.choice,
 Quot.sound]
AXIOM AUDIT declaration: DefiKernel.Nary.Tests.f07Left; module=DefiKernel.Nary.Tests; kind=definition; axioms=[propext,
 Classical.choice,
 Quot.sound]
AXIOM AUDIT declaration: DefiKernel.Nary.Tests.f07Middle; module=DefiKernel.Nary.Tests; kind=definition; axioms=[propext,
 Classical.choice,
 Quot.sound]
AXIOM AUDIT declaration: DefiKernel.Nary.Tests.f07MiddleExpected; module=DefiKernel.Nary.Tests; kind=definition; axioms=[propext,
 Classical.choice,
 Quot.sound]
AXIOM AUDIT declaration: DefiKernel.Nary.Tests.f07MonConcat; module=DefiKernel.Nary.Tests; kind=definition; axioms=[propext,
 Classical.choice,
 Quot.sound]
AXIOM AUDIT declaration: DefiKernel.Nary.Tests.f07MonLeft; module=DefiKernel.Nary.Tests; kind=definition; axioms=[propext,
 Classical.choice,
 Quot.sound]
AXIOM AUDIT declaration: DefiKernel.Nary.Tests.f07MonMiddle; module=DefiKernel.Nary.Tests; kind=definition; axioms=[propext,
 Classical.choice,
 Quot.sound]
AXIOM AUDIT declaration: DefiKernel.Nary.Tests.f07Right; module=DefiKernel.Nary.Tests; kind=definition; axioms=[propext,
 Classical.choice,
 Quot.sound]
AXIOM AUDIT declaration: DefiKernel.Nary.Tests.f07Run; module=DefiKernel.Nary.Tests; kind=definition; axioms=[propext,
 Classical.choice,
 Quot.sound]
AXIOM AUDIT declaration: DefiKernel.Nary.Tests.f08Checks; module=DefiKernel.Nary.Tests; kind=definition; axioms=[propext,
 Classical.choice,
 Quot.sound]
AXIOM AUDIT declaration: DefiKernel.Nary.Tests.f08Count; module=DefiKernel.Nary.Tests; kind=definition; axioms=[propext,
 Classical.choice,
 Quot.sound]
AXIOM AUDIT declaration: DefiKernel.Nary.Tests.f08Run; module=DefiKernel.Nary.Tests; kind=definition; axioms=[propext,
 Classical.choice,
 Quot.sound]
AXIOM AUDIT declaration: DefiKernel.Nary.Tests.f09Checks; module=DefiKernel.Nary.Tests; kind=definition; axioms=[propext,
 Classical.choice,
 Quot.sound]
AXIOM AUDIT declaration: DefiKernel.Nary.Tests.f09Chunked; module=DefiKernel.Nary.Tests; kind=definition; axioms=[propext,
 Classical.choice,
 Quot.sound]
AXIOM AUDIT declaration: DefiKernel.Nary.Tests.f09Mon; module=DefiKernel.Nary.Tests; kind=definition; axioms=[propext,
 Classical.choice,
 Quot.sound]
AXIOM AUDIT declaration: DefiKernel.Nary.Tests.f09MonChunked; module=DefiKernel.Nary.Tests; kind=definition; axioms=[propext,
 Classical.choice,
 Quot.sound]
AXIOM AUDIT declaration: DefiKernel.Nary.Tests.f09Run; module=DefiKernel.Nary.Tests; kind=definition; axioms=[propext,
 Classical.choice,
 Quot.sound]
AXIOM AUDIT declaration: DefiKernel.Nary.Tests.f10ActualOk; module=DefiKernel.Nary.Tests; kind=definition; axioms=[propext,
 Classical.choice,
 Quot.sound]
AXIOM AUDIT declaration: DefiKernel.Nary.Tests.f10CoreChecks; module=DefiKernel.Nary.Tests; kind=definition; axioms=[propext,
 Classical.choice,
 Quot.sound]
AXIOM AUDIT declaration: DefiKernel.Nary.Tests.f10EachPrefixChecks; module=DefiKernel.Nary.Tests; kind=definition; axioms=[propext,
 Classical.choice,
 Quot.sound]
AXIOM AUDIT declaration: DefiKernel.Nary.Tests.f10Mon; module=DefiKernel.Nary.Tests; kind=definition; axioms=[propext,
 Classical.choice,
 Quot.sound]
AXIOM AUDIT declaration: DefiKernel.Nary.Tests.f10MonitorChecks; module=DefiKernel.Nary.Tests; kind=definition; axioms=[propext,
 Classical.choice,
 Quot.sound]
AXIOM AUDIT declaration: DefiKernel.Nary.Tests.f10PrefixChecks; module=DefiKernel.Nary.Tests; kind=definition; axioms=[propext,
 Classical.choice,
 Quot.sound]
AXIOM AUDIT declaration: DefiKernel.Nary.Tests.f10PrefixExact; module=DefiKernel.Nary.Tests; kind=definition; axioms=[propext,
 Classical.choice,
 Quot.sound]
AXIOM AUDIT declaration: DefiKernel.Nary.Tests.f10PrefixReserve; module=DefiKernel.Nary.Tests; kind=definition; axioms=[propext,
 Classical.choice,
 Quot.sound]
AXIOM AUDIT declaration: DefiKernel.Nary.Tests.f10Run; module=DefiKernel.Nary.Tests; kind=definition; axioms=[propext,
 Classical.choice,
 Quot.sound]
AXIOM AUDIT declaration: DefiKernel.Nary.Tests.f10ScheduleChecks; module=DefiKernel.Nary.Tests; kind=definition; axioms=[propext,
 Classical.choice,
 Quot.sound]
AXIOM AUDIT declaration: DefiKernel.Nary.Tests.f10Trace; module=DefiKernel.Nary.Tests; kind=definition; axioms=[propext,
 Classical.choice,
 Quot.sound]
AXIOM AUDIT declaration: DefiKernel.Nary.Tests.f11Checks; module=DefiKernel.Nary.Tests; kind=definition; axioms=[propext,
 Classical.choice,
 Quot.sound]
AXIOM AUDIT declaration: DefiKernel.Nary.Tests.f11Run; module=DefiKernel.Nary.Tests; kind=definition; axioms=[propext,
 Classical.choice,
 Quot.sound]
AXIOM AUDIT declaration: DefiKernel.Nary.Tests.f12Checks; module=DefiKernel.Nary.Tests; kind=definition; axioms=[propext,
 Classical.choice,
 Quot.sound]
AXIOM AUDIT declaration: DefiKernel.Nary.Tests.f12Run; module=DefiKernel.Nary.Tests; kind=definition; axioms=[propext,
 Classical.choice,
 Quot.sound]
AXIOM AUDIT declaration: DefiKernel.Nary.Tests.f13Checks; module=DefiKernel.Nary.Tests; kind=definition; axioms=[propext,
 Classical.choice,
 Quot.sound]
AXIOM AUDIT declaration: DefiKernel.Nary.Tests.f13Run; module=DefiKernel.Nary.Tests; kind=definition; axioms=[propext,
 Classical.choice,
 Quot.sound]
AXIOM AUDIT declaration: DefiKernel.Nary.Tests.f14Checks; module=DefiKernel.Nary.Tests; kind=definition; axioms=[propext,
 Classical.choice,
 Quot.sound]
AXIOM AUDIT declaration: DefiKernel.Nary.Tests.f14Run; module=DefiKernel.Nary.Tests; kind=definition; axioms=[propext,
 Classical.choice,
 Quot.sound]
AXIOM AUDIT declaration: DefiKernel.Nary.Tests.f15Checks; module=DefiKernel.Nary.Tests; kind=definition; axioms=[]
AXIOM AUDIT declaration: DefiKernel.Nary.Tests.f16Checks; module=DefiKernel.Nary.Tests; kind=definition; axioms=[propext,
 Classical.choice,
 Quot.sound]
AXIOM AUDIT declaration: DefiKernel.Nary.Tests.f16Mon; module=DefiKernel.Nary.Tests; kind=definition; axioms=[propext,
 Classical.choice,
 Quot.sound]
AXIOM AUDIT declaration: DefiKernel.Nary.Tests.f16Run; module=DefiKernel.Nary.Tests; kind=definition; axioms=[propext,
 Classical.choice,
 Quot.sound]
AXIOM AUDIT declaration: DefiKernel.Nary.Tests.f17Checks; module=DefiKernel.Nary.Tests; kind=definition; axioms=[propext,
 Classical.choice,
 Quot.sound]
AXIOM AUDIT declaration: DefiKernel.Nary.Tests.f17Mon; module=DefiKernel.Nary.Tests; kind=definition; axioms=[propext,
 Classical.choice,
 Quot.sound]
AXIOM AUDIT declaration: DefiKernel.Nary.Tests.f17Run; module=DefiKernel.Nary.Tests; kind=definition; axioms=[propext,
 Classical.choice,
 Quot.sound]
AXIOM AUDIT declaration: DefiKernel.Nary.Tests.f18Checks; module=DefiKernel.Nary.Tests; kind=definition; axioms=[propext,
 Classical.choice,
 Quot.sound]
AXIOM AUDIT declaration: DefiKernel.Nary.Tests.f18Ok; module=DefiKernel.Nary.Tests; kind=definition; axioms=[propext,
 Classical.choice,
 Quot.sound]
AXIOM AUDIT declaration: DefiKernel.Nary.Tests.f18PrefixHolds; module=DefiKernel.Nary.Tests; kind=definition; axioms=[propext,
 Classical.choice,
 Quot.sound]
AXIOM AUDIT declaration: DefiKernel.Nary.Tests.f18Run; module=DefiKernel.Nary.Tests; kind=definition; axioms=[propext,
 Classical.choice,
 Quot.sound]
AXIOM AUDIT declaration: DefiKernel.Nary.Tests.f19Checks; module=DefiKernel.Nary.Tests; kind=definition; axioms=[propext,
 Classical.choice,
 Quot.sound]
AXIOM AUDIT declaration: DefiKernel.Nary.Tests.f19Run; module=DefiKernel.Nary.Tests; kind=definition; axioms=[propext,
 Classical.choice,
 Quot.sound]
AXIOM AUDIT declaration: DefiKernel.Nary.Tests.firstSuccessWorld; module=DefiKernel.Nary.Tests; kind=definition; axioms=[propext,
 Quot.sound]
AXIOM AUDIT declaration: DefiKernel.Nary.Tests.fullMachineEq; module=DefiKernel.Nary.Tests; kind=definition; axioms=[propext,
 Classical.choice,
 Quot.sound]
AXIOM AUDIT declaration: DefiKernel.Nary.Tests.localEq; module=DefiKernel.Nary.Tests; kind=definition; axioms=[propext,
 Classical.choice,
 Quot.sound]
AXIOM AUDIT declaration: DefiKernel.Nary.Tests.localsEq; module=DefiKernel.Nary.Tests; kind=definition; axioms=[propext,
 Classical.choice,
 Quot.sound]
AXIOM AUDIT declaration: DefiKernel.Nary.Tests.localsNCEq; module=DefiKernel.Nary.Tests; kind=definition; axioms=[propext,
 Quot.sound]
AXIOM AUDIT declaration: DefiKernel.Nary.Tests.monitored3; module=DefiKernel.Nary.Tests; kind=definition; axioms=[propext,
 Classical.choice,
 Quot.sound]
AXIOM AUDIT declaration: DefiKernel.Nary.Tests.noFailures; module=DefiKernel.Nary.Tests; kind=definition; axioms=[propext,
 Quot.sound]
AXIOM AUDIT declaration: DefiKernel.Nary.Tests.outcomeEq; module=DefiKernel.Nary.Tests; kind=definition; axioms=[propext,
 Classical.choice,
 Quot.sound]
AXIOM AUDIT declaration: DefiKernel.Nary.Tests.prefix3; module=DefiKernel.Nary.Tests; kind=definition; axioms=[propext,
 Classical.choice,
 Quot.sound]
AXIOM AUDIT declaration: DefiKernel.Nary.Tests.receiptGuardTrue; module=DefiKernel.Nary.Tests; kind=definition; axioms=[propext,
 Quot.sound]
AXIOM AUDIT declaration: DefiKernel.Nary.Tests.refusedEq; module=DefiKernel.Nary.Tests; kind=definition; axioms=[propext,
 Classical.choice,
 Quot.sound]
AXIOM AUDIT declaration: DefiKernel.Nary.Tests.resultEq; module=DefiKernel.Nary.Tests; kind=definition; axioms=[propext,
 Classical.choice,
 Quot.sound]
AXIOM AUDIT declaration: DefiKernel.Nary.Tests.run3; module=DefiKernel.Nary.Tests; kind=definition; axioms=[propext,
 Classical.choice,
 Quot.sound]
AXIOM AUDIT declaration: DefiKernel.Nary.Tests.runtimeComparisons; module=DefiKernel.Nary.Tests; kind=definition; axioms=[propext,
 Classical.choice,
 Quot.sound]
AXIOM AUDIT declaration: DefiKernel.Nary.Tests.schedTag; module=DefiKernel.Nary.Tests; kind=definition; axioms=[propext]
AXIOM AUDIT declaration: DefiKernel.Nary.Tests.synth; module=DefiKernel.Nary.Tests; kind=definition; axioms=[propext,
 Classical.choice,
 Quot.sound]
AXIOM AUDIT declaration: DefiKernel.Nary.Tests.vaultOf; module=DefiKernel.Nary.Tests; kind=definition; axioms=[propext,
 Quot.sound]
AXIOM AUDIT declaration: DefiKernel.Nary.Tests.worldEq; module=DefiKernel.Nary.Tests; kind=definition; axioms=[propext,
 Classical.choice,
 Quot.sound]
AXIOM AUDIT declaration: DefiKernel.Nary.admit_correspondence.match_1; module=DefiKernel.Nary.BinaryCorrespondence; kind=definition; axioms=[]
AXIOM AUDIT declaration: DefiKernel.Nary.admit_correspondence.match_1_12; module=DefiKernel.Nary.BinaryCorrespondence; kind=definition; axioms=[propext,
 Quot.sound]
AXIOM AUDIT declaration: DefiKernel.Nary.admit_correspondence.match_3; module=DefiKernel.Nary.BinaryCorrespondence; kind=definition; axioms=[]
AXIOM AUDIT declaration: DefiKernel.Nary.advance.match_1; module=DefiKernel.Nary.Execution; kind=definition; axioms=[]
AXIOM AUDIT declaration: DefiKernel.Nary.analyzeAll._f; module=DefiKernel.Nary.Schedule; kind=definition; axioms=[propext]
AXIOM AUDIT declaration: DefiKernel.Nary.analyzeAll._sunfold; module=DefiKernel.Nary.Schedule; kind=definition; axioms=[propext]
AXIOM AUDIT declaration: DefiKernel.Nary.analyzeAll._unsafe_rec; module=DefiKernel.Nary.Schedule; kind=definition; axioms=[propext]
AXIOM AUDIT declaration: DefiKernel.Nary.analyzeAll.match_1; module=DefiKernel.Nary.Schedule; kind=definition; axioms=[]
AXIOM AUDIT declaration: DefiKernel.Nary.analyzeAll.match_3; module=DefiKernel.Nary.Schedule; kind=definition; axioms=[]
AXIOM AUDIT declaration: DefiKernel.Nary.analyzeAll_binary.match_1; module=DefiKernel.Nary.BinaryCorrespondence; kind=definition; axioms=[]
AXIOM AUDIT declaration: DefiKernel.Nary.analyzeAll_cons_ok.match_1; module=DefiKernel.Nary.BinaryCorrespondence; kind=definition; axioms=[]
AXIOM AUDIT declaration: DefiKernel.Nary.attemptsEq._f; module=DefiKernel.Nary.Observation; kind=definition; axioms=[propext,
 Classical.choice,
 Quot.sound]
AXIOM AUDIT declaration: DefiKernel.Nary.attemptsEq._sunfold; module=DefiKernel.Nary.Observation; kind=definition; axioms=[propext,
 Classical.choice,
 Quot.sound]
AXIOM AUDIT declaration: DefiKernel.Nary.attemptsEq._unsafe_rec; module=DefiKernel.Nary.Observation; kind=definition; axioms=[propext,
 Classical.choice,
 Quot.sound]
AXIOM AUDIT declaration: DefiKernel.Nary.attemptsEq.match_1; module=DefiKernel.Nary.Observation; kind=definition; axioms=[propext,
 Quot.sound]
AXIOM AUDIT declaration: DefiKernel.Nary.binaryAdmitAgrees.match_1; module=DefiKernel.Nary.Observation; kind=definition; axioms=[propext]
AXIOM AUDIT declaration: DefiKernel.Nary.binaryParticipants.match_1; module=DefiKernel.Nary.Observation; kind=definition; axioms=[]
AXIOM AUDIT declaration: DefiKernel.Nary.checkCountsFrom._f; module=DefiKernel.Nary.Schedule; kind=definition; axioms=[]
AXIOM AUDIT declaration: DefiKernel.Nary.checkCountsFrom._sunfold; module=DefiKernel.Nary.Schedule; kind=definition; axioms=[]
AXIOM AUDIT declaration: DefiKernel.Nary.checkCountsFrom._unsafe_rec; module=DefiKernel.Nary.Schedule; kind=definition; axioms=[]
AXIOM AUDIT declaration: DefiKernel.Nary.checkCountsFrom.match_1; module=DefiKernel.Nary.Schedule; kind=definition; axioms=[]
AXIOM AUDIT declaration: DefiKernel.Nary.checkCountsFrom_ok_iff._f; module=DefiKernel.Nary.Schedule; kind=definition; axioms=[propext,
 Quot.sound]
AXIOM AUDIT declaration: DefiKernel.Nary.checkCountsFrom_ok_iff.match_1_1; module=DefiKernel.Nary.Schedule; kind=definition; axioms=[]
AXIOM AUDIT declaration: DefiKernel.Nary.checkSchedule_project.match_1; module=DefiKernel.Nary.BinaryCorrespondence; kind=definition; axioms=[]
AXIOM AUDIT declaration: DefiKernel.Nary.eventsEq._f; module=DefiKernel.Nary.Observation; kind=definition; axioms=[propext,
 Classical.choice,
 Quot.sound]
AXIOM AUDIT declaration: DefiKernel.Nary.eventsEq._sparseCasesOn_1; module=DefiKernel.Nary.Observation; kind=definition; axioms=[propext]
AXIOM AUDIT declaration: DefiKernel.Nary.eventsEq._sparseCasesOn_2; module=DefiKernel.Nary.Observation; kind=definition; axioms=[propext]
AXIOM AUDIT declaration: DefiKernel.Nary.eventsEq._sunfold; module=DefiKernel.Nary.Observation; kind=definition; axioms=[propext,
 Classical.choice,
 Quot.sound]
AXIOM AUDIT declaration: DefiKernel.Nary.eventsEq._unsafe_rec; module=DefiKernel.Nary.Observation; kind=definition; axioms=[propext,
 Classical.choice,
 Quot.sound]
AXIOM AUDIT declaration: DefiKernel.Nary.eventsEq.match_1; module=DefiKernel.Nary.Observation; kind=definition; axioms=[propext,
 Quot.sound]
AXIOM AUDIT declaration: DefiKernel.Nary.failedAttempt.match_1; module=DefiKernel.Nary.Execution; kind=definition; axioms=[propext,
 Quot.sound]
AXIOM AUDIT declaration: DefiKernel.Nary.instDecidableEqAdmissionFailure.decEq; module=DefiKernel.Nary.Schedule; kind=definition; axioms=[]
AXIOM AUDIT declaration: DefiKernel.Nary.instDecidableEqScheduleMismatch.decEq; module=DefiKernel.Nary.Schedule; kind=definition; axioms=[]
AXIOM AUDIT declaration: DefiKernel.Nary.instReprAdmissionFailure.repr; module=DefiKernel.Nary.Schedule; kind=definition; axioms=[]
AXIOM AUDIT declaration: DefiKernel.Nary.instReprScheduleMismatch.repr; module=DefiKernel.Nary.Schedule; kind=definition; axioms=[]
AXIOM AUDIT declaration: DefiKernel.Nary.interleavingAttemptsEq._f; module=DefiKernel.Nary.Observation; kind=definition; axioms=[propext,
 Classical.choice,
 Quot.sound]
AXIOM AUDIT declaration: DefiKernel.Nary.interleavingAttemptsEq._sunfold; module=DefiKernel.Nary.Observation; kind=definition; axioms=[propext,
 Classical.choice,
 Quot.sound]
AXIOM AUDIT declaration: DefiKernel.Nary.interleavingAttemptsEq._unsafe_rec; module=DefiKernel.Nary.Observation; kind=definition; axioms=[propext,
 Classical.choice,
 Quot.sound]
AXIOM AUDIT declaration: DefiKernel.Nary.interleavingAttemptsEq.match_1; module=DefiKernel.Nary.Observation; kind=definition; axioms=[propext,
 Quot.sound]
AXIOM AUDIT declaration: DefiKernel.Nary.interleavingResultEq._sparseCasesOn_1; module=DefiKernel.Nary.Observation; kind=definition; axioms=[propext,
 Quot.sound]
AXIOM AUDIT declaration: DefiKernel.Nary.interleavingResultEq._sparseCasesOn_2; module=DefiKernel.Nary.Observation; kind=definition; axioms=[propext,
 Quot.sound]
AXIOM AUDIT declaration: DefiKernel.Nary.interleavingResultEq.match_1; module=DefiKernel.Nary.Observation; kind=definition; axioms=[propext,
 Quot.sound]
AXIOM AUDIT declaration: DefiKernel.Nary.localsEq._f; module=DefiKernel.Nary.Observation; kind=definition; axioms=[propext,
 Classical.choice,
 Quot.sound]
AXIOM AUDIT declaration: DefiKernel.Nary.localsEq._sunfold; module=DefiKernel.Nary.Observation; kind=definition; axioms=[propext,
 Classical.choice,
 Quot.sound]
AXIOM AUDIT declaration: DefiKernel.Nary.localsEq._unsafe_rec; module=DefiKernel.Nary.Observation; kind=definition; axioms=[propext,
 Classical.choice,
 Quot.sound]
AXIOM AUDIT declaration: DefiKernel.Nary.localsEq.match_1; module=DefiKernel.Nary.Observation; kind=definition; axioms=[propext,
 Quot.sound]
AXIOM AUDIT declaration: DefiKernel.Nary.ofBinaryBranches.match_1; module=DefiKernel.Nary.Observation; kind=definition; axioms=[]
AXIOM AUDIT declaration: DefiKernel.Nary.outcomeEq._sparseCasesOn_1; module=DefiKernel.Nary.Observation; kind=definition; axioms=[propext]
AXIOM AUDIT declaration: DefiKernel.Nary.outcomeEq._sparseCasesOn_2; module=DefiKernel.Nary.Observation; kind=definition; axioms=[propext]
AXIOM AUDIT declaration: DefiKernel.Nary.outcomeEq.match_1; module=DefiKernel.Nary.Observation; kind=definition; axioms=[propext,
 Quot.sound]
AXIOM AUDIT declaration: DefiKernel.Nary.projectAdmissionFailure.match_1; module=DefiKernel.Nary.Observation; kind=definition; axioms=[]
AXIOM AUDIT declaration: DefiKernel.Nary.projectAdmitSuccess._sparseCasesOn_1; module=DefiKernel.Nary.Observation; kind=definition; axioms=[propext]
AXIOM AUDIT declaration: DefiKernel.Nary.projectAdmitSuccess._sparseCasesOn_2; module=DefiKernel.Nary.Observation; kind=definition; axioms=[propext]
AXIOM AUDIT declaration: DefiKernel.Nary.projectAdmitSuccess.match_1; module=DefiKernel.Nary.Observation; kind=definition; axioms=[propext]
AXIOM AUDIT declaration: DefiKernel.Nary.resultEq._sparseCasesOn_1; module=DefiKernel.Nary.Observation; kind=definition; axioms=[propext,
 Quot.sound]
AXIOM AUDIT declaration: DefiKernel.Nary.resultEq._sparseCasesOn_2; module=DefiKernel.Nary.Observation; kind=definition; axioms=[propext,
 Quot.sound]
AXIOM AUDIT declaration: DefiKernel.Nary.resultEq.match_1; module=DefiKernel.Nary.Observation; kind=definition; axioms=[propext,
 Quot.sound]
AXIOM AUDIT declaration: DefiKernel.Nary.runNary.match_1; module=DefiKernel.Nary.Execution; kind=definition; axioms=[]
AXIOM AUDIT declaration: DefiKernel.Nary.successfulEvent.match_1; module=DefiKernel.Nary.Trace; kind=definition; axioms=[propext,
 Quot.sound]
AXIOM AUDIT declaration: DefiKernel.Nary.toBinaryResult.match_1; module=DefiKernel.Nary.Observation; kind=definition; axioms=[propext,
 Quot.sound]
AXIOM AUDIT declaration: _private.DefiKernel.Nary.BinaryCorrespondence.0.Except.map.match_1.splitter; module=DefiKernel.Nary.BinaryCorrespondence; kind=definition; axioms=[]
AXIOM AUDIT declaration: _private.DefiKernel.Nary.FundedCausal.0.Except.map.match_1.splitter; module=DefiKernel.Nary.FundedCausal; kind=definition; axioms=[]
AXIOM AUDIT declaration: _private.DefiKernel.Nary.FundedCompanions.0.Except.map.match_1.splitter; module=DefiKernel.Nary.FundedCompanions; kind=definition; axioms=[]
AXIOM AUDIT declaration: _private.DefiKernel.Nary.FundedCompanions.0.Except.toBool.match_1.splitter; module=DefiKernel.Nary.FundedCompanions; kind=definition; axioms=[]
AXIOM AUDIT declaration: _private.DefiKernel.Nary.FundedEnabledness.0.Except.map.match_1.splitter; module=DefiKernel.Nary.FundedEnabledness; kind=definition; axioms=[]
AXIOM AUDIT declaration: _private.DefiKernel.Nary.InterfaceInstances.0.Except.toBool.match_1.splitter; module=DefiKernel.Nary.InterfaceInstances; kind=definition; axioms=[]
AXIOM AUDIT declaration: _private.DefiKernel.Nary.Schedule.0.Except.map.match_1.splitter; module=DefiKernel.Nary.Schedule; kind=definition; axioms=[]
AXIOM AUDIT declaration: DefiKernel.Nary.AdmissionFailure.configuration.elim; module=DefiKernel.Nary.Schedule; kind=definition; axioms=[]
AXIOM AUDIT declaration: DefiKernel.Nary.AdmissionFailure.schedule.elim; module=DefiKernel.Nary.Schedule; kind=definition; axioms=[]
AXIOM AUDIT declaration: DefiKernel.Nary.AdmissionFailure.schedule.noConfusion; module=DefiKernel.Nary.Schedule; kind=definition; axioms=[]
AXIOM AUDIT declaration: DefiKernel.Nary.AdmissionFailure.structural.elim; module=DefiKernel.Nary.Schedule; kind=definition; axioms=[]
AXIOM AUDIT declaration: DefiKernel.Nary.AdmissionFailure.structural.noConfusion; module=DefiKernel.Nary.Schedule; kind=definition; axioms=[]
AXIOM AUDIT declaration: DefiKernel.Nary.Attempt.mk._flat_ctor; module=DefiKernel.Nary.Execution; kind=definition; axioms=[propext,
 Quot.sound]
AXIOM AUDIT declaration: DefiKernel.Nary.Attempt.mk.noConfusion; module=DefiKernel.Nary.Execution; kind=definition; axioms=[propext,
 Quot.sound]
AXIOM AUDIT declaration: DefiKernel.Nary.Attempt.supply.match_1; module=DefiKernel.Nary.Preservation; kind=definition; axioms=[propext,
 Quot.sound]
AXIOM AUDIT declaration: DefiKernel.Nary.AttemptChain.below.casesOn; module=DefiKernel.Nary.Trace; kind=definition; axioms=[propext,
 Quot.sound]
AXIOM AUDIT declaration: DefiKernel.Nary.Audit.main.match_1; module=DefiKernel.Nary.Audit; kind=definition; axioms=[]
AXIOM AUDIT declaration: DefiKernel.Nary.Examples.Asset._sizeOf_1; module=DefiKernel.Nary.Examples; kind=definition; axioms=[]
AXIOM AUDIT declaration: DefiKernel.Nary.Examples.Asset._sizeOf_inst; module=DefiKernel.Nary.Examples; kind=definition; axioms=[]
AXIOM AUDIT declaration: DefiKernel.Nary.Examples.Asset.casesOn; module=DefiKernel.Nary.Examples; kind=definition; axioms=[]
AXIOM AUDIT declaration: DefiKernel.Nary.Examples.Asset.ctorElim; module=DefiKernel.Nary.Examples; kind=definition; axioms=[]
AXIOM AUDIT declaration: DefiKernel.Nary.Examples.Asset.ctorElimType; module=DefiKernel.Nary.Examples; kind=definition; axioms=[]
AXIOM AUDIT declaration: DefiKernel.Nary.Examples.Asset.ctorIdx; module=DefiKernel.Nary.Examples; kind=definition; axioms=[]
AXIOM AUDIT declaration: DefiKernel.Nary.Examples.Asset.noConfusion; module=DefiKernel.Nary.Examples; kind=definition; axioms=[]
AXIOM AUDIT declaration: DefiKernel.Nary.Examples.Asset.noConfusionType; module=DefiKernel.Nary.Examples; kind=definition; axioms=[]
AXIOM AUDIT declaration: DefiKernel.Nary.Examples.Asset.ofNat; module=DefiKernel.Nary.Examples; kind=definition; axioms=[]
AXIOM AUDIT declaration: DefiKernel.Nary.Examples.Asset.recOn; module=DefiKernel.Nary.Examples; kind=definition; axioms=[]
AXIOM AUDIT declaration: DefiKernel.Nary.Examples.Asset.toCtorIdx; module=DefiKernel.Nary.Examples; kind=definition; axioms=[]
AXIOM AUDIT declaration: DefiKernel.Nary.Examples.Domain._sizeOf_1; module=DefiKernel.Nary.Examples; kind=definition; axioms=[]
AXIOM AUDIT declaration: DefiKernel.Nary.Examples.Domain._sizeOf_inst; module=DefiKernel.Nary.Examples; kind=definition; axioms=[]
AXIOM AUDIT declaration: DefiKernel.Nary.Examples.Domain.casesOn; module=DefiKernel.Nary.Examples; kind=definition; axioms=[]
AXIOM AUDIT declaration: DefiKernel.Nary.Examples.Domain.ctorElim; module=DefiKernel.Nary.Examples; kind=definition; axioms=[]
AXIOM AUDIT declaration: DefiKernel.Nary.Examples.Domain.ctorElimType; module=DefiKernel.Nary.Examples; kind=definition; axioms=[]
AXIOM AUDIT declaration: DefiKernel.Nary.Examples.Domain.ctorIdx; module=DefiKernel.Nary.Examples; kind=definition; axioms=[]
AXIOM AUDIT declaration: DefiKernel.Nary.Examples.Domain.noConfusion; module=DefiKernel.Nary.Examples; kind=definition; axioms=[]
AXIOM AUDIT declaration: DefiKernel.Nary.Examples.Domain.noConfusionType; module=DefiKernel.Nary.Examples; kind=definition; axioms=[]
AXIOM AUDIT declaration: DefiKernel.Nary.Examples.Domain.ofNat; module=DefiKernel.Nary.Examples; kind=definition; axioms=[]
AXIOM AUDIT declaration: DefiKernel.Nary.Examples.Domain.recOn; module=DefiKernel.Nary.Examples; kind=definition; axioms=[]
AXIOM AUDIT declaration: DefiKernel.Nary.Examples.Domain.toCtorIdx; module=DefiKernel.Nary.Examples; kind=definition; axioms=[]
AXIOM AUDIT declaration: DefiKernel.Nary.Examples.EvidenceClass._sizeOf_1; module=DefiKernel.Nary.Examples; kind=definition; axioms=[]
AXIOM AUDIT declaration: DefiKernel.Nary.Examples.EvidenceClass._sizeOf_inst; module=DefiKernel.Nary.Examples; kind=definition; axioms=[]
AXIOM AUDIT declaration: DefiKernel.Nary.Examples.EvidenceClass.casesOn; module=DefiKernel.Nary.Examples; kind=definition; axioms=[]
AXIOM AUDIT declaration: DefiKernel.Nary.Examples.EvidenceClass.ctorElim; module=DefiKernel.Nary.Examples; kind=definition; axioms=[]
AXIOM AUDIT declaration: DefiKernel.Nary.Examples.EvidenceClass.ctorElimType; module=DefiKernel.Nary.Examples; kind=definition; axioms=[]
AXIOM AUDIT declaration: DefiKernel.Nary.Examples.EvidenceClass.ctorIdx; module=DefiKernel.Nary.Examples; kind=definition; axioms=[]
AXIOM AUDIT declaration: DefiKernel.Nary.Examples.EvidenceClass.noConfusion; module=DefiKernel.Nary.Examples; kind=definition; axioms=[]
AXIOM AUDIT declaration: DefiKernel.Nary.Examples.EvidenceClass.noConfusionType; module=DefiKernel.Nary.Examples; kind=definition; axioms=[]
AXIOM AUDIT declaration: DefiKernel.Nary.Examples.EvidenceClass.ofNat; module=DefiKernel.Nary.Examples; kind=definition; axioms=[]
AXIOM AUDIT declaration: DefiKernel.Nary.Examples.EvidenceClass.recOn; module=DefiKernel.Nary.Examples; kind=definition; axioms=[]
AXIOM AUDIT declaration: DefiKernel.Nary.Examples.EvidenceClass.toCtorIdx; module=DefiKernel.Nary.Examples; kind=definition; axioms=[]
AXIOM AUDIT declaration: DefiKernel.Nary.Examples.F10Row._sizeOf_1; module=DefiKernel.Nary.Examples; kind=definition; axioms=[]
AXIOM AUDIT declaration: DefiKernel.Nary.Examples.F10Row._sizeOf_inst; module=DefiKernel.Nary.Examples; kind=definition; axioms=[]
AXIOM AUDIT declaration: DefiKernel.Nary.Examples.F10Row.after; module=DefiKernel.Nary.Examples; kind=definition; axioms=[]
AXIOM AUDIT declaration: DefiKernel.Nary.Examples.F10Row.before; module=DefiKernel.Nary.Examples; kind=definition; axioms=[]
AXIOM AUDIT declaration: DefiKernel.Nary.Examples.F10Row.casesOn; module=DefiKernel.Nary.Examples; kind=definition; axioms=[]
AXIOM AUDIT declaration: DefiKernel.Nary.Examples.F10Row.ctorIdx; module=DefiKernel.Nary.Examples; kind=definition; axioms=[]
AXIOM AUDIT declaration: DefiKernel.Nary.Examples.F10Row.localsNC; module=DefiKernel.Nary.Examples; kind=definition; axioms=[]
AXIOM AUDIT declaration: DefiKernel.Nary.Examples.F10Row.monitor; module=DefiKernel.Nary.Examples; kind=definition; axioms=[]
AXIOM AUDIT declaration: DefiKernel.Nary.Examples.F10Row.noConfusion; module=DefiKernel.Nary.Examples; kind=definition; axioms=[]
AXIOM AUDIT declaration: DefiKernel.Nary.Examples.F10Row.noConfusionType; module=DefiKernel.Nary.Examples; kind=definition; axioms=[]
AXIOM AUDIT declaration: DefiKernel.Nary.Examples.F10Row.operation; module=DefiKernel.Nary.Examples; kind=definition; axioms=[]
AXIOM AUDIT declaration: DefiKernel.Nary.Examples.F10Row.ownIndex; module=DefiKernel.Nary.Examples; kind=definition; axioms=[]
AXIOM AUDIT declaration: DefiKernel.Nary.Examples.F10Row.participant; module=DefiKernel.Nary.Examples; kind=definition; axioms=[]
AXIOM AUDIT declaration: DefiKernel.Nary.Examples.F10Row.producerOutput; module=DefiKernel.Nary.Examples; kind=definition; axioms=[]
AXIOM AUDIT declaration: DefiKernel.Nary.Examples.F10Row.recOn; module=DefiKernel.Nary.Examples; kind=definition; axioms=[]
AXIOM AUDIT declaration: DefiKernel.Nary.Examples.F10Row.schedule; module=DefiKernel.Nary.Examples; kind=definition; axioms=[]
AXIOM AUDIT declaration: DefiKernel.Nary.Examples.Party._sizeOf_1; module=DefiKernel.Nary.Examples; kind=definition; axioms=[]
AXIOM AUDIT declaration: DefiKernel.Nary.Examples.Party._sizeOf_inst; module=DefiKernel.Nary.Examples; kind=definition; axioms=[]
AXIOM AUDIT declaration: DefiKernel.Nary.Examples.Party.casesOn; module=DefiKernel.Nary.Examples; kind=definition; axioms=[]
AXIOM AUDIT declaration: DefiKernel.Nary.Examples.Party.ctorElim; module=DefiKernel.Nary.Examples; kind=definition; axioms=[]
AXIOM AUDIT declaration: DefiKernel.Nary.Examples.Party.ctorElimType; module=DefiKernel.Nary.Examples; kind=definition; axioms=[]
AXIOM AUDIT declaration: DefiKernel.Nary.Examples.Party.ctorIdx; module=DefiKernel.Nary.Examples; kind=definition; axioms=[]
AXIOM AUDIT declaration: DefiKernel.Nary.Examples.Party.noConfusion; module=DefiKernel.Nary.Examples; kind=definition; axioms=[]
AXIOM AUDIT declaration: DefiKernel.Nary.Examples.Party.noConfusionType; module=DefiKernel.Nary.Examples; kind=definition; axioms=[]
AXIOM AUDIT declaration: DefiKernel.Nary.Examples.Party.ofNat; module=DefiKernel.Nary.Examples; kind=definition; axioms=[]
AXIOM AUDIT declaration: DefiKernel.Nary.Examples.Party.recOn; module=DefiKernel.Nary.Examples; kind=definition; axioms=[]
AXIOM AUDIT declaration: DefiKernel.Nary.Examples.Party.toCtorIdx; module=DefiKernel.Nary.Examples; kind=definition; axioms=[]
AXIOM AUDIT declaration: DefiKernel.Nary.Examples.ReserveObs._sizeOf_1; module=DefiKernel.Nary.Examples; kind=definition; axioms=[propext,
 Quot.sound]
AXIOM AUDIT declaration: DefiKernel.Nary.Examples.ReserveObs._sizeOf_inst; module=DefiKernel.Nary.Examples; kind=definition; axioms=[propext,
 Quot.sound]
AXIOM AUDIT declaration: DefiKernel.Nary.Examples.ReserveObs.casesOn; module=DefiKernel.Nary.Examples; kind=definition; axioms=[propext,
 Quot.sound]
AXIOM AUDIT declaration: DefiKernel.Nary.Examples.ReserveObs.ctorIdx; module=DefiKernel.Nary.Examples; kind=definition; axioms=[propext,
 Quot.sound]
AXIOM AUDIT declaration: DefiKernel.Nary.Examples.ReserveObs.noConfusion; module=DefiKernel.Nary.Examples; kind=definition; axioms=[propext,
 Quot.sound]
AXIOM AUDIT declaration: DefiKernel.Nary.Examples.ReserveObs.noConfusionType; module=DefiKernel.Nary.Examples; kind=definition; axioms=[propext,
 Quot.sound]
AXIOM AUDIT declaration: DefiKernel.Nary.Examples.ReserveObs.phase; module=DefiKernel.Nary.Examples; kind=definition; axioms=[propext,
 Quot.sound]
AXIOM AUDIT declaration: DefiKernel.Nary.Examples.ReserveObs.recOn; module=DefiKernel.Nary.Examples; kind=definition; axioms=[propext,
 Quot.sound]
AXIOM AUDIT declaration: DefiKernel.Nary.Examples.ReserveObs.received; module=DefiKernel.Nary.Examples; kind=definition; axioms=[propext,
 Quot.sound]
AXIOM AUDIT declaration: DefiKernel.Nary.Examples.ReservePhase._sizeOf_1; module=DefiKernel.Nary.Examples; kind=definition; axioms=[]
AXIOM AUDIT declaration: DefiKernel.Nary.Examples.ReservePhase._sizeOf_inst; module=DefiKernel.Nary.Examples; kind=definition; axioms=[]
AXIOM AUDIT declaration: DefiKernel.Nary.Examples.ReservePhase.casesOn; module=DefiKernel.Nary.Examples; kind=definition; axioms=[]
AXIOM AUDIT declaration: DefiKernel.Nary.Examples.ReservePhase.ctorElim; module=DefiKernel.Nary.Examples; kind=definition; axioms=[]
AXIOM AUDIT declaration: DefiKernel.Nary.Examples.ReservePhase.ctorElimType; module=DefiKernel.Nary.Examples; kind=definition; axioms=[]
AXIOM AUDIT declaration: DefiKernel.Nary.Examples.ReservePhase.ctorIdx; module=DefiKernel.Nary.Examples; kind=definition; axioms=[]
AXIOM AUDIT declaration: DefiKernel.Nary.Examples.ReservePhase.noConfusion; module=DefiKernel.Nary.Examples; kind=definition; axioms=[]
AXIOM AUDIT declaration: DefiKernel.Nary.Examples.ReservePhase.noConfusionType; module=DefiKernel.Nary.Examples; kind=definition; axioms=[]
AXIOM AUDIT declaration: DefiKernel.Nary.Examples.ReservePhase.ofNat; module=DefiKernel.Nary.Examples; kind=definition; axioms=[]
AXIOM AUDIT declaration: DefiKernel.Nary.Examples.ReservePhase.recOn; module=DefiKernel.Nary.Examples; kind=definition; axioms=[]
AXIOM AUDIT declaration: DefiKernel.Nary.Examples.ReservePhase.toCtorIdx; module=DefiKernel.Nary.Examples; kind=definition; axioms=[]
AXIOM AUDIT declaration: DefiKernel.Nary.Examples.classification.match_1; module=DefiKernel.Nary.Examples; kind=definition; axioms=[]
AXIOM AUDIT declaration: DefiKernel.Nary.Examples.countUpdate.match_1; module=DefiKernel.Nary.Examples; kind=definition; axioms=[propext,
 Quot.sound]
AXIOM AUDIT declaration: DefiKernel.Nary.Examples.emptyBounds.match_1; module=DefiKernel.Nary.Examples; kind=definition; axioms=[]
AXIOM AUDIT declaration: DefiKernel.Nary.Examples.expectedF10Phase.match_1; module=DefiKernel.Nary.Examples; kind=definition; axioms=[]
AXIOM AUDIT declaration: DefiKernel.Nary.Examples.expectedF10PrefixPhase.match_1; module=DefiKernel.Nary.Examples; kind=definition; axioms=[]
AXIOM AUDIT declaration: DefiKernel.Nary.Examples.f03Branches.match_1; module=DefiKernel.Nary.Examples; kind=definition; axioms=[]
AXIOM AUDIT declaration: DefiKernel.Nary.Examples.f18WorldAfter.match_1; module=DefiKernel.Nary.Examples; kind=definition; axioms=[]
AXIOM AUDIT declaration: DefiKernel.Nary.Examples.fin2Roster.match_1; module=DefiKernel.Nary.Examples; kind=definition; axioms=[propext]
AXIOM AUDIT declaration: DefiKernel.Nary.Examples.fin3Roster.match_1; module=DefiKernel.Nary.Examples; kind=definition; axioms=[propext]
AXIOM AUDIT declaration: DefiKernel.Nary.Examples.instReprAsset.repr; module=DefiKernel.Nary.Examples; kind=definition; axioms=[]
AXIOM AUDIT declaration: DefiKernel.Nary.Examples.instReprDomain.repr; module=DefiKernel.Nary.Examples; kind=definition; axioms=[]
AXIOM AUDIT declaration: DefiKernel.Nary.Examples.instReprEvidenceClass.repr; module=DefiKernel.Nary.Examples; kind=definition; axioms=[]
AXIOM AUDIT declaration: DefiKernel.Nary.Examples.instReprParty.repr; module=DefiKernel.Nary.Examples; kind=definition; axioms=[]
AXIOM AUDIT declaration: DefiKernel.Nary.Examples.instReprReservePhase.repr; module=DefiKernel.Nary.Examples; kind=definition; axioms=[]
AXIOM AUDIT declaration: DefiKernel.Nary.Examples.invOf.match_1; module=DefiKernel.Nary.Examples; kind=definition; axioms=[]
AXIOM AUDIT declaration: DefiKernel.Nary.Examples.isReadyProducer.match_1; module=DefiKernel.Nary.Examples; kind=definition; axioms=[propext,
 Quot.sound]
AXIOM AUDIT declaration: DefiKernel.Nary.Examples.mapAt0.match_1; module=DefiKernel.Nary.Examples; kind=definition; axioms=[propext,
 Quot.sound]
AXIOM AUDIT declaration: DefiKernel.Nary.Examples.mapAt0Eval._sparseCasesOn_1; module=DefiKernel.Nary.Examples; kind=definition; axioms=[propext]
AXIOM AUDIT declaration: DefiKernel.Nary.Examples.mapAt0Eval.match_1; module=DefiKernel.Nary.Examples; kind=definition; axioms=[propext,
 Quot.sound]
AXIOM AUDIT declaration: DefiKernel.Nary.Examples.mapEv0.match_1; module=DefiKernel.Nary.Examples; kind=definition; axioms=[propext,
 Quot.sound]
AXIOM AUDIT declaration: DefiKernel.Nary.Examples.mapEv0Eval._sparseCasesOn_1; module=DefiKernel.Nary.Examples; kind=definition; axioms=[propext]
AXIOM AUDIT declaration: DefiKernel.Nary.Examples.mapEv0Eval.match_1; module=DefiKernel.Nary.Examples; kind=definition; axioms=[propext]
AXIOM AUDIT declaration: DefiKernel.Nary.Examples.mapFail.match_1; module=DefiKernel.Nary.Examples; kind=definition; axioms=[]
AXIOM AUDIT declaration: DefiKernel.Nary.Examples.mapLocOut0.match_1; module=DefiKernel.Nary.Examples; kind=definition; axioms=[]
AXIOM AUDIT declaration: DefiKernel.Nary.Examples.registry.match_1; module=DefiKernel.Nary.Examples; kind=definition; axioms=[]
AXIOM AUDIT declaration: DefiKernel.Nary.Examples.reserveUpdate.match_1; module=DefiKernel.Nary.Examples; kind=definition; axioms=[propext,
 Quot.sound]
AXIOM AUDIT declaration: DefiKernel.Nary.Examples.toFin3.match_1; module=DefiKernel.Nary.Examples; kind=definition; axioms=[]
AXIOM AUDIT declaration: DefiKernel.Nary.Examples.worldOfMain._sparseCasesOn_1; module=DefiKernel.Nary.Examples; kind=definition; axioms=[propext]
AXIOM AUDIT declaration: DefiKernel.Nary.Examples.worldOfMain._sparseCasesOn_2; module=DefiKernel.Nary.Examples; kind=definition; axioms=[propext]
AXIOM AUDIT declaration: DefiKernel.Nary.Examples.worldOfMain.match_1; module=DefiKernel.Nary.Examples; kind=definition; axioms=[propext]
AXIOM AUDIT declaration: DefiKernel.Nary.FundedCausal.f10_assumption_derivation.match_1_1; module=DefiKernel.Nary.FundedCausal; kind=definition; axioms=[propext,
 Quot.sound]
AXIOM AUDIT declaration: DefiKernel.Nary.FundedCausal.fin3_cases.match_1_1; module=DefiKernel.Nary.FundedCausal; kind=definition; axioms=[propext]
AXIOM AUDIT declaration: DefiKernel.Nary.FundedCausal.fundedGuarantee.match_1; module=DefiKernel.Nary.FundedCausal; kind=definition; axioms=[propext]
AXIOM AUDIT declaration: DefiKernel.Nary.FundedCausal.phaseOf.match_1; module=DefiKernel.Nary.FundedCausal; kind=definition; axioms=[]
AXIOM AUDIT declaration: DefiKernel.Nary.FundedCompanions.f12_runNary_outcome.match_1; module=DefiKernel.Nary.FundedCompanions; kind=definition; axioms=[propext,
 Quot.sound]
AXIOM AUDIT declaration: DefiKernel.Nary.FundedEnabledness.consumer_delta_eval.match_1; module=DefiKernel.Nary.FundedEnabledness; kind=definition; axioms=[propext,
 Quot.sound]
AXIOM AUDIT declaration: DefiKernel.Nary.FundedEnabledness.consumer_delta_eval.match_3; module=DefiKernel.Nary.FundedEnabledness; kind=definition; axioms=[]
AXIOM AUDIT declaration: DefiKernel.Nary.InterfaceInstances.f11_runNary_outcome.match_1; module=DefiKernel.Nary.InterfaceInstances; kind=definition; axioms=[propext,
 Quot.sound]
AXIOM AUDIT declaration: DefiKernel.Nary.InterfaceInstances.f14_branch_inv.match_1_1; module=DefiKernel.Nary.InterfaceInstances; kind=definition; axioms=[propext]
AXIOM AUDIT declaration: DefiKernel.Nary.InterfaceInstances.f18_complete_of_mem.match_1_1; module=DefiKernel.Nary.InterfaceInstances; kind=definition; axioms=[propext]
AXIOM AUDIT declaration: DefiKernel.Nary.InterfaceInstances.f18_runNary_world.match_1; module=DefiKernel.Nary.InterfaceInstances; kind=definition; axioms=[propext,
 Quot.sound]
AXIOM AUDIT declaration: DefiKernel.Nary.InterfaceInstances.f18_stable.match_1_1; module=DefiKernel.Nary.InterfaceInstances; kind=definition; axioms=[propext,
 Classical.choice,
 Quot.sound]
AXIOM AUDIT declaration: DefiKernel.Nary.Machine.attempts._default; module=DefiKernel.Nary.Execution; kind=definition; axioms=[propext,
 Quot.sound]
AXIOM AUDIT declaration: DefiKernel.Nary.Machine.mk._flat_ctor; module=DefiKernel.Nary.Execution; kind=definition; axioms=[propext,
 Quot.sound]
AXIOM AUDIT declaration: DefiKernel.Nary.Machine.mk.noConfusion; module=DefiKernel.Nary.Execution; kind=definition; axioms=[propext,
 Quot.sound]
AXIOM AUDIT declaration: DefiKernel.Nary.MonitorInput.mk._flat_ctor; module=DefiKernel.Nary.CausalRuntime; kind=definition; axioms=[propext,
 Quot.sound]
AXIOM AUDIT declaration: DefiKernel.Nary.MonitorInput.mk.noConfusion; module=DefiKernel.Nary.CausalRuntime; kind=definition; axioms=[propext,
 Quot.sound]
AXIOM AUDIT declaration: DefiKernel.Nary.Reachable.below.casesOn; module=DefiKernel.Nary.Execution; kind=definition; axioms=[propext,
 Classical.choice,
 Quot.sound]
AXIOM AUDIT declaration: DefiKernel.Nary.Replay.below.casesOn; module=DefiKernel.Nary.Causal; kind=definition; axioms=[propext,
 Classical.choice,
 Quot.sound]
AXIOM AUDIT declaration: DefiKernel.Nary.Result.executed.elim; module=DefiKernel.Nary.Execution; kind=definition; axioms=[propext,
 Quot.sound]
AXIOM AUDIT declaration: DefiKernel.Nary.Result.executed.noConfusion; module=DefiKernel.Nary.Execution; kind=definition; axioms=[propext,
 Quot.sound]
AXIOM AUDIT declaration: DefiKernel.Nary.Result.refused.elim; module=DefiKernel.Nary.Execution; kind=definition; axioms=[propext,
 Quot.sound]
AXIOM AUDIT declaration: DefiKernel.Nary.Result.refused.noConfusion; module=DefiKernel.Nary.Execution; kind=definition; axioms=[propext,
 Quot.sound]
AXIOM AUDIT declaration: DefiKernel.Nary.Roster.mk._flat_ctor; module=DefiKernel.Nary.Schedule; kind=definition; axioms=[]
AXIOM AUDIT declaration: DefiKernel.Nary.Roster.mk.noConfusion; module=DefiKernel.Nary.Schedule; kind=definition; axioms=[]
AXIOM AUDIT declaration: DefiKernel.Nary.ScheduleMismatch.mk._flat_ctor; module=DefiKernel.Nary.Schedule; kind=definition; axioms=[]
AXIOM AUDIT declaration: DefiKernel.Nary.ScheduleMismatch.mk.noConfusion; module=DefiKernel.Nary.Schedule; kind=definition; axioms=[]
AXIOM AUDIT declaration: DefiKernel.Nary.Tests.distinctLocals._sparseCasesOn_1; module=DefiKernel.Nary.Tests; kind=definition; axioms=[propext]
AXIOM AUDIT declaration: DefiKernel.Nary.Tests.distinctLocals.match_1; module=DefiKernel.Nary.Tests; kind=definition; axioms=[propext,
 Quot.sound]
AXIOM AUDIT declaration: DefiKernel.Nary.Tests.eventsEq.match_1; module=DefiKernel.Nary.Tests; kind=definition; axioms=[propext,
 Quot.sound]
AXIOM AUDIT declaration: DefiKernel.Nary.Tests.executedEq.match_1; module=DefiKernel.Nary.Tests; kind=definition; axioms=[propext,
 Quot.sound]
AXIOM AUDIT declaration: DefiKernel.Nary.Tests.f02Checks._sparseCasesOn_3; module=DefiKernel.Nary.Tests; kind=definition; axioms=[propext,
 Quot.sound]
AXIOM AUDIT declaration: DefiKernel.Nary.Tests.f02Checks._sparseCasesOn_6; module=DefiKernel.Nary.Tests; kind=definition; axioms=[propext]
AXIOM AUDIT declaration: DefiKernel.Nary.Tests.f02Checks._sparseCasesOn_7; module=DefiKernel.Nary.Tests; kind=definition; axioms=[propext]
AXIOM AUDIT declaration: DefiKernel.Nary.Tests.f02Checks.match_1; module=DefiKernel.Nary.Tests; kind=definition; axioms=[propext,
 Quot.sound]
AXIOM AUDIT declaration: DefiKernel.Nary.Tests.f02Checks.match_3; module=DefiKernel.Nary.Tests; kind=definition; axioms=[propext,
 Quot.sound]
AXIOM AUDIT declaration: DefiKernel.Nary.Tests.f02Checks.match_6; module=DefiKernel.Nary.Tests; kind=definition; axioms=[propext,
 Quot.sound]
AXIOM AUDIT declaration: DefiKernel.Nary.Tests.f03Checks.match_1; module=DefiKernel.Nary.Tests; kind=definition; axioms=[propext,
 Quot.sound]
AXIOM AUDIT declaration: DefiKernel.Nary.Tests.f03MalformedBranches.match_1; module=DefiKernel.Nary.Tests; kind=definition; axioms=[]
AXIOM AUDIT declaration: DefiKernel.Nary.Tests.f04Checks.match_1; module=DefiKernel.Nary.Tests; kind=definition; axioms=[propext,
 Quot.sound]
AXIOM AUDIT declaration: DefiKernel.Nary.Tests.f05Checks.match_1; module=DefiKernel.Nary.Tests; kind=definition; axioms=[propext,
 Quot.sound]
AXIOM AUDIT declaration: DefiKernel.Nary.Tests.f07Checks.match_1; module=DefiKernel.Nary.Tests; kind=definition; axioms=[propext,
 Quot.sound]
AXIOM AUDIT declaration: DefiKernel.Nary.Tests.f07ChunkChecks.match_1; module=DefiKernel.Nary.Tests; kind=definition; axioms=[propext,
 Quot.sound]
AXIOM AUDIT declaration: DefiKernel.Nary.Tests.f10CoreChecks._sparseCasesOn_1; module=DefiKernel.Nary.Tests; kind=definition; axioms=[propext]
AXIOM AUDIT declaration: DefiKernel.Nary.Tests.f10CoreChecks.match_1; module=DefiKernel.Nary.Tests; kind=definition; axioms=[propext,
 Quot.sound]
AXIOM AUDIT declaration: DefiKernel.Nary.Tests.f18Ok.match_1; module=DefiKernel.Nary.Tests; kind=definition; axioms=[propext,
 Quot.sound]
AXIOM AUDIT declaration: DefiKernel.Nary.Tests.f18Ok.match_3; module=DefiKernel.Nary.Tests; kind=definition; axioms=[propext,
 Quot.sound]
AXIOM AUDIT declaration: DefiKernel.Nary.Tests.f19Checks.match_1; module=DefiKernel.Nary.Tests; kind=definition; axioms=[propext,
 Quot.sound]
AXIOM AUDIT declaration: DefiKernel.Nary.Tests.firstSuccessWorld.match_1; module=DefiKernel.Nary.Tests; kind=definition; axioms=[propext,
 Quot.sound]
AXIOM AUDIT declaration: DefiKernel.Nary.Tests.fullMachineEq.match_1; module=DefiKernel.Nary.Tests; kind=definition; axioms=[propext,
 Quot.sound]
AXIOM AUDIT declaration: DefiKernel.Nary.Tests.localsNCEq.match_1; module=DefiKernel.Nary.Tests; kind=definition; axioms=[propext]
AXIOM AUDIT declaration: DefiKernel.Nary.Tests.noFailures.match_1; module=DefiKernel.Nary.Tests; kind=definition; axioms=[propext,
 Quot.sound]
AXIOM AUDIT declaration: DefiKernel.Nary.Tests.outcomeEq._sparseCasesOn_1; module=DefiKernel.Nary.Tests; kind=definition; axioms=[propext]
AXIOM AUDIT declaration: DefiKernel.Nary.Tests.outcomeEq._sparseCasesOn_2; module=DefiKernel.Nary.Tests; kind=definition; axioms=[propext]
AXIOM AUDIT declaration: DefiKernel.Nary.Tests.outcomeEq.match_1; module=DefiKernel.Nary.Tests; kind=definition; axioms=[propext,
 Quot.sound]
AXIOM AUDIT declaration: DefiKernel.Nary.Tests.receiptGuardTrue._sparseCasesOn_1; module=DefiKernel.Nary.Tests; kind=definition; axioms=[propext]
AXIOM AUDIT declaration: DefiKernel.Nary.Tests.receiptGuardTrue.match_1; module=DefiKernel.Nary.Tests; kind=definition; axioms=[propext]
AXIOM AUDIT declaration: DefiKernel.Nary.Tests.receiptGuardTrue.match_4; module=DefiKernel.Nary.Tests; kind=definition; axioms=[propext,
 Quot.sound]
AXIOM AUDIT declaration: DefiKernel.Nary.Tests.refusedEq.match_1; module=DefiKernel.Nary.Tests; kind=definition; axioms=[propext,
 Quot.sound]
AXIOM AUDIT declaration: DefiKernel.Nary.instDecidableEqAdmissionFailure.decEq.match_1; module=DefiKernel.Nary.Schedule; kind=definition; axioms=[]
AXIOM AUDIT declaration: DefiKernel.Nary.instDecidableEqScheduleMismatch.decEq.match_1; module=DefiKernel.Nary.Schedule; kind=definition; axioms=[]
AXIOM AUDIT declaration: DefiKernel.Nary.instReprAdmissionFailure.repr.match_1; module=DefiKernel.Nary.Schedule; kind=definition; axioms=[]
AXIOM AUDIT declaration: _private.DefiKernel.Nary.BinaryCorrespondence.0.DefiKernel.Interleaving.advance.match_1.splitter; module=DefiKernel.Nary.BinaryCorrespondence; kind=definition; axioms=[]
AXIOM AUDIT declaration: _private.DefiKernel.Nary.BinaryCorrespondence.0.DefiKernel.Interleaving.runInterleaving.match_1.splitter; module=DefiKernel.Nary.BinaryCorrespondence; kind=definition; axioms=[]
AXIOM AUDIT declaration: _private.DefiKernel.Nary.BinaryCorrespondence.0.DefiKernel.Nary.admit_correspondence.match_1.splitter; module=DefiKernel.Nary.BinaryCorrespondence; kind=definition; axioms=[]
AXIOM AUDIT declaration: _private.DefiKernel.Nary.BinaryCorrespondence.0.DefiKernel.Nary.admit_correspondence.match_3.splitter; module=DefiKernel.Nary.BinaryCorrespondence; kind=definition; axioms=[]
AXIOM AUDIT declaration: _private.DefiKernel.Nary.BinaryCorrespondence.0.DefiKernel.Nary.advance.match_1.splitter; module=DefiKernel.Nary.BinaryCorrespondence; kind=definition; axioms=[]
AXIOM AUDIT declaration: _private.DefiKernel.Nary.BinaryCorrespondence.0.DefiKernel.Nary.analyzeAll.match_1.splitter; module=DefiKernel.Nary.BinaryCorrespondence; kind=definition; axioms=[]
AXIOM AUDIT declaration: _private.DefiKernel.Nary.BinaryCorrespondence.0.DefiKernel.Nary.analyzeAll_binary.match_1.splitter; module=DefiKernel.Nary.BinaryCorrespondence; kind=definition; axioms=[]
AXIOM AUDIT declaration: _private.DefiKernel.Nary.BinaryCorrespondence.0.DefiKernel.Nary.analyzeAll_cons_ok.match_1.splitter; module=DefiKernel.Nary.BinaryCorrespondence; kind=definition; axioms=[]
AXIOM AUDIT declaration: _private.DefiKernel.Nary.BinaryCorrespondence.0.DefiKernel.Nary.failedAttempt.match_1.splitter; module=DefiKernel.Nary.BinaryCorrespondence; kind=definition; axioms=[propext,
 Quot.sound]
AXIOM AUDIT declaration: _private.DefiKernel.Nary.BinaryCorrespondence.0.DefiKernel.Nary.interleavingAttemptsEq.match_1.splitter; module=DefiKernel.Nary.BinaryCorrespondence; kind=definition; axioms=[propext,
 Quot.sound]
AXIOM AUDIT declaration: _private.DefiKernel.Nary.BinaryCorrespondence.0.DefiKernel.Nary.interleavingResultEq.match_1.splitter; module=DefiKernel.Nary.BinaryCorrespondence; kind=definition; axioms=[propext,
 Quot.sound]
AXIOM AUDIT declaration: _private.DefiKernel.Nary.BinaryCorrespondence.0.DefiKernel.Nary.ofBinaryBranches.match_1.splitter; module=DefiKernel.Nary.BinaryCorrespondence; kind=definition; axioms=[]
AXIOM AUDIT declaration: _private.DefiKernel.Nary.BinaryCorrespondence.0.DefiKernel.Nary.projectAdmissionFailure.match_1.splitter; module=DefiKernel.Nary.BinaryCorrespondence; kind=definition; axioms=[]
AXIOM AUDIT declaration: _private.DefiKernel.Nary.BinaryCorrespondence.0.DefiKernel.Nary.projectAdmitSuccess.match_1.splitter; module=DefiKernel.Nary.BinaryCorrespondence; kind=definition; axioms=[propext]
AXIOM AUDIT declaration: _private.DefiKernel.Nary.BinaryCorrespondence.0.DefiKernel.Nary.toBinaryResult.match_1.splitter; module=DefiKernel.Nary.BinaryCorrespondence; kind=definition; axioms=[propext,
 Quot.sound]
AXIOM AUDIT declaration: _private.DefiKernel.Nary.Causal.0.DefiKernel.Nary.advance.match_1.splitter; module=DefiKernel.Nary.Causal; kind=definition; axioms=[]
AXIOM AUDIT declaration: _private.DefiKernel.Nary.Causal.0.DefiKernel.Nary.failedAttempt.match_1.splitter; module=DefiKernel.Nary.Causal; kind=definition; axioms=[propext,
 Quot.sound]
AXIOM AUDIT declaration: _private.DefiKernel.Nary.FundedCausal.0.DefiKernel.Interface.receiptCellEffect.match_1.splitter; module=DefiKernel.Nary.FundedCausal; kind=definition; axioms=[]
AXIOM AUDIT declaration: _private.DefiKernel.Nary.FundedCompanions.0.DefiKernel.Interface.receiptCellEffect.match_1.splitter; module=DefiKernel.Nary.FundedCompanions; kind=definition; axioms=[]
AXIOM AUDIT declaration: _private.DefiKernel.Nary.FundedEnabledness.0.DefiKernel.Composition.prepareInvocation.match_3.splitter; module=DefiKernel.Nary.FundedEnabledness; kind=definition; axioms=[]
AXIOM AUDIT declaration: _private.DefiKernel.Nary.FundedEnabledness.0.DefiKernel.Typed.numericRat.match_1.splitter; module=DefiKernel.Nary.FundedEnabledness; kind=definition; axioms=[]
AXIOM AUDIT declaration: _private.DefiKernel.Nary.Observation.0.DefiKernel.Nary.attemptsEq.match_1.splitter; module=DefiKernel.Nary.Observation; kind=definition; axioms=[propext,
 Quot.sound]
AXIOM AUDIT declaration: _private.DefiKernel.Nary.Observation.0.DefiKernel.Nary.eventsEq.match_1.splitter; module=DefiKernel.Nary.Observation; kind=definition; axioms=[propext,
 Quot.sound]
AXIOM AUDIT declaration: _private.DefiKernel.Nary.Observation.0.DefiKernel.Nary.localsEq.match_1.splitter; module=DefiKernel.Nary.Observation; kind=definition; axioms=[propext,
 Quot.sound]
AXIOM AUDIT declaration: _private.DefiKernel.Nary.Observation.0.DefiKernel.Nary.outcomeEq.match_1.splitter; module=DefiKernel.Nary.Observation; kind=definition; axioms=[propext,
 Quot.sound]
AXIOM AUDIT declaration: _private.DefiKernel.Nary.Observation.0.DefiKernel.Nary.resultEq.match_1.splitter; module=DefiKernel.Nary.Observation; kind=definition; axioms=[propext,
 Quot.sound]
AXIOM AUDIT declaration: _private.DefiKernel.Nary.Schedule.0.DefiKernel.Nary.analyzeAll.match_1.splitter; module=DefiKernel.Nary.Schedule; kind=definition; axioms=[]
AXIOM AUDIT declaration: _private.DefiKernel.Nary.Schedule.0.DefiKernel.Nary.analyzeAll.match_3.splitter; module=DefiKernel.Nary.Schedule; kind=definition; axioms=[]
AXIOM AUDIT declaration: _private.DefiKernel.Nary.Schedule.0.DefiKernel.Nary.checkCountsFrom.match_1.splitter; module=DefiKernel.Nary.Schedule; kind=definition; axioms=[]
AXIOM AUDIT declaration: _private.DefiKernel.Nary.Trace.0.DefiKernel.Nary.successfulEvent.match_1.splitter; module=DefiKernel.Nary.Trace; kind=definition; axioms=[propext,
 Quot.sound]
AXIOM AUDIT declaration: DefiKernel.Nary.Examples.Asset.eur.elim; module=DefiKernel.Nary.Examples; kind=definition; axioms=[]
AXIOM AUDIT declaration: DefiKernel.Nary.Examples.Asset.usd.elim; module=DefiKernel.Nary.Examples; kind=definition; axioms=[]
AXIOM AUDIT declaration: DefiKernel.Nary.Examples.Domain.away.elim; module=DefiKernel.Nary.Examples; kind=definition; axioms=[]
AXIOM AUDIT declaration: DefiKernel.Nary.Examples.Domain.home.elim; module=DefiKernel.Nary.Examples; kind=definition; axioms=[]
AXIOM AUDIT declaration: DefiKernel.Nary.Examples.EvidenceClass.actualRefusal.elim; module=DefiKernel.Nary.Examples; kind=definition; axioms=[]
AXIOM AUDIT declaration: DefiKernel.Nary.Examples.EvidenceClass.admissionRefusal.elim; module=DefiKernel.Nary.Examples; kind=definition; axioms=[]
AXIOM AUDIT declaration: DefiKernel.Nary.Examples.EvidenceClass.arbitraryEntry.elim; module=DefiKernel.Nary.Examples; kind=definition; axioms=[]
AXIOM AUDIT declaration: DefiKernel.Nary.Examples.EvidenceClass.arbitraryPrefix.elim; module=DefiKernel.Nary.Examples; kind=definition; axioms=[]
AXIOM AUDIT declaration: DefiKernel.Nary.Examples.EvidenceClass.binaryInstance.elim; module=DefiKernel.Nary.Examples; kind=definition; axioms=[]
AXIOM AUDIT declaration: DefiKernel.Nary.Examples.EvidenceClass.fundedExecution.elim; module=DefiKernel.Nary.Examples; kind=definition; axioms=[]
AXIOM AUDIT declaration: DefiKernel.Nary.Examples.EvidenceClass.fundedNegative.elim; module=DefiKernel.Nary.Examples; kind=definition; axioms=[]
AXIOM AUDIT declaration: DefiKernel.Nary.Examples.EvidenceClass.genericProofInstance.elim; module=DefiKernel.Nary.Examples; kind=definition; axioms=[]
AXIOM AUDIT declaration: DefiKernel.Nary.Examples.EvidenceClass.logicalCounterexample.elim; module=DefiKernel.Nary.Examples; kind=definition; axioms=[]
AXIOM AUDIT declaration: DefiKernel.Nary.Examples.EvidenceClass.m2Instance.elim; module=DefiKernel.Nary.Examples; kind=definition; axioms=[]
AXIOM AUDIT declaration: DefiKernel.Nary.Examples.EvidenceClass.m2Negative.elim; module=DefiKernel.Nary.Examples; kind=definition; axioms=[]
AXIOM AUDIT declaration: DefiKernel.Nary.Examples.EvidenceClass.snapshotProvenanceNegative.elim; module=DefiKernel.Nary.Examples; kind=definition; axioms=[]
AXIOM AUDIT declaration: DefiKernel.Nary.Examples.EvidenceClass.syntheticObservation.elim; module=DefiKernel.Nary.Examples; kind=definition; axioms=[]
AXIOM AUDIT declaration: DefiKernel.Nary.Examples.EvidenceClass.typedRoster.elim; module=DefiKernel.Nary.Examples; kind=definition; axioms=[]
AXIOM AUDIT declaration: DefiKernel.Nary.Examples.F10Row.mk._flat_ctor; module=DefiKernel.Nary.Examples; kind=definition; axioms=[]
AXIOM AUDIT declaration: DefiKernel.Nary.Examples.F10Row.mk.noConfusion; module=DefiKernel.Nary.Examples; kind=definition; axioms=[]
AXIOM AUDIT declaration: DefiKernel.Nary.Examples.Party.admin.elim; module=DefiKernel.Nary.Examples; kind=definition; axioms=[]
AXIOM AUDIT declaration: DefiKernel.Nary.Examples.Party.budget.elim; module=DefiKernel.Nary.Examples; kind=definition; axioms=[]
AXIOM AUDIT declaration: DefiKernel.Nary.Examples.Party.donor0.elim; module=DefiKernel.Nary.Examples; kind=definition; axioms=[]
AXIOM AUDIT declaration: DefiKernel.Nary.Examples.Party.donor1.elim; module=DefiKernel.Nary.Examples; kind=definition; axioms=[]
AXIOM AUDIT declaration: DefiKernel.Nary.Examples.Party.donor2.elim; module=DefiKernel.Nary.Examples; kind=definition; axioms=[]
AXIOM AUDIT declaration: DefiKernel.Nary.Examples.Party.recipient.elim; module=DefiKernel.Nary.Examples; kind=definition; axioms=[]
AXIOM AUDIT declaration: DefiKernel.Nary.Examples.Party.recipient1.elim; module=DefiKernel.Nary.Examples; kind=definition; axioms=[]
AXIOM AUDIT declaration: DefiKernel.Nary.Examples.Party.vault.elim; module=DefiKernel.Nary.Examples; kind=definition; axioms=[]
AXIOM AUDIT declaration: DefiKernel.Nary.Examples.ReserveObs.mk._flat_ctor; module=DefiKernel.Nary.Examples; kind=definition; axioms=[propext,
 Quot.sound]
AXIOM AUDIT declaration: DefiKernel.Nary.Examples.ReserveObs.mk.noConfusion; module=DefiKernel.Nary.Examples; kind=definition; axioms=[propext,
 Quot.sound]
AXIOM AUDIT declaration: DefiKernel.Nary.Examples.ReservePhase.awaiting.elim; module=DefiKernel.Nary.Examples; kind=definition; axioms=[]
AXIOM AUDIT declaration: DefiKernel.Nary.Examples.ReservePhase.consumed.elim; module=DefiKernel.Nary.Examples; kind=definition; axioms=[]
AXIOM AUDIT declaration: DefiKernel.Nary.Examples.ReservePhase.ready6.elim; module=DefiKernel.Nary.Examples; kind=definition; axioms=[]
AXIOM AUDIT declaration: DefiKernel.Nary.Examples.instReprAsset.repr.match_1; module=DefiKernel.Nary.Examples; kind=definition; axioms=[]
AXIOM AUDIT declaration: DefiKernel.Nary.Examples.instReprDomain.repr.match_1; module=DefiKernel.Nary.Examples; kind=definition; axioms=[]
AXIOM AUDIT declaration: DefiKernel.Nary.Examples.instReprEvidenceClass.repr.match_1; module=DefiKernel.Nary.Examples; kind=definition; axioms=[]
AXIOM AUDIT declaration: DefiKernel.Nary.Examples.instReprParty.repr.match_1; module=DefiKernel.Nary.Examples; kind=definition; axioms=[]
AXIOM AUDIT declaration: DefiKernel.Nary.Examples.instReprReservePhase.repr.match_1; module=DefiKernel.Nary.Examples; kind=definition; axioms=[]
AXIOM AUDIT declaration: _private.DefiKernel.Nary.BinaryCorrespondence.0.DefiKernel.Interleaving.Attempt.supply.match_1.splitter; module=DefiKernel.Nary.BinaryCorrespondence; kind=definition; axioms=[propext,
 Quot.sound]
AXIOM AUDIT declaration: _private.DefiKernel.Nary.BinaryCorrespondence.0.DefiKernel.Interleaving.Machine.local.match_1.splitter; module=DefiKernel.Nary.BinaryCorrespondence; kind=definition; axioms=[]
AXIOM AUDIT declaration: _private.DefiKernel.Nary.BinaryCorrespondence.0.DefiKernel.Nary.interleavingAttemptsEq.match_1.splitter._sparseCasesOn_3; module=DefiKernel.Nary.BinaryCorrespondence; kind=definition; axioms=[propext]
AXIOM AUDIT declaration: _private.DefiKernel.Nary.BinaryCorrespondence.0.DefiKernel.Nary.interleavingAttemptsEq.match_1.splitter._sparseCasesOn_4; module=DefiKernel.Nary.BinaryCorrespondence; kind=definition; axioms=[propext]
AXIOM AUDIT declaration: _private.DefiKernel.Nary.BinaryCorrespondence.0.DefiKernel.Nary.interleavingResultEq.match_1.splitter._sparseCasesOn_3; module=DefiKernel.Nary.BinaryCorrespondence; kind=definition; axioms=[propext,
 Quot.sound]
AXIOM AUDIT declaration: _private.DefiKernel.Nary.BinaryCorrespondence.0.DefiKernel.Nary.interleavingResultEq.match_1.splitter._sparseCasesOn_5; module=DefiKernel.Nary.BinaryCorrespondence; kind=definition; axioms=[propext,
 Quot.sound]
AXIOM AUDIT declaration: _private.DefiKernel.Nary.BinaryCorrespondence.0.DefiKernel.Nary.projectAdmitSuccess.match_1.splitter._sparseCasesOn_2; module=DefiKernel.Nary.BinaryCorrespondence; kind=definition; axioms=[propext]
AXIOM AUDIT declaration: _private.DefiKernel.Nary.BinaryCorrespondence.0.DefiKernel.Nary.projectAdmitSuccess.match_1.splitter._sparseCasesOn_3; module=DefiKernel.Nary.BinaryCorrespondence; kind=definition; axioms=[propext]
AXIOM AUDIT declaration: _private.DefiKernel.Nary.BinaryCorrespondence.0.DefiKernel.Nary.projectAdmitSuccess.match_1.splitter._sparseCasesOn_5; module=DefiKernel.Nary.BinaryCorrespondence; kind=definition; axioms=[propext]
AXIOM AUDIT declaration: _private.DefiKernel.Nary.BinaryCorrespondence.0.DefiKernel.Nary.projectAdmitSuccess.match_1.splitter._sparseCasesOn_7; module=DefiKernel.Nary.BinaryCorrespondence; kind=definition; axioms=[propext]
AXIOM AUDIT declaration: _private.DefiKernel.Nary.FundedCausal.0.DefiKernel.Nary.FundedCausal.fundedGuarantee.match_1.splitter; module=DefiKernel.Nary.FundedCausal; kind=definition; axioms=[propext]
AXIOM AUDIT declaration: _private.DefiKernel.Nary.FundedCausal.0.DefiKernel.Nary.FundedCausal.phaseOf.match_1.splitter; module=DefiKernel.Nary.FundedCausal; kind=definition; axioms=[]
AXIOM AUDIT declaration: _private.DefiKernel.Nary.FundedCausal.0.DefiKernel.Typed.Args.check.match_1.splitter; module=DefiKernel.Nary.FundedCausal; kind=definition; axioms=[propext]
AXIOM AUDIT declaration: _private.DefiKernel.Nary.FundedEnabledness.0.DefiKernel.Nary.FundedEnabledness.consumer_delta_eval.match_1.splitter; module=DefiKernel.Nary.FundedEnabledness; kind=definition; axioms=[propext,
 Quot.sound]
AXIOM AUDIT declaration: _private.DefiKernel.Nary.FundedEnabledness.0.DefiKernel.Nary.FundedEnabledness.consumer_delta_eval.match_3.splitter; module=DefiKernel.Nary.FundedEnabledness; kind=definition; axioms=[]
AXIOM AUDIT declaration: _private.DefiKernel.Nary.FundedEnabledness.0.DefiKernel.Typed.Args.get.match_1.splitter; module=DefiKernel.Nary.FundedEnabledness; kind=definition; axioms=[]
AXIOM AUDIT declaration: _private.DefiKernel.Nary.FundedEnabledness.0.DefiKernel.Typed.BinaryOp.eval.match_1.splitter; module=DefiKernel.Nary.FundedEnabledness; kind=definition; axioms=[]
AXIOM AUDIT declaration: _private.DefiKernel.Nary.FundedEnabledness.0.DefiKernel.Typed.UnaryOp.eval.match_1.splitter; module=DefiKernel.Nary.FundedEnabledness; kind=definition; axioms=[]
AXIOM AUDIT declaration: _private.DefiKernel.Nary.FundedEnabledness.0.DefiKernel.Typed.instReprNumericUnit.repr.match_1.splitter; module=DefiKernel.Nary.FundedEnabledness; kind=definition; axioms=[]
AXIOM AUDIT declaration: _private.DefiKernel.Nary.FundedEnabledness.0.DefiKernel.Typed.instReprPartyRef.repr.match_1.splitter; module=DefiKernel.Nary.FundedEnabledness; kind=definition; axioms=[]
AXIOM AUDIT declaration: _private.DefiKernel.Nary.InterfaceInstances.0.DefiKernel.Nary.Examples.f18WorldAfter.match_1.splitter; module=DefiKernel.Nary.InterfaceInstances; kind=definition; axioms=[]
AXIOM AUDIT declaration: _private.DefiKernel.Nary.Preservation.0.DefiKernel.Composition.Receipt.supply.match_1.splitter; module=DefiKernel.Nary.Preservation; kind=definition; axioms=[propext]
AXIOM AUDIT declaration: _private.DefiKernel.Nary.Preservation.0.DefiKernel.Nary.Attempt.supply.match_1.splitter; module=DefiKernel.Nary.Preservation; kind=definition; axioms=[propext,
 Quot.sound]
AXIOM AUDIT declaration: _private.DefiKernel.Nary.FundedCausal.0.DefiKernel.Nary.Examples.instReprReservePhase.repr.match_1.splitter; module=DefiKernel.Nary.FundedCausal; kind=definition; axioms=[]
AXIOM AUDIT declaration: _private.DefiKernel.Nary.FundedCausal.0.DefiKernel.Typed.Args.check.match_1.splitter._sparseCasesOn_3; module=DefiKernel.Nary.FundedCausal; kind=definition; axioms=[propext]
AXIOM AUDIT declaration: _private.DefiKernel.Nary.FundedCausal.0.DefiKernel.Typed.Args.check.match_1.splitter._sparseCasesOn_5; module=DefiKernel.Nary.FundedCausal; kind=definition; axioms=[propext]
AXIOM AUDIT declaration: _private.DefiKernel.Nary.Preservation.0.DefiKernel.Composition.Receipt.supply.match_1.splitter._sparseCasesOn_2; module=DefiKernel.Nary.Preservation; kind=definition; axioms=[propext]
AXIOM AUDIT DECLARATIONS PASSED: 1131/1131 supplemental declarations; forbidden=0
AXIOM AUDIT PASSED: 1459/1459 theorems; forbidden=0
