AXIOM AUDIT scope: imported module prefix DefiKernel.Parallel; modules=[DefiKernel.Parallel.Compatibility,
 DefiKernel.Parallel.CompatibilityTests,
 DefiKernel.Parallel.Observation,
 DefiKernel.Parallel.Execution,
 DefiKernel.Parallel.ObservationTests,
 DefiKernel.Parallel.ExecutionTests,
 DefiKernel.Parallel.Examples,
 DefiKernel.Parallel.Dependency,
 DefiKernel.Parallel.Dependency.Adapter,
 DefiKernel.Parallel.Commutation,
 DefiKernel.Parallel.Preservation,
 DefiKernel.Parallel.Tests,
 DefiKernel.Parallel.Audit,
 DefiKernel.Parallel.Dependency.Fixtures,
 DefiKernel.Parallel.PreservationFixtures]
AXIOM AUDIT theorem: DefiKernel.Parallel.admit_compatible; module=DefiKernel.Parallel.Compatibility; axioms=[propext,
 Quot.sound]
AXIOM AUDIT theorem: DefiKernel.Parallel.admit_ok; module=DefiKernel.Parallel.Compatibility; axioms=[propext,
 Quot.sound]
AXIOM AUDIT theorem: DefiKernel.Parallel.analyzeBranchFrom_cons; module=DefiKernel.Parallel.Compatibility; axioms=[propext]
AXIOM AUDIT theorem: DefiKernel.Parallel.analyzeBranchFrom_member; module=DefiKernel.Parallel.Compatibility; axioms=[propext]
AXIOM AUDIT theorem: DefiKernel.Parallel.analyzeBranchFrom_writes_read; module=DefiKernel.Parallel.Commutation; axioms=[propext,
 Quot.sound]
AXIOM AUDIT theorem: DefiKernel.Parallel.analyzeInvocation_coverage; module=DefiKernel.Parallel.Compatibility; axioms=[propext,
 Quot.sound]
AXIOM AUDIT theorem: DefiKernel.Parallel.analyzeInvocation_ok; module=DefiKernel.Parallel.Compatibility; axioms=[propext]
AXIOM AUDIT theorem: DefiKernel.Parallel.analyzeInvocation_writes_read; module=DefiKernel.Parallel.Compatibility; axioms=[propext,
 Quot.sound]
AXIOM AUDIT theorem: DefiKernel.Parallel.analyzed_dependencies; module=DefiKernel.Parallel.Dependency.Adapter; axioms=[propext,
 Classical.choice,
 Quot.sound]
AXIOM AUDIT theorem: DefiKernel.Parallel.analyzed_outputs; module=DefiKernel.Parallel.Dependency.Adapter; axioms=[propext,
 Classical.choice,
 Quot.sound]
AXIOM AUDIT theorem: DefiKernel.Parallel.applyEvaluated_congr; module=DefiKernel.Parallel.Dependency; axioms=[propext,
 Classical.choice,
 Quot.sound]
AXIOM AUDIT theorem: DefiKernel.Parallel.checkCompatibility_ok_iff; module=DefiKernel.Parallel.Compatibility; axioms=[propext,
 Quot.sound]
AXIOM AUDIT theorem: DefiKernel.Parallel.compatible_symm; module=DefiKernel.Parallel.Compatibility; axioms=[]
AXIOM AUDIT theorem: DefiKernel.Parallel.continueRun_congr; module=DefiKernel.Parallel.Commutation; axioms=[propext,
 Classical.choice,
 Quot.sound]
AXIOM AUDIT theorem: DefiKernel.Parallel.continueRun_frame; module=DefiKernel.Parallel.Commutation; axioms=[propext,
 Classical.choice,
 Quot.sound]
AXIOM AUDIT theorem: DefiKernel.Parallel.evaluate_congr; module=DefiKernel.Parallel.Dependency; axioms=[propext,
 Classical.choice,
 Quot.sound]
AXIOM AUDIT theorem: DefiKernel.Parallel.evaluated_effect_zero_outside; module=DefiKernel.Parallel.Dependency; axioms=[propext,
 Classical.choice,
 Quot.sound]
AXIOM AUDIT theorem: DefiKernel.Parallel.evaluated_supplies_empty; module=DefiKernel.Parallel.Preservation; axioms=[propext,
 Classical.choice,
 Quot.sound]
AXIOM AUDIT theorem: DefiKernel.Parallel.evaluated_targets; module=DefiKernel.Parallel.Dependency; axioms=[propext,
 Classical.choice,
 Quot.sound]
AXIOM AUDIT theorem: DefiKernel.Parallel.executeStep_congr; module=DefiKernel.Parallel.Dependency.Adapter; axioms=[propext,
 Classical.choice,
 Quot.sound]
AXIOM AUDIT theorem: DefiKernel.Parallel.executeStep_refusal_iff; module=DefiKernel.Parallel.Dependency.Adapter; axioms=[propext,
 Classical.choice,
 Quot.sound]
AXIOM AUDIT theorem: DefiKernel.Parallel.executeStep_target_frame; module=DefiKernel.Parallel.Dependency.Adapter; axioms=[propext,
 Classical.choice,
 Quot.sound]
AXIOM AUDIT theorem: DefiKernel.Parallel.execute_congr; module=DefiKernel.Parallel.Dependency; axioms=[propext,
 Classical.choice,
 Quot.sound]
AXIOM AUDIT theorem: DefiKernel.Parallel.execute_refusal_iff; module=DefiKernel.Parallel.Dependency; axioms=[propext,
 Classical.choice,
 Quot.sound]
AXIOM AUDIT theorem: DefiKernel.Parallel.execute_success_congr; module=DefiKernel.Parallel.Dependency; axioms=[propext,
 Classical.choice,
 Quot.sound]
AXIOM AUDIT theorem: DefiKernel.Parallel.execute_target_frame; module=DefiKernel.Parallel.Dependency; axioms=[propext,
 Classical.choice,
 Quot.sound]
AXIOM AUDIT theorem: DefiKernel.Parallel.expression_congr_of_region; module=DefiKernel.Parallel.Dependency; axioms=[propext,
 Classical.choice,
 Quot.sound]
AXIOM AUDIT theorem: DefiKernel.Parallel.extractReceipt_congr; module=DefiKernel.Parallel.Dependency.Adapter; axioms=[propext,
 Classical.choice,
 Quot.sound]
AXIOM AUDIT theorem: DefiKernel.Parallel.extractReceipt_supplies_empty; module=DefiKernel.Parallel.Preservation; axioms=[propext,
 Classical.choice,
 Quot.sound]
AXIOM AUDIT theorem: DefiKernel.Parallel.firstOverlap_none_iff; module=DefiKernel.Parallel.Compatibility; axioms=[propext,
 Quot.sound]
AXIOM AUDIT theorem: DefiKernel.Parallel.funds_iff; module=DefiKernel.Parallel.Dependency; axioms=[propext,
 Classical.choice,
 Quot.sound]
AXIOM AUDIT theorem: DefiKernel.Parallel.local_total_preservation; module=DefiKernel.Parallel.Preservation; axioms=[propext,
 Classical.choice,
 Quot.sound]
AXIOM AUDIT theorem: DefiKernel.Parallel.mapM_congr_on; module=DefiKernel.Parallel.Dependency; axioms=[propext,
 Quot.sound]
AXIOM AUDIT theorem: DefiKernel.Parallel.mapM_ok_mem; module=DefiKernel.Parallel.Dependency; axioms=[propext,
 Quot.sound]
AXIOM AUDIT theorem: DefiKernel.Parallel.mergeWorld_accounting; module=DefiKernel.Parallel.Preservation; axioms=[propext,
 Classical.choice,
 Quot.sound]
AXIOM AUDIT theorem: DefiKernel.Parallel.mergeWorld_agrees_left; module=DefiKernel.Parallel.Preservation; axioms=[propext,
 Classical.choice,
 Quot.sound]
AXIOM AUDIT theorem: DefiKernel.Parallel.mergeWorld_agrees_right; module=DefiKernel.Parallel.Preservation; axioms=[propext,
 Classical.choice,
 Quot.sound]
AXIOM AUDIT theorem: DefiKernel.Parallel.mergeWorld_balance_sum; module=DefiKernel.Parallel.Preservation; axioms=[propext,
 Classical.choice,
 Quot.sound]
AXIOM AUDIT theorem: DefiKernel.Parallel.mergeWorld_nonnegative; module=DefiKernel.Parallel.Execution; axioms=[propext,
 Quot.sound]
AXIOM AUDIT theorem: DefiKernel.Parallel.mergeWorld_outside; module=DefiKernel.Parallel.Execution; axioms=[propext,
 Quot.sound]
AXIOM AUDIT theorem: DefiKernel.Parallel.mergeWorld_store; module=DefiKernel.Parallel.Execution; axioms=[propext,
 Quot.sound]
AXIOM AUDIT theorem: DefiKernel.Parallel.mergeWorld_supported_frame; module=DefiKernel.Parallel.Preservation; axioms=[propext,
 Classical.choice,
 Quot.sound]
AXIOM AUDIT theorem: DefiKernel.Parallel.mergeWorld_swap; module=DefiKernel.Parallel.Commutation; axioms=[propext,
 Quot.sound]
AXIOM AUDIT theorem: DefiKernel.Parallel.mergeWorld_two_invariants; module=DefiKernel.Parallel.Preservation; axioms=[propext,
 Classical.choice,
 Quot.sound]
AXIOM AUDIT theorem: DefiKernel.Parallel.merge_serialLR; module=DefiKernel.Parallel.Commutation; axioms=[propext,
 Classical.choice,
 Quot.sound]
AXIOM AUDIT theorem: DefiKernel.Parallel.observationsEqual_iff; module=DefiKernel.Parallel.Execution; axioms=[propext,
 Classical.choice,
 Quot.sound]
AXIOM AUDIT theorem: DefiKernel.Parallel.observeBranch_failure; module=DefiKernel.Parallel.Observation; axioms=[propext,
 Quot.sound]
AXIOM AUDIT theorem: DefiKernel.Parallel.observeBranch_outputs; module=DefiKernel.Parallel.Observation; axioms=[propext,
 Quot.sound]
AXIOM AUDIT theorem: DefiKernel.Parallel.prepareInvocation_shape; module=DefiKernel.Parallel.Dependency.Adapter; axioms=[propext,
 Classical.choice,
 Quot.sound]
AXIOM AUDIT theorem: DefiKernel.Parallel.rerun_after_peer; module=DefiKernel.Parallel.Commutation; axioms=[propext,
 Classical.choice,
 Quot.sound]
AXIOM AUDIT theorem: DefiKernel.Parallel.resolveRefs_append_ok; module=DefiKernel.Parallel.Compatibility; axioms=[propext,
 Quot.sound]
AXIOM AUDIT theorem: DefiKernel.Parallel.resolveRefs_mem_of_resolve; module=DefiKernel.Parallel.Compatibility; axioms=[propext,
 Quot.sound]
AXIOM AUDIT theorem: DefiKernel.Parallel.resolveRefs_member; module=DefiKernel.Parallel.Compatibility; axioms=[propext,
 Quot.sound]
AXIOM AUDIT theorem: DefiKernel.Parallel.runBranch_accounting; module=DefiKernel.Parallel.Preservation; axioms=[propext,
 Classical.choice,
 Quot.sound]
AXIOM AUDIT theorem: DefiKernel.Parallel.runBranch_authority; module=DefiKernel.Parallel.Preservation; axioms=[propext,
 Classical.choice,
 Quot.sound]
AXIOM AUDIT theorem: DefiKernel.Parallel.runBranch_congr; module=DefiKernel.Parallel.Commutation; axioms=[propext,
 Classical.choice,
 Quot.sound]
AXIOM AUDIT theorem: DefiKernel.Parallel.runBranch_empty; module=DefiKernel.Parallel.Commutation; axioms=[propext,
 Classical.choice,
 Quot.sound]
AXIOM AUDIT theorem: DefiKernel.Parallel.runBranch_events_invoke; module=DefiKernel.Parallel.Preservation; axioms=[propext,
 Classical.choice,
 Quot.sound]
AXIOM AUDIT theorem: DefiKernel.Parallel.runBranch_frame; module=DefiKernel.Parallel.Commutation; axioms=[propext,
 Classical.choice,
 Quot.sound]
AXIOM AUDIT theorem: DefiKernel.Parallel.runBranch_invariant; module=DefiKernel.Parallel.Preservation; axioms=[propext,
 Classical.choice,
 Quot.sound]
AXIOM AUDIT theorem: DefiKernel.Parallel.runBranch_prefix_nonnegative; module=DefiKernel.Parallel.Preservation; axioms=[propext,
 Classical.choice,
 Quot.sound]
AXIOM AUDIT theorem: DefiKernel.Parallel.runParallel_accounting; module=DefiKernel.Parallel.Preservation; axioms=[propext,
 Classical.choice,
 Quot.sound]
AXIOM AUDIT theorem: DefiKernel.Parallel.runParallel_empty_left; module=DefiKernel.Parallel.Commutation; axioms=[propext,
 Classical.choice,
 Quot.sound]
AXIOM AUDIT theorem: DefiKernel.Parallel.runParallel_empty_right; module=DefiKernel.Parallel.Commutation; axioms=[propext,
 Classical.choice,
 Quot.sound]
AXIOM AUDIT theorem: DefiKernel.Parallel.runParallel_executed_accounting; module=DefiKernel.Parallel.Preservation; axioms=[propext,
 Classical.choice,
 Quot.sound]
AXIOM AUDIT theorem: DefiKernel.Parallel.runParallel_executed_authority; module=DefiKernel.Parallel.Preservation; axioms=[propext,
 Classical.choice,
 Quot.sound]
AXIOM AUDIT theorem: DefiKernel.Parallel.runParallel_executed_frame; module=DefiKernel.Parallel.Preservation; axioms=[propext,
 Classical.choice,
 Quot.sound]
AXIOM AUDIT theorem: DefiKernel.Parallel.runParallel_executed_nonnegative; module=DefiKernel.Parallel.Preservation; axioms=[propext,
 Classical.choice,
 Quot.sound]
AXIOM AUDIT theorem: DefiKernel.Parallel.runParallel_executed_supported_frame; module=DefiKernel.Parallel.Preservation; axioms=[propext,
 Classical.choice,
 Quot.sound]
AXIOM AUDIT theorem: DefiKernel.Parallel.runParallel_executed_two_invariants; module=DefiKernel.Parallel.Preservation; axioms=[propext,
 Classical.choice,
 Quot.sound]
AXIOM AUDIT theorem: DefiKernel.Parallel.runParallel_refuses; module=DefiKernel.Parallel.Execution; axioms=[propext,
 Classical.choice,
 Quot.sound]
AXIOM AUDIT theorem: DefiKernel.Parallel.runParallel_serialLR; module=DefiKernel.Parallel.Commutation; axioms=[propext,
 Classical.choice,
 Quot.sound]
AXIOM AUDIT theorem: DefiKernel.Parallel.runParallel_serialRL; module=DefiKernel.Parallel.Commutation; axioms=[propext,
 Classical.choice,
 Quot.sound]
AXIOM AUDIT theorem: DefiKernel.Parallel.runParallel_two_invariants; module=DefiKernel.Parallel.Preservation; axioms=[propext,
 Classical.choice,
 Quot.sound]
AXIOM AUDIT theorem: DefiKernel.Parallel.serial_orders_equivalent; module=DefiKernel.Parallel.Commutation; axioms=[propext,
 Classical.choice,
 Quot.sound]
AXIOM AUDIT theorem: DefiKernel.Parallel.singleton_commutation; module=DefiKernel.Parallel.Commutation; axioms=[propext,
 Classical.choice,
 Quot.sound]
AXIOM AUDIT theorem: DefiKernel.Parallel.snapshots_congr; module=DefiKernel.Parallel.Dependency.Adapter; axioms=[propext,
 Classical.choice,
 Quot.sound]
AXIOM AUDIT theorem: DefiKernel.Parallel.step_no_supply; module=DefiKernel.Parallel.Preservation; axioms=[propext,
 Classical.choice,
 Quot.sound]
AXIOM AUDIT theorem: DefiKernel.Parallel.supports_total; module=DefiKernel.Parallel.Preservation; axioms=[propext,
 Classical.choice,
 Quot.sound]
AXIOM AUDIT theorem: DefiKernel.Parallel.trace_invoke_stores; module=DefiKernel.Parallel.Preservation; axioms=[propext,
 Classical.choice,
 Quot.sound]
AXIOM AUDIT theorem: DefiKernel.Parallel.worldEq_iff; module=DefiKernel.Parallel.Execution; axioms=[propext,
 Classical.choice,
 Quot.sound]
AXIOM AUDIT theorem: DefiKernel.Composition.ReceiptAuthorized.congr_simp; module=DefiKernel.Parallel.Preservation; axioms=[propext,
 Classical.choice,
 Quot.sound]
AXIOM AUDIT theorem: DefiKernel.Composition.ReceiptAuthorized.eq_1; module=DefiKernel.Parallel.Preservation; axioms=[propext,
 Classical.choice,
 Quot.sound]
AXIOM AUDIT theorem: DefiKernel.Composition.ReceiptAuthorized.eq_2; module=DefiKernel.Parallel.Preservation; axioms=[propext,
 Classical.choice,
 Quot.sound]
AXIOM AUDIT theorem: DefiKernel.Composition.traceSupply.congr_simp; module=DefiKernel.Parallel.Preservation; axioms=[propext,
 Classical.choice,
 Quot.sound]
AXIOM AUDIT theorem: DefiKernel.Parallel.BranchId.ofNat_ctorIdx; module=DefiKernel.Parallel.Compatibility; axioms=[]
AXIOM AUDIT theorem: DefiKernel.Parallel.ConflictKind.ofNat_ctorIdx; module=DefiKernel.Parallel.Compatibility; axioms=[]
AXIOM AUDIT theorem: DefiKernel.Parallel.CursorAgrees.capabilities; module=DefiKernel.Parallel.Commutation; axioms=[propext,
 Quot.sound]
AXIOM AUDIT theorem: DefiKernel.Parallel.CursorAgrees.events; module=DefiKernel.Parallel.Commutation; axioms=[propext,
 Quot.sound]
AXIOM AUDIT theorem: DefiKernel.Parallel.CursorAgrees.failure; module=DefiKernel.Parallel.Commutation; axioms=[propext,
 Quot.sound]
AXIOM AUDIT theorem: DefiKernel.Parallel.CursorAgrees.nextIndex; module=DefiKernel.Parallel.Commutation; axioms=[propext,
 Quot.sound]
AXIOM AUDIT theorem: DefiKernel.Parallel.CursorAgrees.observation; module=DefiKernel.Parallel.Commutation; axioms=[propext,
 Quot.sound]
AXIOM AUDIT theorem: DefiKernel.Parallel.CursorAgrees.outputs; module=DefiKernel.Parallel.Commutation; axioms=[propext,
 Quot.sound]
AXIOM AUDIT theorem: DefiKernel.Parallel.CursorAgrees.state; module=DefiKernel.Parallel.Commutation; axioms=[propext,
 Quot.sound]
AXIOM AUDIT theorem: DefiKernel.Parallel.DependencyFixtures.accounting_refusal; module=DefiKernel.Parallel.Dependency.Fixtures; axioms=[propext,
 Classical.choice,
 Quot.sound]
AXIOM AUDIT theorem: DefiKernel.Parallel.DependencyFixtures.division_evaluation; module=DefiKernel.Parallel.Dependency.Fixtures; axioms=[propext,
 Classical.choice,
 Quot.sound]
AXIOM AUDIT theorem: DefiKernel.Parallel.DependencyFixtures.division_execution; module=DefiKernel.Parallel.Dependency.Fixtures; axioms=[propext,
 Classical.choice,
 Quot.sound]
AXIOM AUDIT theorem: DefiKernel.Parallel.DependencyFixtures.foreign_agrees; module=DefiKernel.Parallel.Dependency.Fixtures; axioms=[propext,
 Quot.sound]
AXIOM AUDIT theorem: DefiKernel.Parallel.DependencyFixtures.foreign_differs; module=DefiKernel.Parallel.Dependency.Fixtures; axioms=[propext,
 Quot.sound]
AXIOM AUDIT theorem: DefiKernel.Parallel.DependencyFixtures.foreign_funds_iff; module=DefiKernel.Parallel.Dependency.Fixtures; axioms=[propext,
 Classical.choice,
 Quot.sound]
AXIOM AUDIT theorem: DefiKernel.Parallel.DependencyFixtures.foreign_malformed_refusal; module=DefiKernel.Parallel.Dependency.Fixtures; axioms=[propext,
 Classical.choice,
 Quot.sound]
AXIOM AUDIT theorem: DefiKernel.Parallel.DependencyFixtures.foreign_success; module=DefiKernel.Parallel.Dependency.Fixtures; axioms=[propext,
 Classical.choice,
 Quot.sound]
AXIOM AUDIT theorem: DefiKernel.Parallel.DependencyFixtures.funded_malformed_refusal; module=DefiKernel.Parallel.Dependency.Fixtures; axioms=[propext,
 Classical.choice,
 Quot.sound]
AXIOM AUDIT theorem: DefiKernel.Parallel.DependencyFixtures.inactive_evaluation_congr; module=DefiKernel.Parallel.Dependency.Fixtures; axioms=[propext,
 Classical.choice,
 Quot.sound]
AXIOM AUDIT theorem: DefiKernel.Parallel.DependencyFixtures.malformed_effect_outside; module=DefiKernel.Parallel.Dependency.Fixtures; axioms=[propext,
 Classical.choice,
 Quot.sound]
AXIOM AUDIT theorem: DefiKernel.Parallel.DependencyFixtures.malformed_evaluates; module=DefiKernel.Parallel.Dependency.Fixtures; axioms=[propext,
 Classical.choice,
 Quot.sound]
AXIOM AUDIT theorem: DefiKernel.Parallel.DependencyFixtures.malformed_targets; module=DefiKernel.Parallel.Dependency.Fixtures; axioms=[propext,
 Quot.sound]
AXIOM AUDIT theorem: DefiKernel.Parallel.DependencyFixtures.malformed_writes_fail; module=DefiKernel.Parallel.Dependency.Fixtures; axioms=[propext,
 Classical.choice,
 Quot.sound]
AXIOM AUDIT theorem: DefiKernel.Parallel.DependencyFixtures.observation_error; module=DefiKernel.Parallel.Dependency.Fixtures; axioms=[propext,
 Classical.choice,
 Quot.sound]
AXIOM AUDIT theorem: DefiKernel.Parallel.DependencyFixtures.poor_malformed_refusal; module=DefiKernel.Parallel.Dependency.Fixtures; axioms=[propext,
 Classical.choice,
 Quot.sound]
AXIOM AUDIT theorem: DefiKernel.Parallel.DependencyFixtures.refused_iff; module=DefiKernel.Parallel.Dependency.Fixtures; axioms=[propext,
 Quot.sound]
AXIOM AUDIT theorem: DefiKernel.Parallel.DependencyFixtures.target_balance_is_needed; module=DefiKernel.Parallel.Dependency.Fixtures; axioms=[propext,
 Classical.choice,
 Quot.sound]
AXIOM AUDIT theorem: DefiKernel.Parallel.ExecutionAgrees.eq_1; module=DefiKernel.Parallel.Dependency; axioms=[propext,
 Quot.sound]
AXIOM AUDIT theorem: DefiKernel.Parallel.ExecutionAgrees.eq_2; module=DefiKernel.Parallel.Dependency; axioms=[propext,
 Quot.sound]
AXIOM AUDIT theorem: DefiKernel.Parallel.ExecutionAgrees.eq_3; module=DefiKernel.Parallel.Dependency; axioms=[propext,
 Quot.sound]
AXIOM AUDIT theorem: DefiKernel.Parallel.ObservationallyEquivalent.eq_1; module=DefiKernel.Parallel.Execution; axioms=[propext,
 Quot.sound]
AXIOM AUDIT theorem: DefiKernel.Parallel.ObservationallyEquivalent.eq_2; module=DefiKernel.Parallel.Execution; axioms=[propext,
 Quot.sound]
AXIOM AUDIT theorem: DefiKernel.Parallel.ObservationallyEquivalent.eq_3; module=DefiKernel.Parallel.Execution; axioms=[propext,
 Quot.sound]
AXIOM AUDIT theorem: DefiKernel.Parallel.ObservationallyEquivalent.refl; module=DefiKernel.Parallel.Execution; axioms=[propext,
 Quot.sound]
AXIOM AUDIT theorem: DefiKernel.Parallel.ObservationallyEquivalent.symm; module=DefiKernel.Parallel.Execution; axioms=[propext,
 Quot.sound]
AXIOM AUDIT theorem: DefiKernel.Parallel.ObservationallyEquivalent.trans; module=DefiKernel.Parallel.Execution; axioms=[propext,
 Quot.sound]
AXIOM AUDIT theorem: DefiKernel.Parallel.PreservationFixtures.admitted; module=DefiKernel.Parallel.PreservationFixtures; axioms=[propext,
 Quot.sound]
AXIOM AUDIT theorem: DefiKernel.Parallel.PreservationFixtures.executed; module=DefiKernel.Parallel.PreservationFixtures; axioms=[propext,
 Classical.choice,
 Quot.sound]
AXIOM AUDIT theorem: DefiKernel.Parallel.PreservationFixtures.initial_totals; module=DefiKernel.Parallel.PreservationFixtures; axioms=[propext,
 Classical.choice,
 Quot.sound]
AXIOM AUDIT theorem: DefiKernel.Parallel.PreservationFixtures.initialized_two_invariants; module=DefiKernel.Parallel.PreservationFixtures; axioms=[propext,
 Classical.choice,
 Quot.sound]
AXIOM AUDIT theorem: DefiKernel.Parallel.PreservationFixtures.joined_authority; module=DefiKernel.Parallel.PreservationFixtures; axioms=[propext,
 Classical.choice,
 Quot.sound]
AXIOM AUDIT theorem: DefiKernel.Parallel.PreservationFixtures.joined_nonnegative; module=DefiKernel.Parallel.PreservationFixtures; axioms=[propext,
 Classical.choice,
 Quot.sound]
AXIOM AUDIT theorem: DefiKernel.Parallel.PreservationFixtures.prefix_accounting; module=DefiKernel.Parallel.PreservationFixtures; axioms=[propext,
 Classical.choice,
 Quot.sound]
AXIOM AUDIT theorem: DefiKernel.Parallel.PreservationFixtures.prefix_admitted; module=DefiKernel.Parallel.PreservationFixtures; axioms=[propext,
 Quot.sound]
AXIOM AUDIT theorem: DefiKernel.Parallel.PreservationFixtures.prefix_authority; module=DefiKernel.Parallel.PreservationFixtures; axioms=[propext,
 Classical.choice,
 Quot.sound]
AXIOM AUDIT theorem: DefiKernel.Parallel.PreservationFixtures.prefix_executed; module=DefiKernel.Parallel.PreservationFixtures; axioms=[propext,
 Classical.choice,
 Quot.sound]
AXIOM AUDIT theorem: DefiKernel.Parallel.PreservationFixtures.prefix_refusal_receipts; module=DefiKernel.Parallel.PreservationFixtures; axioms=[propext,
 Classical.choice,
 Quot.sound]
AXIOM AUDIT theorem: DefiKernel.Parallel.PreservationFixtures.protected_collateral; module=DefiKernel.Parallel.PreservationFixtures; axioms=[propext,
 Classical.choice,
 Quot.sound]
AXIOM AUDIT theorem: DefiKernel.Parallel.PreservationFixtures.supply_admitted; module=DefiKernel.Parallel.PreservationFixtures; axioms=[propext,
 Quot.sound]
AXIOM AUDIT theorem: DefiKernel.Parallel.PreservationFixtures.supply_executed; module=DefiKernel.Parallel.PreservationFixtures; axioms=[propext,
 Classical.choice,
 Quot.sound]
AXIOM AUDIT theorem: DefiKernel.Parallel.PreservationFixtures.supply_free; module=DefiKernel.Parallel.PreservationFixtures; axioms=[propext,
 Quot.sound]
AXIOM AUDIT theorem: DefiKernel.Parallel.PreservationFixtures.supply_receipts; module=DefiKernel.Parallel.PreservationFixtures; axioms=[propext,
 Classical.choice,
 Quot.sound]
AXIOM AUDIT theorem: DefiKernel.Parallel.PreservationFixtures.supply_totals; module=DefiKernel.Parallel.PreservationFixtures; axioms=[propext,
 Classical.choice,
 Quot.sound]
AXIOM AUDIT theorem: DefiKernel.Parallel.PreservationFixtures.unsupported_counterexample; module=DefiKernel.Parallel.PreservationFixtures; axioms=[propext,
 Classical.choice,
 Quot.sound]
AXIOM AUDIT theorem: DefiKernel.Parallel.PreservationFixtures.unsupported_is_not_supported; module=DefiKernel.Parallel.PreservationFixtures; axioms=[propext,
 Classical.choice,
 Quot.sound]
AXIOM AUDIT theorem: DefiKernel.Parallel.PreservationFixtures.written_support_counterexample; module=DefiKernel.Parallel.PreservationFixtures; axioms=[propext,
 Classical.choice,
 Quot.sound]
AXIOM AUDIT theorem: DefiKernel.Parallel.ResolvedReadsAgree.eq_1; module=DefiKernel.Parallel.Dependency.Fixtures; axioms=[propext,
 Quot.sound]
AXIOM AUDIT theorem: DefiKernel.Parallel.StepAgrees.eq_1; module=DefiKernel.Parallel.Dependency.Adapter; axioms=[propext,
 Quot.sound]
AXIOM AUDIT theorem: DefiKernel.Parallel.StepAgrees.eq_2; module=DefiKernel.Parallel.Dependency.Adapter; axioms=[propext,
 Quot.sound]
AXIOM AUDIT theorem: DefiKernel.Parallel.StepAgrees.eq_3; module=DefiKernel.Parallel.Dependency.Adapter; axioms=[propext,
 Quot.sound]
AXIOM AUDIT theorem: DefiKernel.Parallel.WorldEquivalent.eq_1; module=DefiKernel.Parallel.Execution; axioms=[propext,
 Quot.sound]
AXIOM AUDIT theorem: DefiKernel.Parallel.WorldEquivalent.refl; module=DefiKernel.Parallel.Execution; axioms=[propext,
 Quot.sound]
AXIOM AUDIT theorem: DefiKernel.Parallel.WorldEquivalent.symm; module=DefiKernel.Parallel.Execution; axioms=[propext,
 Quot.sound]
AXIOM AUDIT theorem: DefiKernel.Parallel.WorldEquivalent.trans; module=DefiKernel.Parallel.Execution; axioms=[propext,
 Quot.sound]
AXIOM AUDIT theorem: DefiKernel.Parallel.analyzeBranchFrom.eq_1; module=DefiKernel.Parallel.Commutation; axioms=[propext]
AXIOM AUDIT theorem: DefiKernel.Parallel.analyzeBranchFrom.eq_2; module=DefiKernel.Parallel.Commutation; axioms=[propext]
AXIOM AUDIT theorem: DefiKernel.Parallel.analyzeBranchFrom.eq_def; module=DefiKernel.Parallel.Compatibility; axioms=[propext]
AXIOM AUDIT theorem: DefiKernel.Parallel.analyzeInvocation_coverage._simp_1_1; module=DefiKernel.Parallel.Compatibility; axioms=[propext]
AXIOM AUDIT theorem: DefiKernel.Parallel.analyzeInvocation_coverage._simp_1_2; module=DefiKernel.Parallel.Compatibility; axioms=[propext,
 Quot.sound]
AXIOM AUDIT theorem: DefiKernel.Parallel.analyzed_outputs._simp_1_1; module=DefiKernel.Parallel.Dependency.Adapter; axioms=[propext]
AXIOM AUDIT theorem: DefiKernel.Parallel.analyzed_outputs._simp_1_2; module=DefiKernel.Parallel.Dependency.Adapter; axioms=[propext,
 Quot.sound]
AXIOM AUDIT theorem: DefiKernel.Parallel.checkCompatibility_ok_iff._simp_1_1; module=DefiKernel.Parallel.Compatibility; axioms=[propext,
 Quot.sound]
AXIOM AUDIT theorem: DefiKernel.Parallel.evaluate_congr._simp_1_2; module=DefiKernel.Parallel.Dependency; axioms=[propext]
AXIOM AUDIT theorem: DefiKernel.Parallel.evaluate_congr._simp_1_3; module=DefiKernel.Parallel.Dependency; axioms=[propext,
 Quot.sound]
AXIOM AUDIT theorem: DefiKernel.Parallel.firstOverlap._proof_1; module=DefiKernel.Parallel.Compatibility; axioms=[propext]
AXIOM AUDIT theorem: DefiKernel.Parallel.firstOverlap.eq_1; module=DefiKernel.Parallel.Compatibility; axioms=[propext]
AXIOM AUDIT theorem: DefiKernel.Parallel.firstOverlap_none_iff._simp_1_2; module=DefiKernel.Parallel.Compatibility; axioms=[propext,
 Quot.sound]
AXIOM AUDIT theorem: DefiKernel.Parallel.instDecidableEqBranchId._proof_1; module=DefiKernel.Parallel.Compatibility; axioms=[]
AXIOM AUDIT theorem: DefiKernel.Parallel.instDecidableEqBranchId._proof_2; module=DefiKernel.Parallel.Compatibility; axioms=[]
AXIOM AUDIT theorem: DefiKernel.Parallel.instDecidableEqConflictKind._proof_1; module=DefiKernel.Parallel.Compatibility; axioms=[]
AXIOM AUDIT theorem: DefiKernel.Parallel.instDecidableEqConflictKind._proof_2; module=DefiKernel.Parallel.Compatibility; axioms=[]
AXIOM AUDIT theorem: DefiKernel.Parallel.mergeWorld._proof_1; module=DefiKernel.Parallel.Execution; axioms=[propext]
AXIOM AUDIT theorem: DefiKernel.Parallel.mergeWorld._proof_2; module=DefiKernel.Parallel.Execution; axioms=[propext,
 Quot.sound]
AXIOM AUDIT theorem: DefiKernel.Parallel.mergeWorld.eq_1; module=DefiKernel.Parallel.Execution; axioms=[propext,
 Quot.sound]
AXIOM AUDIT theorem: DefiKernel.Parallel.observationsEqual.congr_simp; module=DefiKernel.Parallel.Execution; axioms=[propext,
 Classical.choice,
 Quot.sound]
AXIOM AUDIT theorem: DefiKernel.Parallel.observationsEqual.eq_1; module=DefiKernel.Parallel.Execution; axioms=[propext,
 Classical.choice,
 Quot.sound]
AXIOM AUDIT theorem: DefiKernel.Parallel.observationsEqual.eq_2; module=DefiKernel.Parallel.Execution; axioms=[propext,
 Classical.choice,
 Quot.sound]
AXIOM AUDIT theorem: DefiKernel.Parallel.observationsEqual.eq_3; module=DefiKernel.Parallel.Execution; axioms=[propext,
 Classical.choice,
 Quot.sound]
AXIOM AUDIT theorem: DefiKernel.Parallel.observationsEqual_iff._simp_1_11; module=DefiKernel.Parallel.Execution; axioms=[propext]
AXIOM AUDIT theorem: DefiKernel.Parallel.observeBranch.eq_1; module=DefiKernel.Parallel.Commutation; axioms=[propext,
 Quot.sound]
AXIOM AUDIT theorem: DefiKernel.Parallel.observeEvent.eq_1; module=DefiKernel.Parallel.Commutation; axioms=[propext,
 Quot.sound]
AXIOM AUDIT theorem: DefiKernel.Parallel.runParallel.eq_1; module=DefiKernel.Parallel.Execution; axioms=[propext,
 Classical.choice,
 Quot.sound]
AXIOM AUDIT theorem: DefiKernel.Parallel.runSerialLR.eq_1; module=DefiKernel.Parallel.Commutation; axioms=[propext,
 Classical.choice,
 Quot.sound]
AXIOM AUDIT theorem: DefiKernel.Parallel.runSerialRL.eq_1; module=DefiKernel.Parallel.Commutation; axioms=[propext,
 Classical.choice,
 Quot.sound]
AXIOM AUDIT theorem: DefiKernel.Parallel.worldEq.eq_1; module=DefiKernel.Parallel.Execution; axioms=[propext,
 Classical.choice,
 Quot.sound]
AXIOM AUDIT theorem: _private.DefiKernel.Parallel.Compatibility.0.Except.map.match_1.eq_1; module=DefiKernel.Parallel.Compatibility; axioms=[]
AXIOM AUDIT theorem: _private.DefiKernel.Parallel.Compatibility.0.Except.map.match_1.eq_2; module=DefiKernel.Parallel.Compatibility; axioms=[]
AXIOM AUDIT theorem: _private.DefiKernel.Parallel.Dependency.0.Except.map.match_1.eq_1; module=DefiKernel.Parallel.Dependency; axioms=[]
AXIOM AUDIT theorem: _private.DefiKernel.Parallel.Dependency.0.Except.map.match_1.eq_2; module=DefiKernel.Parallel.Dependency; axioms=[]
AXIOM AUDIT theorem: _private.DefiKernel.Parallel.Preservation.0.Except.map.match_1.eq_1; module=DefiKernel.Parallel.Preservation; axioms=[]
AXIOM AUDIT theorem: _private.DefiKernel.Parallel.Preservation.0.Except.map.match_1.eq_2; module=DefiKernel.Parallel.Preservation; axioms=[]
AXIOM AUDIT theorem: _private.DefiKernel.Parallel.Dependency.Adapter.0.Except.map.match_1.eq_1; module=DefiKernel.Parallel.Dependency.Adapter; axioms=[]
AXIOM AUDIT theorem: _private.DefiKernel.Parallel.Dependency.Adapter.0.Except.map.match_1.eq_2; module=DefiKernel.Parallel.Dependency.Adapter; axioms=[]
AXIOM AUDIT theorem: DefiKernel.Parallel.AdmissionFailure.configuration.sizeOf_spec; module=DefiKernel.Parallel.Compatibility; axioms=[]
AXIOM AUDIT theorem: DefiKernel.Parallel.AdmissionFailure.conflict.inj; module=DefiKernel.Parallel.Compatibility; axioms=[]
AXIOM AUDIT theorem: DefiKernel.Parallel.AdmissionFailure.conflict.injEq; module=DefiKernel.Parallel.Compatibility; axioms=[propext]
AXIOM AUDIT theorem: DefiKernel.Parallel.AdmissionFailure.conflict.sizeOf_spec; module=DefiKernel.Parallel.Compatibility; axioms=[]
AXIOM AUDIT theorem: DefiKernel.Parallel.AdmissionFailure.structural.inj; module=DefiKernel.Parallel.Compatibility; axioms=[]
AXIOM AUDIT theorem: DefiKernel.Parallel.AdmissionFailure.structural.injEq; module=DefiKernel.Parallel.Compatibility; axioms=[propext]
AXIOM AUDIT theorem: DefiKernel.Parallel.AdmissionFailure.structural.sizeOf_spec; module=DefiKernel.Parallel.Compatibility; axioms=[]
AXIOM AUDIT theorem: DefiKernel.Parallel.BranchId.left.sizeOf_spec; module=DefiKernel.Parallel.Compatibility; axioms=[]
AXIOM AUDIT theorem: DefiKernel.Parallel.BranchId.right.sizeOf_spec; module=DefiKernel.Parallel.Compatibility; axioms=[]
AXIOM AUDIT theorem: DefiKernel.Parallel.BranchObservation.mk.inj; module=DefiKernel.Parallel.Observation; axioms=[]
AXIOM AUDIT theorem: DefiKernel.Parallel.BranchObservation.mk.injEq; module=DefiKernel.Parallel.Observation; axioms=[propext]
AXIOM AUDIT theorem: DefiKernel.Parallel.BranchObservation.mk.sizeOf_spec; module=DefiKernel.Parallel.Observation; axioms=[]
AXIOM AUDIT theorem: DefiKernel.Parallel.CompatibilityTests.initial._proof_1; module=DefiKernel.Parallel.CompatibilityTests; axioms=[propext,
 Quot.sound]
AXIOM AUDIT theorem: DefiKernel.Parallel.CompatibilityTests.leftFP.eq_1; module=DefiKernel.Parallel.PreservationFixtures; axioms=[]
AXIOM AUDIT theorem: DefiKernel.Parallel.CompatibilityTests.rightFP.eq_1; module=DefiKernel.Parallel.PreservationFixtures; axioms=[]
AXIOM AUDIT theorem: DefiKernel.Parallel.ConflictKind.leftWriteRightRead.sizeOf_spec; module=DefiKernel.Parallel.Compatibility; axioms=[]
AXIOM AUDIT theorem: DefiKernel.Parallel.ConflictKind.rightWriteLeftRead.sizeOf_spec; module=DefiKernel.Parallel.Compatibility; axioms=[]
AXIOM AUDIT theorem: DefiKernel.Parallel.ConflictKind.writeWrite.sizeOf_spec; module=DefiKernel.Parallel.Compatibility; axioms=[]
AXIOM AUDIT theorem: DefiKernel.Parallel.DependencyFixtures.accounting_refusal._proof_1_1; module=DefiKernel.Parallel.Dependency.Fixtures; axioms=[propext,
 Classical.choice,
 Quot.sound]
AXIOM AUDIT theorem: DefiKernel.Parallel.DependencyFixtures.division_execution._proof_1_1; module=DefiKernel.Parallel.Dependency.Fixtures; axioms=[propext,
 Classical.choice,
 Quot.sound]
AXIOM AUDIT theorem: DefiKernel.Parallel.DependencyFixtures.foreignState._proof_1; module=DefiKernel.Parallel.Dependency.Fixtures; axioms=[propext,
 Quot.sound]
AXIOM AUDIT theorem: DefiKernel.Parallel.DependencyFixtures.foreign_success._proof_1_1; module=DefiKernel.Parallel.Dependency.Fixtures; axioms=[propext,
 Classical.choice,
 Quot.sound]
AXIOM AUDIT theorem: DefiKernel.Parallel.DependencyFixtures.funded_malformed_refusal._proof_1_1; module=DefiKernel.Parallel.Dependency.Fixtures; axioms=[propext,
 Classical.choice,
 Quot.sound]
AXIOM AUDIT theorem: DefiKernel.Parallel.DependencyFixtures.inactiveReads.eq_1; module=DefiKernel.Parallel.Dependency.Fixtures; axioms=[propext,
 Quot.sound]
AXIOM AUDIT theorem: DefiKernel.Parallel.DependencyFixtures.malformed.eq_1; module=DefiKernel.Parallel.Dependency.Fixtures; axioms=[propext,
 Quot.sound]
AXIOM AUDIT theorem: DefiKernel.Parallel.DependencyFixtures.malformed_writes_fail._proof_1_1; module=DefiKernel.Parallel.Dependency.Fixtures; axioms=[propext,
 Classical.choice,
 Quot.sound]
AXIOM AUDIT theorem: DefiKernel.Parallel.DependencyFixtures.poorState._proof_1; module=DefiKernel.Parallel.Dependency.Fixtures; axioms=[propext,
 Quot.sound]
AXIOM AUDIT theorem: DefiKernel.Parallel.DependencyFixtures.poor_malformed_refusal._proof_1_1; module=DefiKernel.Parallel.Dependency.Fixtures; axioms=[propext,
 Classical.choice,
 Quot.sound]
AXIOM AUDIT theorem: DefiKernel.Parallel.DependencyFixtures.refused_iff._simp_1_4; module=DefiKernel.Parallel.Dependency.Fixtures; axioms=[propext]
AXIOM AUDIT theorem: DefiKernel.Parallel.DependencyFixtures.targetRegion.eq_1; module=DefiKernel.Parallel.Dependency.Fixtures; axioms=[]
AXIOM AUDIT theorem: DefiKernel.Parallel.DependencyFixtures.target_balance_is_needed._proof_1_1; module=DefiKernel.Parallel.Dependency.Fixtures; axioms=[propext,
 Classical.choice,
 Quot.sound]
AXIOM AUDIT theorem: DefiKernel.Parallel.EventObservation.mk.inj; module=DefiKernel.Parallel.Observation; axioms=[]
AXIOM AUDIT theorem: DefiKernel.Parallel.EventObservation.mk.injEq; module=DefiKernel.Parallel.Observation; axioms=[propext]
AXIOM AUDIT theorem: DefiKernel.Parallel.EventObservation.mk.sizeOf_spec; module=DefiKernel.Parallel.Observation; axioms=[]
AXIOM AUDIT theorem: DefiKernel.Parallel.Examples.balanceTable.eq_1; module=DefiKernel.Parallel.Examples; axioms=[propext,
 Quot.sound]
AXIOM AUDIT theorem: DefiKernel.Parallel.Examples.initial._proof_1; module=DefiKernel.Parallel.Examples; axioms=[propext,
 Quot.sound]
AXIOM AUDIT theorem: DefiKernel.Parallel.ExecutionAgrees._sparseCasesOn_1.else_eq; module=DefiKernel.Parallel.Dependency; axioms=[propext]
AXIOM AUDIT theorem: DefiKernel.Parallel.ExecutionAgrees._sparseCasesOn_2.else_eq; module=DefiKernel.Parallel.Dependency; axioms=[propext]
AXIOM AUDIT theorem: DefiKernel.Parallel.Footprint.append.eq_1; module=DefiKernel.Parallel.Commutation; axioms=[]
AXIOM AUDIT theorem: DefiKernel.Parallel.Footprint.empty.eq_1; module=DefiKernel.Parallel.Commutation; axioms=[]
AXIOM AUDIT theorem: DefiKernel.Parallel.Footprint.mk.inj; module=DefiKernel.Parallel.Compatibility; axioms=[]
AXIOM AUDIT theorem: DefiKernel.Parallel.Footprint.mk.injEq; module=DefiKernel.Parallel.Compatibility; axioms=[propext]
AXIOM AUDIT theorem: DefiKernel.Parallel.Footprint.mk.sizeOf_spec; module=DefiKernel.Parallel.Compatibility; axioms=[]
AXIOM AUDIT theorem: DefiKernel.Parallel.Joined.mk.inj; module=DefiKernel.Parallel.Execution; axioms=[propext,
 Quot.sound]
AXIOM AUDIT theorem: DefiKernel.Parallel.Joined.mk.injEq; module=DefiKernel.Parallel.Execution; axioms=[propext,
 Quot.sound]
AXIOM AUDIT theorem: DefiKernel.Parallel.Joined.mk.sizeOf_spec; module=DefiKernel.Parallel.Execution; axioms=[propext,
 Quot.sound]
AXIOM AUDIT theorem: DefiKernel.Parallel.Joined.supply.eq_1; module=DefiKernel.Parallel.Preservation; axioms=[propext,
 Classical.choice,
 Quot.sound]
AXIOM AUDIT theorem: DefiKernel.Parallel.LocalFailure.mk.inj; module=DefiKernel.Parallel.Compatibility; axioms=[]
AXIOM AUDIT theorem: DefiKernel.Parallel.LocalFailure.mk.injEq; module=DefiKernel.Parallel.Compatibility; axioms=[propext]
AXIOM AUDIT theorem: DefiKernel.Parallel.LocalFailure.mk.sizeOf_spec; module=DefiKernel.Parallel.Compatibility; axioms=[]
AXIOM AUDIT theorem: DefiKernel.Parallel.ObservationallyEquivalent._sparseCasesOn_1.else_eq; module=DefiKernel.Parallel.Execution; axioms=[propext,
 Quot.sound]
AXIOM AUDIT theorem: DefiKernel.Parallel.ObservationallyEquivalent._sparseCasesOn_2.else_eq; module=DefiKernel.Parallel.Execution; axioms=[propext,
 Quot.sound]
AXIOM AUDIT theorem: DefiKernel.Parallel.PreservationFixtures.admitted._proof_1_1; module=DefiKernel.Parallel.PreservationFixtures; axioms=[propext,
 Quot.sound]
AXIOM AUDIT theorem: DefiKernel.Parallel.PreservationFixtures.initial_totals._proof_1_1; module=DefiKernel.Parallel.PreservationFixtures; axioms=[propext,
 Classical.choice,
 Quot.sound]
AXIOM AUDIT theorem: DefiKernel.Parallel.PreservationFixtures.initialized_two_invariants._simp_1_2; module=DefiKernel.Parallel.PreservationFixtures; axioms=[propext]
AXIOM AUDIT theorem: DefiKernel.Parallel.PreservationFixtures.initialized_two_invariants._simp_1_3; module=DefiKernel.Parallel.PreservationFixtures; axioms=[propext]
AXIOM AUDIT theorem: DefiKernel.Parallel.PreservationFixtures.prefix_admitted._proof_1_1; module=DefiKernel.Parallel.PreservationFixtures; axioms=[propext,
 Quot.sound]
AXIOM AUDIT theorem: DefiKernel.Parallel.PreservationFixtures.prefix_refusal_receipts._proof_1_1; module=DefiKernel.Parallel.PreservationFixtures; axioms=[propext,
 Classical.choice,
 Quot.sound]
AXIOM AUDIT theorem: DefiKernel.Parallel.PreservationFixtures.protected_collateral._proof_1_1; module=DefiKernel.Parallel.PreservationFixtures; axioms=[propext,
 Quot.sound]
AXIOM AUDIT theorem: DefiKernel.Parallel.PreservationFixtures.supply_admitted._proof_1_1; module=DefiKernel.Parallel.PreservationFixtures; axioms=[propext,
 Quot.sound]
AXIOM AUDIT theorem: DefiKernel.Parallel.PreservationFixtures.supply_receipts._proof_1_1; module=DefiKernel.Parallel.PreservationFixtures; axioms=[propext,
 Classical.choice,
 Quot.sound]
AXIOM AUDIT theorem: DefiKernel.Parallel.PreservationFixtures.unsupported_counterexample._proof_1_1; module=DefiKernel.Parallel.PreservationFixtures; axioms=[propext,
 Quot.sound]
AXIOM AUDIT theorem: DefiKernel.Parallel.PreservationFixtures.unsupported_counterexample._proof_1_2; module=DefiKernel.Parallel.PreservationFixtures; axioms=[propext,
 Classical.choice,
 Quot.sound]
AXIOM AUDIT theorem: DefiKernel.Parallel.Result.executed.inj; module=DefiKernel.Parallel.Execution; axioms=[propext,
 Quot.sound]
AXIOM AUDIT theorem: DefiKernel.Parallel.Result.executed.injEq; module=DefiKernel.Parallel.Execution; axioms=[propext,
 Quot.sound]
AXIOM AUDIT theorem: DefiKernel.Parallel.Result.executed.sizeOf_spec; module=DefiKernel.Parallel.Execution; axioms=[propext,
 Quot.sound]
AXIOM AUDIT theorem: DefiKernel.Parallel.Result.refused.inj; module=DefiKernel.Parallel.Execution; axioms=[propext,
 Quot.sound]
AXIOM AUDIT theorem: DefiKernel.Parallel.Result.refused.injEq; module=DefiKernel.Parallel.Execution; axioms=[propext,
 Quot.sound]
AXIOM AUDIT theorem: DefiKernel.Parallel.Result.refused.sizeOf_spec; module=DefiKernel.Parallel.Execution; axioms=[propext,
 Quot.sound]
AXIOM AUDIT theorem: DefiKernel.Parallel.StepAgrees._sparseCasesOn_1.else_eq; module=DefiKernel.Parallel.Dependency.Adapter; axioms=[propext]
AXIOM AUDIT theorem: DefiKernel.Parallel.StepAgrees._sparseCasesOn_2.else_eq; module=DefiKernel.Parallel.Dependency.Adapter; axioms=[propext]
AXIOM AUDIT theorem: DefiKernel.Parallel.instDecidableEqAdmissionFailure.decEq._proof_1; module=DefiKernel.Parallel.Compatibility; axioms=[]
AXIOM AUDIT theorem: DefiKernel.Parallel.instDecidableEqAdmissionFailure.decEq._proof_10; module=DefiKernel.Parallel.Compatibility; axioms=[]
AXIOM AUDIT theorem: DefiKernel.Parallel.instDecidableEqAdmissionFailure.decEq._proof_11; module=DefiKernel.Parallel.Compatibility; axioms=[]
AXIOM AUDIT theorem: DefiKernel.Parallel.instDecidableEqAdmissionFailure.decEq._proof_12; module=DefiKernel.Parallel.Compatibility; axioms=[]
AXIOM AUDIT theorem: DefiKernel.Parallel.instDecidableEqAdmissionFailure.decEq._proof_13; module=DefiKernel.Parallel.Compatibility; axioms=[]
AXIOM AUDIT theorem: DefiKernel.Parallel.instDecidableEqAdmissionFailure.decEq._proof_2; module=DefiKernel.Parallel.Compatibility; axioms=[]
AXIOM AUDIT theorem: DefiKernel.Parallel.instDecidableEqAdmissionFailure.decEq._proof_3; module=DefiKernel.Parallel.Compatibility; axioms=[]
AXIOM AUDIT theorem: DefiKernel.Parallel.instDecidableEqAdmissionFailure.decEq._proof_4; module=DefiKernel.Parallel.Compatibility; axioms=[]
AXIOM AUDIT theorem: DefiKernel.Parallel.instDecidableEqAdmissionFailure.decEq._proof_5; module=DefiKernel.Parallel.Compatibility; axioms=[]
AXIOM AUDIT theorem: DefiKernel.Parallel.instDecidableEqAdmissionFailure.decEq._proof_6; module=DefiKernel.Parallel.Compatibility; axioms=[]
AXIOM AUDIT theorem: DefiKernel.Parallel.instDecidableEqAdmissionFailure.decEq._proof_7; module=DefiKernel.Parallel.Compatibility; axioms=[]
AXIOM AUDIT theorem: DefiKernel.Parallel.instDecidableEqAdmissionFailure.decEq._proof_8; module=DefiKernel.Parallel.Compatibility; axioms=[]
AXIOM AUDIT theorem: DefiKernel.Parallel.instDecidableEqAdmissionFailure.decEq._proof_9; module=DefiKernel.Parallel.Compatibility; axioms=[]
AXIOM AUDIT theorem: DefiKernel.Parallel.instDecidableEqBranchObservation.decEq._proof_1; module=DefiKernel.Parallel.Observation; axioms=[]
AXIOM AUDIT theorem: DefiKernel.Parallel.instDecidableEqBranchObservation.decEq._proof_2; module=DefiKernel.Parallel.Observation; axioms=[]
AXIOM AUDIT theorem: DefiKernel.Parallel.instDecidableEqBranchObservation.decEq._proof_3; module=DefiKernel.Parallel.Observation; axioms=[]
AXIOM AUDIT theorem: DefiKernel.Parallel.instDecidableEqBranchObservation.decEq._proof_4; module=DefiKernel.Parallel.Observation; axioms=[]
AXIOM AUDIT theorem: DefiKernel.Parallel.instDecidableEqBranchObservation.decEq._proof_5; module=DefiKernel.Parallel.Observation; axioms=[]
AXIOM AUDIT theorem: DefiKernel.Parallel.instDecidableEqEvaluated.decEq._proof_1; module=DefiKernel.Parallel.Observation; axioms=[]
AXIOM AUDIT theorem: DefiKernel.Parallel.instDecidableEqEvaluated.decEq._proof_2; module=DefiKernel.Parallel.Observation; axioms=[]
AXIOM AUDIT theorem: DefiKernel.Parallel.instDecidableEqEvaluated.decEq._proof_3; module=DefiKernel.Parallel.Observation; axioms=[]
AXIOM AUDIT theorem: DefiKernel.Parallel.instDecidableEqEvaluated.decEq._proof_4; module=DefiKernel.Parallel.Observation; axioms=[]
AXIOM AUDIT theorem: DefiKernel.Parallel.instDecidableEqEvaluated.decEq._proof_5; module=DefiKernel.Parallel.Observation; axioms=[]
AXIOM AUDIT theorem: DefiKernel.Parallel.instDecidableEqEvaluated.decEq._proof_6; module=DefiKernel.Parallel.Observation; axioms=[]
AXIOM AUDIT theorem: DefiKernel.Parallel.instDecidableEqEvaluated.decEq._proof_7; module=DefiKernel.Parallel.Observation; axioms=[]
AXIOM AUDIT theorem: DefiKernel.Parallel.instDecidableEqEvaluated.decEq._proof_8; module=DefiKernel.Parallel.Observation; axioms=[]
AXIOM AUDIT theorem: DefiKernel.Parallel.instDecidableEqEvaluated.decEq._proof_9; module=DefiKernel.Parallel.Observation; axioms=[]
AXIOM AUDIT theorem: DefiKernel.Parallel.instDecidableEqEventObservation.decEq._proof_1; module=DefiKernel.Parallel.Observation; axioms=[]
AXIOM AUDIT theorem: DefiKernel.Parallel.instDecidableEqEventObservation.decEq._proof_2; module=DefiKernel.Parallel.Observation; axioms=[]
AXIOM AUDIT theorem: DefiKernel.Parallel.instDecidableEqEventObservation.decEq._proof_3; module=DefiKernel.Parallel.Observation; axioms=[]
AXIOM AUDIT theorem: DefiKernel.Parallel.instDecidableEqEventObservation.decEq._proof_4; module=DefiKernel.Parallel.Observation; axioms=[]
AXIOM AUDIT theorem: DefiKernel.Parallel.instDecidableEqEventObservation.decEq._proof_5; module=DefiKernel.Parallel.Observation; axioms=[]
AXIOM AUDIT theorem: DefiKernel.Parallel.instDecidableEqFootprint.decEq._proof_1; module=DefiKernel.Parallel.Compatibility; axioms=[]
AXIOM AUDIT theorem: DefiKernel.Parallel.instDecidableEqFootprint.decEq._proof_2; module=DefiKernel.Parallel.Compatibility; axioms=[]
AXIOM AUDIT theorem: DefiKernel.Parallel.instDecidableEqFootprint.decEq._proof_3; module=DefiKernel.Parallel.Compatibility; axioms=[]
AXIOM AUDIT theorem: DefiKernel.Parallel.instDecidableEqInputSource.decEq._proof_1; module=DefiKernel.Parallel.Observation; axioms=[]
AXIOM AUDIT theorem: DefiKernel.Parallel.instDecidableEqInputSource.decEq._proof_2; module=DefiKernel.Parallel.Observation; axioms=[]
AXIOM AUDIT theorem: DefiKernel.Parallel.instDecidableEqInputSource.decEq._proof_3; module=DefiKernel.Parallel.Observation; axioms=[]
AXIOM AUDIT theorem: DefiKernel.Parallel.instDecidableEqInputSource.decEq._proof_4; module=DefiKernel.Parallel.Observation; axioms=[]
AXIOM AUDIT theorem: DefiKernel.Parallel.instDecidableEqInputSource.decEq._proof_5; module=DefiKernel.Parallel.Observation; axioms=[]
AXIOM AUDIT theorem: DefiKernel.Parallel.instDecidableEqInputSource.decEq._proof_6; module=DefiKernel.Parallel.Observation; axioms=[]
AXIOM AUDIT theorem: DefiKernel.Parallel.instDecidableEqInputSource.decEq._proof_7; module=DefiKernel.Parallel.Observation; axioms=[]
AXIOM AUDIT theorem: DefiKernel.Parallel.instDecidableEqInvocation.decEq._proof_1; module=DefiKernel.Parallel.Observation; axioms=[]
AXIOM AUDIT theorem: DefiKernel.Parallel.instDecidableEqInvocation.decEq._proof_2; module=DefiKernel.Parallel.Observation; axioms=[]
AXIOM AUDIT theorem: DefiKernel.Parallel.instDecidableEqInvocation.decEq._proof_3; module=DefiKernel.Parallel.Observation; axioms=[]
AXIOM AUDIT theorem: DefiKernel.Parallel.instDecidableEqInvocation.decEq._proof_4; module=DefiKernel.Parallel.Observation; axioms=[]
AXIOM AUDIT theorem: DefiKernel.Parallel.instDecidableEqInvocation.decEq._proof_5; module=DefiKernel.Parallel.Observation; axioms=[]
AXIOM AUDIT theorem: DefiKernel.Parallel.instDecidableEqInvocation.decEq._proof_6; module=DefiKernel.Parallel.Observation; axioms=[]
AXIOM AUDIT theorem: DefiKernel.Parallel.instDecidableEqInvocation.decEq._proof_7; module=DefiKernel.Parallel.Observation; axioms=[]
AXIOM AUDIT theorem: DefiKernel.Parallel.instDecidableEqLocalFailure.decEq._proof_1; module=DefiKernel.Parallel.Compatibility; axioms=[]
AXIOM AUDIT theorem: DefiKernel.Parallel.instDecidableEqLocalFailure.decEq._proof_2; module=DefiKernel.Parallel.Compatibility; axioms=[]
AXIOM AUDIT theorem: DefiKernel.Parallel.instDecidableEqLocalFailure.decEq._proof_3; module=DefiKernel.Parallel.Compatibility; axioms=[]
AXIOM AUDIT theorem: DefiKernel.Parallel.instDecidableEqLocatedFailure.decEq._proof_1; module=DefiKernel.Parallel.Observation; axioms=[]
AXIOM AUDIT theorem: DefiKernel.Parallel.instDecidableEqLocatedFailure.decEq._proof_2; module=DefiKernel.Parallel.Observation; axioms=[]
AXIOM AUDIT theorem: DefiKernel.Parallel.instDecidableEqLocatedFailure.decEq._proof_3; module=DefiKernel.Parallel.Observation; axioms=[]
AXIOM AUDIT theorem: DefiKernel.Parallel.instDecidableEqLocatedFailure.decEq._proof_4; module=DefiKernel.Parallel.Observation; axioms=[]
AXIOM AUDIT theorem: DefiKernel.Parallel.instDecidableEqOutputObservation.decEq._proof_1; module=DefiKernel.Parallel.Observation; axioms=[]
AXIOM AUDIT theorem: DefiKernel.Parallel.instDecidableEqOutputObservation.decEq._proof_2; module=DefiKernel.Parallel.Observation; axioms=[]
AXIOM AUDIT theorem: DefiKernel.Parallel.instDecidableEqOutputObservation.decEq._proof_3; module=DefiKernel.Parallel.Observation; axioms=[]
AXIOM AUDIT theorem: DefiKernel.Parallel.instDecidableEqOutputObservation.decEq._proof_4; module=DefiKernel.Parallel.Observation; axioms=[]
AXIOM AUDIT theorem: DefiKernel.Parallel.instDecidableEqReceipt.decEq._proof_1; module=DefiKernel.Parallel.Observation; axioms=[]
AXIOM AUDIT theorem: DefiKernel.Parallel.instDecidableEqReceipt.decEq._proof_10; module=DefiKernel.Parallel.Observation; axioms=[]
AXIOM AUDIT theorem: DefiKernel.Parallel.instDecidableEqReceipt.decEq._proof_11; module=DefiKernel.Parallel.Observation; axioms=[]
AXIOM AUDIT theorem: DefiKernel.Parallel.instDecidableEqReceipt.decEq._proof_12; module=DefiKernel.Parallel.Observation; axioms=[]
AXIOM AUDIT theorem: DefiKernel.Parallel.instDecidableEqReceipt.decEq._proof_13; module=DefiKernel.Parallel.Observation; axioms=[]
AXIOM AUDIT theorem: DefiKernel.Parallel.instDecidableEqReceipt.decEq._proof_2; module=DefiKernel.Parallel.Observation; axioms=[]
AXIOM AUDIT theorem: DefiKernel.Parallel.instDecidableEqReceipt.decEq._proof_3; module=DefiKernel.Parallel.Observation; axioms=[]
AXIOM AUDIT theorem: DefiKernel.Parallel.instDecidableEqReceipt.decEq._proof_4; module=DefiKernel.Parallel.Observation; axioms=[]
AXIOM AUDIT theorem: DefiKernel.Parallel.instDecidableEqReceipt.decEq._proof_5; module=DefiKernel.Parallel.Observation; axioms=[]
AXIOM AUDIT theorem: DefiKernel.Parallel.instDecidableEqReceipt.decEq._proof_6; module=DefiKernel.Parallel.Observation; axioms=[]
AXIOM AUDIT theorem: DefiKernel.Parallel.instDecidableEqReceipt.decEq._proof_7; module=DefiKernel.Parallel.Observation; axioms=[]
AXIOM AUDIT theorem: DefiKernel.Parallel.instDecidableEqReceipt.decEq._proof_8; module=DefiKernel.Parallel.Observation; axioms=[]
AXIOM AUDIT theorem: DefiKernel.Parallel.instDecidableEqReceipt.decEq._proof_9; module=DefiKernel.Parallel.Observation; axioms=[]
AXIOM AUDIT theorem: DefiKernel.Parallel.instDecidableEqRequest.decEq._proof_1; module=DefiKernel.Parallel.Observation; axioms=[]
AXIOM AUDIT theorem: DefiKernel.Parallel.instDecidableEqRequest.decEq._proof_2; module=DefiKernel.Parallel.Observation; axioms=[]
AXIOM AUDIT theorem: DefiKernel.Parallel.instDecidableEqRequest.decEq._proof_3; module=DefiKernel.Parallel.Observation; axioms=[]
AXIOM AUDIT theorem: DefiKernel.Parallel.instDecidableEqRequest.decEq._proof_4; module=DefiKernel.Parallel.Observation; axioms=[]
AXIOM AUDIT theorem: DefiKernel.Parallel.instDecidableEqRequest.decEq._proof_5; module=DefiKernel.Parallel.Observation; axioms=[]
AXIOM AUDIT theorem: DefiKernel.Parallel.instDecidableEqRequest.decEq._proof_6; module=DefiKernel.Parallel.Observation; axioms=[]
AXIOM AUDIT theorem: DefiKernel.Parallel.instDecidableEqStep.decEq._proof_1; module=DefiKernel.Parallel.Observation; axioms=[]
AXIOM AUDIT theorem: DefiKernel.Parallel.instDecidableEqStep.decEq._proof_10; module=DefiKernel.Parallel.Observation; axioms=[]
AXIOM AUDIT theorem: DefiKernel.Parallel.instDecidableEqStep.decEq._proof_11; module=DefiKernel.Parallel.Observation; axioms=[]
AXIOM AUDIT theorem: DefiKernel.Parallel.instDecidableEqStep.decEq._proof_12; module=DefiKernel.Parallel.Observation; axioms=[]
AXIOM AUDIT theorem: DefiKernel.Parallel.instDecidableEqStep.decEq._proof_2; module=DefiKernel.Parallel.Observation; axioms=[]
AXIOM AUDIT theorem: DefiKernel.Parallel.instDecidableEqStep.decEq._proof_3; module=DefiKernel.Parallel.Observation; axioms=[]
AXIOM AUDIT theorem: DefiKernel.Parallel.instDecidableEqStep.decEq._proof_4; module=DefiKernel.Parallel.Observation; axioms=[]
AXIOM AUDIT theorem: DefiKernel.Parallel.instDecidableEqStep.decEq._proof_5; module=DefiKernel.Parallel.Observation; axioms=[]
AXIOM AUDIT theorem: DefiKernel.Parallel.instDecidableEqStep.decEq._proof_6; module=DefiKernel.Parallel.Observation; axioms=[]
AXIOM AUDIT theorem: DefiKernel.Parallel.instDecidableEqStep.decEq._proof_7; module=DefiKernel.Parallel.Observation; axioms=[]
AXIOM AUDIT theorem: DefiKernel.Parallel.instDecidableEqStep.decEq._proof_8; module=DefiKernel.Parallel.Observation; axioms=[]
AXIOM AUDIT theorem: DefiKernel.Parallel.instDecidableEqStep.decEq._proof_9; module=DefiKernel.Parallel.Observation; axioms=[]
AXIOM AUDIT theorem: DefiKernel.Typed.CellRef.resolve.eq_1; module=DefiKernel.Parallel.Dependency.Fixtures; axioms=[propext]
AXIOM AUDIT theorem: DefiKernel.Typed.PartyRef.resolve.eq_1; module=DefiKernel.Parallel.Dependency.Fixtures; axioms=[propext]
AXIOM AUDIT theorem: DefiKernel.Typed.PartyRef.resolve.eq_2; module=DefiKernel.Parallel.Dependency.Fixtures; axioms=[propext]
AXIOM AUDIT theorem: DefiKernel.Typed.PartyRef.resolve.eq_3; module=DefiKernel.Parallel.Dependency.Fixtures; axioms=[propext]
AXIOM AUDIT theorem: DefiKernel.Typed.Template.requiredStateReads.eq_1; module=DefiKernel.Parallel.Dependency; axioms=[]
AXIOM AUDIT theorem: DefiKernel.Typed.TransitionTests.alice.eq_1; module=DefiKernel.Parallel.Dependency.Fixtures; axioms=[]
AXIOM AUDIT theorem: DefiKernel.Typed.TransitionTests.bob.eq_1; module=DefiKernel.Parallel.Dependency.Fixtures; axioms=[]
AXIOM AUDIT theorem: DefiKernel.Typed.TransitionTests.refused.eq_1; module=DefiKernel.Parallel.Dependency.Fixtures; axioms=[propext,
 Quot.sound]
AXIOM AUDIT theorem: DefiKernel.Typed.TransitionTests.refused.eq_2; module=DefiKernel.Parallel.Dependency.Fixtures; axioms=[propext,
 Quot.sound]
AXIOM AUDIT theorem: DefiKernel.Typed.TransitionTests.transfer.eq_1; module=DefiKernel.Parallel.Dependency.Fixtures; axioms=[propext,
 Quot.sound]
AXIOM AUDIT theorem: _private.DefiKernel.Parallel.Commutation.0.DefiKernel.Parallel.analyzeBranchFrom.match_1.eq_1; module=DefiKernel.Parallel.Commutation; axioms=[]
AXIOM AUDIT theorem: _private.DefiKernel.Parallel.Commutation.0.DefiKernel.Parallel.analyzeBranchFrom.match_1.eq_2; module=DefiKernel.Parallel.Commutation; axioms=[]
AXIOM AUDIT theorem: _private.DefiKernel.Parallel.Compatibility.0.DefiKernel.Parallel.analyzeBranchFrom.match_1.eq_1; module=DefiKernel.Parallel.Compatibility; axioms=[]
AXIOM AUDIT theorem: _private.DefiKernel.Parallel.Compatibility.0.DefiKernel.Parallel.analyzeBranchFrom.match_1.eq_2; module=DefiKernel.Parallel.Compatibility; axioms=[]
AXIOM AUDIT theorem: _private.DefiKernel.Parallel.Compatibility.0.DefiKernel.Parallel.analyzeInvocation.match_1.eq_1; module=DefiKernel.Parallel.Compatibility; axioms=[]
AXIOM AUDIT theorem: _private.DefiKernel.Parallel.Compatibility.0.DefiKernel.Parallel.analyzeInvocation.match_1.eq_2; module=DefiKernel.Parallel.Compatibility; axioms=[]
AXIOM AUDIT theorem: _private.DefiKernel.Parallel.Compatibility.0.DefiKernel.Parallel.analyzeInvocation.match_3.eq_1; module=DefiKernel.Parallel.Compatibility; axioms=[]
AXIOM AUDIT theorem: _private.DefiKernel.Parallel.Compatibility.0.DefiKernel.Parallel.analyzeInvocation.match_3.eq_2; module=DefiKernel.Parallel.Compatibility; axioms=[]
AXIOM AUDIT theorem: _private.DefiKernel.Parallel.Dependency.0.DefiKernel.Parallel.ExecutionAgrees.match_1.eq_1; module=DefiKernel.Parallel.Dependency; axioms=[propext,
 Quot.sound]
AXIOM AUDIT theorem: _private.DefiKernel.Parallel.Dependency.0.DefiKernel.Parallel.ExecutionAgrees.match_1.eq_2; module=DefiKernel.Parallel.Dependency; axioms=[propext,
 Quot.sound]
AXIOM AUDIT theorem: _private.DefiKernel.Parallel.Dependency.0.DefiKernel.Parallel.ExecutionAgrees.match_1.eq_3; module=DefiKernel.Parallel.Dependency; axioms=[propext,
 Quot.sound]
AXIOM AUDIT theorem: _private.DefiKernel.Parallel.Execution.0.DefiKernel.Parallel.ObservationallyEquivalent.match_1.eq_1; module=DefiKernel.Parallel.Execution; axioms=[propext,
 Quot.sound]
AXIOM AUDIT theorem: _private.DefiKernel.Parallel.Execution.0.DefiKernel.Parallel.ObservationallyEquivalent.match_1.eq_2; module=DefiKernel.Parallel.Execution; axioms=[propext,
 Quot.sound]
AXIOM AUDIT theorem: _private.DefiKernel.Parallel.Execution.0.DefiKernel.Parallel.ObservationallyEquivalent.match_1.eq_3; module=DefiKernel.Parallel.Execution; axioms=[propext,
 Quot.sound]
AXIOM AUDIT theorem: _private.DefiKernel.Parallel.Dependency.Adapter.0.DefiKernel.Composition.prepareInvocation.match_1.eq_1; module=DefiKernel.Parallel.Dependency.Adapter; axioms=[]
AXIOM AUDIT theorem: _private.DefiKernel.Parallel.Dependency.Adapter.0.DefiKernel.Composition.prepareInvocation.match_1.eq_2; module=DefiKernel.Parallel.Dependency.Adapter; axioms=[]
AXIOM AUDIT theorem: _private.DefiKernel.Parallel.Dependency.Adapter.0.DefiKernel.Composition.prepareInvocation.match_3.eq_1; module=DefiKernel.Parallel.Dependency.Adapter; axioms=[]
AXIOM AUDIT theorem: _private.DefiKernel.Parallel.Dependency.Adapter.0.DefiKernel.Composition.prepareInvocation.match_3.eq_2; module=DefiKernel.Parallel.Dependency.Adapter; axioms=[]
AXIOM AUDIT theorem: _private.DefiKernel.Parallel.Dependency.Adapter.0.DefiKernel.Parallel.StepAgrees.match_1.eq_1; module=DefiKernel.Parallel.Dependency.Adapter; axioms=[propext,
 Quot.sound]
AXIOM AUDIT theorem: _private.DefiKernel.Parallel.Dependency.Adapter.0.DefiKernel.Parallel.StepAgrees.match_1.eq_2; module=DefiKernel.Parallel.Dependency.Adapter; axioms=[propext,
 Quot.sound]
AXIOM AUDIT theorem: _private.DefiKernel.Parallel.Dependency.Adapter.0.DefiKernel.Parallel.StepAgrees.match_1.eq_3; module=DefiKernel.Parallel.Dependency.Adapter; axioms=[propext,
 Quot.sound]
AXIOM AUDIT theorem: _private.DefiKernel.Parallel.Preservation.0.DefiKernel.Composition.Receipt.supply.match_1.eq_1; module=DefiKernel.Parallel.Preservation; axioms=[propext]
AXIOM AUDIT theorem: _private.DefiKernel.Parallel.Preservation.0.DefiKernel.Composition.Receipt.supply.match_1.eq_2; module=DefiKernel.Parallel.Preservation; axioms=[propext]
AXIOM AUDIT theorem: _private.DefiKernel.Parallel.Dependency.Fixtures.0.DefiKernel.Typed.TransitionTests.refused.match_1.eq_1; module=DefiKernel.Parallel.Dependency.Fixtures; axioms=[propext,
 Quot.sound]
AXIOM AUDIT theorem: _private.DefiKernel.Parallel.Dependency.Fixtures.0.DefiKernel.Typed.TransitionTests.refused.match_1.eq_2; module=DefiKernel.Parallel.Dependency.Fixtures; axioms=[propext,
 Quot.sound]
AXIOM AUDIT theorem: _private.DefiKernel.Parallel.Dependency.Fixtures.0.DefiKernel.Typed.instReprPartyRef.repr.match_1.eq_1; module=DefiKernel.Parallel.Dependency.Fixtures; axioms=[]
AXIOM AUDIT theorem: _private.DefiKernel.Parallel.Dependency.Fixtures.0.DefiKernel.Typed.instReprPartyRef.repr.match_1.eq_2; module=DefiKernel.Parallel.Dependency.Fixtures; axioms=[]
AXIOM AUDIT theorem: _private.DefiKernel.Parallel.Dependency.Fixtures.0.DefiKernel.Typed.instReprPartyRef.repr.match_1.eq_3; module=DefiKernel.Parallel.Dependency.Fixtures; axioms=[]
AXIOM AUDIT declaration: DefiKernel.Parallel.Branch; module=DefiKernel.Parallel.Compatibility; kind=definition; axioms=[]
AXIOM AUDIT declaration: DefiKernel.Parallel.Compatible; module=DefiKernel.Parallel.Compatibility; kind=definition; axioms=[]
AXIOM AUDIT declaration: DefiKernel.Parallel.ExecutionAgrees; module=DefiKernel.Parallel.Dependency; kind=definition; axioms=[propext,
 Quot.sound]
AXIOM AUDIT declaration: DefiKernel.Parallel.LocalPreservation; module=DefiKernel.Parallel.Preservation; kind=definition; axioms=[propext,
 Classical.choice,
 Quot.sound]
AXIOM AUDIT declaration: DefiKernel.Parallel.ObservationallyEquivalent; module=DefiKernel.Parallel.Execution; kind=definition; axioms=[propext,
 Quot.sound]
AXIOM AUDIT declaration: DefiKernel.Parallel.ParallelBoundary; module=DefiKernel.Parallel.Compatibility; kind=definition; axioms=[]
AXIOM AUDIT declaration: DefiKernel.Parallel.ResolvedReadsAgree; module=DefiKernel.Parallel.Dependency; kind=definition; axioms=[propext,
 Quot.sound]
AXIOM AUDIT declaration: DefiKernel.Parallel.StepAgrees; module=DefiKernel.Parallel.Dependency.Adapter; kind=definition; axioms=[propext,
 Quot.sound]
AXIOM AUDIT declaration: DefiKernel.Parallel.TargetsWithin; module=DefiKernel.Parallel.Dependency; kind=definition; axioms=[propext]
AXIOM AUDIT declaration: DefiKernel.Parallel.WorldEquivalent; module=DefiKernel.Parallel.Execution; kind=definition; axioms=[propext,
 Quot.sound]
AXIOM AUDIT declaration: DefiKernel.Parallel.admit; module=DefiKernel.Parallel.Compatibility; kind=definition; axioms=[propext]
AXIOM AUDIT declaration: DefiKernel.Parallel.analyzeBranch; module=DefiKernel.Parallel.Compatibility; kind=definition; axioms=[propext]
AXIOM AUDIT declaration: DefiKernel.Parallel.analyzeBranchFrom; module=DefiKernel.Parallel.Compatibility; kind=definition; axioms=[propext]
AXIOM AUDIT declaration: DefiKernel.Parallel.analyzeInvocation; module=DefiKernel.Parallel.Compatibility; kind=definition; axioms=[propext]
AXIOM AUDIT declaration: DefiKernel.Parallel.checkCompatibility; module=DefiKernel.Parallel.Compatibility; kind=definition; axioms=[propext]
AXIOM AUDIT declaration: DefiKernel.Parallel.firstOverlap; module=DefiKernel.Parallel.Compatibility; kind=definition; axioms=[propext]
AXIOM AUDIT declaration: DefiKernel.Parallel.instDecidableEqAdmissionFailure; module=DefiKernel.Parallel.Compatibility; kind=definition; axioms=[]
AXIOM AUDIT declaration: DefiKernel.Parallel.instDecidableEqBranchId; module=DefiKernel.Parallel.Compatibility; kind=definition; axioms=[]
AXIOM AUDIT declaration: DefiKernel.Parallel.instDecidableEqBranchObservation; module=DefiKernel.Parallel.Observation; kind=definition; axioms=[]
AXIOM AUDIT declaration: DefiKernel.Parallel.instDecidableEqConflictKind; module=DefiKernel.Parallel.Compatibility; kind=definition; axioms=[]
AXIOM AUDIT declaration: DefiKernel.Parallel.instDecidableEqEvaluated; module=DefiKernel.Parallel.Observation; kind=definition; axioms=[]
AXIOM AUDIT declaration: DefiKernel.Parallel.instDecidableEqEventObservation; module=DefiKernel.Parallel.Observation; kind=definition; axioms=[]
AXIOM AUDIT declaration: DefiKernel.Parallel.instDecidableEqFootprint; module=DefiKernel.Parallel.Compatibility; kind=definition; axioms=[]
AXIOM AUDIT declaration: DefiKernel.Parallel.instDecidableEqInputSource; module=DefiKernel.Parallel.Observation; kind=definition; axioms=[]
AXIOM AUDIT declaration: DefiKernel.Parallel.instDecidableEqInvocation; module=DefiKernel.Parallel.Observation; kind=definition; axioms=[]
AXIOM AUDIT declaration: DefiKernel.Parallel.instDecidableEqLocalFailure; module=DefiKernel.Parallel.Compatibility; kind=definition; axioms=[]
AXIOM AUDIT declaration: DefiKernel.Parallel.instDecidableEqLocatedFailure; module=DefiKernel.Parallel.Observation; kind=definition; axioms=[]
AXIOM AUDIT declaration: DefiKernel.Parallel.instDecidableEqOutputObservation; module=DefiKernel.Parallel.Observation; kind=definition; axioms=[]
AXIOM AUDIT declaration: DefiKernel.Parallel.instDecidableEqReceipt; module=DefiKernel.Parallel.Observation; kind=definition; axioms=[]
AXIOM AUDIT declaration: DefiKernel.Parallel.instDecidableEqRequest; module=DefiKernel.Parallel.Observation; kind=definition; axioms=[]
AXIOM AUDIT declaration: DefiKernel.Parallel.instDecidableEqStep; module=DefiKernel.Parallel.Observation; kind=definition; axioms=[]
AXIOM AUDIT declaration: DefiKernel.Parallel.instReprAdmissionFailure; module=DefiKernel.Parallel.Compatibility; kind=definition; axioms=[propext]
AXIOM AUDIT declaration: DefiKernel.Parallel.instReprBranchId; module=DefiKernel.Parallel.Compatibility; kind=definition; axioms=[]
AXIOM AUDIT declaration: DefiKernel.Parallel.instReprConflictKind; module=DefiKernel.Parallel.Compatibility; kind=definition; axioms=[]
AXIOM AUDIT declaration: DefiKernel.Parallel.instReprFootprint; module=DefiKernel.Parallel.Compatibility; kind=definition; axioms=[propext]
AXIOM AUDIT declaration: DefiKernel.Parallel.instReprLocalFailure; module=DefiKernel.Parallel.Compatibility; kind=definition; axioms=[]
AXIOM AUDIT declaration: DefiKernel.Parallel.mergeWorld; module=DefiKernel.Parallel.Execution; kind=definition; axioms=[propext,
 Quot.sound]
AXIOM AUDIT declaration: DefiKernel.Parallel.observationsEqual; module=DefiKernel.Parallel.Execution; kind=definition; axioms=[propext,
 Classical.choice,
 Quot.sound]
AXIOM AUDIT declaration: DefiKernel.Parallel.observeBranch; module=DefiKernel.Parallel.Observation; kind=definition; axioms=[propext,
 Quot.sound]
AXIOM AUDIT declaration: DefiKernel.Parallel.observeEvent; module=DefiKernel.Parallel.Observation; kind=definition; axioms=[propext,
 Quot.sound]
AXIOM AUDIT declaration: DefiKernel.Parallel.runBranch; module=DefiKernel.Parallel.Execution; kind=definition; axioms=[propext,
 Classical.choice,
 Quot.sound]
AXIOM AUDIT declaration: DefiKernel.Parallel.runParallel; module=DefiKernel.Parallel.Execution; kind=definition; axioms=[propext,
 Classical.choice,
 Quot.sound]
AXIOM AUDIT declaration: DefiKernel.Parallel.runSerialLR; module=DefiKernel.Parallel.Execution; kind=definition; axioms=[propext,
 Classical.choice,
 Quot.sound]
AXIOM AUDIT declaration: DefiKernel.Parallel.runSerialRL; module=DefiKernel.Parallel.Execution; kind=definition; axioms=[propext,
 Classical.choice,
 Quot.sound]
AXIOM AUDIT declaration: DefiKernel.Parallel.runtimeChecks; module=DefiKernel.Parallel.Audit; kind=definition; axioms=[propext,
 Classical.choice,
 Quot.sound]
AXIOM AUDIT declaration: DefiKernel.Parallel.worldEq; module=DefiKernel.Parallel.Execution; kind=definition; axioms=[propext,
 Classical.choice,
 Quot.sound]
AXIOM AUDIT declaration: DefiKernel.Parallel.AdmissionFailure._sizeOf_1; module=DefiKernel.Parallel.Compatibility; kind=definition; axioms=[]
AXIOM AUDIT declaration: DefiKernel.Parallel.AdmissionFailure._sizeOf_inst; module=DefiKernel.Parallel.Compatibility; kind=definition; axioms=[]
AXIOM AUDIT declaration: DefiKernel.Parallel.AdmissionFailure.casesOn; module=DefiKernel.Parallel.Compatibility; kind=definition; axioms=[]
AXIOM AUDIT declaration: DefiKernel.Parallel.AdmissionFailure.ctorElim; module=DefiKernel.Parallel.Compatibility; kind=definition; axioms=[]
AXIOM AUDIT declaration: DefiKernel.Parallel.AdmissionFailure.ctorElimType; module=DefiKernel.Parallel.Compatibility; kind=definition; axioms=[]
AXIOM AUDIT declaration: DefiKernel.Parallel.AdmissionFailure.ctorIdx; module=DefiKernel.Parallel.Compatibility; kind=definition; axioms=[]
AXIOM AUDIT declaration: DefiKernel.Parallel.AdmissionFailure.noConfusion; module=DefiKernel.Parallel.Compatibility; kind=definition; axioms=[]
AXIOM AUDIT declaration: DefiKernel.Parallel.AdmissionFailure.noConfusionType; module=DefiKernel.Parallel.Compatibility; kind=definition; axioms=[]
AXIOM AUDIT declaration: DefiKernel.Parallel.AdmissionFailure.recOn; module=DefiKernel.Parallel.Compatibility; kind=definition; axioms=[]
AXIOM AUDIT declaration: DefiKernel.Parallel.BranchId._sizeOf_1; module=DefiKernel.Parallel.Compatibility; kind=definition; axioms=[]
AXIOM AUDIT declaration: DefiKernel.Parallel.BranchId._sizeOf_inst; module=DefiKernel.Parallel.Compatibility; kind=definition; axioms=[]
AXIOM AUDIT declaration: DefiKernel.Parallel.BranchId.casesOn; module=DefiKernel.Parallel.Compatibility; kind=definition; axioms=[]
AXIOM AUDIT declaration: DefiKernel.Parallel.BranchId.ctorElim; module=DefiKernel.Parallel.Compatibility; kind=definition; axioms=[]
AXIOM AUDIT declaration: DefiKernel.Parallel.BranchId.ctorElimType; module=DefiKernel.Parallel.Compatibility; kind=definition; axioms=[]
AXIOM AUDIT declaration: DefiKernel.Parallel.BranchId.ctorIdx; module=DefiKernel.Parallel.Compatibility; kind=definition; axioms=[]
AXIOM AUDIT declaration: DefiKernel.Parallel.BranchId.noConfusion; module=DefiKernel.Parallel.Compatibility; kind=definition; axioms=[]
AXIOM AUDIT declaration: DefiKernel.Parallel.BranchId.noConfusionType; module=DefiKernel.Parallel.Compatibility; kind=definition; axioms=[]
AXIOM AUDIT declaration: DefiKernel.Parallel.BranchId.ofNat; module=DefiKernel.Parallel.Compatibility; kind=definition; axioms=[]
AXIOM AUDIT declaration: DefiKernel.Parallel.BranchId.recOn; module=DefiKernel.Parallel.Compatibility; kind=definition; axioms=[]
AXIOM AUDIT declaration: DefiKernel.Parallel.BranchId.toCtorIdx; module=DefiKernel.Parallel.Compatibility; kind=definition; axioms=[]
AXIOM AUDIT declaration: DefiKernel.Parallel.BranchObservation._sizeOf_1; module=DefiKernel.Parallel.Observation; kind=definition; axioms=[]
AXIOM AUDIT declaration: DefiKernel.Parallel.BranchObservation._sizeOf_inst; module=DefiKernel.Parallel.Observation; kind=definition; axioms=[]
AXIOM AUDIT declaration: DefiKernel.Parallel.BranchObservation.casesOn; module=DefiKernel.Parallel.Observation; kind=definition; axioms=[]
AXIOM AUDIT declaration: DefiKernel.Parallel.BranchObservation.ctorIdx; module=DefiKernel.Parallel.Observation; kind=definition; axioms=[]
AXIOM AUDIT declaration: DefiKernel.Parallel.BranchObservation.events; module=DefiKernel.Parallel.Observation; kind=definition; axioms=[]
AXIOM AUDIT declaration: DefiKernel.Parallel.BranchObservation.failure; module=DefiKernel.Parallel.Observation; kind=definition; axioms=[]
AXIOM AUDIT declaration: DefiKernel.Parallel.BranchObservation.nextIndex; module=DefiKernel.Parallel.Observation; kind=definition; axioms=[]
AXIOM AUDIT declaration: DefiKernel.Parallel.BranchObservation.noConfusion; module=DefiKernel.Parallel.Observation; kind=definition; axioms=[]
AXIOM AUDIT declaration: DefiKernel.Parallel.BranchObservation.noConfusionType; module=DefiKernel.Parallel.Observation; kind=definition; axioms=[]
AXIOM AUDIT declaration: DefiKernel.Parallel.BranchObservation.outputs; module=DefiKernel.Parallel.Observation; kind=definition; axioms=[]
AXIOM AUDIT declaration: DefiKernel.Parallel.BranchObservation.recOn; module=DefiKernel.Parallel.Observation; kind=definition; axioms=[]
AXIOM AUDIT declaration: DefiKernel.Parallel.CompatibilityTests.C; module=DefiKernel.Parallel.CompatibilityTests; kind=definition; axioms=[]
AXIOM AUDIT declaration: DefiKernel.Parallel.CompatibilityTests.F; module=DefiKernel.Parallel.CompatibilityTests; kind=definition; axioms=[]
AXIOM AUDIT declaration: DefiKernel.Parallel.CompatibilityTests.I; module=DefiKernel.Parallel.CompatibilityTests; kind=definition; axioms=[]
AXIOM AUDIT declaration: DefiKernel.Parallel.CompatibilityTests.accepted; module=DefiKernel.Parallel.CompatibilityTests; kind=definition; axioms=[]
AXIOM AUDIT declaration: DefiKernel.Parallel.CompatibilityTests.aliceShare; module=DefiKernel.Parallel.CompatibilityTests; kind=definition; axioms=[]
AXIOM AUDIT declaration: DefiKernel.Parallel.CompatibilityTests.aliceUSD; module=DefiKernel.Parallel.CompatibilityTests; kind=definition; axioms=[]
AXIOM AUDIT declaration: DefiKernel.Parallel.CompatibilityTests.bobUSD; module=DefiKernel.Parallel.CompatibilityTests; kind=definition; axioms=[]
AXIOM AUDIT declaration: DefiKernel.Parallel.CompatibilityTests.boundary; module=DefiKernel.Parallel.CompatibilityTests; kind=definition; axioms=[propext,
 Quot.sound]
AXIOM AUDIT declaration: DefiKernel.Parallel.CompatibilityTests.cellRef; module=DefiKernel.Parallel.CompatibilityTests; kind=definition; axioms=[]
AXIOM AUDIT declaration: DefiKernel.Parallel.CompatibilityTests.cfg; module=DefiKernel.Parallel.CompatibilityTests; kind=definition; axioms=[propext,
 Quot.sound]
AXIOM AUDIT declaration: DefiKernel.Parallel.CompatibilityTests.checks; module=DefiKernel.Parallel.CompatibilityTests; kind=definition; axioms=[propext,
 Classical.choice,
 Quot.sound]
AXIOM AUDIT declaration: DefiKernel.Parallel.CompatibilityTests.common; module=DefiKernel.Parallel.CompatibilityTests; kind=definition; axioms=[]
AXIOM AUDIT declaration: DefiKernel.Parallel.CompatibilityTests.deniedCfg; module=DefiKernel.Parallel.CompatibilityTests; kind=definition; axioms=[propext,
 Quot.sound]
AXIOM AUDIT declaration: DefiKernel.Parallel.CompatibilityTests.funded; module=DefiKernel.Parallel.CompatibilityTests; kind=definition; axioms=[propext,
 Classical.choice,
 Quot.sound]
AXIOM AUDIT declaration: DefiKernel.Parallel.CompatibilityTests.fundedExact; module=DefiKernel.Parallel.CompatibilityTests; kind=definition; axioms=[propext,
 Classical.choice,
 Quot.sound]
AXIOM AUDIT declaration: DefiKernel.Parallel.CompatibilityTests.hidden; module=DefiKernel.Parallel.CompatibilityTests; kind=definition; axioms=[propext,
 Quot.sound]
AXIOM AUDIT declaration: DefiKernel.Parallel.CompatibilityTests.hiddenDelta; module=DefiKernel.Parallel.CompatibilityTests; kind=definition; axioms=[propext,
 Quot.sound]
AXIOM AUDIT declaration: DefiKernel.Parallel.CompatibilityTests.hiddenSupply; module=DefiKernel.Parallel.CompatibilityTests; kind=definition; axioms=[propext,
 Quot.sound]
AXIOM AUDIT declaration: DefiKernel.Parallel.CompatibilityTests.initial; module=DefiKernel.Parallel.CompatibilityTests; kind=definition; axioms=[propext,
 Quot.sound]
AXIOM AUDIT declaration: DefiKernel.Parallel.CompatibilityTests.left; module=DefiKernel.Parallel.CompatibilityTests; kind=definition; axioms=[]
AXIOM AUDIT declaration: DefiKernel.Parallel.CompatibilityTests.leftFP; module=DefiKernel.Parallel.CompatibilityTests; kind=definition; axioms=[]
AXIOM AUDIT declaration: DefiKernel.Parallel.CompatibilityTests.malformed; module=DefiKernel.Parallel.CompatibilityTests; kind=definition; axioms=[propext,
 Quot.sound]
AXIOM AUDIT declaration: DefiKernel.Parallel.CompatibilityTests.overlap; module=DefiKernel.Parallel.CompatibilityTests; kind=definition; axioms=[]
AXIOM AUDIT declaration: DefiKernel.Parallel.CompatibilityTests.packed; module=DefiKernel.Parallel.CompatibilityTests; kind=definition; axioms=[]
AXIOM AUDIT declaration: DefiKernel.Parallel.CompatibilityTests.readOnly; module=DefiKernel.Parallel.CompatibilityTests; kind=definition; axioms=[propext,
 Quot.sound]
AXIOM AUDIT declaration: DefiKernel.Parallel.CompatibilityTests.resultEq; module=DefiKernel.Parallel.CompatibilityTests; kind=definition; axioms=[]
AXIOM AUDIT declaration: DefiKernel.Parallel.CompatibilityTests.right; module=DefiKernel.Parallel.CompatibilityTests; kind=definition; axioms=[]
AXIOM AUDIT declaration: DefiKernel.Parallel.CompatibilityTests.rightFP; module=DefiKernel.Parallel.CompatibilityTests; kind=definition; axioms=[]
AXIOM AUDIT declaration: DefiKernel.Parallel.CompatibilityTests.shareOp; module=DefiKernel.Parallel.CompatibilityTests; kind=definition; axioms=[propext,
 Quot.sound]
AXIOM AUDIT declaration: DefiKernel.Parallel.CompatibilityTests.transferOp; module=DefiKernel.Parallel.CompatibilityTests; kind=definition; axioms=[]
AXIOM AUDIT declaration: DefiKernel.Parallel.CompatibilityTests.usdOp; module=DefiKernel.Parallel.CompatibilityTests; kind=definition; axioms=[propext,
 Quot.sound]
AXIOM AUDIT declaration: DefiKernel.Parallel.CompatibilityTests.vaultShare; module=DefiKernel.Parallel.CompatibilityTests; kind=definition; axioms=[]
AXIOM AUDIT declaration: DefiKernel.Parallel.CompatibilityTests.zeroTarget; module=DefiKernel.Parallel.CompatibilityTests; kind=definition; axioms=[propext,
 Quot.sound]
AXIOM AUDIT declaration: DefiKernel.Parallel.ConflictKind._sizeOf_1; module=DefiKernel.Parallel.Compatibility; kind=definition; axioms=[]
AXIOM AUDIT declaration: DefiKernel.Parallel.ConflictKind._sizeOf_inst; module=DefiKernel.Parallel.Compatibility; kind=definition; axioms=[]
AXIOM AUDIT declaration: DefiKernel.Parallel.ConflictKind.casesOn; module=DefiKernel.Parallel.Compatibility; kind=definition; axioms=[]
AXIOM AUDIT declaration: DefiKernel.Parallel.ConflictKind.ctorElim; module=DefiKernel.Parallel.Compatibility; kind=definition; axioms=[]
AXIOM AUDIT declaration: DefiKernel.Parallel.ConflictKind.ctorElimType; module=DefiKernel.Parallel.Compatibility; kind=definition; axioms=[]
AXIOM AUDIT declaration: DefiKernel.Parallel.ConflictKind.ctorIdx; module=DefiKernel.Parallel.Compatibility; kind=definition; axioms=[]
AXIOM AUDIT declaration: DefiKernel.Parallel.ConflictKind.noConfusion; module=DefiKernel.Parallel.Compatibility; kind=definition; axioms=[]
AXIOM AUDIT declaration: DefiKernel.Parallel.ConflictKind.noConfusionType; module=DefiKernel.Parallel.Compatibility; kind=definition; axioms=[]
AXIOM AUDIT declaration: DefiKernel.Parallel.ConflictKind.ofNat; module=DefiKernel.Parallel.Compatibility; kind=definition; axioms=[]
AXIOM AUDIT declaration: DefiKernel.Parallel.ConflictKind.recOn; module=DefiKernel.Parallel.Compatibility; kind=definition; axioms=[]
AXIOM AUDIT declaration: DefiKernel.Parallel.ConflictKind.toCtorIdx; module=DefiKernel.Parallel.Compatibility; kind=definition; axioms=[]
AXIOM AUDIT declaration: DefiKernel.Parallel.CursorAgrees.casesOn; module=DefiKernel.Parallel.Commutation; kind=definition; axioms=[propext,
 Quot.sound]
AXIOM AUDIT declaration: DefiKernel.Parallel.CursorAgrees.recOn; module=DefiKernel.Parallel.Commutation; kind=definition; axioms=[propext,
 Quot.sound]
AXIOM AUDIT declaration: DefiKernel.Parallel.DependencyFixtures.dividing; module=DefiKernel.Parallel.Dependency.Fixtures; kind=definition; axioms=[propext,
 Quot.sound]
AXIOM AUDIT declaration: DefiKernel.Parallel.DependencyFixtures.evaluated; module=DefiKernel.Parallel.Dependency.Fixtures; kind=definition; axioms=[propext,
 Quot.sound]
AXIOM AUDIT declaration: DefiKernel.Parallel.DependencyFixtures.exec; module=DefiKernel.Parallel.Dependency.Fixtures; kind=definition; axioms=[propext,
 Classical.choice,
 Quot.sound]
AXIOM AUDIT declaration: DefiKernel.Parallel.DependencyFixtures.foreignState; module=DefiKernel.Parallel.Dependency.Fixtures; kind=definition; axioms=[propext,
 Quot.sound]
AXIOM AUDIT declaration: DefiKernel.Parallel.DependencyFixtures.inactiveReads; module=DefiKernel.Parallel.Dependency.Fixtures; kind=definition; axioms=[propext,
 Quot.sound]
AXIOM AUDIT declaration: DefiKernel.Parallel.DependencyFixtures.malformed; module=DefiKernel.Parallel.Dependency.Fixtures; kind=definition; axioms=[propext,
 Quot.sound]
AXIOM AUDIT declaration: DefiKernel.Parallel.DependencyFixtures.missingObservation; module=DefiKernel.Parallel.Dependency.Fixtures; kind=definition; axioms=[propext,
 Quot.sound]
AXIOM AUDIT declaration: DefiKernel.Parallel.DependencyFixtures.poorState; module=DefiKernel.Parallel.Dependency.Fixtures; kind=definition; axioms=[propext,
 Quot.sound]
AXIOM AUDIT declaration: DefiKernel.Parallel.DependencyFixtures.targetRegion; module=DefiKernel.Parallel.Dependency.Fixtures; kind=definition; axioms=[]
AXIOM AUDIT declaration: DefiKernel.Parallel.DependencyFixtures.unbalanced; module=DefiKernel.Parallel.Dependency.Fixtures; kind=definition; axioms=[propext,
 Quot.sound]
AXIOM AUDIT declaration: DefiKernel.Parallel.EventObservation._sizeOf_1; module=DefiKernel.Parallel.Observation; kind=definition; axioms=[]
AXIOM AUDIT declaration: DefiKernel.Parallel.EventObservation._sizeOf_inst; module=DefiKernel.Parallel.Observation; kind=definition; axioms=[]
AXIOM AUDIT declaration: DefiKernel.Parallel.EventObservation.casesOn; module=DefiKernel.Parallel.Observation; kind=definition; axioms=[]
AXIOM AUDIT declaration: DefiKernel.Parallel.EventObservation.ctorIdx; module=DefiKernel.Parallel.Observation; kind=definition; axioms=[]
AXIOM AUDIT declaration: DefiKernel.Parallel.EventObservation.index; module=DefiKernel.Parallel.Observation; kind=definition; axioms=[]
AXIOM AUDIT declaration: DefiKernel.Parallel.EventObservation.noConfusion; module=DefiKernel.Parallel.Observation; kind=definition; axioms=[]
AXIOM AUDIT declaration: DefiKernel.Parallel.EventObservation.noConfusionType; module=DefiKernel.Parallel.Observation; kind=definition; axioms=[]
AXIOM AUDIT declaration: DefiKernel.Parallel.EventObservation.outputs; module=DefiKernel.Parallel.Observation; kind=definition; axioms=[]
AXIOM AUDIT declaration: DefiKernel.Parallel.EventObservation.recOn; module=DefiKernel.Parallel.Observation; kind=definition; axioms=[]
AXIOM AUDIT declaration: DefiKernel.Parallel.EventObservation.receipt; module=DefiKernel.Parallel.Observation; kind=definition; axioms=[]
AXIOM AUDIT declaration: DefiKernel.Parallel.EventObservation.step; module=DefiKernel.Parallel.Observation; kind=definition; axioms=[]
AXIOM AUDIT declaration: DefiKernel.Parallel.Examples.B; module=DefiKernel.Parallel.Examples; kind=definition; axioms=[]
AXIOM AUDIT declaration: DefiKernel.Parallel.Examples.C; module=DefiKernel.Parallel.Examples; kind=definition; axioms=[]
AXIOM AUDIT declaration: DefiKernel.Parallel.Examples.Evt; module=DefiKernel.Parallel.Examples; kind=definition; axioms=[]
AXIOM AUDIT declaration: DefiKernel.Parallel.Examples.I; module=DefiKernel.Parallel.Examples; kind=definition; axioms=[]
AXIOM AUDIT declaration: DefiKernel.Parallel.Examples.Obs; module=DefiKernel.Parallel.Examples; kind=definition; axioms=[]
AXIOM AUDIT declaration: DefiKernel.Parallel.Examples.R; module=DefiKernel.Parallel.Examples; kind=definition; axioms=[propext,
 Quot.sound]
AXIOM AUDIT declaration: DefiKernel.Parallel.Examples.W; module=DefiKernel.Parallel.Examples; kind=definition; axioms=[propext,
 Quot.sound]
AXIOM AUDIT declaration: DefiKernel.Parallel.Examples.aliceShare; module=DefiKernel.Parallel.Examples; kind=definition; axioms=[]
AXIOM AUDIT declaration: DefiKernel.Parallel.Examples.aliceUSD; module=DefiKernel.Parallel.Examples; kind=definition; axioms=[]
AXIOM AUDIT declaration: DefiKernel.Parallel.Examples.balanceTable; module=DefiKernel.Parallel.Examples; kind=definition; axioms=[propext,
 Quot.sound]
AXIOM AUDIT declaration: DefiKernel.Parallel.Examples.basicLeft; module=DefiKernel.Parallel.Examples; kind=definition; axioms=[propext,
 Quot.sound]
AXIOM AUDIT declaration: DefiKernel.Parallel.Examples.basicRight; module=DefiKernel.Parallel.Examples; kind=definition; axioms=[propext,
 Quot.sound]
AXIOM AUDIT declaration: DefiKernel.Parallel.Examples.bobUSD; module=DefiKernel.Parallel.Examples; kind=definition; axioms=[]
AXIOM AUDIT declaration: DefiKernel.Parallel.Examples.boundaries; module=DefiKernel.Parallel.Examples; kind=definition; axioms=[propext,
 Quot.sound]
AXIOM AUDIT declaration: DefiKernel.Parallel.Examples.cancelling; module=DefiKernel.Parallel.Examples; kind=definition; axioms=[propext,
 Quot.sound]
AXIOM AUDIT declaration: DefiKernel.Parallel.Examples.cancellingExpected; module=DefiKernel.Parallel.Examples; kind=definition; axioms=[propext,
 Quot.sound]
AXIOM AUDIT declaration: DefiKernel.Parallel.Examples.cancellingInvocation; module=DefiKernel.Parallel.Examples; kind=definition; axioms=[propext,
 Quot.sound]
AXIOM AUDIT declaration: DefiKernel.Parallel.Examples.caps; module=DefiKernel.Parallel.Examples; kind=definition; axioms=[]
AXIOM AUDIT declaration: DefiKernel.Parallel.Examples.cellRef; module=DefiKernel.Parallel.Examples; kind=definition; axioms=[]
AXIOM AUDIT declaration: DefiKernel.Parallel.Examples.cells; module=DefiKernel.Parallel.Examples; kind=definition; axioms=[]
AXIOM AUDIT declaration: DefiKernel.Parallel.Examples.cfg; module=DefiKernel.Parallel.Examples; kind=definition; axioms=[propext,
 Quot.sound]
AXIOM AUDIT declaration: DefiKernel.Parallel.Examples.config; module=DefiKernel.Parallel.Examples; kind=definition; axioms=[]
AXIOM AUDIT declaration: DefiKernel.Parallel.Examples.evaluatedTransfer; module=DefiKernel.Parallel.Examples; kind=definition; axioms=[]
AXIOM AUDIT declaration: DefiKernel.Parallel.Examples.event; module=DefiKernel.Parallel.Examples; kind=definition; axioms=[]
AXIOM AUDIT declaration: DefiKernel.Parallel.Examples.failure; module=DefiKernel.Parallel.Examples; kind=definition; axioms=[]
AXIOM AUDIT declaration: DefiKernel.Parallel.Examples.initial; module=DefiKernel.Parallel.Examples; kind=definition; axioms=[propext,
 Quot.sound]
AXIOM AUDIT declaration: DefiKernel.Parallel.Examples.invoke; module=DefiKernel.Parallel.Examples; kind=definition; axioms=[]
AXIOM AUDIT declaration: DefiKernel.Parallel.Examples.leftEvent; module=DefiKernel.Parallel.Examples; kind=definition; axioms=[]
AXIOM AUDIT declaration: DefiKernel.Parallel.Examples.matchesExpected; module=DefiKernel.Parallel.Examples; kind=definition; axioms=[propext,
 Classical.choice,
 Quot.sound]
AXIOM AUDIT declaration: DefiKernel.Parallel.Examples.noOp; module=DefiKernel.Parallel.Examples; kind=definition; axioms=[]
AXIOM AUDIT declaration: DefiKernel.Parallel.Examples.noOpEvaluated; module=DefiKernel.Parallel.Examples; kind=definition; axioms=[]
AXIOM AUDIT declaration: DefiKernel.Parallel.Examples.noOpInvocation; module=DefiKernel.Parallel.Examples; kind=definition; axioms=[propext,
 Quot.sound]
AXIOM AUDIT declaration: DefiKernel.Parallel.Examples.observed; module=DefiKernel.Parallel.Examples; kind=definition; axioms=[]
AXIOM AUDIT declaration: DefiKernel.Parallel.Examples.output; module=DefiKernel.Parallel.Examples; kind=definition; axioms=[]
AXIOM AUDIT declaration: DefiKernel.Parallel.Examples.packed; module=DefiKernel.Parallel.Examples; kind=definition; axioms=[]
AXIOM AUDIT declaration: DefiKernel.Parallel.Examples.paramTemplate; module=DefiKernel.Parallel.Examples; kind=definition; axioms=[propext,
 Quot.sound]
AXIOM AUDIT declaration: DefiKernel.Parallel.Examples.peerEvent; module=DefiKernel.Parallel.Examples; kind=definition; axioms=[]
AXIOM AUDIT declaration: DefiKernel.Parallel.Examples.peerUSD; module=DefiKernel.Parallel.Examples; kind=definition; axioms=[]
AXIOM AUDIT declaration: DefiKernel.Parallel.Examples.peerUSDTransfer; module=DefiKernel.Parallel.Examples; kind=definition; axioms=[propext,
 Quot.sound]
AXIOM AUDIT declaration: DefiKernel.Parallel.Examples.poolUSD; module=DefiKernel.Parallel.Examples; kind=definition; axioms=[]
AXIOM AUDIT declaration: DefiKernel.Parallel.Examples.protectedCell; module=DefiKernel.Parallel.Examples; kind=definition; axioms=[]
AXIOM AUDIT declaration: DefiKernel.Parallel.Examples.reusableCfg; module=DefiKernel.Parallel.Examples; kind=definition; axioms=[propext,
 Quot.sound]
AXIOM AUDIT declaration: DefiKernel.Parallel.Examples.revokedInitial; module=DefiKernel.Parallel.Examples; kind=definition; axioms=[propext,
 Quot.sound]
AXIOM AUDIT declaration: DefiKernel.Parallel.Examples.revokedStore; module=DefiKernel.Parallel.Examples; kind=definition; axioms=[]
AXIOM AUDIT declaration: DefiKernel.Parallel.Examples.rightEvent; module=DefiKernel.Parallel.Examples; kind=definition; axioms=[]
AXIOM AUDIT declaration: DefiKernel.Parallel.Examples.sameAssetCfg; module=DefiKernel.Parallel.Examples; kind=definition; axioms=[propext,
 Quot.sound]
AXIOM AUDIT declaration: DefiKernel.Parallel.Examples.shareTransfer; module=DefiKernel.Parallel.Examples; kind=definition; axioms=[propext,
 Quot.sound]
AXIOM AUDIT declaration: DefiKernel.Parallel.Examples.sharedReadCfg; module=DefiKernel.Parallel.Examples; kind=definition; axioms=[]
AXIOM AUDIT declaration: DefiKernel.Parallel.Examples.sharedReadExpected; module=DefiKernel.Parallel.Examples; kind=definition; axioms=[propext,
 Quot.sound]
AXIOM AUDIT declaration: DefiKernel.Parallel.Examples.shares; module=DefiKernel.Parallel.Examples; kind=definition; axioms=[]
AXIOM AUDIT declaration: DefiKernel.Parallel.Examples.source; module=DefiKernel.Parallel.Examples; kind=definition; axioms=[]
AXIOM AUDIT declaration: DefiKernel.Parallel.Examples.statefulCfg; module=DefiKernel.Parallel.Examples; kind=definition; axioms=[propext,
 Classical.choice,
 Quot.sound]
AXIOM AUDIT declaration: DefiKernel.Parallel.Examples.statefulEvent; module=DefiKernel.Parallel.Examples; kind=definition; axioms=[propext,
 Quot.sound]
AXIOM AUDIT declaration: DefiKernel.Parallel.Examples.statefulSupply; module=DefiKernel.Parallel.Examples; kind=definition; axioms=[propext,
 Classical.choice,
 Quot.sound]
AXIOM AUDIT declaration: DefiKernel.Parallel.Examples.statefulSupplyEvent; module=DefiKernel.Parallel.Examples; kind=definition; axioms=[propext,
 Quot.sound]
AXIOM AUDIT declaration: DefiKernel.Parallel.Examples.statefulTransfer; module=DefiKernel.Parallel.Examples; kind=definition; axioms=[propext,
 Classical.choice,
 Quot.sound]
AXIOM AUDIT declaration: DefiKernel.Parallel.Examples.store; module=DefiKernel.Parallel.Examples; kind=definition; axioms=[]
AXIOM AUDIT declaration: DefiKernel.Parallel.Examples.supplyCfg; module=DefiKernel.Parallel.Examples; kind=definition; axioms=[]
AXIOM AUDIT declaration: DefiKernel.Parallel.Examples.supplyEvent; module=DefiKernel.Parallel.Examples; kind=definition; axioms=[]
AXIOM AUDIT declaration: DefiKernel.Parallel.Examples.supplyTemplate; module=DefiKernel.Parallel.Examples; kind=definition; axioms=[]
AXIOM AUDIT declaration: DefiKernel.Parallel.Examples.timedBoundaries; module=DefiKernel.Parallel.Examples; kind=definition; axioms=[propext,
 Quot.sound]
AXIOM AUDIT declaration: DefiKernel.Parallel.Examples.timedCfg; module=DefiKernel.Parallel.Examples; kind=definition; axioms=[]
AXIOM AUDIT declaration: DefiKernel.Parallel.Examples.timedEvent; module=DefiKernel.Parallel.Examples; kind=definition; axioms=[]
AXIOM AUDIT declaration: DefiKernel.Parallel.Examples.timedExpectedLeft; module=DefiKernel.Parallel.Examples; kind=definition; axioms=[propext,
 Quot.sound]
AXIOM AUDIT declaration: DefiKernel.Parallel.Examples.timedExpectedRight; module=DefiKernel.Parallel.Examples; kind=definition; axioms=[propext,
 Quot.sound]
AXIOM AUDIT declaration: DefiKernel.Parallel.Examples.timedInvocation; module=DefiKernel.Parallel.Examples; kind=definition; axioms=[]
AXIOM AUDIT declaration: DefiKernel.Parallel.Examples.timedLeft; module=DefiKernel.Parallel.Examples; kind=definition; axioms=[propext,
 Quot.sound]
AXIOM AUDIT declaration: DefiKernel.Parallel.Examples.timedRight; module=DefiKernel.Parallel.Examples; kind=definition; axioms=[propext,
 Quot.sound]
AXIOM AUDIT declaration: DefiKernel.Parallel.Examples.timedTemplate; module=DefiKernel.Parallel.Examples; kind=definition; axioms=[]
AXIOM AUDIT declaration: DefiKernel.Parallel.Examples.transferEvent; module=DefiKernel.Parallel.Examples; kind=definition; axioms=[]
AXIOM AUDIT declaration: DefiKernel.Parallel.Examples.transferTemplate; module=DefiKernel.Parallel.Examples; kind=definition; axioms=[propext,
 Quot.sound]
AXIOM AUDIT declaration: DefiKernel.Parallel.Examples.usd; module=DefiKernel.Parallel.Examples; kind=definition; axioms=[]
AXIOM AUDIT declaration: DefiKernel.Parallel.Examples.usdTransfer; module=DefiKernel.Parallel.Examples; kind=definition; axioms=[propext,
 Quot.sound]
AXIOM AUDIT declaration: DefiKernel.Parallel.Examples.vaultShare; module=DefiKernel.Parallel.Examples; kind=definition; axioms=[]
AXIOM AUDIT declaration: DefiKernel.Parallel.Examples.vaultUSD; module=DefiKernel.Parallel.Examples; kind=definition; axioms=[]
AXIOM AUDIT declaration: DefiKernel.Parallel.ExecutionAgrees._sparseCasesOn_1; module=DefiKernel.Parallel.Dependency; kind=definition; axioms=[propext]
AXIOM AUDIT declaration: DefiKernel.Parallel.ExecutionAgrees._sparseCasesOn_2; module=DefiKernel.Parallel.Dependency; kind=definition; axioms=[propext]
AXIOM AUDIT declaration: DefiKernel.Parallel.ExecutionAgrees.match_1; module=DefiKernel.Parallel.Dependency; kind=definition; axioms=[propext,
 Quot.sound]
AXIOM AUDIT declaration: DefiKernel.Parallel.ExecutionTests.boundaries; module=DefiKernel.Parallel.ExecutionTests; kind=definition; axioms=[propext,
 Quot.sound]
AXIOM AUDIT declaration: DefiKernel.Parallel.ExecutionTests.checks; module=DefiKernel.Parallel.ExecutionTests; kind=definition; axioms=[propext,
 Classical.choice,
 Quot.sound]
AXIOM AUDIT declaration: DefiKernel.Parallel.ExecutionTests.emptyExpected; module=DefiKernel.Parallel.ExecutionTests; kind=definition; axioms=[]
AXIOM AUDIT declaration: DefiKernel.Parallel.ExecutionTests.refusedUnchanged; module=DefiKernel.Parallel.ExecutionTests; kind=definition; axioms=[propext,
 Classical.choice,
 Quot.sound]
AXIOM AUDIT declaration: DefiKernel.Parallel.Footprint._sizeOf_1; module=DefiKernel.Parallel.Compatibility; kind=definition; axioms=[]
AXIOM AUDIT declaration: DefiKernel.Parallel.Footprint._sizeOf_inst; module=DefiKernel.Parallel.Compatibility; kind=definition; axioms=[]
AXIOM AUDIT declaration: DefiKernel.Parallel.Footprint.append; module=DefiKernel.Parallel.Compatibility; kind=definition; axioms=[]
AXIOM AUDIT declaration: DefiKernel.Parallel.Footprint.casesOn; module=DefiKernel.Parallel.Compatibility; kind=definition; axioms=[]
AXIOM AUDIT declaration: DefiKernel.Parallel.Footprint.ctorIdx; module=DefiKernel.Parallel.Compatibility; kind=definition; axioms=[]
AXIOM AUDIT declaration: DefiKernel.Parallel.Footprint.empty; module=DefiKernel.Parallel.Compatibility; kind=definition; axioms=[]
AXIOM AUDIT declaration: DefiKernel.Parallel.Footprint.noConfusion; module=DefiKernel.Parallel.Compatibility; kind=definition; axioms=[]
AXIOM AUDIT declaration: DefiKernel.Parallel.Footprint.noConfusionType; module=DefiKernel.Parallel.Compatibility; kind=definition; axioms=[]
AXIOM AUDIT declaration: DefiKernel.Parallel.Footprint.reads; module=DefiKernel.Parallel.Compatibility; kind=definition; axioms=[]
AXIOM AUDIT declaration: DefiKernel.Parallel.Footprint.recOn; module=DefiKernel.Parallel.Compatibility; kind=definition; axioms=[]
AXIOM AUDIT declaration: DefiKernel.Parallel.Footprint.writes; module=DefiKernel.Parallel.Compatibility; kind=definition; axioms=[]
AXIOM AUDIT declaration: DefiKernel.Parallel.Joined._sizeOf_1; module=DefiKernel.Parallel.Execution; kind=definition; axioms=[propext,
 Quot.sound]
AXIOM AUDIT declaration: DefiKernel.Parallel.Joined._sizeOf_inst; module=DefiKernel.Parallel.Execution; kind=definition; axioms=[propext,
 Quot.sound]
AXIOM AUDIT declaration: DefiKernel.Parallel.Joined.casesOn; module=DefiKernel.Parallel.Execution; kind=definition; axioms=[propext,
 Quot.sound]
AXIOM AUDIT declaration: DefiKernel.Parallel.Joined.ctorIdx; module=DefiKernel.Parallel.Execution; kind=definition; axioms=[propext,
 Quot.sound]
AXIOM AUDIT declaration: DefiKernel.Parallel.Joined.left; module=DefiKernel.Parallel.Execution; kind=definition; axioms=[propext,
 Quot.sound]
AXIOM AUDIT declaration: DefiKernel.Parallel.Joined.noConfusion; module=DefiKernel.Parallel.Execution; kind=definition; axioms=[propext,
 Quot.sound]
AXIOM AUDIT declaration: DefiKernel.Parallel.Joined.noConfusionType; module=DefiKernel.Parallel.Execution; kind=definition; axioms=[propext,
 Quot.sound]
AXIOM AUDIT declaration: DefiKernel.Parallel.Joined.recOn; module=DefiKernel.Parallel.Execution; kind=definition; axioms=[propext,
 Quot.sound]
AXIOM AUDIT declaration: DefiKernel.Parallel.Joined.right; module=DefiKernel.Parallel.Execution; kind=definition; axioms=[propext,
 Quot.sound]
AXIOM AUDIT declaration: DefiKernel.Parallel.Joined.supply; module=DefiKernel.Parallel.Preservation; kind=definition; axioms=[propext,
 Classical.choice,
 Quot.sound]
AXIOM AUDIT declaration: DefiKernel.Parallel.Joined.world; module=DefiKernel.Parallel.Execution; kind=definition; axioms=[propext,
 Quot.sound]
AXIOM AUDIT declaration: DefiKernel.Parallel.LocalFailure._sizeOf_1; module=DefiKernel.Parallel.Compatibility; kind=definition; axioms=[]
AXIOM AUDIT declaration: DefiKernel.Parallel.LocalFailure._sizeOf_inst; module=DefiKernel.Parallel.Compatibility; kind=definition; axioms=[]
AXIOM AUDIT declaration: DefiKernel.Parallel.LocalFailure.casesOn; module=DefiKernel.Parallel.Compatibility; kind=definition; axioms=[]
AXIOM AUDIT declaration: DefiKernel.Parallel.LocalFailure.ctorIdx; module=DefiKernel.Parallel.Compatibility; kind=definition; axioms=[]
AXIOM AUDIT declaration: DefiKernel.Parallel.LocalFailure.index; module=DefiKernel.Parallel.Compatibility; kind=definition; axioms=[]
AXIOM AUDIT declaration: DefiKernel.Parallel.LocalFailure.noConfusion; module=DefiKernel.Parallel.Compatibility; kind=definition; axioms=[]
AXIOM AUDIT declaration: DefiKernel.Parallel.LocalFailure.noConfusionType; module=DefiKernel.Parallel.Compatibility; kind=definition; axioms=[]
AXIOM AUDIT declaration: DefiKernel.Parallel.LocalFailure.reason; module=DefiKernel.Parallel.Compatibility; kind=definition; axioms=[]
AXIOM AUDIT declaration: DefiKernel.Parallel.LocalFailure.recOn; module=DefiKernel.Parallel.Compatibility; kind=definition; axioms=[]
AXIOM AUDIT declaration: DefiKernel.Parallel.ObservationTests.changedWorld; module=DefiKernel.Parallel.ObservationTests; kind=definition; axioms=[propext,
 Quot.sound]
AXIOM AUDIT declaration: DefiKernel.Parallel.ObservationTests.checks; module=DefiKernel.Parallel.ObservationTests; kind=definition; axioms=[propext,
 Classical.choice,
 Quot.sound]
AXIOM AUDIT declaration: DefiKernel.Parallel.ObservationTests.emptyCursor; module=DefiKernel.Parallel.ObservationTests; kind=definition; axioms=[propext,
 Quot.sound]
AXIOM AUDIT declaration: DefiKernel.Parallel.ObservationTests.evaluated; module=DefiKernel.Parallel.ObservationTests; kind=definition; axioms=[propext,
 Quot.sound]
AXIOM AUDIT declaration: DefiKernel.Parallel.ObservationTests.event; module=DefiKernel.Parallel.ObservationTests; kind=definition; axioms=[propext,
 Quot.sound]
AXIOM AUDIT declaration: DefiKernel.Parallel.ObservationTests.invocation; module=DefiKernel.Parallel.ObservationTests; kind=definition; axioms=[propext,
 Quot.sound]
AXIOM AUDIT declaration: DefiKernel.Parallel.ObservationTests.output; module=DefiKernel.Parallel.ObservationTests; kind=definition; axioms=[propext,
 Quot.sound]
AXIOM AUDIT declaration: DefiKernel.Parallel.ObservationTests.receiptChanges; module=DefiKernel.Parallel.ObservationTests; kind=definition; axioms=[propext,
 Quot.sound]
AXIOM AUDIT declaration: DefiKernel.Parallel.ObservationTests.refusal; module=DefiKernel.Parallel.ObservationTests; kind=definition; axioms=[propext,
 Quot.sound]
AXIOM AUDIT declaration: DefiKernel.Parallel.ObservationTests.request; module=DefiKernel.Parallel.ObservationTests; kind=definition; axioms=[propext,
 Quot.sound]
AXIOM AUDIT declaration: DefiKernel.Parallel.ObservationallyEquivalent._sparseCasesOn_1; module=DefiKernel.Parallel.Execution; kind=definition; axioms=[propext,
 Quot.sound]
AXIOM AUDIT declaration: DefiKernel.Parallel.ObservationallyEquivalent._sparseCasesOn_2; module=DefiKernel.Parallel.Execution; kind=definition; axioms=[propext,
 Quot.sound]
AXIOM AUDIT declaration: DefiKernel.Parallel.ObservationallyEquivalent.match_1; module=DefiKernel.Parallel.Execution; kind=definition; axioms=[propext,
 Quot.sound]
AXIOM AUDIT declaration: DefiKernel.Parallel.PreservationFixtures.burn; module=DefiKernel.Parallel.PreservationFixtures; kind=definition; axioms=[propext,
 Quot.sound]
AXIOM AUDIT declaration: DefiKernel.Parallel.PreservationFixtures.burnFP; module=DefiKernel.Parallel.PreservationFixtures; kind=definition; axioms=[]
AXIOM AUDIT declaration: DefiKernel.Parallel.PreservationFixtures.burnInv; module=DefiKernel.Parallel.PreservationFixtures; kind=definition; axioms=[]
AXIOM AUDIT declaration: DefiKernel.Parallel.PreservationFixtures.collateralPredicate; module=DefiKernel.Parallel.PreservationFixtures; kind=definition; axioms=[propext,
 Quot.sound]
AXIOM AUDIT declaration: DefiKernel.Parallel.PreservationFixtures.joined; module=DefiKernel.Parallel.PreservationFixtures; kind=definition; axioms=[propext,
 Classical.choice,
 Quot.sound]
AXIOM AUDIT declaration: DefiKernel.Parallel.PreservationFixtures.mint; module=DefiKernel.Parallel.PreservationFixtures; kind=definition; axioms=[propext,
 Quot.sound]
AXIOM AUDIT declaration: DefiKernel.Parallel.PreservationFixtures.mintFP; module=DefiKernel.Parallel.PreservationFixtures; kind=definition; axioms=[]
AXIOM AUDIT declaration: DefiKernel.Parallel.PreservationFixtures.mintInv; module=DefiKernel.Parallel.PreservationFixtures; kind=definition; axioms=[]
AXIOM AUDIT declaration: DefiKernel.Parallel.PreservationFixtures.prefixJoined; module=DefiKernel.Parallel.PreservationFixtures; kind=definition; axioms=[propext,
 Classical.choice,
 Quot.sound]
AXIOM AUDIT declaration: DefiKernel.Parallel.PreservationFixtures.refusedMint; module=DefiKernel.Parallel.PreservationFixtures; kind=definition; axioms=[]
AXIOM AUDIT declaration: DefiKernel.Parallel.PreservationFixtures.shareRegion; module=DefiKernel.Parallel.PreservationFixtures; kind=definition; axioms=[]
AXIOM AUDIT declaration: DefiKernel.Parallel.PreservationFixtures.supplyCfg; module=DefiKernel.Parallel.PreservationFixtures; kind=definition; axioms=[propext,
 Quot.sound]
AXIOM AUDIT declaration: DefiKernel.Parallel.PreservationFixtures.supplyInitial; module=DefiKernel.Parallel.PreservationFixtures; kind=definition; axioms=[propext,
 Quot.sound]
AXIOM AUDIT declaration: DefiKernel.Parallel.PreservationFixtures.supplyJoined; module=DefiKernel.Parallel.PreservationFixtures; kind=definition; axioms=[propext,
 Classical.choice,
 Quot.sound]
AXIOM AUDIT declaration: DefiKernel.Parallel.PreservationFixtures.usdRegion; module=DefiKernel.Parallel.PreservationFixtures; kind=definition; axioms=[]
AXIOM AUDIT declaration: DefiKernel.Parallel.Result._sizeOf_1; module=DefiKernel.Parallel.Execution; kind=definition; axioms=[propext,
 Quot.sound]
AXIOM AUDIT declaration: DefiKernel.Parallel.Result._sizeOf_inst; module=DefiKernel.Parallel.Execution; kind=definition; axioms=[propext,
 Quot.sound]
AXIOM AUDIT declaration: DefiKernel.Parallel.Result.casesOn; module=DefiKernel.Parallel.Execution; kind=definition; axioms=[propext,
 Quot.sound]
AXIOM AUDIT declaration: DefiKernel.Parallel.Result.ctorElim; module=DefiKernel.Parallel.Execution; kind=definition; axioms=[propext,
 Quot.sound]
AXIOM AUDIT declaration: DefiKernel.Parallel.Result.ctorElimType; module=DefiKernel.Parallel.Execution; kind=definition; axioms=[propext,
 Quot.sound]
AXIOM AUDIT declaration: DefiKernel.Parallel.Result.ctorIdx; module=DefiKernel.Parallel.Execution; kind=definition; axioms=[propext,
 Quot.sound]
AXIOM AUDIT declaration: DefiKernel.Parallel.Result.noConfusion; module=DefiKernel.Parallel.Execution; kind=definition; axioms=[propext,
 Quot.sound]
AXIOM AUDIT declaration: DefiKernel.Parallel.Result.noConfusionType; module=DefiKernel.Parallel.Execution; kind=definition; axioms=[propext,
 Quot.sound]
AXIOM AUDIT declaration: DefiKernel.Parallel.Result.recOn; module=DefiKernel.Parallel.Execution; kind=definition; axioms=[propext,
 Quot.sound]
AXIOM AUDIT declaration: DefiKernel.Parallel.StepAgrees._sparseCasesOn_1; module=DefiKernel.Parallel.Dependency.Adapter; kind=definition; axioms=[propext]
AXIOM AUDIT declaration: DefiKernel.Parallel.StepAgrees._sparseCasesOn_2; module=DefiKernel.Parallel.Dependency.Adapter; kind=definition; axioms=[propext]
AXIOM AUDIT declaration: DefiKernel.Parallel.StepAgrees.match_1; module=DefiKernel.Parallel.Dependency.Adapter; kind=definition; axioms=[propext,
 Quot.sound]
AXIOM AUDIT declaration: DefiKernel.Parallel.Tests.admissionRefused; module=DefiKernel.Parallel.Tests; kind=definition; axioms=[propext,
 Classical.choice,
 Quot.sound]
AXIOM AUDIT declaration: DefiKernel.Parallel.Tests.basic; module=DefiKernel.Parallel.Tests; kind=definition; axioms=[propext,
 Classical.choice,
 Quot.sound]
AXIOM AUDIT declaration: DefiKernel.Parallel.Tests.checks; module=DefiKernel.Parallel.Tests; kind=definition; axioms=[propext,
 Classical.choice,
 Quot.sound]
AXIOM AUDIT declaration: DefiKernel.Parallel.Tests.dualRefusal; module=DefiKernel.Parallel.Tests; kind=definition; axioms=[propext,
 Classical.choice,
 Quot.sound]
AXIOM AUDIT declaration: DefiKernel.Parallel.Tests.peerRuns; module=DefiKernel.Parallel.Tests; kind=definition; axioms=[propext,
 Classical.choice,
 Quot.sound]
AXIOM AUDIT declaration: DefiKernel.Parallel.Tests.prefixKept; module=DefiKernel.Parallel.Tests; kind=definition; axioms=[propext,
 Classical.choice,
 Quot.sound]
AXIOM AUDIT declaration: DefiKernel.Parallel.Tests.rightRouteExpected; module=DefiKernel.Parallel.Tests; kind=definition; axioms=[propext,
 Quot.sound]
AXIOM AUDIT declaration: DefiKernel.Parallel.Tests.routeExpected; module=DefiKernel.Parallel.Tests; kind=definition; axioms=[propext,
 Quot.sound]
AXIOM AUDIT declaration: DefiKernel.Parallel.Tests.routeForeign; module=DefiKernel.Parallel.Tests; kind=definition; axioms=[propext,
 Classical.choice,
 Quot.sound]
AXIOM AUDIT declaration: DefiKernel.Parallel.Tests.routeForeignExpected; module=DefiKernel.Parallel.Tests; kind=definition; axioms=[propext,
 Quot.sound]
AXIOM AUDIT declaration: DefiKernel.Parallel.Tests.routingForeign; module=DefiKernel.Parallel.Tests; kind=definition; axioms=[propext,
 Quot.sound]
AXIOM AUDIT declaration: DefiKernel.Parallel.Tests.routingOwn; module=DefiKernel.Parallel.Tests; kind=definition; axioms=[propext,
 Quot.sound]
AXIOM AUDIT declaration: DefiKernel.Parallel.Tests.routingRightOwn; module=DefiKernel.Parallel.Tests; kind=definition; axioms=[propext,
 Quot.sound]
AXIOM AUDIT declaration: DefiKernel.Parallel.Tests.serialChecks; module=DefiKernel.Parallel.Tests; kind=definition; axioms=[propext,
 Classical.choice,
 Quot.sound]
AXIOM AUDIT declaration: DefiKernel.Parallel.Tests.stateSupplyCfg; module=DefiKernel.Parallel.Tests; kind=definition; axioms=[propext,
 Classical.choice,
 Quot.sound]
AXIOM AUDIT declaration: DefiKernel.Parallel.Tests.stateSupplyExpected; module=DefiKernel.Parallel.Tests; kind=definition; axioms=[propext,
 Quot.sound]
AXIOM AUDIT declaration: DefiKernel.Parallel.Tests.statefulExpected; module=DefiKernel.Parallel.Tests; kind=definition; axioms=[propext,
 Classical.choice,
 Quot.sound]
AXIOM AUDIT declaration: DefiKernel.Parallel.Tests.statefulRun; module=DefiKernel.Parallel.Tests; kind=definition; axioms=[propext,
 Classical.choice,
 Quot.sound]
AXIOM AUDIT declaration: DefiKernel.Parallel.Tests.supplyLeft; module=DefiKernel.Parallel.Tests; kind=definition; axioms=[propext,
 Quot.sound]
AXIOM AUDIT declaration: DefiKernel.Parallel.Tests.supplyRight; module=DefiKernel.Parallel.Tests; kind=definition; axioms=[propext,
 Quot.sound]
AXIOM AUDIT declaration: DefiKernel.Parallel.Tests.supplyRun; module=DefiKernel.Parallel.Tests; kind=definition; axioms=[propext,
 Classical.choice,
 Quot.sound]
AXIOM AUDIT declaration: DefiKernel.Parallel.analyzeBranchFrom._f; module=DefiKernel.Parallel.Compatibility; kind=definition; axioms=[propext]
AXIOM AUDIT declaration: DefiKernel.Parallel.analyzeBranchFrom._sunfold; module=DefiKernel.Parallel.Compatibility; kind=definition; axioms=[propext]
AXIOM AUDIT declaration: DefiKernel.Parallel.analyzeBranchFrom._unsafe_rec; module=DefiKernel.Parallel.Compatibility; kind=definition; axioms=[propext]
AXIOM AUDIT declaration: DefiKernel.Parallel.analyzeBranchFrom.match_1; module=DefiKernel.Parallel.Compatibility; kind=definition; axioms=[]
AXIOM AUDIT declaration: DefiKernel.Parallel.analyzeInvocation.match_1; module=DefiKernel.Parallel.Compatibility; kind=definition; axioms=[]
AXIOM AUDIT declaration: DefiKernel.Parallel.analyzeInvocation.match_3; module=DefiKernel.Parallel.Compatibility; kind=definition; axioms=[]
AXIOM AUDIT declaration: DefiKernel.Parallel.analyzeInvocation.match_5; module=DefiKernel.Parallel.Compatibility; kind=definition; axioms=[]
AXIOM AUDIT declaration: DefiKernel.Parallel.checkCompatibility.match_1; module=DefiKernel.Parallel.Compatibility; kind=definition; axioms=[]
AXIOM AUDIT declaration: DefiKernel.Parallel.instDecidableEqAdmissionFailure.decEq; module=DefiKernel.Parallel.Compatibility; kind=definition; axioms=[]
AXIOM AUDIT declaration: DefiKernel.Parallel.instDecidableEqBranchObservation.decEq; module=DefiKernel.Parallel.Observation; kind=definition; axioms=[]
AXIOM AUDIT declaration: DefiKernel.Parallel.instDecidableEqEvaluated.decEq; module=DefiKernel.Parallel.Observation; kind=definition; axioms=[]
AXIOM AUDIT declaration: DefiKernel.Parallel.instDecidableEqEventObservation.decEq; module=DefiKernel.Parallel.Observation; kind=definition; axioms=[]
AXIOM AUDIT declaration: DefiKernel.Parallel.instDecidableEqFootprint.decEq; module=DefiKernel.Parallel.Compatibility; kind=definition; axioms=[]
AXIOM AUDIT declaration: DefiKernel.Parallel.instDecidableEqInputSource.decEq; module=DefiKernel.Parallel.Observation; kind=definition; axioms=[]
AXIOM AUDIT declaration: DefiKernel.Parallel.instDecidableEqInvocation.decEq; module=DefiKernel.Parallel.Observation; kind=definition; axioms=[]
AXIOM AUDIT declaration: DefiKernel.Parallel.instDecidableEqLocalFailure.decEq; module=DefiKernel.Parallel.Compatibility; kind=definition; axioms=[]
AXIOM AUDIT declaration: DefiKernel.Parallel.instDecidableEqLocatedFailure.decEq; module=DefiKernel.Parallel.Observation; kind=definition; axioms=[]
AXIOM AUDIT declaration: DefiKernel.Parallel.instDecidableEqOutputObservation.decEq; module=DefiKernel.Parallel.Observation; kind=definition; axioms=[]
AXIOM AUDIT declaration: DefiKernel.Parallel.instDecidableEqReceipt.decEq; module=DefiKernel.Parallel.Observation; kind=definition; axioms=[]
AXIOM AUDIT declaration: DefiKernel.Parallel.instDecidableEqRequest.decEq; module=DefiKernel.Parallel.Observation; kind=definition; axioms=[]
AXIOM AUDIT declaration: DefiKernel.Parallel.instDecidableEqStep.decEq; module=DefiKernel.Parallel.Observation; kind=definition; axioms=[]
AXIOM AUDIT declaration: DefiKernel.Parallel.instReprAdmissionFailure.repr; module=DefiKernel.Parallel.Compatibility; kind=definition; axioms=[propext]
AXIOM AUDIT declaration: DefiKernel.Parallel.instReprBranchId.repr; module=DefiKernel.Parallel.Compatibility; kind=definition; axioms=[]
AXIOM AUDIT declaration: DefiKernel.Parallel.instReprConflictKind.repr; module=DefiKernel.Parallel.Compatibility; kind=definition; axioms=[]
AXIOM AUDIT declaration: DefiKernel.Parallel.instReprFootprint.repr; module=DefiKernel.Parallel.Compatibility; kind=definition; axioms=[propext]
AXIOM AUDIT declaration: DefiKernel.Parallel.instReprLocalFailure.repr; module=DefiKernel.Parallel.Compatibility; kind=definition; axioms=[]
AXIOM AUDIT declaration: DefiKernel.Parallel.runParallel.match_1; module=DefiKernel.Parallel.Execution; kind=definition; axioms=[]
AXIOM AUDIT declaration: DefiKernel.Parallel.runParallel_serialRL.match_1_2; module=DefiKernel.Parallel.Commutation; kind=definition; axioms=[]
AXIOM AUDIT declaration: DefiKernel.Parallel.runSerialLR.match_1; module=DefiKernel.Parallel.Execution; kind=definition; axioms=[]
AXIOM AUDIT declaration: _private.DefiKernel.Parallel.Compatibility.0.Except.map.match_1.splitter; module=DefiKernel.Parallel.Compatibility; kind=definition; axioms=[]
AXIOM AUDIT declaration: _private.DefiKernel.Parallel.Dependency.0.Except.map.match_1.splitter; module=DefiKernel.Parallel.Dependency; kind=definition; axioms=[]
AXIOM AUDIT declaration: _private.DefiKernel.Parallel.Preservation.0.Except.map.match_1.splitter; module=DefiKernel.Parallel.Preservation; kind=definition; axioms=[]
AXIOM AUDIT declaration: _private.DefiKernel.Parallel.Dependency.Adapter.0.Except.map.match_1.splitter; module=DefiKernel.Parallel.Dependency.Adapter; kind=definition; axioms=[]
AXIOM AUDIT declaration: DefiKernel.Parallel.AdmissionFailure.configuration.elim; module=DefiKernel.Parallel.Compatibility; kind=definition; axioms=[]
AXIOM AUDIT declaration: DefiKernel.Parallel.AdmissionFailure.conflict.elim; module=DefiKernel.Parallel.Compatibility; kind=definition; axioms=[]
AXIOM AUDIT declaration: DefiKernel.Parallel.AdmissionFailure.conflict.noConfusion; module=DefiKernel.Parallel.Compatibility; kind=definition; axioms=[]
AXIOM AUDIT declaration: DefiKernel.Parallel.AdmissionFailure.structural.elim; module=DefiKernel.Parallel.Compatibility; kind=definition; axioms=[]
AXIOM AUDIT declaration: DefiKernel.Parallel.AdmissionFailure.structural.noConfusion; module=DefiKernel.Parallel.Compatibility; kind=definition; axioms=[]
AXIOM AUDIT declaration: DefiKernel.Parallel.BranchId.left.elim; module=DefiKernel.Parallel.Compatibility; kind=definition; axioms=[]
AXIOM AUDIT declaration: DefiKernel.Parallel.BranchId.right.elim; module=DefiKernel.Parallel.Compatibility; kind=definition; axioms=[]
AXIOM AUDIT declaration: DefiKernel.Parallel.BranchObservation.mk._flat_ctor; module=DefiKernel.Parallel.Observation; kind=definition; axioms=[]
AXIOM AUDIT declaration: DefiKernel.Parallel.BranchObservation.mk.noConfusion; module=DefiKernel.Parallel.Observation; kind=definition; axioms=[]
AXIOM AUDIT declaration: DefiKernel.Parallel.CompatibilityTests.accepted.match_1; module=DefiKernel.Parallel.CompatibilityTests; kind=definition; axioms=[]
AXIOM AUDIT declaration: DefiKernel.Parallel.CompatibilityTests.fundedExact.match_1; module=DefiKernel.Parallel.CompatibilityTests; kind=definition; axioms=[propext,
 Quot.sound]
AXIOM AUDIT declaration: DefiKernel.Parallel.ConflictKind.leftWriteRightRead.elim; module=DefiKernel.Parallel.Compatibility; kind=definition; axioms=[]
AXIOM AUDIT declaration: DefiKernel.Parallel.ConflictKind.rightWriteLeftRead.elim; module=DefiKernel.Parallel.Compatibility; kind=definition; axioms=[]
AXIOM AUDIT declaration: DefiKernel.Parallel.ConflictKind.writeWrite.elim; module=DefiKernel.Parallel.Compatibility; kind=definition; axioms=[]
AXIOM AUDIT declaration: DefiKernel.Parallel.CursorAgrees.mk._flat_ctor; module=DefiKernel.Parallel.Commutation; kind=definition; axioms=[propext,
 Quot.sound]
AXIOM AUDIT declaration: DefiKernel.Parallel.EventObservation.mk._flat_ctor; module=DefiKernel.Parallel.Observation; kind=definition; axioms=[]
AXIOM AUDIT declaration: DefiKernel.Parallel.EventObservation.mk.noConfusion; module=DefiKernel.Parallel.Observation; kind=definition; axioms=[]
AXIOM AUDIT declaration: DefiKernel.Parallel.Examples.config.match_1; module=DefiKernel.Parallel.Examples; kind=definition; axioms=[]
AXIOM AUDIT declaration: DefiKernel.Parallel.Examples.config.match_3; module=DefiKernel.Parallel.Examples; kind=definition; axioms=[]
AXIOM AUDIT declaration: DefiKernel.Parallel.Examples.matchesExpected.match_1; module=DefiKernel.Parallel.Examples; kind=definition; axioms=[propext,
 Quot.sound]
AXIOM AUDIT declaration: DefiKernel.Parallel.Examples.timedBoundaries.match_1; module=DefiKernel.Parallel.Examples; kind=definition; axioms=[]
AXIOM AUDIT declaration: DefiKernel.Parallel.ExecutionTests.refusedUnchanged.match_1; module=DefiKernel.Parallel.ExecutionTests; kind=definition; axioms=[propext,
 Quot.sound]
AXIOM AUDIT declaration: DefiKernel.Parallel.Footprint.mk._flat_ctor; module=DefiKernel.Parallel.Compatibility; kind=definition; axioms=[]
AXIOM AUDIT declaration: DefiKernel.Parallel.Footprint.mk.noConfusion; module=DefiKernel.Parallel.Compatibility; kind=definition; axioms=[]
AXIOM AUDIT declaration: DefiKernel.Parallel.Joined.mk._flat_ctor; module=DefiKernel.Parallel.Execution; kind=definition; axioms=[propext,
 Quot.sound]
AXIOM AUDIT declaration: DefiKernel.Parallel.Joined.mk.noConfusion; module=DefiKernel.Parallel.Execution; kind=definition; axioms=[propext,
 Quot.sound]
AXIOM AUDIT declaration: DefiKernel.Parallel.LocalFailure.mk._flat_ctor; module=DefiKernel.Parallel.Compatibility; kind=definition; axioms=[]
AXIOM AUDIT declaration: DefiKernel.Parallel.LocalFailure.mk.noConfusion; module=DefiKernel.Parallel.Compatibility; kind=definition; axioms=[]
AXIOM AUDIT declaration: DefiKernel.Parallel.ObservationTests.checks.match_1; module=DefiKernel.Parallel.ObservationTests; kind=definition; axioms=[]
AXIOM AUDIT declaration: DefiKernel.Parallel.Result.executed.elim; module=DefiKernel.Parallel.Execution; kind=definition; axioms=[propext,
 Quot.sound]
AXIOM AUDIT declaration: DefiKernel.Parallel.Result.executed.noConfusion; module=DefiKernel.Parallel.Execution; kind=definition; axioms=[propext,
 Quot.sound]
AXIOM AUDIT declaration: DefiKernel.Parallel.Result.refused.elim; module=DefiKernel.Parallel.Execution; kind=definition; axioms=[propext,
 Quot.sound]
AXIOM AUDIT declaration: DefiKernel.Parallel.Result.refused.noConfusion; module=DefiKernel.Parallel.Execution; kind=definition; axioms=[propext,
 Quot.sound]
AXIOM AUDIT declaration: DefiKernel.Parallel.Tests.admissionRefused.match_1; module=DefiKernel.Parallel.Tests; kind=definition; axioms=[propext,
 Quot.sound]
AXIOM AUDIT declaration: DefiKernel.Parallel.Tests.checks._sparseCasesOn_3; module=DefiKernel.Parallel.Tests; kind=definition; axioms=[propext]
AXIOM AUDIT declaration: DefiKernel.Parallel.Tests.checks._sparseCasesOn_6; module=DefiKernel.Parallel.Tests; kind=definition; axioms=[propext,
 Quot.sound]
AXIOM AUDIT declaration: DefiKernel.Parallel.Tests.checks.match_1; module=DefiKernel.Parallel.Tests; kind=definition; axioms=[propext,
 Quot.sound]
AXIOM AUDIT declaration: DefiKernel.Parallel.Tests.checks.match_3; module=DefiKernel.Parallel.Tests; kind=definition; axioms=[propext,
 Quot.sound]
AXIOM AUDIT declaration: DefiKernel.Parallel.Tests.checks.match_6; module=DefiKernel.Parallel.Tests; kind=definition; axioms=[propext,
 Quot.sound]
AXIOM AUDIT declaration: DefiKernel.Parallel.instDecidableEqAdmissionFailure.decEq.match_1; module=DefiKernel.Parallel.Compatibility; kind=definition; axioms=[]
AXIOM AUDIT declaration: DefiKernel.Parallel.instDecidableEqBranchObservation.decEq.match_1; module=DefiKernel.Parallel.Observation; kind=definition; axioms=[]
AXIOM AUDIT declaration: DefiKernel.Parallel.instDecidableEqEvaluated.decEq.match_1; module=DefiKernel.Parallel.Observation; kind=definition; axioms=[]
AXIOM AUDIT declaration: DefiKernel.Parallel.instDecidableEqEventObservation.decEq.match_1; module=DefiKernel.Parallel.Observation; kind=definition; axioms=[]
AXIOM AUDIT declaration: DefiKernel.Parallel.instDecidableEqFootprint.decEq.match_1; module=DefiKernel.Parallel.Compatibility; kind=definition; axioms=[]
AXIOM AUDIT declaration: DefiKernel.Parallel.instDecidableEqInputSource.decEq.match_1; module=DefiKernel.Parallel.Observation; kind=definition; axioms=[]
AXIOM AUDIT declaration: DefiKernel.Parallel.instDecidableEqInvocation.decEq.match_1; module=DefiKernel.Parallel.Observation; kind=definition; axioms=[]
AXIOM AUDIT declaration: DefiKernel.Parallel.instDecidableEqLocalFailure.decEq.match_1; module=DefiKernel.Parallel.Compatibility; kind=definition; axioms=[]
AXIOM AUDIT declaration: DefiKernel.Parallel.instDecidableEqLocatedFailure.decEq.match_1; module=DefiKernel.Parallel.Observation; kind=definition; axioms=[]
AXIOM AUDIT declaration: DefiKernel.Parallel.instDecidableEqOutputObservation.decEq.match_1; module=DefiKernel.Parallel.Observation; kind=definition; axioms=[]
AXIOM AUDIT declaration: DefiKernel.Parallel.instDecidableEqReceipt.decEq.match_1; module=DefiKernel.Parallel.Observation; kind=definition; axioms=[]
AXIOM AUDIT declaration: DefiKernel.Parallel.instDecidableEqRequest.decEq.match_1; module=DefiKernel.Parallel.Observation; kind=definition; axioms=[]
AXIOM AUDIT declaration: DefiKernel.Parallel.instDecidableEqStep.decEq.match_1; module=DefiKernel.Parallel.Observation; kind=definition; axioms=[]
AXIOM AUDIT declaration: DefiKernel.Parallel.instReprAdmissionFailure.repr.match_1; module=DefiKernel.Parallel.Compatibility; kind=definition; axioms=[]
AXIOM AUDIT declaration: DefiKernel.Parallel.instReprBranchId.repr.match_1; module=DefiKernel.Parallel.Compatibility; kind=definition; axioms=[]
AXIOM AUDIT declaration: DefiKernel.Parallel.instReprConflictKind.repr.match_1; module=DefiKernel.Parallel.Compatibility; kind=definition; axioms=[]
AXIOM AUDIT declaration: _private.DefiKernel.Parallel.Commutation.0.DefiKernel.Parallel.analyzeBranchFrom.match_1.splitter; module=DefiKernel.Parallel.Commutation; kind=definition; axioms=[]
AXIOM AUDIT declaration: _private.DefiKernel.Parallel.Compatibility.0.DefiKernel.Parallel.analyzeBranchFrom.match_1.splitter; module=DefiKernel.Parallel.Compatibility; kind=definition; axioms=[]
AXIOM AUDIT declaration: _private.DefiKernel.Parallel.Compatibility.0.DefiKernel.Parallel.analyzeInvocation.match_1.splitter; module=DefiKernel.Parallel.Compatibility; kind=definition; axioms=[]
AXIOM AUDIT declaration: _private.DefiKernel.Parallel.Compatibility.0.DefiKernel.Parallel.analyzeInvocation.match_3.splitter; module=DefiKernel.Parallel.Compatibility; kind=definition; axioms=[]
AXIOM AUDIT declaration: _private.DefiKernel.Parallel.Dependency.0.DefiKernel.Parallel.ExecutionAgrees.match_1.splitter; module=DefiKernel.Parallel.Dependency; kind=definition; axioms=[propext,
 Quot.sound]
AXIOM AUDIT declaration: _private.DefiKernel.Parallel.Execution.0.DefiKernel.Parallel.ObservationallyEquivalent.match_1.splitter; module=DefiKernel.Parallel.Execution; kind=definition; axioms=[propext,
 Quot.sound]
AXIOM AUDIT declaration: _private.DefiKernel.Parallel.Dependency.Adapter.0.DefiKernel.Composition.prepareInvocation.match_1.splitter; module=DefiKernel.Parallel.Dependency.Adapter; kind=definition; axioms=[]
AXIOM AUDIT declaration: _private.DefiKernel.Parallel.Dependency.Adapter.0.DefiKernel.Composition.prepareInvocation.match_3.splitter; module=DefiKernel.Parallel.Dependency.Adapter; kind=definition; axioms=[]
AXIOM AUDIT declaration: _private.DefiKernel.Parallel.Dependency.Adapter.0.DefiKernel.Parallel.StepAgrees.match_1.splitter; module=DefiKernel.Parallel.Dependency.Adapter; kind=definition; axioms=[propext,
 Quot.sound]
AXIOM AUDIT declaration: _private.DefiKernel.Parallel.Preservation.0.DefiKernel.Composition.Receipt.supply.match_1.splitter; module=DefiKernel.Parallel.Preservation; kind=definition; axioms=[propext]
AXIOM AUDIT declaration: _private.DefiKernel.Parallel.Dependency.Fixtures.0.DefiKernel.Typed.TransitionTests.refused.match_1.splitter; module=DefiKernel.Parallel.Dependency.Fixtures; kind=definition; axioms=[propext,
 Quot.sound]
AXIOM AUDIT declaration: _private.DefiKernel.Parallel.Dependency.Fixtures.0.DefiKernel.Typed.instReprPartyRef.repr.match_1.splitter; module=DefiKernel.Parallel.Dependency.Fixtures; kind=definition; axioms=[]
AXIOM AUDIT declaration: _private.DefiKernel.Parallel.Preservation.0.DefiKernel.Composition.Receipt.supply.match_1.splitter._sparseCasesOn_2; module=DefiKernel.Parallel.Preservation; kind=definition; axioms=[propext]
AXIOM AUDIT DECLARATIONS PASSED: 419/419 supplemental declarations; forbidden=0
AXIOM AUDIT PASSED: 388/388 theorems; forbidden=0
