AXIOM AUDIT scope: imported module prefix DefiKernel.Composition; modules=[DefiKernel.Composition.Interfaces,
 DefiKernel.Composition.InterfaceTests,
 DefiKernel.Composition.Contracts,
 DefiKernel.Composition.Execution,
 DefiKernel.Composition.ExecutionTests,
 DefiKernel.Composition.Sequence,
 DefiKernel.Composition.Preservation,
 DefiKernel.Composition.Examples,
 DefiKernel.Composition.Tests,
 DefiKernel.Composition.Audit]
AXIOM AUDIT theorem: DefiKernel.Composition.advance_refusal_sound; module=DefiKernel.Composition.Sequence; axioms=[propext,
 Classical.choice,
 Quot.sound]
AXIOM AUDIT theorem: DefiKernel.Composition.advance_trace_sound; module=DefiKernel.Composition.Sequence; axioms=[propext,
 Classical.choice,
 Quot.sound]
AXIOM AUDIT theorem: DefiKernel.Composition.checkAccess_declaredWrites; module=DefiKernel.Composition.Interfaces; axioms=[propext,
 Quot.sound]
AXIOM AUDIT theorem: DefiKernel.Composition.checkAccess_ok_iff; module=DefiKernel.Composition.Interfaces; axioms=[propext,
 Quot.sound]
AXIOM AUDIT theorem: DefiKernel.Composition.continueRun_append; module=DefiKernel.Composition.Sequence; axioms=[propext,
 Classical.choice,
 Quot.sound]
AXIOM AUDIT theorem: DefiKernel.Composition.continueRun_failed; module=DefiKernel.Composition.Sequence; axioms=[propext,
 Classical.choice,
 Quot.sound]
AXIOM AUDIT theorem: DefiKernel.Composition.continueRun_nil; module=DefiKernel.Composition.Sequence; axioms=[propext,
 Classical.choice,
 Quot.sound]
AXIOM AUDIT theorem: DefiKernel.Composition.continueRun_order; module=DefiKernel.Composition.Sequence; axioms=[propext,
 Classical.choice,
 Quot.sound]
AXIOM AUDIT theorem: DefiKernel.Composition.continueRun_refusal_sound; module=DefiKernel.Composition.Sequence; axioms=[propext,
 Classical.choice,
 Quot.sound]
AXIOM AUDIT theorem: DefiKernel.Composition.continueRun_trace_sound; module=DefiKernel.Composition.Sequence; axioms=[propext,
 Classical.choice,
 Quot.sound]
AXIOM AUDIT theorem: DefiKernel.Composition.evaluated_writes; module=DefiKernel.Composition.Execution; axioms=[propext,
 Classical.choice,
 Quot.sound]
AXIOM AUDIT theorem: DefiKernel.Composition.executeStep_configuration; module=DefiKernel.Composition.Execution; axioms=[propext,
 Classical.choice,
 Quot.sound]
AXIOM AUDIT theorem: DefiKernel.Composition.executeStep_delegated_refusal; module=DefiKernel.Composition.Execution; axioms=[propext,
 Classical.choice,
 Quot.sound]
AXIOM AUDIT theorem: DefiKernel.Composition.executeStep_delegated_success; module=DefiKernel.Composition.Execution; axioms=[propext,
 Classical.choice,
 Quot.sound]
AXIOM AUDIT theorem: DefiKernel.Composition.executeStep_sound; module=DefiKernel.Composition.Execution; axioms=[propext,
 Classical.choice,
 Quot.sound]
AXIOM AUDIT theorem: DefiKernel.Composition.extractReceipt_correspondence; module=DefiKernel.Composition.Execution; axioms=[propext,
 Classical.choice,
 Quot.sound]
AXIOM AUDIT theorem: DefiKernel.Composition.extractReceipt_total; module=DefiKernel.Composition.Execution; axioms=[propext,
 Classical.choice,
 Quot.sound]
AXIOM AUDIT theorem: DefiKernel.Composition.initialized_invariants; module=DefiKernel.Composition.Contracts; axioms=[propext,
 Quot.sound]
AXIOM AUDIT theorem: DefiKernel.Composition.prepareInvocation_access; module=DefiKernel.Composition.Execution; axioms=[propext]
AXIOM AUDIT theorem: DefiKernel.Composition.resolveSource_literal; module=DefiKernel.Composition.Interfaces; axioms=[]
AXIOM AUDIT theorem: DefiKernel.Composition.resolveSource_not_prior; module=DefiKernel.Composition.Interfaces; axioms=[propext]
AXIOM AUDIT theorem: DefiKernel.Composition.run_accounting; module=DefiKernel.Composition.Preservation; axioms=[propext,
 Classical.choice,
 Quot.sound]
AXIOM AUDIT theorem: DefiKernel.Composition.run_contract; module=DefiKernel.Composition.Preservation; axioms=[propext,
 Classical.choice,
 Quot.sound]
AXIOM AUDIT theorem: DefiKernel.Composition.run_frame; module=DefiKernel.Composition.Preservation; axioms=[propext,
 Classical.choice,
 Quot.sound]
AXIOM AUDIT theorem: DefiKernel.Composition.run_nonnegative; module=DefiKernel.Composition.Preservation; axioms=[propext,
 Classical.choice,
 Quot.sound]
AXIOM AUDIT theorem: DefiKernel.Composition.run_order; module=DefiKernel.Composition.Sequence; axioms=[propext,
 Classical.choice,
 Quot.sound]
AXIOM AUDIT theorem: DefiKernel.Composition.run_prefix_nonnegative; module=DefiKernel.Composition.Preservation; axioms=[propext,
 Classical.choice,
 Quot.sound]
AXIOM AUDIT theorem: DefiKernel.Composition.run_refusal_sound; module=DefiKernel.Composition.Sequence; axioms=[propext,
 Classical.choice,
 Quot.sound]
AXIOM AUDIT theorem: DefiKernel.Composition.run_trace_sound; module=DefiKernel.Composition.Sequence; axioms=[propext,
 Classical.choice,
 Quot.sound]
AXIOM AUDIT theorem: DefiKernel.Composition.snapshot_of_selected; module=DefiKernel.Composition.Interfaces; axioms=[propext,
 Quot.sound]
AXIOM AUDIT theorem: DefiKernel.Composition.snapshots_length; module=DefiKernel.Composition.Interfaces; axioms=[propext,
 Quot.sound]
AXIOM AUDIT theorem: DefiKernel.Composition.supported_frame; module=DefiKernel.Composition.Contracts; axioms=[propext,
 Quot.sound]
AXIOM AUDIT theorem: DefiKernel.Composition.supports_balance; module=DefiKernel.Composition.Contracts; axioms=[propext,
 Quot.sound]
AXIOM AUDIT theorem: DefiKernel.Composition.validateCatalog_export_not_private; module=DefiKernel.Composition.Interfaces; axioms=[propext,
 Quot.sound]
AXIOM AUDIT theorem: DefiKernel.Composition.AgreeOn.refl; module=DefiKernel.Composition.Contracts; axioms=[propext,
 Quot.sound]
AXIOM AUDIT theorem: DefiKernel.Composition.AgreeOn.symm; module=DefiKernel.Composition.Contracts; axioms=[propext,
 Quot.sound]
AXIOM AUDIT theorem: DefiKernel.Composition.AgreeOn.trans; module=DefiKernel.Composition.Contracts; axioms=[propext,
 Quot.sound]
AXIOM AUDIT theorem: DefiKernel.Composition.ContractObligations.initialized; module=DefiKernel.Composition.Contracts; axioms=[propext,
 Quot.sound]
AXIOM AUDIT theorem: DefiKernel.Composition.ContractObligations.preserved; module=DefiKernel.Composition.Contracts; axioms=[propext,
 Quot.sound]
AXIOM AUDIT theorem: DefiKernel.Composition.Examples.boundaryContract_obligations; module=DefiKernel.Composition.Examples; axioms=[propext,
 Classical.choice,
 Quot.sound]
AXIOM AUDIT theorem: DefiKernel.Composition.Examples.collateralContract_obligations; module=DefiKernel.Composition.Examples; axioms=[propext,
 Classical.choice,
 Quot.sound]
AXIOM AUDIT theorem: DefiKernel.Composition.Examples.collateral_initialized; module=DefiKernel.Composition.Examples; axioms=[propext,
 Classical.choice,
 Quot.sound]
AXIOM AUDIT theorem: DefiKernel.Composition.Examples.collateral_supported; module=DefiKernel.Composition.Examples; axioms=[propext,
 Quot.sound]
AXIOM AUDIT theorem: DefiKernel.Composition.Examples.dropping_disjointness_counterexample; module=DefiKernel.Composition.Examples; axioms=[propext,
 Quot.sound]
AXIOM AUDIT theorem: DefiKernel.Composition.Examples.refused_mint_prefix_accounting; module=DefiKernel.Composition.Examples; axioms=[propext,
 Classical.choice,
 Quot.sound]
AXIOM AUDIT theorem: DefiKernel.Composition.Examples.unsupported_predicate_counterexample; module=DefiKernel.Composition.Examples; axioms=[propext,
 Quot.sound]
AXIOM AUDIT theorem: DefiKernel.Composition.Examples.workflow_accounting; module=DefiKernel.Composition.Examples; axioms=[propext,
 Classical.choice,
 Quot.sound]
AXIOM AUDIT theorem: DefiKernel.Composition.Examples.workflow_collateral_frame; module=DefiKernel.Composition.Examples; axioms=[propext,
 Classical.choice,
 Quot.sound]
AXIOM AUDIT theorem: DefiKernel.Composition.Examples.workflow_conditional_invariant; module=DefiKernel.Composition.Examples; axioms=[propext,
 Classical.choice,
 Quot.sound]
AXIOM AUDIT theorem: DefiKernel.Composition.Examples.workflow_nonnegative; module=DefiKernel.Composition.Examples; axioms=[propext,
 Classical.choice,
 Quot.sound]
AXIOM AUDIT theorem: DefiKernel.Composition.Examples.workflow_protected_writes; module=DefiKernel.Composition.Examples; axioms=[propext,
 Classical.choice,
 Quot.sound]
AXIOM AUDIT theorem: DefiKernel.Composition.RefusalSound.congr_simp; module=DefiKernel.Composition.Sequence; axioms=[propext,
 Classical.choice,
 Quot.sound]
AXIOM AUDIT theorem: DefiKernel.Composition.StepSound.accounting; module=DefiKernel.Composition.Execution; axioms=[propext,
 Classical.choice,
 Quot.sound]
AXIOM AUDIT theorem: DefiKernel.Composition.StepSound.authorized; module=DefiKernel.Composition.Execution; axioms=[propext,
 Classical.choice,
 Quot.sound]
AXIOM AUDIT theorem: DefiKernel.Composition.StepSound.component_locality; module=DefiKernel.Composition.Execution; axioms=[propext,
 Classical.choice,
 Quot.sound]
AXIOM AUDIT theorem: DefiKernel.Composition.StepSound.component_writes; module=DefiKernel.Composition.Execution; axioms=[propext,
 Classical.choice,
 Quot.sound]
AXIOM AUDIT theorem: DefiKernel.Composition.StepSound.congr_simp; module=DefiKernel.Composition.Preservation; axioms=[propext,
 Classical.choice,
 Quot.sound]
AXIOM AUDIT theorem: DefiKernel.Composition.StepSound.domain; module=DefiKernel.Composition.Execution; axioms=[propext,
 Classical.choice,
 Quot.sound]
AXIOM AUDIT theorem: DefiKernel.Composition.StepSound.invoke_preserves_capabilities; module=DefiKernel.Composition.Execution; axioms=[propext,
 Classical.choice,
 Quot.sound]
AXIOM AUDIT theorem: DefiKernel.Composition.StepSound.issue_admin; module=DefiKernel.Composition.Execution; axioms=[propext,
 Classical.choice,
 Quot.sound]
AXIOM AUDIT theorem: DefiKernel.Composition.StepSound.issue_preserves_ledger; module=DefiKernel.Composition.Execution; axioms=[propext,
 Classical.choice,
 Quot.sound]
AXIOM AUDIT theorem: DefiKernel.Composition.StepSound.locality; module=DefiKernel.Composition.Execution; axioms=[propext,
 Classical.choice,
 Quot.sound]
AXIOM AUDIT theorem: DefiKernel.Composition.StepSound.revoke_admin; module=DefiKernel.Composition.Execution; axioms=[propext,
 Classical.choice,
 Quot.sound]
AXIOM AUDIT theorem: DefiKernel.Composition.StepSound.revoke_preserves_ledger; module=DefiKernel.Composition.Execution; axioms=[propext,
 Classical.choice,
 Quot.sound]
AXIOM AUDIT theorem: DefiKernel.Composition.TraceSound.accounting; module=DefiKernel.Composition.Preservation; axioms=[propext,
 Classical.choice,
 Quot.sound]
AXIOM AUDIT theorem: DefiKernel.Composition.TraceSound.administration; module=DefiKernel.Composition.Preservation; axioms=[propext,
 Classical.choice,
 Quot.sound]
AXIOM AUDIT theorem: DefiKernel.Composition.TraceSound.authority; module=DefiKernel.Composition.Preservation; axioms=[propext,
 Classical.choice,
 Quot.sound]
AXIOM AUDIT theorem: DefiKernel.Composition.TraceSound.brecOn; module=DefiKernel.Composition.Sequence; axioms=[propext,
 Classical.choice,
 Quot.sound]
AXIOM AUDIT theorem: DefiKernel.Composition.TraceSound.component_locality; module=DefiKernel.Composition.Preservation; axioms=[propext,
 Classical.choice,
 Quot.sound]
AXIOM AUDIT theorem: DefiKernel.Composition.TraceSound.congr_simp; module=DefiKernel.Composition.Sequence; axioms=[propext,
 Classical.choice,
 Quot.sound]
AXIOM AUDIT theorem: DefiKernel.Composition.TraceSound.event_invariants; module=DefiKernel.Composition.Preservation; axioms=[propext,
 Classical.choice,
 Quot.sound]
AXIOM AUDIT theorem: DefiKernel.Composition.TraceSound.frame; module=DefiKernel.Composition.Preservation; axioms=[propext,
 Classical.choice,
 Quot.sound]
AXIOM AUDIT theorem: DefiKernel.Composition.TraceSound.invariant; module=DefiKernel.Composition.Preservation; axioms=[propext,
 Classical.choice,
 Quot.sound]
AXIOM AUDIT theorem: DefiKernel.Composition.TraceSound.locality; module=DefiKernel.Composition.Preservation; axioms=[propext,
 Classical.choice,
 Quot.sound]
AXIOM AUDIT theorem: DefiKernel.Composition.TraceSound.predicate_frame; module=DefiKernel.Composition.Preservation; axioms=[propext,
 Classical.choice,
 Quot.sound]
AXIOM AUDIT theorem: DefiKernel.Composition.TraceSound.steps; module=DefiKernel.Composition.Preservation; axioms=[propext,
 Classical.choice,
 Quot.sound]
AXIOM AUDIT theorem: DefiKernel.Composition.advance.eq_1; module=DefiKernel.Composition.Sequence; axioms=[propext,
 Classical.choice,
 Quot.sound]
AXIOM AUDIT theorem: DefiKernel.Composition.checkAccess.congr_simp; module=DefiKernel.Composition.Execution; axioms=[propext,
 Quot.sound]
AXIOM AUDIT theorem: DefiKernel.Composition.continueRun.eq_1; module=DefiKernel.Composition.Sequence; axioms=[propext,
 Classical.choice,
 Quot.sound]
AXIOM AUDIT theorem: DefiKernel.Composition.executeStep.eq_1; module=DefiKernel.Composition.Execution; axioms=[propext,
 Classical.choice,
 Quot.sound]
AXIOM AUDIT theorem: DefiKernel.Composition.executeStep.eq_2; module=DefiKernel.Composition.Execution; axioms=[propext,
 Classical.choice,
 Quot.sound]
AXIOM AUDIT theorem: DefiKernel.Composition.executeStep.eq_3; module=DefiKernel.Composition.Execution; axioms=[propext,
 Classical.choice,
 Quot.sound]
AXIOM AUDIT theorem: DefiKernel.Composition.extractReceipt.eq_1; module=DefiKernel.Composition.Execution; axioms=[propext,
 Classical.choice,
 Quot.sound]
AXIOM AUDIT theorem: DefiKernel.Composition.prepareInvocation.eq_1; module=DefiKernel.Composition.Execution; axioms=[propext]
AXIOM AUDIT theorem: DefiKernel.Composition.resolveSource.eq_1; module=DefiKernel.Composition.Interfaces; axioms=[]
AXIOM AUDIT theorem: DefiKernel.Composition.resolveSource.eq_2; module=DefiKernel.Composition.Interfaces; axioms=[]
AXIOM AUDIT theorem: DefiKernel.Composition.run.eq_1; module=DefiKernel.Composition.Sequence; axioms=[propext,
 Classical.choice,
 Quot.sound]
AXIOM AUDIT theorem: DefiKernel.Composition.snapshots.eq_1; module=DefiKernel.Composition.Interfaces; axioms=[propext,
 Quot.sound]
AXIOM AUDIT theorem: DefiKernel.Composition.startCursor.eq_1; module=DefiKernel.Composition.Sequence; axioms=[propext,
 Quot.sound]
AXIOM AUDIT theorem: DefiKernel.Composition.traceSupply.eq_1; module=DefiKernel.Composition.Preservation; axioms=[propext,
 Classical.choice,
 Quot.sound]
AXIOM AUDIT theorem: DefiKernel.Composition.traceWrites.eq_1; module=DefiKernel.Composition.Preservation; axioms=[propext,
 Quot.sound]
AXIOM AUDIT theorem: DefiKernel.Composition.validateCatalog.congr_simp; module=DefiKernel.Composition.Execution; axioms=[propext,
 Quot.sound]
AXIOM AUDIT theorem: DefiKernel.Composition.validateCatalog.eq_1; module=DefiKernel.Composition.Interfaces; axioms=[propext]
AXIOM AUDIT theorem: DefiKernel.Typed.resolveRefs.eq_1; module=DefiKernel.Composition.Interfaces; axioms=[propext]
AXIOM AUDIT theorem: _private.DefiKernel.Composition.Execution.0.Except.map.match_1.eq_1; module=DefiKernel.Composition.Execution; axioms=[]
AXIOM AUDIT theorem: _private.DefiKernel.Composition.Execution.0.Except.map.match_1.eq_2; module=DefiKernel.Composition.Execution; axioms=[]
AXIOM AUDIT theorem: _private.DefiKernel.Composition.Interfaces.0.Except.map.match_1.eq_1; module=DefiKernel.Composition.Interfaces; axioms=[]
AXIOM AUDIT theorem: _private.DefiKernel.Composition.Interfaces.0.Except.map.match_1.eq_2; module=DefiKernel.Composition.Interfaces; axioms=[]
AXIOM AUDIT theorem: DefiKernel.Composition.Boundary.mk.inj; module=DefiKernel.Composition.Execution; axioms=[]
AXIOM AUDIT theorem: DefiKernel.Composition.Boundary.mk.injEq; module=DefiKernel.Composition.Execution; axioms=[propext]
AXIOM AUDIT theorem: DefiKernel.Composition.Boundary.mk.sizeOf_spec; module=DefiKernel.Composition.Execution; axioms=[]
AXIOM AUDIT theorem: DefiKernel.Composition.Component.canRead._proof_1; module=DefiKernel.Composition.Interfaces; axioms=[propext]
AXIOM AUDIT theorem: DefiKernel.Composition.Component.canRead.congr_simp; module=DefiKernel.Composition.Interfaces; axioms=[propext,
 Quot.sound]
AXIOM AUDIT theorem: DefiKernel.Composition.Component.canWrite.congr_simp; module=DefiKernel.Composition.Interfaces; axioms=[propext,
 Quot.sound]
AXIOM AUDIT theorem: DefiKernel.Composition.Component.mk.inj; module=DefiKernel.Composition.Interfaces; axioms=[]
AXIOM AUDIT theorem: DefiKernel.Composition.Component.mk.injEq; module=DefiKernel.Composition.Interfaces; axioms=[propext]
AXIOM AUDIT theorem: DefiKernel.Composition.Component.mk.sizeOf_spec; module=DefiKernel.Composition.Interfaces; axioms=[]
AXIOM AUDIT theorem: DefiKernel.Composition.ComponentContract.mk.inj; module=DefiKernel.Composition.Contracts; axioms=[propext,
 Quot.sound]
AXIOM AUDIT theorem: DefiKernel.Composition.ComponentContract.mk.injEq; module=DefiKernel.Composition.Contracts; axioms=[propext,
 Quot.sound]
AXIOM AUDIT theorem: DefiKernel.Composition.ComponentContract.mk.sizeOf_spec; module=DefiKernel.Composition.Contracts; axioms=[propext,
 Quot.sound]
AXIOM AUDIT theorem: DefiKernel.Composition.ComponentId.mk.inj; module=DefiKernel.Composition.Interfaces; axioms=[]
AXIOM AUDIT theorem: DefiKernel.Composition.ComponentId.mk.injEq; module=DefiKernel.Composition.Interfaces; axioms=[propext]
AXIOM AUDIT theorem: DefiKernel.Composition.ComponentId.mk.sizeOf_spec; module=DefiKernel.Composition.Interfaces; axioms=[]
AXIOM AUDIT theorem: DefiKernel.Composition.Config.mk.inj; module=DefiKernel.Composition.Execution; axioms=[]
AXIOM AUDIT theorem: DefiKernel.Composition.Config.mk.injEq; module=DefiKernel.Composition.Execution; axioms=[propext]
AXIOM AUDIT theorem: DefiKernel.Composition.Config.mk.sizeOf_spec; module=DefiKernel.Composition.Execution; axioms=[]
AXIOM AUDIT theorem: DefiKernel.Composition.Cursor.mk.inj; module=DefiKernel.Composition.Sequence; axioms=[propext,
 Quot.sound]
AXIOM AUDIT theorem: DefiKernel.Composition.Cursor.mk.injEq; module=DefiKernel.Composition.Sequence; axioms=[propext,
 Quot.sound]
AXIOM AUDIT theorem: DefiKernel.Composition.Cursor.mk.sizeOf_spec; module=DefiKernel.Composition.Sequence; axioms=[propext,
 Quot.sound]
AXIOM AUDIT theorem: DefiKernel.Composition.Event.mk.inj; module=DefiKernel.Composition.Sequence; axioms=[propext,
 Quot.sound]
AXIOM AUDIT theorem: DefiKernel.Composition.Event.mk.injEq; module=DefiKernel.Composition.Sequence; axioms=[propext,
 Quot.sound]
AXIOM AUDIT theorem: DefiKernel.Composition.Event.mk.sizeOf_spec; module=DefiKernel.Composition.Sequence; axioms=[propext,
 Quot.sound]
AXIOM AUDIT theorem: DefiKernel.Composition.Examples.transferred._proof_1; module=DefiKernel.Composition.Examples; axioms=[propext,
 Quot.sound]
AXIOM AUDIT theorem: DefiKernel.Composition.Examples.workflow_protected_writes._proof_1_1; module=DefiKernel.Composition.Examples; axioms=[propext,
 Classical.choice,
 Quot.sound]
AXIOM AUDIT theorem: DefiKernel.Composition.Failure.authority.inj; module=DefiKernel.Composition.Execution; axioms=[]
AXIOM AUDIT theorem: DefiKernel.Composition.Failure.authority.injEq; module=DefiKernel.Composition.Execution; axioms=[propext]
AXIOM AUDIT theorem: DefiKernel.Composition.Failure.authority.sizeOf_spec; module=DefiKernel.Composition.Execution; axioms=[]
AXIOM AUDIT theorem: DefiKernel.Composition.Failure.configuration.sizeOf_spec; module=DefiKernel.Composition.Execution; axioms=[]
AXIOM AUDIT theorem: DefiKernel.Composition.Failure.interface.inj; module=DefiKernel.Composition.Execution; axioms=[]
AXIOM AUDIT theorem: DefiKernel.Composition.Failure.interface.injEq; module=DefiKernel.Composition.Execution; axioms=[propext]
AXIOM AUDIT theorem: DefiKernel.Composition.Failure.interface.sizeOf_spec; module=DefiKernel.Composition.Execution; axioms=[]
AXIOM AUDIT theorem: DefiKernel.Composition.Failure.internalReceipt.sizeOf_spec; module=DefiKernel.Composition.Execution; axioms=[]
AXIOM AUDIT theorem: DefiKernel.Composition.Failure.kernel.inj; module=DefiKernel.Composition.Execution; axioms=[]
AXIOM AUDIT theorem: DefiKernel.Composition.Failure.kernel.injEq; module=DefiKernel.Composition.Execution; axioms=[propext]
AXIOM AUDIT theorem: DefiKernel.Composition.Failure.kernel.sizeOf_spec; module=DefiKernel.Composition.Execution; axioms=[]
AXIOM AUDIT theorem: DefiKernel.Composition.InputPort.mk.inj; module=DefiKernel.Composition.Interfaces; axioms=[]
AXIOM AUDIT theorem: DefiKernel.Composition.InputPort.mk.injEq; module=DefiKernel.Composition.Interfaces; axioms=[propext]
AXIOM AUDIT theorem: DefiKernel.Composition.InputPort.mk.sizeOf_spec; module=DefiKernel.Composition.Interfaces; axioms=[]
AXIOM AUDIT theorem: DefiKernel.Composition.InputSource.literal.inj; module=DefiKernel.Composition.Interfaces; axioms=[]
AXIOM AUDIT theorem: DefiKernel.Composition.InputSource.literal.injEq; module=DefiKernel.Composition.Interfaces; axioms=[propext]
AXIOM AUDIT theorem: DefiKernel.Composition.InputSource.literal.sizeOf_spec; module=DefiKernel.Composition.Interfaces; axioms=[]
AXIOM AUDIT theorem: DefiKernel.Composition.InputSource.priorOutput.inj; module=DefiKernel.Composition.Interfaces; axioms=[]
AXIOM AUDIT theorem: DefiKernel.Composition.InputSource.priorOutput.injEq; module=DefiKernel.Composition.Interfaces; axioms=[propext]
AXIOM AUDIT theorem: DefiKernel.Composition.InputSource.priorOutput.sizeOf_spec; module=DefiKernel.Composition.Interfaces; axioms=[]
AXIOM AUDIT theorem: DefiKernel.Composition.InterfaceFailure.inputCount.sizeOf_spec; module=DefiKernel.Composition.Interfaces; axioms=[]
AXIOM AUDIT theorem: DefiKernel.Composition.InterfaceFailure.inputUnit.sizeOf_spec; module=DefiKernel.Composition.Interfaces; axioms=[]
AXIOM AUDIT theorem: DefiKernel.Composition.InterfaceFailure.readAccess.sizeOf_spec; module=DefiKernel.Composition.Interfaces; axioms=[]
AXIOM AUDIT theorem: DefiKernel.Composition.InterfaceFailure.resolution.inj; module=DefiKernel.Composition.Interfaces; axioms=[]
AXIOM AUDIT theorem: DefiKernel.Composition.InterfaceFailure.resolution.injEq; module=DefiKernel.Composition.Interfaces; axioms=[propext]
AXIOM AUDIT theorem: DefiKernel.Composition.InterfaceFailure.resolution.sizeOf_spec; module=DefiKernel.Composition.Interfaces; axioms=[]
AXIOM AUDIT theorem: DefiKernel.Composition.InterfaceFailure.unavailableOutput.sizeOf_spec; module=DefiKernel.Composition.Interfaces; axioms=[]
AXIOM AUDIT theorem: DefiKernel.Composition.InterfaceFailure.unknownOperation.sizeOf_spec; module=DefiKernel.Composition.Interfaces; axioms=[]
AXIOM AUDIT theorem: DefiKernel.Composition.InterfaceFailure.writeAccess.sizeOf_spec; module=DefiKernel.Composition.Interfaces; axioms=[]
AXIOM AUDIT theorem: DefiKernel.Composition.Invocation.mk.inj; module=DefiKernel.Composition.Execution; axioms=[]
AXIOM AUDIT theorem: DefiKernel.Composition.Invocation.mk.injEq; module=DefiKernel.Composition.Execution; axioms=[propext]
AXIOM AUDIT theorem: DefiKernel.Composition.Invocation.mk.sizeOf_spec; module=DefiKernel.Composition.Execution; axioms=[]
AXIOM AUDIT theorem: DefiKernel.Composition.LocatedFailure.mk.inj; module=DefiKernel.Composition.Sequence; axioms=[]
AXIOM AUDIT theorem: DefiKernel.Composition.LocatedFailure.mk.injEq; module=DefiKernel.Composition.Sequence; axioms=[propext]
AXIOM AUDIT theorem: DefiKernel.Composition.LocatedFailure.mk.sizeOf_spec; module=DefiKernel.Composition.Sequence; axioms=[]
AXIOM AUDIT theorem: DefiKernel.Composition.OperationInterface.mk.inj; module=DefiKernel.Composition.Interfaces; axioms=[]
AXIOM AUDIT theorem: DefiKernel.Composition.OperationInterface.mk.injEq; module=DefiKernel.Composition.Interfaces; axioms=[propext]
AXIOM AUDIT theorem: DefiKernel.Composition.OperationInterface.mk.sizeOf_spec; module=DefiKernel.Composition.Interfaces; axioms=[]
AXIOM AUDIT theorem: DefiKernel.Composition.OutputObservation.mk.inj; module=DefiKernel.Composition.Interfaces; axioms=[]
AXIOM AUDIT theorem: DefiKernel.Composition.OutputObservation.mk.injEq; module=DefiKernel.Composition.Interfaces; axioms=[propext]
AXIOM AUDIT theorem: DefiKernel.Composition.OutputObservation.mk.sizeOf_spec; module=DefiKernel.Composition.Interfaces; axioms=[]
AXIOM AUDIT theorem: DefiKernel.Composition.OutputPort.mk.inj; module=DefiKernel.Composition.Interfaces; axioms=[]
AXIOM AUDIT theorem: DefiKernel.Composition.OutputPort.mk.injEq; module=DefiKernel.Composition.Interfaces; axioms=[propext]
AXIOM AUDIT theorem: DefiKernel.Composition.OutputPort.mk.sizeOf_spec; module=DefiKernel.Composition.Interfaces; axioms=[]
AXIOM AUDIT theorem: DefiKernel.Composition.PortId.mk.inj; module=DefiKernel.Composition.Interfaces; axioms=[]
AXIOM AUDIT theorem: DefiKernel.Composition.PortId.mk.injEq; module=DefiKernel.Composition.Interfaces; axioms=[propext]
AXIOM AUDIT theorem: DefiKernel.Composition.PortId.mk.sizeOf_spec; module=DefiKernel.Composition.Interfaces; axioms=[]
AXIOM AUDIT theorem: DefiKernel.Composition.QualifiedPort.mk.inj; module=DefiKernel.Composition.Interfaces; axioms=[]
AXIOM AUDIT theorem: DefiKernel.Composition.QualifiedPort.mk.injEq; module=DefiKernel.Composition.Interfaces; axioms=[propext]
AXIOM AUDIT theorem: DefiKernel.Composition.QualifiedPort.mk.sizeOf_spec; module=DefiKernel.Composition.Interfaces; axioms=[]
AXIOM AUDIT theorem: DefiKernel.Composition.Receipt.invoked.inj; module=DefiKernel.Composition.Execution; axioms=[]
AXIOM AUDIT theorem: DefiKernel.Composition.Receipt.invoked.injEq; module=DefiKernel.Composition.Execution; axioms=[propext]
AXIOM AUDIT theorem: DefiKernel.Composition.Receipt.invoked.sizeOf_spec; module=DefiKernel.Composition.Execution; axioms=[]
AXIOM AUDIT theorem: DefiKernel.Composition.Receipt.issued.inj; module=DefiKernel.Composition.Execution; axioms=[]
AXIOM AUDIT theorem: DefiKernel.Composition.Receipt.issued.injEq; module=DefiKernel.Composition.Execution; axioms=[propext]
AXIOM AUDIT theorem: DefiKernel.Composition.Receipt.issued.sizeOf_spec; module=DefiKernel.Composition.Execution; axioms=[]
AXIOM AUDIT theorem: DefiKernel.Composition.Receipt.revoked.inj; module=DefiKernel.Composition.Execution; axioms=[]
AXIOM AUDIT theorem: DefiKernel.Composition.Receipt.revoked.injEq; module=DefiKernel.Composition.Execution; axioms=[propext]
AXIOM AUDIT theorem: DefiKernel.Composition.Receipt.revoked.sizeOf_spec; module=DefiKernel.Composition.Execution; axioms=[]
AXIOM AUDIT theorem: DefiKernel.Composition.Receipt.supply.congr_simp; module=DefiKernel.Composition.Execution; axioms=[propext,
 Classical.choice,
 Quot.sound]
AXIOM AUDIT theorem: DefiKernel.Composition.Receipt.supply.eq_1; module=DefiKernel.Composition.Execution; axioms=[propext,
 Classical.choice,
 Quot.sound]
AXIOM AUDIT theorem: DefiKernel.Composition.Receipt.supply.eq_2; module=DefiKernel.Composition.Execution; axioms=[propext,
 Classical.choice,
 Quot.sound]
AXIOM AUDIT theorem: DefiKernel.Composition.Receipt.writes.eq_1; module=DefiKernel.Composition.Execution; axioms=[propext]
AXIOM AUDIT theorem: DefiKernel.Composition.Receipt.writes.eq_2; module=DefiKernel.Composition.Execution; axioms=[propext]
AXIOM AUDIT theorem: DefiKernel.Composition.ResourceImport.mk.inj; module=DefiKernel.Composition.Interfaces; axioms=[]
AXIOM AUDIT theorem: DefiKernel.Composition.ResourceImport.mk.injEq; module=DefiKernel.Composition.Interfaces; axioms=[propext]
AXIOM AUDIT theorem: DefiKernel.Composition.ResourceImport.mk.sizeOf_spec; module=DefiKernel.Composition.Interfaces; axioms=[]
AXIOM AUDIT theorem: DefiKernel.Composition.ResourcePort.mk.inj; module=DefiKernel.Composition.Interfaces; axioms=[]
AXIOM AUDIT theorem: DefiKernel.Composition.ResourcePort.mk.injEq; module=DefiKernel.Composition.Interfaces; axioms=[propext]
AXIOM AUDIT theorem: DefiKernel.Composition.ResourcePort.mk.sizeOf_spec; module=DefiKernel.Composition.Interfaces; axioms=[]
AXIOM AUDIT theorem: DefiKernel.Composition.Step.invoke.inj; module=DefiKernel.Composition.Execution; axioms=[]
AXIOM AUDIT theorem: DefiKernel.Composition.Step.invoke.injEq; module=DefiKernel.Composition.Execution; axioms=[propext]
AXIOM AUDIT theorem: DefiKernel.Composition.Step.invoke.sizeOf_spec; module=DefiKernel.Composition.Execution; axioms=[]
AXIOM AUDIT theorem: DefiKernel.Composition.Step.issue.inj; module=DefiKernel.Composition.Execution; axioms=[]
AXIOM AUDIT theorem: DefiKernel.Composition.Step.issue.injEq; module=DefiKernel.Composition.Execution; axioms=[propext]
AXIOM AUDIT theorem: DefiKernel.Composition.Step.issue.sizeOf_spec; module=DefiKernel.Composition.Execution; axioms=[]
AXIOM AUDIT theorem: DefiKernel.Composition.Step.revoke.inj; module=DefiKernel.Composition.Execution; axioms=[]
AXIOM AUDIT theorem: DefiKernel.Composition.Step.revoke.injEq; module=DefiKernel.Composition.Execution; axioms=[propext]
AXIOM AUDIT theorem: DefiKernel.Composition.Step.revoke.sizeOf_spec; module=DefiKernel.Composition.Execution; axioms=[]
AXIOM AUDIT theorem: DefiKernel.Composition.StepResult.mk.inj; module=DefiKernel.Composition.Execution; axioms=[propext,
 Quot.sound]
AXIOM AUDIT theorem: DefiKernel.Composition.StepResult.mk.injEq; module=DefiKernel.Composition.Execution; axioms=[propext,
 Quot.sound]
AXIOM AUDIT theorem: DefiKernel.Composition.StepResult.mk.sizeOf_spec; module=DefiKernel.Composition.Execution; axioms=[propext,
 Quot.sound]
AXIOM AUDIT theorem: DefiKernel.Composition.TraceSound.event_invariants._simp_1_1; module=DefiKernel.Composition.Preservation; axioms=[propext]
AXIOM AUDIT theorem: DefiKernel.Composition.TraceSound.event_invariants._simp_1_2; module=DefiKernel.Composition.Preservation; axioms=[propext]
AXIOM AUDIT theorem: DefiKernel.Composition.TraceSound.locality._simp_1_2; module=DefiKernel.Composition.Preservation; axioms=[propext]
AXIOM AUDIT theorem: DefiKernel.Composition.TraceSound.locality._simp_1_3; module=DefiKernel.Composition.Preservation; axioms=[propext]
AXIOM AUDIT theorem: DefiKernel.Composition.TraceSound.steps._simp_1_2; module=DefiKernel.Composition.Preservation; axioms=[propext]
AXIOM AUDIT theorem: DefiKernel.Composition.TraceSound.steps._simp_1_3; module=DefiKernel.Composition.Preservation; axioms=[propext]
AXIOM AUDIT theorem: DefiKernel.Composition.instDecidableEqComponent.decEq._proof_1; module=DefiKernel.Composition.Interfaces; axioms=[]
AXIOM AUDIT theorem: DefiKernel.Composition.instDecidableEqComponent.decEq._proof_2; module=DefiKernel.Composition.Interfaces; axioms=[]
AXIOM AUDIT theorem: DefiKernel.Composition.instDecidableEqComponent.decEq._proof_3; module=DefiKernel.Composition.Interfaces; axioms=[]
AXIOM AUDIT theorem: DefiKernel.Composition.instDecidableEqComponent.decEq._proof_4; module=DefiKernel.Composition.Interfaces; axioms=[]
AXIOM AUDIT theorem: DefiKernel.Composition.instDecidableEqComponent.decEq._proof_5; module=DefiKernel.Composition.Interfaces; axioms=[]
AXIOM AUDIT theorem: DefiKernel.Composition.instDecidableEqComponent.decEq._proof_6; module=DefiKernel.Composition.Interfaces; axioms=[]
AXIOM AUDIT theorem: DefiKernel.Composition.instDecidableEqComponentId.decEq._proof_1; module=DefiKernel.Composition.Interfaces; axioms=[]
AXIOM AUDIT theorem: DefiKernel.Composition.instDecidableEqComponentId.decEq._proof_2; module=DefiKernel.Composition.Interfaces; axioms=[]
AXIOM AUDIT theorem: DefiKernel.Composition.instDecidableEqFailure.decEq._proof_1; module=DefiKernel.Composition.Execution; axioms=[]
AXIOM AUDIT theorem: DefiKernel.Composition.instDecidableEqFailure.decEq._proof_10; module=DefiKernel.Composition.Execution; axioms=[]
AXIOM AUDIT theorem: DefiKernel.Composition.instDecidableEqFailure.decEq._proof_11; module=DefiKernel.Composition.Execution; axioms=[]
AXIOM AUDIT theorem: DefiKernel.Composition.instDecidableEqFailure.decEq._proof_12; module=DefiKernel.Composition.Execution; axioms=[]
AXIOM AUDIT theorem: DefiKernel.Composition.instDecidableEqFailure.decEq._proof_13; module=DefiKernel.Composition.Execution; axioms=[]
AXIOM AUDIT theorem: DefiKernel.Composition.instDecidableEqFailure.decEq._proof_14; module=DefiKernel.Composition.Execution; axioms=[]
AXIOM AUDIT theorem: DefiKernel.Composition.instDecidableEqFailure.decEq._proof_15; module=DefiKernel.Composition.Execution; axioms=[]
AXIOM AUDIT theorem: DefiKernel.Composition.instDecidableEqFailure.decEq._proof_16; module=DefiKernel.Composition.Execution; axioms=[]
AXIOM AUDIT theorem: DefiKernel.Composition.instDecidableEqFailure.decEq._proof_17; module=DefiKernel.Composition.Execution; axioms=[]
AXIOM AUDIT theorem: DefiKernel.Composition.instDecidableEqFailure.decEq._proof_18; module=DefiKernel.Composition.Execution; axioms=[]
AXIOM AUDIT theorem: DefiKernel.Composition.instDecidableEqFailure.decEq._proof_19; module=DefiKernel.Composition.Execution; axioms=[]
AXIOM AUDIT theorem: DefiKernel.Composition.instDecidableEqFailure.decEq._proof_2; module=DefiKernel.Composition.Execution; axioms=[]
AXIOM AUDIT theorem: DefiKernel.Composition.instDecidableEqFailure.decEq._proof_20; module=DefiKernel.Composition.Execution; axioms=[]
AXIOM AUDIT theorem: DefiKernel.Composition.instDecidableEqFailure.decEq._proof_21; module=DefiKernel.Composition.Execution; axioms=[]
AXIOM AUDIT theorem: DefiKernel.Composition.instDecidableEqFailure.decEq._proof_22; module=DefiKernel.Composition.Execution; axioms=[]
AXIOM AUDIT theorem: DefiKernel.Composition.instDecidableEqFailure.decEq._proof_23; module=DefiKernel.Composition.Execution; axioms=[]
AXIOM AUDIT theorem: DefiKernel.Composition.instDecidableEqFailure.decEq._proof_24; module=DefiKernel.Composition.Execution; axioms=[]
AXIOM AUDIT theorem: DefiKernel.Composition.instDecidableEqFailure.decEq._proof_25; module=DefiKernel.Composition.Execution; axioms=[]
AXIOM AUDIT theorem: DefiKernel.Composition.instDecidableEqFailure.decEq._proof_26; module=DefiKernel.Composition.Execution; axioms=[]
AXIOM AUDIT theorem: DefiKernel.Composition.instDecidableEqFailure.decEq._proof_3; module=DefiKernel.Composition.Execution; axioms=[]
AXIOM AUDIT theorem: DefiKernel.Composition.instDecidableEqFailure.decEq._proof_4; module=DefiKernel.Composition.Execution; axioms=[]
AXIOM AUDIT theorem: DefiKernel.Composition.instDecidableEqFailure.decEq._proof_5; module=DefiKernel.Composition.Execution; axioms=[]
AXIOM AUDIT theorem: DefiKernel.Composition.instDecidableEqFailure.decEq._proof_6; module=DefiKernel.Composition.Execution; axioms=[]
AXIOM AUDIT theorem: DefiKernel.Composition.instDecidableEqFailure.decEq._proof_7; module=DefiKernel.Composition.Execution; axioms=[]
AXIOM AUDIT theorem: DefiKernel.Composition.instDecidableEqFailure.decEq._proof_8; module=DefiKernel.Composition.Execution; axioms=[]
AXIOM AUDIT theorem: DefiKernel.Composition.instDecidableEqFailure.decEq._proof_9; module=DefiKernel.Composition.Execution; axioms=[]
AXIOM AUDIT theorem: DefiKernel.Composition.instDecidableEqInputPort.decEq._proof_1; module=DefiKernel.Composition.Interfaces; axioms=[]
AXIOM AUDIT theorem: DefiKernel.Composition.instDecidableEqInputPort.decEq._proof_2; module=DefiKernel.Composition.Interfaces; axioms=[]
AXIOM AUDIT theorem: DefiKernel.Composition.instDecidableEqInputPort.decEq._proof_3; module=DefiKernel.Composition.Interfaces; axioms=[]
AXIOM AUDIT theorem: DefiKernel.Composition.instDecidableEqInterfaceFailure.decEq._proof_1; module=DefiKernel.Composition.Interfaces; axioms=[]
AXIOM AUDIT theorem: DefiKernel.Composition.instDecidableEqInterfaceFailure.decEq._proof_10; module=DefiKernel.Composition.Interfaces; axioms=[]
AXIOM AUDIT theorem: DefiKernel.Composition.instDecidableEqInterfaceFailure.decEq._proof_11; module=DefiKernel.Composition.Interfaces; axioms=[]
AXIOM AUDIT theorem: DefiKernel.Composition.instDecidableEqInterfaceFailure.decEq._proof_12; module=DefiKernel.Composition.Interfaces; axioms=[]
AXIOM AUDIT theorem: DefiKernel.Composition.instDecidableEqInterfaceFailure.decEq._proof_13; module=DefiKernel.Composition.Interfaces; axioms=[]
AXIOM AUDIT theorem: DefiKernel.Composition.instDecidableEqInterfaceFailure.decEq._proof_14; module=DefiKernel.Composition.Interfaces; axioms=[]
AXIOM AUDIT theorem: DefiKernel.Composition.instDecidableEqInterfaceFailure.decEq._proof_15; module=DefiKernel.Composition.Interfaces; axioms=[]
AXIOM AUDIT theorem: DefiKernel.Composition.instDecidableEqInterfaceFailure.decEq._proof_16; module=DefiKernel.Composition.Interfaces; axioms=[]
AXIOM AUDIT theorem: DefiKernel.Composition.instDecidableEqInterfaceFailure.decEq._proof_17; module=DefiKernel.Composition.Interfaces; axioms=[]
AXIOM AUDIT theorem: DefiKernel.Composition.instDecidableEqInterfaceFailure.decEq._proof_18; module=DefiKernel.Composition.Interfaces; axioms=[]
AXIOM AUDIT theorem: DefiKernel.Composition.instDecidableEqInterfaceFailure.decEq._proof_19; module=DefiKernel.Composition.Interfaces; axioms=[]
AXIOM AUDIT theorem: DefiKernel.Composition.instDecidableEqInterfaceFailure.decEq._proof_2; module=DefiKernel.Composition.Interfaces; axioms=[]
AXIOM AUDIT theorem: DefiKernel.Composition.instDecidableEqInterfaceFailure.decEq._proof_20; module=DefiKernel.Composition.Interfaces; axioms=[]
AXIOM AUDIT theorem: DefiKernel.Composition.instDecidableEqInterfaceFailure.decEq._proof_21; module=DefiKernel.Composition.Interfaces; axioms=[]
AXIOM AUDIT theorem: DefiKernel.Composition.instDecidableEqInterfaceFailure.decEq._proof_22; module=DefiKernel.Composition.Interfaces; axioms=[]
AXIOM AUDIT theorem: DefiKernel.Composition.instDecidableEqInterfaceFailure.decEq._proof_23; module=DefiKernel.Composition.Interfaces; axioms=[]
AXIOM AUDIT theorem: DefiKernel.Composition.instDecidableEqInterfaceFailure.decEq._proof_24; module=DefiKernel.Composition.Interfaces; axioms=[]
AXIOM AUDIT theorem: DefiKernel.Composition.instDecidableEqInterfaceFailure.decEq._proof_25; module=DefiKernel.Composition.Interfaces; axioms=[]
AXIOM AUDIT theorem: DefiKernel.Composition.instDecidableEqInterfaceFailure.decEq._proof_26; module=DefiKernel.Composition.Interfaces; axioms=[]
AXIOM AUDIT theorem: DefiKernel.Composition.instDecidableEqInterfaceFailure.decEq._proof_27; module=DefiKernel.Composition.Interfaces; axioms=[]
AXIOM AUDIT theorem: DefiKernel.Composition.instDecidableEqInterfaceFailure.decEq._proof_28; module=DefiKernel.Composition.Interfaces; axioms=[]
AXIOM AUDIT theorem: DefiKernel.Composition.instDecidableEqInterfaceFailure.decEq._proof_29; module=DefiKernel.Composition.Interfaces; axioms=[]
AXIOM AUDIT theorem: DefiKernel.Composition.instDecidableEqInterfaceFailure.decEq._proof_3; module=DefiKernel.Composition.Interfaces; axioms=[]
AXIOM AUDIT theorem: DefiKernel.Composition.instDecidableEqInterfaceFailure.decEq._proof_30; module=DefiKernel.Composition.Interfaces; axioms=[]
AXIOM AUDIT theorem: DefiKernel.Composition.instDecidableEqInterfaceFailure.decEq._proof_31; module=DefiKernel.Composition.Interfaces; axioms=[]
AXIOM AUDIT theorem: DefiKernel.Composition.instDecidableEqInterfaceFailure.decEq._proof_32; module=DefiKernel.Composition.Interfaces; axioms=[]
AXIOM AUDIT theorem: DefiKernel.Composition.instDecidableEqInterfaceFailure.decEq._proof_33; module=DefiKernel.Composition.Interfaces; axioms=[]
AXIOM AUDIT theorem: DefiKernel.Composition.instDecidableEqInterfaceFailure.decEq._proof_34; module=DefiKernel.Composition.Interfaces; axioms=[]
AXIOM AUDIT theorem: DefiKernel.Composition.instDecidableEqInterfaceFailure.decEq._proof_35; module=DefiKernel.Composition.Interfaces; axioms=[]
AXIOM AUDIT theorem: DefiKernel.Composition.instDecidableEqInterfaceFailure.decEq._proof_36; module=DefiKernel.Composition.Interfaces; axioms=[]
AXIOM AUDIT theorem: DefiKernel.Composition.instDecidableEqInterfaceFailure.decEq._proof_37; module=DefiKernel.Composition.Interfaces; axioms=[]
AXIOM AUDIT theorem: DefiKernel.Composition.instDecidableEqInterfaceFailure.decEq._proof_38; module=DefiKernel.Composition.Interfaces; axioms=[]
AXIOM AUDIT theorem: DefiKernel.Composition.instDecidableEqInterfaceFailure.decEq._proof_39; module=DefiKernel.Composition.Interfaces; axioms=[]
AXIOM AUDIT theorem: DefiKernel.Composition.instDecidableEqInterfaceFailure.decEq._proof_4; module=DefiKernel.Composition.Interfaces; axioms=[]
AXIOM AUDIT theorem: DefiKernel.Composition.instDecidableEqInterfaceFailure.decEq._proof_40; module=DefiKernel.Composition.Interfaces; axioms=[]
AXIOM AUDIT theorem: DefiKernel.Composition.instDecidableEqInterfaceFailure.decEq._proof_41; module=DefiKernel.Composition.Interfaces; axioms=[]
AXIOM AUDIT theorem: DefiKernel.Composition.instDecidableEqInterfaceFailure.decEq._proof_42; module=DefiKernel.Composition.Interfaces; axioms=[]
AXIOM AUDIT theorem: DefiKernel.Composition.instDecidableEqInterfaceFailure.decEq._proof_43; module=DefiKernel.Composition.Interfaces; axioms=[]
AXIOM AUDIT theorem: DefiKernel.Composition.instDecidableEqInterfaceFailure.decEq._proof_44; module=DefiKernel.Composition.Interfaces; axioms=[]
AXIOM AUDIT theorem: DefiKernel.Composition.instDecidableEqInterfaceFailure.decEq._proof_5; module=DefiKernel.Composition.Interfaces; axioms=[]
AXIOM AUDIT theorem: DefiKernel.Composition.instDecidableEqInterfaceFailure.decEq._proof_6; module=DefiKernel.Composition.Interfaces; axioms=[]
AXIOM AUDIT theorem: DefiKernel.Composition.instDecidableEqInterfaceFailure.decEq._proof_7; module=DefiKernel.Composition.Interfaces; axioms=[]
AXIOM AUDIT theorem: DefiKernel.Composition.instDecidableEqInterfaceFailure.decEq._proof_8; module=DefiKernel.Composition.Interfaces; axioms=[]
AXIOM AUDIT theorem: DefiKernel.Composition.instDecidableEqInterfaceFailure.decEq._proof_9; module=DefiKernel.Composition.Interfaces; axioms=[]
AXIOM AUDIT theorem: DefiKernel.Composition.instDecidableEqOperationInterface.decEq._proof_1; module=DefiKernel.Composition.Interfaces; axioms=[]
AXIOM AUDIT theorem: DefiKernel.Composition.instDecidableEqOperationInterface.decEq._proof_2; module=DefiKernel.Composition.Interfaces; axioms=[]
AXIOM AUDIT theorem: DefiKernel.Composition.instDecidableEqOperationInterface.decEq._proof_3; module=DefiKernel.Composition.Interfaces; axioms=[]
AXIOM AUDIT theorem: DefiKernel.Composition.instDecidableEqOperationInterface.decEq._proof_4; module=DefiKernel.Composition.Interfaces; axioms=[]
AXIOM AUDIT theorem: DefiKernel.Composition.instDecidableEqOutputPort.decEq._proof_1; module=DefiKernel.Composition.Interfaces; axioms=[]
AXIOM AUDIT theorem: DefiKernel.Composition.instDecidableEqOutputPort.decEq._proof_2; module=DefiKernel.Composition.Interfaces; axioms=[]
AXIOM AUDIT theorem: DefiKernel.Composition.instDecidableEqOutputPort.decEq._proof_3; module=DefiKernel.Composition.Interfaces; axioms=[]
AXIOM AUDIT theorem: DefiKernel.Composition.instDecidableEqPortId.decEq._proof_1; module=DefiKernel.Composition.Interfaces; axioms=[]
AXIOM AUDIT theorem: DefiKernel.Composition.instDecidableEqPortId.decEq._proof_2; module=DefiKernel.Composition.Interfaces; axioms=[]
AXIOM AUDIT theorem: DefiKernel.Composition.instDecidableEqQualifiedPort.decEq._proof_1; module=DefiKernel.Composition.Interfaces; axioms=[]
AXIOM AUDIT theorem: DefiKernel.Composition.instDecidableEqQualifiedPort.decEq._proof_2; module=DefiKernel.Composition.Interfaces; axioms=[]
AXIOM AUDIT theorem: DefiKernel.Composition.instDecidableEqQualifiedPort.decEq._proof_3; module=DefiKernel.Composition.Interfaces; axioms=[]
AXIOM AUDIT theorem: DefiKernel.Composition.instDecidableEqResourceImport.decEq._proof_1; module=DefiKernel.Composition.Interfaces; axioms=[]
AXIOM AUDIT theorem: DefiKernel.Composition.instDecidableEqResourceImport.decEq._proof_2; module=DefiKernel.Composition.Interfaces; axioms=[]
AXIOM AUDIT theorem: DefiKernel.Composition.instDecidableEqResourceImport.decEq._proof_3; module=DefiKernel.Composition.Interfaces; axioms=[]
AXIOM AUDIT theorem: DefiKernel.Composition.instDecidableEqResourceImport.decEq._proof_4; module=DefiKernel.Composition.Interfaces; axioms=[]
AXIOM AUDIT theorem: DefiKernel.Composition.instDecidableEqResourcePort.decEq._proof_1; module=DefiKernel.Composition.Interfaces; axioms=[]
AXIOM AUDIT theorem: DefiKernel.Composition.instDecidableEqResourcePort.decEq._proof_2; module=DefiKernel.Composition.Interfaces; axioms=[]
AXIOM AUDIT theorem: DefiKernel.Composition.instDecidableEqResourcePort.decEq._proof_3; module=DefiKernel.Composition.Interfaces; axioms=[]
AXIOM AUDIT theorem: DefiKernel.Composition.instDecidableEqResourcePort.decEq._proof_4; module=DefiKernel.Composition.Interfaces; axioms=[]
AXIOM AUDIT theorem: _private.DefiKernel.Composition.Execution.0.DefiKernel.Composition.executeStep.match_5.eq_1; module=DefiKernel.Composition.Execution; axioms=[]
AXIOM AUDIT theorem: _private.DefiKernel.Composition.Execution.0.DefiKernel.Composition.executeStep.match_5.eq_2; module=DefiKernel.Composition.Execution; axioms=[]
AXIOM AUDIT theorem: _private.DefiKernel.Composition.Execution.0.DefiKernel.Composition.executeStep.match_5.eq_3; module=DefiKernel.Composition.Execution; axioms=[]
AXIOM AUDIT theorem: _private.DefiKernel.Composition.Interfaces.0.DefiKernel.Composition.resolveSource.match_3.eq_1; module=DefiKernel.Composition.Interfaces; axioms=[]
AXIOM AUDIT theorem: _private.DefiKernel.Composition.Interfaces.0.DefiKernel.Composition.resolveSource.match_3.eq_2; module=DefiKernel.Composition.Interfaces; axioms=[]
AXIOM AUDIT theorem: _private.DefiKernel.Composition.Interfaces.0.DefiKernel.Composition.validateCatalog.match_1.eq_1; module=DefiKernel.Composition.Interfaces; axioms=[]
AXIOM AUDIT theorem: _private.DefiKernel.Composition.Interfaces.0.DefiKernel.Composition.validateCatalog.match_1.eq_2; module=DefiKernel.Composition.Interfaces; axioms=[]
AXIOM AUDIT theorem: _private.DefiKernel.Composition.Sequence.0.DefiKernel.Composition.RefusalSound.match_1.eq_1; module=DefiKernel.Composition.Sequence; axioms=[]
AXIOM AUDIT theorem: _private.DefiKernel.Composition.Sequence.0.DefiKernel.Composition.RefusalSound.match_1.eq_2; module=DefiKernel.Composition.Sequence; axioms=[]
AXIOM AUDIT theorem: DefiKernel.Composition.Receipt.supply._sparseCasesOn_1.else_eq; module=DefiKernel.Composition.Execution; axioms=[propext]
AXIOM AUDIT theorem: DefiKernel.Composition.Tests.ExpectedEvent.mk.inj; module=DefiKernel.Composition.Tests; axioms=[]
AXIOM AUDIT theorem: DefiKernel.Composition.Tests.ExpectedEvent.mk.injEq; module=DefiKernel.Composition.Tests; axioms=[propext]
AXIOM AUDIT theorem: DefiKernel.Composition.Tests.ExpectedEvent.mk.sizeOf_spec; module=DefiKernel.Composition.Tests; axioms=[]
AXIOM AUDIT theorem: _private.DefiKernel.Composition.Execution.0.DefiKernel.Composition.Receipt.supply.match_1.eq_1; module=DefiKernel.Composition.Execution; axioms=[propext]
AXIOM AUDIT theorem: _private.DefiKernel.Composition.Execution.0.DefiKernel.Composition.Receipt.supply.match_1.eq_2; module=DefiKernel.Composition.Execution; axioms=[propext]
AXIOM AUDIT declaration: DefiKernel.Composition.AgreeOn; module=DefiKernel.Composition.Contracts; kind=definition; axioms=[propext,
 Quot.sound]
AXIOM AUDIT declaration: DefiKernel.Composition.Catalog; module=DefiKernel.Composition.Interfaces; kind=definition; axioms=[]
AXIOM AUDIT declaration: DefiKernel.Composition.Initial; module=DefiKernel.Composition.Contracts; kind=definition; axioms=[propext,
 Quot.sound]
AXIOM AUDIT declaration: DefiKernel.Composition.ReceiptAuthorized; module=DefiKernel.Composition.Execution; kind=definition; axioms=[propext,
 Classical.choice,
 Quot.sound]
AXIOM AUDIT declaration: DefiKernel.Composition.RefusalSound; module=DefiKernel.Composition.Sequence; kind=definition; axioms=[propext,
 Classical.choice,
 Quot.sound]
AXIOM AUDIT declaration: DefiKernel.Composition.Supports; module=DefiKernel.Composition.Contracts; kind=definition; axioms=[propext,
 Quot.sound]
AXIOM AUDIT declaration: DefiKernel.Composition.World; module=DefiKernel.Composition.Contracts; kind=definition; axioms=[propext,
 Quot.sound]
AXIOM AUDIT declaration: DefiKernel.Composition.advance; module=DefiKernel.Composition.Sequence; kind=definition; axioms=[propext,
 Classical.choice,
 Quot.sound]
AXIOM AUDIT declaration: DefiKernel.Composition.checkAccess; module=DefiKernel.Composition.Interfaces; kind=definition; axioms=[propext]
AXIOM AUDIT declaration: DefiKernel.Composition.continueRun; module=DefiKernel.Composition.Sequence; kind=definition; axioms=[propext,
 Classical.choice,
 Quot.sound]
AXIOM AUDIT declaration: DefiKernel.Composition.executeStep; module=DefiKernel.Composition.Execution; kind=definition; axioms=[propext,
 Classical.choice,
 Quot.sound]
AXIOM AUDIT declaration: DefiKernel.Composition.extractReceipt; module=DefiKernel.Composition.Execution; kind=definition; axioms=[propext,
 Classical.choice,
 Quot.sound]
AXIOM AUDIT declaration: DefiKernel.Composition.instDecidableEqComponent; module=DefiKernel.Composition.Interfaces; kind=definition; axioms=[]
AXIOM AUDIT declaration: DefiKernel.Composition.instDecidableEqComponentId; module=DefiKernel.Composition.Interfaces; kind=definition; axioms=[]
AXIOM AUDIT declaration: DefiKernel.Composition.instDecidableEqFailure; module=DefiKernel.Composition.Execution; kind=definition; axioms=[]
AXIOM AUDIT declaration: DefiKernel.Composition.instDecidableEqInputPort; module=DefiKernel.Composition.Interfaces; kind=definition; axioms=[]
AXIOM AUDIT declaration: DefiKernel.Composition.instDecidableEqInterfaceFailure; module=DefiKernel.Composition.Interfaces; kind=definition; axioms=[]
AXIOM AUDIT declaration: DefiKernel.Composition.instDecidableEqOperationInterface; module=DefiKernel.Composition.Interfaces; kind=definition; axioms=[]
AXIOM AUDIT declaration: DefiKernel.Composition.instDecidableEqOutputPort; module=DefiKernel.Composition.Interfaces; kind=definition; axioms=[]
AXIOM AUDIT declaration: DefiKernel.Composition.instDecidableEqPortId; module=DefiKernel.Composition.Interfaces; kind=definition; axioms=[]
AXIOM AUDIT declaration: DefiKernel.Composition.instDecidableEqQualifiedPort; module=DefiKernel.Composition.Interfaces; kind=definition; axioms=[]
AXIOM AUDIT declaration: DefiKernel.Composition.instDecidableEqResourceImport; module=DefiKernel.Composition.Interfaces; kind=definition; axioms=[]
AXIOM AUDIT declaration: DefiKernel.Composition.instDecidableEqResourcePort; module=DefiKernel.Composition.Interfaces; kind=definition; axioms=[]
AXIOM AUDIT declaration: DefiKernel.Composition.instReprComponent; module=DefiKernel.Composition.Interfaces; kind=definition; axioms=[propext]
AXIOM AUDIT declaration: DefiKernel.Composition.instReprComponentId; module=DefiKernel.Composition.Interfaces; kind=definition; axioms=[]
AXIOM AUDIT declaration: DefiKernel.Composition.instReprFailure; module=DefiKernel.Composition.Execution; kind=definition; axioms=[]
AXIOM AUDIT declaration: DefiKernel.Composition.instReprInputPort; module=DefiKernel.Composition.Interfaces; kind=definition; axioms=[]
AXIOM AUDIT declaration: DefiKernel.Composition.instReprInterfaceFailure; module=DefiKernel.Composition.Interfaces; kind=definition; axioms=[]
AXIOM AUDIT declaration: DefiKernel.Composition.instReprOperationInterface; module=DefiKernel.Composition.Interfaces; kind=definition; axioms=[propext]
AXIOM AUDIT declaration: DefiKernel.Composition.instReprOutputPort; module=DefiKernel.Composition.Interfaces; kind=definition; axioms=[propext]
AXIOM AUDIT declaration: DefiKernel.Composition.instReprPortId; module=DefiKernel.Composition.Interfaces; kind=definition; axioms=[]
AXIOM AUDIT declaration: DefiKernel.Composition.instReprQualifiedPort; module=DefiKernel.Composition.Interfaces; kind=definition; axioms=[]
AXIOM AUDIT declaration: DefiKernel.Composition.instReprResourceImport; module=DefiKernel.Composition.Interfaces; kind=definition; axioms=[propext]
AXIOM AUDIT declaration: DefiKernel.Composition.instReprResourcePort; module=DefiKernel.Composition.Interfaces; kind=definition; axioms=[propext]
AXIOM AUDIT declaration: DefiKernel.Composition.lookupOperation; module=DefiKernel.Composition.Interfaces; kind=definition; axioms=[]
AXIOM AUDIT declaration: DefiKernel.Composition.prepareInvocation; module=DefiKernel.Composition.Execution; kind=definition; axioms=[propext]
AXIOM AUDIT declaration: DefiKernel.Composition.resolveInputs; module=DefiKernel.Composition.Interfaces; kind=definition; axioms=[]
AXIOM AUDIT declaration: DefiKernel.Composition.resolveSource; module=DefiKernel.Composition.Interfaces; kind=definition; axioms=[]
AXIOM AUDIT declaration: DefiKernel.Composition.run; module=DefiKernel.Composition.Sequence; kind=definition; axioms=[propext,
 Classical.choice,
 Quot.sound]
AXIOM AUDIT declaration: DefiKernel.Composition.runtimeChecks; module=DefiKernel.Composition.Audit; kind=definition; axioms=[propext,
 Classical.choice,
 Quot.sound]
AXIOM AUDIT declaration: DefiKernel.Composition.snapshots; module=DefiKernel.Composition.Interfaces; kind=definition; axioms=[propext,
 Quot.sound]
AXIOM AUDIT declaration: DefiKernel.Composition.startCursor; module=DefiKernel.Composition.Sequence; kind=definition; axioms=[propext,
 Quot.sound]
AXIOM AUDIT declaration: DefiKernel.Composition.traceSupply; module=DefiKernel.Composition.Preservation; kind=definition; axioms=[propext,
 Classical.choice,
 Quot.sound]
AXIOM AUDIT declaration: DefiKernel.Composition.traceWrites; module=DefiKernel.Composition.Preservation; kind=definition; axioms=[propext,
 Quot.sound]
AXIOM AUDIT declaration: DefiKernel.Composition.validateCatalog; module=DefiKernel.Composition.Interfaces; kind=definition; axioms=[propext]
AXIOM AUDIT declaration: DefiKernel.Composition.Boundary._sizeOf_1; module=DefiKernel.Composition.Execution; kind=definition; axioms=[]
AXIOM AUDIT declaration: DefiKernel.Composition.Boundary._sizeOf_inst; module=DefiKernel.Composition.Execution; kind=definition; axioms=[]
AXIOM AUDIT declaration: DefiKernel.Composition.Boundary.casesOn; module=DefiKernel.Composition.Execution; kind=definition; axioms=[]
AXIOM AUDIT declaration: DefiKernel.Composition.Boundary.ctorIdx; module=DefiKernel.Composition.Execution; kind=definition; axioms=[]
AXIOM AUDIT declaration: DefiKernel.Composition.Boundary.ctx; module=DefiKernel.Composition.Execution; kind=definition; axioms=[]
AXIOM AUDIT declaration: DefiKernel.Composition.Boundary.env; module=DefiKernel.Composition.Execution; kind=definition; axioms=[]
AXIOM AUDIT declaration: DefiKernel.Composition.Boundary.noConfusion; module=DefiKernel.Composition.Execution; kind=definition; axioms=[]
AXIOM AUDIT declaration: DefiKernel.Composition.Boundary.noConfusionType; module=DefiKernel.Composition.Execution; kind=definition; axioms=[]
AXIOM AUDIT declaration: DefiKernel.Composition.Boundary.now; module=DefiKernel.Composition.Execution; kind=definition; axioms=[]
AXIOM AUDIT declaration: DefiKernel.Composition.Boundary.recOn; module=DefiKernel.Composition.Execution; kind=definition; axioms=[]
AXIOM AUDIT declaration: DefiKernel.Composition.Component._sizeOf_1; module=DefiKernel.Composition.Interfaces; kind=definition; axioms=[]
AXIOM AUDIT declaration: DefiKernel.Composition.Component._sizeOf_inst; module=DefiKernel.Composition.Interfaces; kind=definition; axioms=[]
AXIOM AUDIT declaration: DefiKernel.Composition.Component.canRead; module=DefiKernel.Composition.Interfaces; kind=definition; axioms=[propext]
AXIOM AUDIT declaration: DefiKernel.Composition.Component.canWrite; module=DefiKernel.Composition.Interfaces; kind=definition; axioms=[propext]
AXIOM AUDIT declaration: DefiKernel.Composition.Component.casesOn; module=DefiKernel.Composition.Interfaces; kind=definition; axioms=[]
AXIOM AUDIT declaration: DefiKernel.Composition.Component.ctorIdx; module=DefiKernel.Composition.Interfaces; kind=definition; axioms=[]
AXIOM AUDIT declaration: DefiKernel.Composition.Component.exports; module=DefiKernel.Composition.Interfaces; kind=definition; axioms=[]
AXIOM AUDIT declaration: DefiKernel.Composition.Component.id; module=DefiKernel.Composition.Interfaces; kind=definition; axioms=[]
AXIOM AUDIT declaration: DefiKernel.Composition.Component.imports; module=DefiKernel.Composition.Interfaces; kind=definition; axioms=[]
AXIOM AUDIT declaration: DefiKernel.Composition.Component.noConfusion; module=DefiKernel.Composition.Interfaces; kind=definition; axioms=[]
AXIOM AUDIT declaration: DefiKernel.Composition.Component.noConfusionType; module=DefiKernel.Composition.Interfaces; kind=definition; axioms=[]
AXIOM AUDIT declaration: DefiKernel.Composition.Component.operations; module=DefiKernel.Composition.Interfaces; kind=definition; axioms=[]
AXIOM AUDIT declaration: DefiKernel.Composition.Component.portIds; module=DefiKernel.Composition.Interfaces; kind=definition; axioms=[]
AXIOM AUDIT declaration: DefiKernel.Composition.Component.privateCells; module=DefiKernel.Composition.Interfaces; kind=definition; axioms=[]
AXIOM AUDIT declaration: DefiKernel.Composition.Component.recOn; module=DefiKernel.Composition.Interfaces; kind=definition; axioms=[]
AXIOM AUDIT declaration: DefiKernel.Composition.ComponentContract._sizeOf_1; module=DefiKernel.Composition.Contracts; kind=definition; axioms=[propext,
 Quot.sound]
AXIOM AUDIT declaration: DefiKernel.Composition.ComponentContract._sizeOf_inst; module=DefiKernel.Composition.Contracts; kind=definition; axioms=[propext,
 Quot.sound]
AXIOM AUDIT declaration: DefiKernel.Composition.ComponentContract.assumes; module=DefiKernel.Composition.Contracts; kind=definition; axioms=[propext,
 Quot.sound]
AXIOM AUDIT declaration: DefiKernel.Composition.ComponentContract.casesOn; module=DefiKernel.Composition.Contracts; kind=definition; axioms=[propext,
 Quot.sound]
AXIOM AUDIT declaration: DefiKernel.Composition.ComponentContract.ctorIdx; module=DefiKernel.Composition.Contracts; kind=definition; axioms=[propext,
 Quot.sound]
AXIOM AUDIT declaration: DefiKernel.Composition.ComponentContract.guarantees; module=DefiKernel.Composition.Contracts; kind=definition; axioms=[propext,
 Quot.sound]
AXIOM AUDIT declaration: DefiKernel.Composition.ComponentContract.initial; module=DefiKernel.Composition.Contracts; kind=definition; axioms=[propext,
 Quot.sound]
AXIOM AUDIT declaration: DefiKernel.Composition.ComponentContract.invariant; module=DefiKernel.Composition.Contracts; kind=definition; axioms=[propext,
 Quot.sound]
AXIOM AUDIT declaration: DefiKernel.Composition.ComponentContract.noConfusion; module=DefiKernel.Composition.Contracts; kind=definition; axioms=[propext,
 Quot.sound]
AXIOM AUDIT declaration: DefiKernel.Composition.ComponentContract.noConfusionType; module=DefiKernel.Composition.Contracts; kind=definition; axioms=[propext,
 Quot.sound]
AXIOM AUDIT declaration: DefiKernel.Composition.ComponentContract.recOn; module=DefiKernel.Composition.Contracts; kind=definition; axioms=[propext,
 Quot.sound]
AXIOM AUDIT declaration: DefiKernel.Composition.ComponentId._sizeOf_1; module=DefiKernel.Composition.Interfaces; kind=definition; axioms=[]
AXIOM AUDIT declaration: DefiKernel.Composition.ComponentId._sizeOf_inst; module=DefiKernel.Composition.Interfaces; kind=definition; axioms=[]
AXIOM AUDIT declaration: DefiKernel.Composition.ComponentId.casesOn; module=DefiKernel.Composition.Interfaces; kind=definition; axioms=[]
AXIOM AUDIT declaration: DefiKernel.Composition.ComponentId.ctorIdx; module=DefiKernel.Composition.Interfaces; kind=definition; axioms=[]
AXIOM AUDIT declaration: DefiKernel.Composition.ComponentId.noConfusion; module=DefiKernel.Composition.Interfaces; kind=definition; axioms=[]
AXIOM AUDIT declaration: DefiKernel.Composition.ComponentId.noConfusionType; module=DefiKernel.Composition.Interfaces; kind=definition; axioms=[]
AXIOM AUDIT declaration: DefiKernel.Composition.ComponentId.recOn; module=DefiKernel.Composition.Interfaces; kind=definition; axioms=[]
AXIOM AUDIT declaration: DefiKernel.Composition.ComponentId.value; module=DefiKernel.Composition.Interfaces; kind=definition; axioms=[]
AXIOM AUDIT declaration: DefiKernel.Composition.Config._sizeOf_1; module=DefiKernel.Composition.Execution; kind=definition; axioms=[]
AXIOM AUDIT declaration: DefiKernel.Composition.Config._sizeOf_inst; module=DefiKernel.Composition.Execution; kind=definition; axioms=[]
AXIOM AUDIT declaration: DefiKernel.Composition.Config.authority; module=DefiKernel.Composition.Execution; kind=definition; axioms=[]
AXIOM AUDIT declaration: DefiKernel.Composition.Config.casesOn; module=DefiKernel.Composition.Execution; kind=definition; axioms=[]
AXIOM AUDIT declaration: DefiKernel.Composition.Config.catalog; module=DefiKernel.Composition.Execution; kind=definition; axioms=[]
AXIOM AUDIT declaration: DefiKernel.Composition.Config.ctorIdx; module=DefiKernel.Composition.Execution; kind=definition; axioms=[]
AXIOM AUDIT declaration: DefiKernel.Composition.Config.domainAdmin; module=DefiKernel.Composition.Execution; kind=definition; axioms=[]
AXIOM AUDIT declaration: DefiKernel.Composition.Config.noConfusion; module=DefiKernel.Composition.Execution; kind=definition; axioms=[]
AXIOM AUDIT declaration: DefiKernel.Composition.Config.noConfusionType; module=DefiKernel.Composition.Execution; kind=definition; axioms=[]
AXIOM AUDIT declaration: DefiKernel.Composition.Config.recOn; module=DefiKernel.Composition.Execution; kind=definition; axioms=[]
AXIOM AUDIT declaration: DefiKernel.Composition.Config.registry; module=DefiKernel.Composition.Execution; kind=definition; axioms=[]
AXIOM AUDIT declaration: DefiKernel.Composition.ContractObligations.casesOn; module=DefiKernel.Composition.Contracts; kind=definition; axioms=[propext,
 Quot.sound]
AXIOM AUDIT declaration: DefiKernel.Composition.ContractObligations.recOn; module=DefiKernel.Composition.Contracts; kind=definition; axioms=[propext,
 Quot.sound]
AXIOM AUDIT declaration: DefiKernel.Composition.Cursor._sizeOf_1; module=DefiKernel.Composition.Sequence; kind=definition; axioms=[propext,
 Quot.sound]
AXIOM AUDIT declaration: DefiKernel.Composition.Cursor._sizeOf_inst; module=DefiKernel.Composition.Sequence; kind=definition; axioms=[propext,
 Quot.sound]
AXIOM AUDIT declaration: DefiKernel.Composition.Cursor.casesOn; module=DefiKernel.Composition.Sequence; kind=definition; axioms=[propext,
 Quot.sound]
AXIOM AUDIT declaration: DefiKernel.Composition.Cursor.ctorIdx; module=DefiKernel.Composition.Sequence; kind=definition; axioms=[propext,
 Quot.sound]
AXIOM AUDIT declaration: DefiKernel.Composition.Cursor.events; module=DefiKernel.Composition.Sequence; kind=definition; axioms=[propext,
 Quot.sound]
AXIOM AUDIT declaration: DefiKernel.Composition.Cursor.failure; module=DefiKernel.Composition.Sequence; kind=definition; axioms=[propext,
 Quot.sound]
AXIOM AUDIT declaration: DefiKernel.Composition.Cursor.nextIndex; module=DefiKernel.Composition.Sequence; kind=definition; axioms=[propext,
 Quot.sound]
AXIOM AUDIT declaration: DefiKernel.Composition.Cursor.noConfusion; module=DefiKernel.Composition.Sequence; kind=definition; axioms=[propext,
 Quot.sound]
AXIOM AUDIT declaration: DefiKernel.Composition.Cursor.noConfusionType; module=DefiKernel.Composition.Sequence; kind=definition; axioms=[propext,
 Quot.sound]
AXIOM AUDIT declaration: DefiKernel.Composition.Cursor.outputs; module=DefiKernel.Composition.Sequence; kind=definition; axioms=[propext,
 Quot.sound]
AXIOM AUDIT declaration: DefiKernel.Composition.Cursor.recOn; module=DefiKernel.Composition.Sequence; kind=definition; axioms=[propext,
 Quot.sound]
AXIOM AUDIT declaration: DefiKernel.Composition.Cursor.world; module=DefiKernel.Composition.Sequence; kind=definition; axioms=[propext,
 Quot.sound]
AXIOM AUDIT declaration: DefiKernel.Composition.Event._sizeOf_1; module=DefiKernel.Composition.Sequence; kind=definition; axioms=[propext,
 Quot.sound]
AXIOM AUDIT declaration: DefiKernel.Composition.Event._sizeOf_inst; module=DefiKernel.Composition.Sequence; kind=definition; axioms=[propext,
 Quot.sound]
AXIOM AUDIT declaration: DefiKernel.Composition.Event.before; module=DefiKernel.Composition.Sequence; kind=definition; axioms=[propext,
 Quot.sound]
AXIOM AUDIT declaration: DefiKernel.Composition.Event.casesOn; module=DefiKernel.Composition.Sequence; kind=definition; axioms=[propext,
 Quot.sound]
AXIOM AUDIT declaration: DefiKernel.Composition.Event.ctorIdx; module=DefiKernel.Composition.Sequence; kind=definition; axioms=[propext,
 Quot.sound]
AXIOM AUDIT declaration: DefiKernel.Composition.Event.index; module=DefiKernel.Composition.Sequence; kind=definition; axioms=[propext,
 Quot.sound]
AXIOM AUDIT declaration: DefiKernel.Composition.Event.noConfusion; module=DefiKernel.Composition.Sequence; kind=definition; axioms=[propext,
 Quot.sound]
AXIOM AUDIT declaration: DefiKernel.Composition.Event.noConfusionType; module=DefiKernel.Composition.Sequence; kind=definition; axioms=[propext,
 Quot.sound]
AXIOM AUDIT declaration: DefiKernel.Composition.Event.recOn; module=DefiKernel.Composition.Sequence; kind=definition; axioms=[propext,
 Quot.sound]
AXIOM AUDIT declaration: DefiKernel.Composition.Event.result; module=DefiKernel.Composition.Sequence; kind=definition; axioms=[propext,
 Quot.sound]
AXIOM AUDIT declaration: DefiKernel.Composition.Event.step; module=DefiKernel.Composition.Sequence; kind=definition; axioms=[propext,
 Quot.sound]
AXIOM AUDIT declaration: DefiKernel.Composition.Examples.C; module=DefiKernel.Composition.Examples; kind=definition; axioms=[]
AXIOM AUDIT declaration: DefiKernel.Composition.Examples.S; module=DefiKernel.Composition.Examples; kind=definition; axioms=[]
AXIOM AUDIT declaration: DefiKernel.Composition.Examples.W; module=DefiKernel.Composition.Examples; kind=definition; axioms=[propext,
 Quot.sound]
AXIOM AUDIT declaration: DefiKernel.Composition.Examples.aliceShare; module=DefiKernel.Composition.Examples; kind=definition; axioms=[]
AXIOM AUDIT declaration: DefiKernel.Composition.Examples.aliceUsd; module=DefiKernel.Composition.Examples; kind=definition; axioms=[]
AXIOM AUDIT declaration: DefiKernel.Composition.Examples.bobUsd; module=DefiKernel.Composition.Examples; kind=definition; axioms=[]
AXIOM AUDIT declaration: DefiKernel.Composition.Examples.boundary; module=DefiKernel.Composition.Examples; kind=definition; axioms=[propext,
 Quot.sound]
AXIOM AUDIT declaration: DefiKernel.Composition.Examples.boundaryContract; module=DefiKernel.Composition.Examples; kind=definition; axioms=[propext,
 Classical.choice,
 Quot.sound]
AXIOM AUDIT declaration: DefiKernel.Composition.Examples.catalog; module=DefiKernel.Composition.Examples; kind=definition; axioms=[]
AXIOM AUDIT declaration: DefiKernel.Composition.Examples.cfg; module=DefiKernel.Composition.Examples; kind=definition; axioms=[propext,
 Quot.sound]
AXIOM AUDIT declaration: DefiKernel.Composition.Examples.collateral; module=DefiKernel.Composition.Examples; kind=definition; axioms=[]
AXIOM AUDIT declaration: DefiKernel.Composition.Examples.collateralContract; module=DefiKernel.Composition.Examples; kind=definition; axioms=[propext,
 Classical.choice,
 Quot.sound]
AXIOM AUDIT declaration: DefiKernel.Composition.Examples.depositInterface; module=DefiKernel.Composition.Examples; kind=definition; axioms=[]
AXIOM AUDIT declaration: DefiKernel.Composition.Examples.depositSource; module=DefiKernel.Composition.Examples; kind=definition; axioms=[]
AXIOM AUDIT declaration: DefiKernel.Composition.Examples.depositStep; module=DefiKernel.Composition.Examples; kind=definition; axioms=[]
AXIOM AUDIT declaration: DefiKernel.Composition.Examples.expectedStore; module=DefiKernel.Composition.Examples; kind=definition; axioms=[]
AXIOM AUDIT declaration: DefiKernel.Composition.Examples.initialWorld; module=DefiKernel.Composition.Examples; kind=definition; axioms=[propext,
 Quot.sound]
AXIOM AUDIT declaration: DefiKernel.Composition.Examples.routedDeposit; module=DefiKernel.Composition.Examples; kind=definition; axioms=[]
AXIOM AUDIT declaration: DefiKernel.Composition.Examples.transferInterface; module=DefiKernel.Composition.Examples; kind=definition; axioms=[]
AXIOM AUDIT declaration: DefiKernel.Composition.Examples.transferStep; module=DefiKernel.Composition.Examples; kind=definition; axioms=[]
AXIOM AUDIT declaration: DefiKernel.Composition.Examples.transferred; module=DefiKernel.Composition.Examples; kind=definition; axioms=[propext,
 Quot.sound]
AXIOM AUDIT declaration: DefiKernel.Composition.Examples.vaultUsd; module=DefiKernel.Composition.Examples; kind=definition; axioms=[]
AXIOM AUDIT declaration: DefiKernel.Composition.Examples.withdrawInterface; module=DefiKernel.Composition.Examples; kind=definition; axioms=[]
AXIOM AUDIT declaration: DefiKernel.Composition.Examples.withdrawStep; module=DefiKernel.Composition.Examples; kind=definition; axioms=[]
AXIOM AUDIT declaration: DefiKernel.Composition.Examples.workflow; module=DefiKernel.Composition.Examples; kind=definition; axioms=[propext,
 Quot.sound]
AXIOM AUDIT declaration: DefiKernel.Composition.ExecutionTests.adminBoundary; module=DefiKernel.Composition.ExecutionTests; kind=definition; axioms=[propext,
 Quot.sound]
AXIOM AUDIT declaration: DefiKernel.Composition.ExecutionTests.boundary; module=DefiKernel.Composition.ExecutionTests; kind=definition; axioms=[propext,
 Quot.sound]
AXIOM AUDIT declaration: DefiKernel.Composition.ExecutionTests.cfg; module=DefiKernel.Composition.ExecutionTests; kind=definition; axioms=[propext,
 Quot.sound]
AXIOM AUDIT declaration: DefiKernel.Composition.ExecutionTests.checks; module=DefiKernel.Composition.ExecutionTests; kind=definition; axioms=[propext,
 Classical.choice,
 Quot.sound]
AXIOM AUDIT declaration: DefiKernel.Composition.ExecutionTests.component; module=DefiKernel.Composition.ExecutionTests; kind=definition; axioms=[]
AXIOM AUDIT declaration: DefiKernel.Composition.ExecutionTests.iface; module=DefiKernel.Composition.ExecutionTests; kind=definition; axioms=[]
AXIOM AUDIT declaration: DefiKernel.Composition.ExecutionTests.invocation; module=DefiKernel.Composition.ExecutionTests; kind=definition; axioms=[propext,
 Quot.sound]
AXIOM AUDIT declaration: DefiKernel.Composition.ExecutionTests.refuses; module=DefiKernel.Composition.ExecutionTests; kind=definition; axioms=[propext,
 Quot.sound]
AXIOM AUDIT declaration: DefiKernel.Composition.ExecutionTests.run; module=DefiKernel.Composition.ExecutionTests; kind=definition; axioms=[propext,
 Classical.choice,
 Quot.sound]
AXIOM AUDIT declaration: DefiKernel.Composition.Failure._sizeOf_1; module=DefiKernel.Composition.Execution; kind=definition; axioms=[]
AXIOM AUDIT declaration: DefiKernel.Composition.Failure._sizeOf_inst; module=DefiKernel.Composition.Execution; kind=definition; axioms=[]
AXIOM AUDIT declaration: DefiKernel.Composition.Failure.casesOn; module=DefiKernel.Composition.Execution; kind=definition; axioms=[]
AXIOM AUDIT declaration: DefiKernel.Composition.Failure.ctorElim; module=DefiKernel.Composition.Execution; kind=definition; axioms=[]
AXIOM AUDIT declaration: DefiKernel.Composition.Failure.ctorElimType; module=DefiKernel.Composition.Execution; kind=definition; axioms=[]
AXIOM AUDIT declaration: DefiKernel.Composition.Failure.ctorIdx; module=DefiKernel.Composition.Execution; kind=definition; axioms=[]
AXIOM AUDIT declaration: DefiKernel.Composition.Failure.noConfusion; module=DefiKernel.Composition.Execution; kind=definition; axioms=[]
AXIOM AUDIT declaration: DefiKernel.Composition.Failure.noConfusionType; module=DefiKernel.Composition.Execution; kind=definition; axioms=[]
AXIOM AUDIT declaration: DefiKernel.Composition.Failure.recOn; module=DefiKernel.Composition.Execution; kind=definition; axioms=[]
AXIOM AUDIT declaration: DefiKernel.Composition.InputPort._sizeOf_1; module=DefiKernel.Composition.Interfaces; kind=definition; axioms=[]
AXIOM AUDIT declaration: DefiKernel.Composition.InputPort._sizeOf_inst; module=DefiKernel.Composition.Interfaces; kind=definition; axioms=[]
AXIOM AUDIT declaration: DefiKernel.Composition.InputPort.casesOn; module=DefiKernel.Composition.Interfaces; kind=definition; axioms=[]
AXIOM AUDIT declaration: DefiKernel.Composition.InputPort.ctorIdx; module=DefiKernel.Composition.Interfaces; kind=definition; axioms=[]
AXIOM AUDIT declaration: DefiKernel.Composition.InputPort.id; module=DefiKernel.Composition.Interfaces; kind=definition; axioms=[]
AXIOM AUDIT declaration: DefiKernel.Composition.InputPort.noConfusion; module=DefiKernel.Composition.Interfaces; kind=definition; axioms=[]
AXIOM AUDIT declaration: DefiKernel.Composition.InputPort.noConfusionType; module=DefiKernel.Composition.Interfaces; kind=definition; axioms=[]
AXIOM AUDIT declaration: DefiKernel.Composition.InputPort.recOn; module=DefiKernel.Composition.Interfaces; kind=definition; axioms=[]
AXIOM AUDIT declaration: DefiKernel.Composition.InputPort.unit; module=DefiKernel.Composition.Interfaces; kind=definition; axioms=[]
AXIOM AUDIT declaration: DefiKernel.Composition.InputSource._sizeOf_1; module=DefiKernel.Composition.Interfaces; kind=definition; axioms=[]
AXIOM AUDIT declaration: DefiKernel.Composition.InputSource._sizeOf_inst; module=DefiKernel.Composition.Interfaces; kind=definition; axioms=[]
AXIOM AUDIT declaration: DefiKernel.Composition.InputSource.casesOn; module=DefiKernel.Composition.Interfaces; kind=definition; axioms=[]
AXIOM AUDIT declaration: DefiKernel.Composition.InputSource.ctorElim; module=DefiKernel.Composition.Interfaces; kind=definition; axioms=[]
AXIOM AUDIT declaration: DefiKernel.Composition.InputSource.ctorElimType; module=DefiKernel.Composition.Interfaces; kind=definition; axioms=[]
AXIOM AUDIT declaration: DefiKernel.Composition.InputSource.ctorIdx; module=DefiKernel.Composition.Interfaces; kind=definition; axioms=[]
AXIOM AUDIT declaration: DefiKernel.Composition.InputSource.noConfusion; module=DefiKernel.Composition.Interfaces; kind=definition; axioms=[]
AXIOM AUDIT declaration: DefiKernel.Composition.InputSource.noConfusionType; module=DefiKernel.Composition.Interfaces; kind=definition; axioms=[]
AXIOM AUDIT declaration: DefiKernel.Composition.InputSource.recOn; module=DefiKernel.Composition.Interfaces; kind=definition; axioms=[]
AXIOM AUDIT declaration: DefiKernel.Composition.InterfaceFailure._sizeOf_1; module=DefiKernel.Composition.Interfaces; kind=definition; axioms=[]
AXIOM AUDIT declaration: DefiKernel.Composition.InterfaceFailure._sizeOf_inst; module=DefiKernel.Composition.Interfaces; kind=definition; axioms=[]
AXIOM AUDIT declaration: DefiKernel.Composition.InterfaceFailure.casesOn; module=DefiKernel.Composition.Interfaces; kind=definition; axioms=[]
AXIOM AUDIT declaration: DefiKernel.Composition.InterfaceFailure.ctorElim; module=DefiKernel.Composition.Interfaces; kind=definition; axioms=[]
AXIOM AUDIT declaration: DefiKernel.Composition.InterfaceFailure.ctorElimType; module=DefiKernel.Composition.Interfaces; kind=definition; axioms=[]
AXIOM AUDIT declaration: DefiKernel.Composition.InterfaceFailure.ctorIdx; module=DefiKernel.Composition.Interfaces; kind=definition; axioms=[]
AXIOM AUDIT declaration: DefiKernel.Composition.InterfaceFailure.noConfusion; module=DefiKernel.Composition.Interfaces; kind=definition; axioms=[]
AXIOM AUDIT declaration: DefiKernel.Composition.InterfaceFailure.noConfusionType; module=DefiKernel.Composition.Interfaces; kind=definition; axioms=[]
AXIOM AUDIT declaration: DefiKernel.Composition.InterfaceFailure.recOn; module=DefiKernel.Composition.Interfaces; kind=definition; axioms=[]
AXIOM AUDIT declaration: DefiKernel.Composition.InterfaceTests.C; module=DefiKernel.Composition.InterfaceTests; kind=definition; axioms=[]
AXIOM AUDIT declaration: DefiKernel.Composition.InterfaceTests.I; module=DefiKernel.Composition.InterfaceTests; kind=definition; axioms=[]
AXIOM AUDIT declaration: DefiKernel.Composition.InterfaceTests.accepted; module=DefiKernel.Composition.InterfaceTests; kind=definition; axioms=[]
AXIOM AUDIT declaration: DefiKernel.Composition.InterfaceTests.aliceUSD; module=DefiKernel.Composition.InterfaceTests; kind=definition; axioms=[]
AXIOM AUDIT declaration: DefiKernel.Composition.InterfaceTests.binding; module=DefiKernel.Composition.InterfaceTests; kind=definition; axioms=[]
AXIOM AUDIT declaration: DefiKernel.Composition.InterfaceTests.bobUSD; module=DefiKernel.Composition.InterfaceTests; kind=definition; axioms=[]
AXIOM AUDIT declaration: DefiKernel.Composition.InterfaceTests.checks; module=DefiKernel.Composition.InterfaceTests; kind=definition; axioms=[propext,
 Classical.choice,
 Quot.sound]
AXIOM AUDIT declaration: DefiKernel.Composition.InterfaceTests.exporter; module=DefiKernel.Composition.InterfaceTests; kind=definition; axioms=[]
AXIOM AUDIT declaration: DefiKernel.Composition.InterfaceTests.failure; module=DefiKernel.Composition.InterfaceTests; kind=definition; axioms=[]
AXIOM AUDIT declaration: DefiKernel.Composition.InterfaceTests.foreign; module=DefiKernel.Composition.InterfaceTests; kind=definition; axioms=[]
AXIOM AUDIT declaration: DefiKernel.Composition.InterfaceTests.fundedKernelControl; module=DefiKernel.Composition.InterfaceTests; kind=definition; axioms=[propext,
 Classical.choice,
 Quot.sound]
AXIOM AUDIT declaration: DefiKernel.Composition.InterfaceTests.hiddenEffect; module=DefiKernel.Composition.InterfaceTests; kind=definition; axioms=[propext,
 Quot.sound]
AXIOM AUDIT declaration: DefiKernel.Composition.InterfaceTests.hiddenGuard; module=DefiKernel.Composition.InterfaceTests; kind=definition; axioms=[propext,
 Quot.sound]
AXIOM AUDIT declaration: DefiKernel.Composition.InterfaceTests.hiddenSupply; module=DefiKernel.Composition.InterfaceTests; kind=definition; axioms=[propext,
 Quot.sound]
AXIOM AUDIT declaration: DefiKernel.Composition.InterfaceTests.history; module=DefiKernel.Composition.InterfaceTests; kind=definition; axioms=[propext,
 Quot.sound]
AXIOM AUDIT declaration: DefiKernel.Composition.InterfaceTests.iface; module=DefiKernel.Composition.InterfaceTests; kind=definition; axioms=[]
AXIOM AUDIT declaration: DefiKernel.Composition.InterfaceTests.owner; module=DefiKernel.Composition.InterfaceTests; kind=definition; axioms=[]
AXIOM AUDIT declaration: DefiKernel.Composition.InterfaceTests.readOnly; module=DefiKernel.Composition.InterfaceTests; kind=definition; axioms=[]
AXIOM AUDIT declaration: DefiKernel.Composition.InterfaceTests.sevenUSD; module=DefiKernel.Composition.InterfaceTests; kind=definition; axioms=[propext,
 Quot.sound]
AXIOM AUDIT declaration: DefiKernel.Composition.InterfaceTests.shared; module=DefiKernel.Composition.InterfaceTests; kind=definition; axioms=[]
AXIOM AUDIT declaration: DefiKernel.Composition.InterfaceTests.vaultUSD; module=DefiKernel.Composition.InterfaceTests; kind=definition; axioms=[]
AXIOM AUDIT declaration: DefiKernel.Composition.Invocation._sizeOf_1; module=DefiKernel.Composition.Execution; kind=definition; axioms=[]
AXIOM AUDIT declaration: DefiKernel.Composition.Invocation._sizeOf_inst; module=DefiKernel.Composition.Execution; kind=definition; axioms=[]
AXIOM AUDIT declaration: DefiKernel.Composition.Invocation.capabilityIds; module=DefiKernel.Composition.Execution; kind=definition; axioms=[]
AXIOM AUDIT declaration: DefiKernel.Composition.Invocation.casesOn; module=DefiKernel.Composition.Execution; kind=definition; axioms=[]
AXIOM AUDIT declaration: DefiKernel.Composition.Invocation.claimedActor; module=DefiKernel.Composition.Execution; kind=definition; axioms=[]
AXIOM AUDIT declaration: DefiKernel.Composition.Invocation.component; module=DefiKernel.Composition.Execution; kind=definition; axioms=[]
AXIOM AUDIT declaration: DefiKernel.Composition.Invocation.ctorIdx; module=DefiKernel.Composition.Execution; kind=definition; axioms=[]
AXIOM AUDIT declaration: DefiKernel.Composition.Invocation.inputs; module=DefiKernel.Composition.Execution; kind=definition; axioms=[]
AXIOM AUDIT declaration: DefiKernel.Composition.Invocation.noConfusion; module=DefiKernel.Composition.Execution; kind=definition; axioms=[]
AXIOM AUDIT declaration: DefiKernel.Composition.Invocation.noConfusionType; module=DefiKernel.Composition.Execution; kind=definition; axioms=[]
AXIOM AUDIT declaration: DefiKernel.Composition.Invocation.operation; module=DefiKernel.Composition.Execution; kind=definition; axioms=[]
AXIOM AUDIT declaration: DefiKernel.Composition.Invocation.parties; module=DefiKernel.Composition.Execution; kind=definition; axioms=[]
AXIOM AUDIT declaration: DefiKernel.Composition.Invocation.recOn; module=DefiKernel.Composition.Execution; kind=definition; axioms=[]
AXIOM AUDIT declaration: DefiKernel.Composition.LocatedFailure._sizeOf_1; module=DefiKernel.Composition.Sequence; kind=definition; axioms=[]
AXIOM AUDIT declaration: DefiKernel.Composition.LocatedFailure._sizeOf_inst; module=DefiKernel.Composition.Sequence; kind=definition; axioms=[]
AXIOM AUDIT declaration: DefiKernel.Composition.LocatedFailure.casesOn; module=DefiKernel.Composition.Sequence; kind=definition; axioms=[]
AXIOM AUDIT declaration: DefiKernel.Composition.LocatedFailure.ctorIdx; module=DefiKernel.Composition.Sequence; kind=definition; axioms=[]
AXIOM AUDIT declaration: DefiKernel.Composition.LocatedFailure.index; module=DefiKernel.Composition.Sequence; kind=definition; axioms=[]
AXIOM AUDIT declaration: DefiKernel.Composition.LocatedFailure.noConfusion; module=DefiKernel.Composition.Sequence; kind=definition; axioms=[]
AXIOM AUDIT declaration: DefiKernel.Composition.LocatedFailure.noConfusionType; module=DefiKernel.Composition.Sequence; kind=definition; axioms=[]
AXIOM AUDIT declaration: DefiKernel.Composition.LocatedFailure.reason; module=DefiKernel.Composition.Sequence; kind=definition; axioms=[]
AXIOM AUDIT declaration: DefiKernel.Composition.LocatedFailure.recOn; module=DefiKernel.Composition.Sequence; kind=definition; axioms=[]
AXIOM AUDIT declaration: DefiKernel.Composition.LocatedFailure.step; module=DefiKernel.Composition.Sequence; kind=definition; axioms=[]
AXIOM AUDIT declaration: DefiKernel.Composition.OperationInterface._sizeOf_1; module=DefiKernel.Composition.Interfaces; kind=definition; axioms=[]
AXIOM AUDIT declaration: DefiKernel.Composition.OperationInterface._sizeOf_inst; module=DefiKernel.Composition.Interfaces; kind=definition; axioms=[]
AXIOM AUDIT declaration: DefiKernel.Composition.OperationInterface.casesOn; module=DefiKernel.Composition.Interfaces; kind=definition; axioms=[]
AXIOM AUDIT declaration: DefiKernel.Composition.OperationInterface.ctorIdx; module=DefiKernel.Composition.Interfaces; kind=definition; axioms=[]
AXIOM AUDIT declaration: DefiKernel.Composition.OperationInterface.inputs; module=DefiKernel.Composition.Interfaces; kind=definition; axioms=[]
AXIOM AUDIT declaration: DefiKernel.Composition.OperationInterface.noConfusion; module=DefiKernel.Composition.Interfaces; kind=definition; axioms=[]
AXIOM AUDIT declaration: DefiKernel.Composition.OperationInterface.noConfusionType; module=DefiKernel.Composition.Interfaces; kind=definition; axioms=[]
AXIOM AUDIT declaration: DefiKernel.Composition.OperationInterface.operation; module=DefiKernel.Composition.Interfaces; kind=definition; axioms=[]
AXIOM AUDIT declaration: DefiKernel.Composition.OperationInterface.outputs; module=DefiKernel.Composition.Interfaces; kind=definition; axioms=[]
AXIOM AUDIT declaration: DefiKernel.Composition.OperationInterface.recOn; module=DefiKernel.Composition.Interfaces; kind=definition; axioms=[]
AXIOM AUDIT declaration: DefiKernel.Composition.OutputObservation._sizeOf_1; module=DefiKernel.Composition.Interfaces; kind=definition; axioms=[]
AXIOM AUDIT declaration: DefiKernel.Composition.OutputObservation._sizeOf_inst; module=DefiKernel.Composition.Interfaces; kind=definition; axioms=[]
AXIOM AUDIT declaration: DefiKernel.Composition.OutputObservation.casesOn; module=DefiKernel.Composition.Interfaces; kind=definition; axioms=[]
AXIOM AUDIT declaration: DefiKernel.Composition.OutputObservation.ctorIdx; module=DefiKernel.Composition.Interfaces; kind=definition; axioms=[]
AXIOM AUDIT declaration: DefiKernel.Composition.OutputObservation.noConfusion; module=DefiKernel.Composition.Interfaces; kind=definition; axioms=[]
AXIOM AUDIT declaration: DefiKernel.Composition.OutputObservation.noConfusionType; module=DefiKernel.Composition.Interfaces; kind=definition; axioms=[]
AXIOM AUDIT declaration: DefiKernel.Composition.OutputObservation.port; module=DefiKernel.Composition.Interfaces; kind=definition; axioms=[]
AXIOM AUDIT declaration: DefiKernel.Composition.OutputObservation.recOn; module=DefiKernel.Composition.Interfaces; kind=definition; axioms=[]
AXIOM AUDIT declaration: DefiKernel.Composition.OutputObservation.step; module=DefiKernel.Composition.Interfaces; kind=definition; axioms=[]
AXIOM AUDIT declaration: DefiKernel.Composition.OutputObservation.value; module=DefiKernel.Composition.Interfaces; kind=definition; axioms=[]
AXIOM AUDIT declaration: DefiKernel.Composition.OutputPort._sizeOf_1; module=DefiKernel.Composition.Interfaces; kind=definition; axioms=[]
AXIOM AUDIT declaration: DefiKernel.Composition.OutputPort._sizeOf_inst; module=DefiKernel.Composition.Interfaces; kind=definition; axioms=[]
AXIOM AUDIT declaration: DefiKernel.Composition.OutputPort.casesOn; module=DefiKernel.Composition.Interfaces; kind=definition; axioms=[]
AXIOM AUDIT declaration: DefiKernel.Composition.OutputPort.cell; module=DefiKernel.Composition.Interfaces; kind=definition; axioms=[]
AXIOM AUDIT declaration: DefiKernel.Composition.OutputPort.ctorIdx; module=DefiKernel.Composition.Interfaces; kind=definition; axioms=[]
AXIOM AUDIT declaration: DefiKernel.Composition.OutputPort.id; module=DefiKernel.Composition.Interfaces; kind=definition; axioms=[]
AXIOM AUDIT declaration: DefiKernel.Composition.OutputPort.noConfusion; module=DefiKernel.Composition.Interfaces; kind=definition; axioms=[]
AXIOM AUDIT declaration: DefiKernel.Composition.OutputPort.noConfusionType; module=DefiKernel.Composition.Interfaces; kind=definition; axioms=[]
AXIOM AUDIT declaration: DefiKernel.Composition.OutputPort.recOn; module=DefiKernel.Composition.Interfaces; kind=definition; axioms=[]
AXIOM AUDIT declaration: DefiKernel.Composition.PortId._sizeOf_1; module=DefiKernel.Composition.Interfaces; kind=definition; axioms=[]
AXIOM AUDIT declaration: DefiKernel.Composition.PortId._sizeOf_inst; module=DefiKernel.Composition.Interfaces; kind=definition; axioms=[]
AXIOM AUDIT declaration: DefiKernel.Composition.PortId.casesOn; module=DefiKernel.Composition.Interfaces; kind=definition; axioms=[]
AXIOM AUDIT declaration: DefiKernel.Composition.PortId.ctorIdx; module=DefiKernel.Composition.Interfaces; kind=definition; axioms=[]
AXIOM AUDIT declaration: DefiKernel.Composition.PortId.noConfusion; module=DefiKernel.Composition.Interfaces; kind=definition; axioms=[]
AXIOM AUDIT declaration: DefiKernel.Composition.PortId.noConfusionType; module=DefiKernel.Composition.Interfaces; kind=definition; axioms=[]
AXIOM AUDIT declaration: DefiKernel.Composition.PortId.recOn; module=DefiKernel.Composition.Interfaces; kind=definition; axioms=[]
AXIOM AUDIT declaration: DefiKernel.Composition.PortId.value; module=DefiKernel.Composition.Interfaces; kind=definition; axioms=[]
AXIOM AUDIT declaration: DefiKernel.Composition.QualifiedPort._sizeOf_1; module=DefiKernel.Composition.Interfaces; kind=definition; axioms=[]
AXIOM AUDIT declaration: DefiKernel.Composition.QualifiedPort._sizeOf_inst; module=DefiKernel.Composition.Interfaces; kind=definition; axioms=[]
AXIOM AUDIT declaration: DefiKernel.Composition.QualifiedPort.casesOn; module=DefiKernel.Composition.Interfaces; kind=definition; axioms=[]
AXIOM AUDIT declaration: DefiKernel.Composition.QualifiedPort.component; module=DefiKernel.Composition.Interfaces; kind=definition; axioms=[]
AXIOM AUDIT declaration: DefiKernel.Composition.QualifiedPort.ctorIdx; module=DefiKernel.Composition.Interfaces; kind=definition; axioms=[]
AXIOM AUDIT declaration: DefiKernel.Composition.QualifiedPort.noConfusion; module=DefiKernel.Composition.Interfaces; kind=definition; axioms=[]
AXIOM AUDIT declaration: DefiKernel.Composition.QualifiedPort.noConfusionType; module=DefiKernel.Composition.Interfaces; kind=definition; axioms=[]
AXIOM AUDIT declaration: DefiKernel.Composition.QualifiedPort.port; module=DefiKernel.Composition.Interfaces; kind=definition; axioms=[]
AXIOM AUDIT declaration: DefiKernel.Composition.QualifiedPort.recOn; module=DefiKernel.Composition.Interfaces; kind=definition; axioms=[]
AXIOM AUDIT declaration: DefiKernel.Composition.Receipt._sizeOf_1; module=DefiKernel.Composition.Execution; kind=definition; axioms=[]
AXIOM AUDIT declaration: DefiKernel.Composition.Receipt._sizeOf_inst; module=DefiKernel.Composition.Execution; kind=definition; axioms=[]
AXIOM AUDIT declaration: DefiKernel.Composition.Receipt.casesOn; module=DefiKernel.Composition.Execution; kind=definition; axioms=[]
AXIOM AUDIT declaration: DefiKernel.Composition.Receipt.ctorElim; module=DefiKernel.Composition.Execution; kind=definition; axioms=[]
AXIOM AUDIT declaration: DefiKernel.Composition.Receipt.ctorElimType; module=DefiKernel.Composition.Execution; kind=definition; axioms=[]
AXIOM AUDIT declaration: DefiKernel.Composition.Receipt.ctorIdx; module=DefiKernel.Composition.Execution; kind=definition; axioms=[]
AXIOM AUDIT declaration: DefiKernel.Composition.Receipt.noConfusion; module=DefiKernel.Composition.Execution; kind=definition; axioms=[]
AXIOM AUDIT declaration: DefiKernel.Composition.Receipt.noConfusionType; module=DefiKernel.Composition.Execution; kind=definition; axioms=[]
AXIOM AUDIT declaration: DefiKernel.Composition.Receipt.recOn; module=DefiKernel.Composition.Execution; kind=definition; axioms=[]
AXIOM AUDIT declaration: DefiKernel.Composition.Receipt.supply; module=DefiKernel.Composition.Execution; kind=definition; axioms=[propext,
 Classical.choice,
 Quot.sound]
AXIOM AUDIT declaration: DefiKernel.Composition.Receipt.writes; module=DefiKernel.Composition.Execution; kind=definition; axioms=[propext]
AXIOM AUDIT declaration: DefiKernel.Composition.RefusalSound.match_1; module=DefiKernel.Composition.Sequence; kind=definition; axioms=[]
AXIOM AUDIT declaration: DefiKernel.Composition.ResourceImport._sizeOf_1; module=DefiKernel.Composition.Interfaces; kind=definition; axioms=[]
AXIOM AUDIT declaration: DefiKernel.Composition.ResourceImport._sizeOf_inst; module=DefiKernel.Composition.Interfaces; kind=definition; axioms=[]
AXIOM AUDIT declaration: DefiKernel.Composition.ResourceImport.casesOn; module=DefiKernel.Composition.Interfaces; kind=definition; axioms=[]
AXIOM AUDIT declaration: DefiKernel.Composition.ResourceImport.cell; module=DefiKernel.Composition.Interfaces; kind=definition; axioms=[]
AXIOM AUDIT declaration: DefiKernel.Composition.ResourceImport.ctorIdx; module=DefiKernel.Composition.Interfaces; kind=definition; axioms=[]
AXIOM AUDIT declaration: DefiKernel.Composition.ResourceImport.noConfusion; module=DefiKernel.Composition.Interfaces; kind=definition; axioms=[]
AXIOM AUDIT declaration: DefiKernel.Composition.ResourceImport.noConfusionType; module=DefiKernel.Composition.Interfaces; kind=definition; axioms=[]
AXIOM AUDIT declaration: DefiKernel.Composition.ResourceImport.recOn; module=DefiKernel.Composition.Interfaces; kind=definition; axioms=[]
AXIOM AUDIT declaration: DefiKernel.Composition.ResourceImport.source; module=DefiKernel.Composition.Interfaces; kind=definition; axioms=[]
AXIOM AUDIT declaration: DefiKernel.Composition.ResourceImport.writable; module=DefiKernel.Composition.Interfaces; kind=definition; axioms=[]
AXIOM AUDIT declaration: DefiKernel.Composition.ResourcePort._sizeOf_1; module=DefiKernel.Composition.Interfaces; kind=definition; axioms=[]
AXIOM AUDIT declaration: DefiKernel.Composition.ResourcePort._sizeOf_inst; module=DefiKernel.Composition.Interfaces; kind=definition; axioms=[]
AXIOM AUDIT declaration: DefiKernel.Composition.ResourcePort.casesOn; module=DefiKernel.Composition.Interfaces; kind=definition; axioms=[]
AXIOM AUDIT declaration: DefiKernel.Composition.ResourcePort.cell; module=DefiKernel.Composition.Interfaces; kind=definition; axioms=[]
AXIOM AUDIT declaration: DefiKernel.Composition.ResourcePort.ctorIdx; module=DefiKernel.Composition.Interfaces; kind=definition; axioms=[]
AXIOM AUDIT declaration: DefiKernel.Composition.ResourcePort.id; module=DefiKernel.Composition.Interfaces; kind=definition; axioms=[]
AXIOM AUDIT declaration: DefiKernel.Composition.ResourcePort.noConfusion; module=DefiKernel.Composition.Interfaces; kind=definition; axioms=[]
AXIOM AUDIT declaration: DefiKernel.Composition.ResourcePort.noConfusionType; module=DefiKernel.Composition.Interfaces; kind=definition; axioms=[]
AXIOM AUDIT declaration: DefiKernel.Composition.ResourcePort.recOn; module=DefiKernel.Composition.Interfaces; kind=definition; axioms=[]
AXIOM AUDIT declaration: DefiKernel.Composition.ResourcePort.writable; module=DefiKernel.Composition.Interfaces; kind=definition; axioms=[]
AXIOM AUDIT declaration: DefiKernel.Composition.Step._sizeOf_1; module=DefiKernel.Composition.Execution; kind=definition; axioms=[]
AXIOM AUDIT declaration: DefiKernel.Composition.Step._sizeOf_inst; module=DefiKernel.Composition.Execution; kind=definition; axioms=[]
AXIOM AUDIT declaration: DefiKernel.Composition.Step.casesOn; module=DefiKernel.Composition.Execution; kind=definition; axioms=[]
AXIOM AUDIT declaration: DefiKernel.Composition.Step.ctorElim; module=DefiKernel.Composition.Execution; kind=definition; axioms=[]
AXIOM AUDIT declaration: DefiKernel.Composition.Step.ctorElimType; module=DefiKernel.Composition.Execution; kind=definition; axioms=[]
AXIOM AUDIT declaration: DefiKernel.Composition.Step.ctorIdx; module=DefiKernel.Composition.Execution; kind=definition; axioms=[]
AXIOM AUDIT declaration: DefiKernel.Composition.Step.noConfusion; module=DefiKernel.Composition.Execution; kind=definition; axioms=[]
AXIOM AUDIT declaration: DefiKernel.Composition.Step.noConfusionType; module=DefiKernel.Composition.Execution; kind=definition; axioms=[]
AXIOM AUDIT declaration: DefiKernel.Composition.Step.recOn; module=DefiKernel.Composition.Execution; kind=definition; axioms=[]
AXIOM AUDIT declaration: DefiKernel.Composition.StepResult._sizeOf_1; module=DefiKernel.Composition.Execution; kind=definition; axioms=[propext,
 Quot.sound]
AXIOM AUDIT declaration: DefiKernel.Composition.StepResult._sizeOf_inst; module=DefiKernel.Composition.Execution; kind=definition; axioms=[propext,
 Quot.sound]
AXIOM AUDIT declaration: DefiKernel.Composition.StepResult.casesOn; module=DefiKernel.Composition.Execution; kind=definition; axioms=[propext,
 Quot.sound]
AXIOM AUDIT declaration: DefiKernel.Composition.StepResult.ctorIdx; module=DefiKernel.Composition.Execution; kind=definition; axioms=[propext,
 Quot.sound]
AXIOM AUDIT declaration: DefiKernel.Composition.StepResult.noConfusion; module=DefiKernel.Composition.Execution; kind=definition; axioms=[propext,
 Quot.sound]
AXIOM AUDIT declaration: DefiKernel.Composition.StepResult.noConfusionType; module=DefiKernel.Composition.Execution; kind=definition; axioms=[propext,
 Quot.sound]
AXIOM AUDIT declaration: DefiKernel.Composition.StepResult.outputs; module=DefiKernel.Composition.Execution; kind=definition; axioms=[propext,
 Quot.sound]
AXIOM AUDIT declaration: DefiKernel.Composition.StepResult.recOn; module=DefiKernel.Composition.Execution; kind=definition; axioms=[propext,
 Quot.sound]
AXIOM AUDIT declaration: DefiKernel.Composition.StepResult.receipt; module=DefiKernel.Composition.Execution; kind=definition; axioms=[propext,
 Quot.sound]
AXIOM AUDIT declaration: DefiKernel.Composition.StepResult.world; module=DefiKernel.Composition.Execution; kind=definition; axioms=[propext,
 Quot.sound]
AXIOM AUDIT declaration: DefiKernel.Composition.StepSound.casesOn; module=DefiKernel.Composition.Execution; kind=definition; axioms=[propext,
 Classical.choice,
 Quot.sound]
AXIOM AUDIT declaration: DefiKernel.Composition.StepSound.recOn; module=DefiKernel.Composition.Execution; kind=definition; axioms=[propext,
 Classical.choice,
 Quot.sound]
AXIOM AUDIT declaration: DefiKernel.Composition.Tests.actorMismatch; module=DefiKernel.Composition.Tests; kind=definition; axioms=[propext,
 Quot.sound]
AXIOM AUDIT declaration: DefiKernel.Composition.Tests.adminBounds; module=DefiKernel.Composition.Tests; kind=definition; axioms=[propext,
 Quot.sound]
AXIOM AUDIT declaration: DefiKernel.Composition.Tests.adminGrant; module=DefiKernel.Composition.Tests; kind=definition; axioms=[]
AXIOM AUDIT declaration: DefiKernel.Composition.Tests.adminRun; module=DefiKernel.Composition.Tests; kind=definition; axioms=[propext,
 Classical.choice,
 Quot.sound]
AXIOM AUDIT declaration: DefiKernel.Composition.Tests.adminStore; module=DefiKernel.Composition.Tests; kind=definition; axioms=[]
AXIOM AUDIT declaration: DefiKernel.Composition.Tests.adminUse; module=DefiKernel.Composition.Tests; kind=definition; axioms=[propext,
 Quot.sound]
AXIOM AUDIT declaration: DefiKernel.Composition.Tests.balances; module=DefiKernel.Composition.Tests; kind=definition; axioms=[propext,
 Quot.sound]
AXIOM AUDIT declaration: DefiKernel.Composition.Tests.checks; module=DefiKernel.Composition.Tests; kind=definition; axioms=[propext,
 Classical.choice,
 Quot.sound]
AXIOM AUDIT declaration: DefiKernel.Composition.Tests.cursorEq; module=DefiKernel.Composition.Tests; kind=definition; axioms=[propext,
 Classical.choice,
 Quot.sound]
AXIOM AUDIT declaration: DefiKernel.Composition.Tests.d4; module=DefiKernel.Composition.Tests; kind=definition; axioms=[propext,
 Classical.choice,
 Quot.sound]
AXIOM AUDIT declaration: DefiKernel.Composition.Tests.dEvent; module=DefiKernel.Composition.Tests; kind=definition; axioms=[propext,
 Classical.choice,
 Quot.sound]
AXIOM AUDIT declaration: DefiKernel.Composition.Tests.eventEq; module=DefiKernel.Composition.Tests; kind=definition; axioms=[propext,
 Classical.choice,
 Quot.sound]
AXIOM AUDIT declaration: DefiKernel.Composition.Tests.execute; module=DefiKernel.Composition.Tests; kind=definition; axioms=[propext,
 Classical.choice,
 Quot.sound]
AXIOM AUDIT declaration: DefiKernel.Composition.Tests.hiddenCfg; module=DefiKernel.Composition.Tests; kind=definition; axioms=[propext,
 Quot.sound]
AXIOM AUDIT declaration: DefiKernel.Composition.Tests.hiddenTransfer; module=DefiKernel.Composition.Tests; kind=definition; axioms=[propext,
 Quot.sound]
AXIOM AUDIT declaration: DefiKernel.Composition.Tests.invalidRun; module=DefiKernel.Composition.Tests; kind=definition; axioms=[propext,
 Classical.choice,
 Quot.sound]
AXIOM AUDIT declaration: DefiKernel.Composition.Tests.isolatedCatalog; module=DefiKernel.Composition.Tests; kind=definition; axioms=[]
AXIOM AUDIT declaration: DefiKernel.Composition.Tests.isolatedRun; module=DefiKernel.Composition.Tests; kind=definition; axioms=[propext,
 Classical.choice,
 Quot.sound]
AXIOM AUDIT declaration: DefiKernel.Composition.Tests.issueEvent; module=DefiKernel.Composition.Tests; kind=definition; axioms=[propext,
 Quot.sound]
AXIOM AUDIT declaration: DefiKernel.Composition.Tests.issuedStore; module=DefiKernel.Composition.Tests; kind=definition; axioms=[]
AXIOM AUDIT declaration: DefiKernel.Composition.Tests.listEq; module=DefiKernel.Composition.Tests; kind=definition; axioms=[]
AXIOM AUDIT declaration: DefiKernel.Composition.Tests.obs; module=DefiKernel.Composition.Tests; kind=definition; axioms=[]
AXIOM AUDIT declaration: DefiKernel.Composition.Tests.outputEq; module=DefiKernel.Composition.Tests; kind=definition; axioms=[]
AXIOM AUDIT declaration: DefiKernel.Composition.Tests.resumeBounds; module=DefiKernel.Composition.Tests; kind=definition; axioms=[propext,
 Quot.sound]
AXIOM AUDIT declaration: DefiKernel.Composition.Tests.resumeDeposit; module=DefiKernel.Composition.Tests; kind=definition; axioms=[propext,
 Classical.choice,
 Quot.sound]
AXIOM AUDIT declaration: DefiKernel.Composition.Tests.resumeIssue; module=DefiKernel.Composition.Tests; kind=definition; axioms=[propext,
 Quot.sound]
AXIOM AUDIT declaration: DefiKernel.Composition.Tests.resumePrefix; module=DefiKernel.Composition.Tests; kind=definition; axioms=[propext,
 Classical.choice,
 Quot.sound]
AXIOM AUDIT declaration: DefiKernel.Composition.Tests.resumeStore; module=DefiKernel.Composition.Tests; kind=definition; axioms=[]
AXIOM AUDIT declaration: DefiKernel.Composition.Tests.resumeTransfer; module=DefiKernel.Composition.Tests; kind=definition; axioms=[propext,
 Quot.sound]
AXIOM AUDIT declaration: DefiKernel.Composition.Tests.revokeEvent; module=DefiKernel.Composition.Tests; kind=definition; axioms=[propext,
 Quot.sound]
AXIOM AUDIT declaration: DefiKernel.Composition.Tests.revokedStore; module=DefiKernel.Composition.Tests; kind=definition; axioms=[]
AXIOM AUDIT declaration: DefiKernel.Composition.Tests.route7; module=DefiKernel.Composition.Tests; kind=definition; axioms=[propext,
 Classical.choice,
 Quot.sound]
AXIOM AUDIT declaration: DefiKernel.Composition.Tests.sharedWithdrawEvent; module=DefiKernel.Composition.Tests; kind=definition; axioms=[propext,
 Quot.sound]
AXIOM AUDIT declaration: DefiKernel.Composition.Tests.sourceEq; module=DefiKernel.Composition.Tests; kind=definition; axioms=[propext]
AXIOM AUDIT declaration: DefiKernel.Composition.Tests.stepEq; module=DefiKernel.Composition.Tests; kind=definition; axioms=[propext]
AXIOM AUDIT declaration: DefiKernel.Composition.Tests.t3; module=DefiKernel.Composition.Tests; kind=definition; axioms=[propext,
 Quot.sound]
AXIOM AUDIT declaration: DefiKernel.Composition.Tests.tEvent; module=DefiKernel.Composition.Tests; kind=definition; axioms=[propext,
 Quot.sound]
AXIOM AUDIT declaration: DefiKernel.Composition.Tests.timedCfg; module=DefiKernel.Composition.Tests; kind=definition; axioms=[propext,
 Quot.sound]
AXIOM AUDIT declaration: DefiKernel.Composition.Tests.timedDeposit; module=DefiKernel.Composition.Tests; kind=definition; axioms=[propext,
 Quot.sound]
AXIOM AUDIT declaration: DefiKernel.Composition.Tests.timedEvent; module=DefiKernel.Composition.Tests; kind=definition; axioms=[propext,
 Classical.choice,
 Quot.sound]
AXIOM AUDIT declaration: DefiKernel.Composition.Tests.timedPrefix; module=DefiKernel.Composition.Tests; kind=definition; axioms=[propext,
 Classical.choice,
 Quot.sound]
AXIOM AUDIT declaration: DefiKernel.Composition.Tests.useEvent; module=DefiKernel.Composition.Tests; kind=definition; axioms=[propext,
 Quot.sound]
AXIOM AUDIT declaration: DefiKernel.Composition.Tests.wEvent; module=DefiKernel.Composition.Tests; kind=definition; axioms=[propext,
 Quot.sound]
AXIOM AUDIT declaration: DefiKernel.Composition.Tests.worldEq; module=DefiKernel.Composition.Tests; kind=definition; axioms=[propext,
 Quot.sound]
AXIOM AUDIT declaration: DefiKernel.Composition.Tests.wrongComponent; module=DefiKernel.Composition.Tests; kind=definition; axioms=[propext,
 Quot.sound]
AXIOM AUDIT declaration: DefiKernel.Composition.TraceSound.casesOn; module=DefiKernel.Composition.Sequence; kind=definition; axioms=[propext,
 Classical.choice,
 Quot.sound]
AXIOM AUDIT declaration: DefiKernel.Composition.TraceSound.recOn; module=DefiKernel.Composition.Sequence; kind=definition; axioms=[propext,
 Classical.choice,
 Quot.sound]
AXIOM AUDIT declaration: DefiKernel.Composition.advance.match_1; module=DefiKernel.Composition.Sequence; kind=definition; axioms=[propext,
 Quot.sound]
AXIOM AUDIT declaration: DefiKernel.Composition.advance.match_3; module=DefiKernel.Composition.Sequence; kind=definition; axioms=[]
AXIOM AUDIT declaration: DefiKernel.Composition.executeStep.match_1; module=DefiKernel.Composition.Execution; kind=definition; axioms=[]
AXIOM AUDIT declaration: DefiKernel.Composition.executeStep.match_3; module=DefiKernel.Composition.Execution; kind=definition; axioms=[]
AXIOM AUDIT declaration: DefiKernel.Composition.executeStep.match_5; module=DefiKernel.Composition.Execution; kind=definition; axioms=[]
AXIOM AUDIT declaration: DefiKernel.Composition.instDecidableEqComponent.decEq; module=DefiKernel.Composition.Interfaces; kind=definition; axioms=[]
AXIOM AUDIT declaration: DefiKernel.Composition.instDecidableEqComponentId.decEq; module=DefiKernel.Composition.Interfaces; kind=definition; axioms=[]
AXIOM AUDIT declaration: DefiKernel.Composition.instDecidableEqFailure.decEq; module=DefiKernel.Composition.Execution; kind=definition; axioms=[]
AXIOM AUDIT declaration: DefiKernel.Composition.instDecidableEqInputPort.decEq; module=DefiKernel.Composition.Interfaces; kind=definition; axioms=[]
AXIOM AUDIT declaration: DefiKernel.Composition.instDecidableEqInterfaceFailure.decEq; module=DefiKernel.Composition.Interfaces; kind=definition; axioms=[]
AXIOM AUDIT declaration: DefiKernel.Composition.instDecidableEqOperationInterface.decEq; module=DefiKernel.Composition.Interfaces; kind=definition; axioms=[]
AXIOM AUDIT declaration: DefiKernel.Composition.instDecidableEqOutputPort.decEq; module=DefiKernel.Composition.Interfaces; kind=definition; axioms=[]
AXIOM AUDIT declaration: DefiKernel.Composition.instDecidableEqPortId.decEq; module=DefiKernel.Composition.Interfaces; kind=definition; axioms=[]
AXIOM AUDIT declaration: DefiKernel.Composition.instDecidableEqQualifiedPort.decEq; module=DefiKernel.Composition.Interfaces; kind=definition; axioms=[]
AXIOM AUDIT declaration: DefiKernel.Composition.instDecidableEqResourceImport.decEq; module=DefiKernel.Composition.Interfaces; kind=definition; axioms=[]
AXIOM AUDIT declaration: DefiKernel.Composition.instDecidableEqResourcePort.decEq; module=DefiKernel.Composition.Interfaces; kind=definition; axioms=[]
AXIOM AUDIT declaration: DefiKernel.Composition.instReprComponent.repr; module=DefiKernel.Composition.Interfaces; kind=definition; axioms=[propext]
AXIOM AUDIT declaration: DefiKernel.Composition.instReprComponentId.repr; module=DefiKernel.Composition.Interfaces; kind=definition; axioms=[]
AXIOM AUDIT declaration: DefiKernel.Composition.instReprFailure.repr; module=DefiKernel.Composition.Execution; kind=definition; axioms=[]
AXIOM AUDIT declaration: DefiKernel.Composition.instReprInputPort.repr; module=DefiKernel.Composition.Interfaces; kind=definition; axioms=[]
AXIOM AUDIT declaration: DefiKernel.Composition.instReprInterfaceFailure.repr; module=DefiKernel.Composition.Interfaces; kind=definition; axioms=[]
AXIOM AUDIT declaration: DefiKernel.Composition.instReprOperationInterface.repr; module=DefiKernel.Composition.Interfaces; kind=definition; axioms=[propext]
AXIOM AUDIT declaration: DefiKernel.Composition.instReprOutputPort.repr; module=DefiKernel.Composition.Interfaces; kind=definition; axioms=[propext]
AXIOM AUDIT declaration: DefiKernel.Composition.instReprPortId.repr; module=DefiKernel.Composition.Interfaces; kind=definition; axioms=[]
AXIOM AUDIT declaration: DefiKernel.Composition.instReprQualifiedPort.repr; module=DefiKernel.Composition.Interfaces; kind=definition; axioms=[]
AXIOM AUDIT declaration: DefiKernel.Composition.instReprResourceImport.repr; module=DefiKernel.Composition.Interfaces; kind=definition; axioms=[propext]
AXIOM AUDIT declaration: DefiKernel.Composition.instReprResourcePort.repr; module=DefiKernel.Composition.Interfaces; kind=definition; axioms=[propext]
AXIOM AUDIT declaration: DefiKernel.Composition.prepareInvocation.match_1; module=DefiKernel.Composition.Execution; kind=definition; axioms=[]
AXIOM AUDIT declaration: DefiKernel.Composition.prepareInvocation.match_3; module=DefiKernel.Composition.Execution; kind=definition; axioms=[]
AXIOM AUDIT declaration: DefiKernel.Composition.prepareInvocation.match_5; module=DefiKernel.Composition.Execution; kind=definition; axioms=[]
AXIOM AUDIT declaration: DefiKernel.Composition.resolveSource.match_1; module=DefiKernel.Composition.Interfaces; kind=definition; axioms=[]
AXIOM AUDIT declaration: DefiKernel.Composition.resolveSource.match_3; module=DefiKernel.Composition.Interfaces; kind=definition; axioms=[]
AXIOM AUDIT declaration: DefiKernel.Composition.validateCatalog.match_1; module=DefiKernel.Composition.Interfaces; kind=definition; axioms=[]
AXIOM AUDIT declaration: _private.DefiKernel.Composition.Execution.0.Except.map.match_1.splitter; module=DefiKernel.Composition.Execution; kind=definition; axioms=[]
AXIOM AUDIT declaration: _private.DefiKernel.Composition.Interfaces.0.Except.map.match_1.splitter; module=DefiKernel.Composition.Interfaces; kind=definition; axioms=[]
AXIOM AUDIT declaration: DefiKernel.Composition.Boundary.mk._flat_ctor; module=DefiKernel.Composition.Execution; kind=definition; axioms=[]
AXIOM AUDIT declaration: DefiKernel.Composition.Boundary.mk.noConfusion; module=DefiKernel.Composition.Execution; kind=definition; axioms=[]
AXIOM AUDIT declaration: DefiKernel.Composition.Component.mk._flat_ctor; module=DefiKernel.Composition.Interfaces; kind=definition; axioms=[]
AXIOM AUDIT declaration: DefiKernel.Composition.Component.mk.noConfusion; module=DefiKernel.Composition.Interfaces; kind=definition; axioms=[]
AXIOM AUDIT declaration: DefiKernel.Composition.ComponentContract.mk._flat_ctor; module=DefiKernel.Composition.Contracts; kind=definition; axioms=[propext,
 Quot.sound]
AXIOM AUDIT declaration: DefiKernel.Composition.ComponentContract.mk.noConfusion; module=DefiKernel.Composition.Contracts; kind=definition; axioms=[propext,
 Quot.sound]
AXIOM AUDIT declaration: DefiKernel.Composition.ComponentId.mk._flat_ctor; module=DefiKernel.Composition.Interfaces; kind=definition; axioms=[]
AXIOM AUDIT declaration: DefiKernel.Composition.ComponentId.mk.noConfusion; module=DefiKernel.Composition.Interfaces; kind=definition; axioms=[]
AXIOM AUDIT declaration: DefiKernel.Composition.Config.mk._flat_ctor; module=DefiKernel.Composition.Execution; kind=definition; axioms=[]
AXIOM AUDIT declaration: DefiKernel.Composition.Config.mk.noConfusion; module=DefiKernel.Composition.Execution; kind=definition; axioms=[]
AXIOM AUDIT declaration: DefiKernel.Composition.ContractObligations.mk._flat_ctor; module=DefiKernel.Composition.Contracts; kind=definition; axioms=[propext,
 Quot.sound]
AXIOM AUDIT declaration: DefiKernel.Composition.Cursor.mk._flat_ctor; module=DefiKernel.Composition.Sequence; kind=definition; axioms=[propext,
 Quot.sound]
AXIOM AUDIT declaration: DefiKernel.Composition.Cursor.mk.noConfusion; module=DefiKernel.Composition.Sequence; kind=definition; axioms=[propext,
 Quot.sound]
AXIOM AUDIT declaration: DefiKernel.Composition.Event.mk._flat_ctor; module=DefiKernel.Composition.Sequence; kind=definition; axioms=[propext,
 Quot.sound]
AXIOM AUDIT declaration: DefiKernel.Composition.Event.mk.noConfusion; module=DefiKernel.Composition.Sequence; kind=definition; axioms=[propext,
 Quot.sound]
AXIOM AUDIT declaration: DefiKernel.Composition.ExecutionTests.checks._sparseCasesOn_1; module=DefiKernel.Composition.ExecutionTests; kind=definition; axioms=[propext]
AXIOM AUDIT declaration: DefiKernel.Composition.ExecutionTests.checks._sparseCasesOn_11; module=DefiKernel.Composition.ExecutionTests; kind=definition; axioms=[propext]
AXIOM AUDIT declaration: DefiKernel.Composition.ExecutionTests.checks._sparseCasesOn_14; module=DefiKernel.Composition.ExecutionTests; kind=definition; axioms=[propext]
AXIOM AUDIT declaration: DefiKernel.Composition.ExecutionTests.checks._sparseCasesOn_4; module=DefiKernel.Composition.ExecutionTests; kind=definition; axioms=[propext]
AXIOM AUDIT declaration: DefiKernel.Composition.ExecutionTests.checks._sparseCasesOn_7; module=DefiKernel.Composition.ExecutionTests; kind=definition; axioms=[propext]
AXIOM AUDIT declaration: DefiKernel.Composition.ExecutionTests.checks._sparseCasesOn_8; module=DefiKernel.Composition.ExecutionTests; kind=definition; axioms=[propext]
AXIOM AUDIT declaration: DefiKernel.Composition.ExecutionTests.checks.match_1; module=DefiKernel.Composition.ExecutionTests; kind=definition; axioms=[propext]
AXIOM AUDIT declaration: DefiKernel.Composition.ExecutionTests.checks.match_11; module=DefiKernel.Composition.ExecutionTests; kind=definition; axioms=[propext]
AXIOM AUDIT declaration: DefiKernel.Composition.ExecutionTests.checks.match_14; module=DefiKernel.Composition.ExecutionTests; kind=definition; axioms=[propext]
AXIOM AUDIT declaration: DefiKernel.Composition.ExecutionTests.checks.match_4; module=DefiKernel.Composition.ExecutionTests; kind=definition; axioms=[propext]
AXIOM AUDIT declaration: DefiKernel.Composition.ExecutionTests.checks.match_7; module=DefiKernel.Composition.ExecutionTests; kind=definition; axioms=[propext]
AXIOM AUDIT declaration: DefiKernel.Composition.ExecutionTests.refuses.match_1; module=DefiKernel.Composition.ExecutionTests; kind=definition; axioms=[propext,
 Quot.sound]
AXIOM AUDIT declaration: DefiKernel.Composition.Failure.authority.elim; module=DefiKernel.Composition.Execution; kind=definition; axioms=[]
AXIOM AUDIT declaration: DefiKernel.Composition.Failure.authority.noConfusion; module=DefiKernel.Composition.Execution; kind=definition; axioms=[]
AXIOM AUDIT declaration: DefiKernel.Composition.Failure.configuration.elim; module=DefiKernel.Composition.Execution; kind=definition; axioms=[]
AXIOM AUDIT declaration: DefiKernel.Composition.Failure.interface.elim; module=DefiKernel.Composition.Execution; kind=definition; axioms=[]
AXIOM AUDIT declaration: DefiKernel.Composition.Failure.interface.noConfusion; module=DefiKernel.Composition.Execution; kind=definition; axioms=[]
AXIOM AUDIT declaration: DefiKernel.Composition.Failure.internalReceipt.elim; module=DefiKernel.Composition.Execution; kind=definition; axioms=[]
AXIOM AUDIT declaration: DefiKernel.Composition.Failure.kernel.elim; module=DefiKernel.Composition.Execution; kind=definition; axioms=[]
AXIOM AUDIT declaration: DefiKernel.Composition.Failure.kernel.noConfusion; module=DefiKernel.Composition.Execution; kind=definition; axioms=[]
AXIOM AUDIT declaration: DefiKernel.Composition.InputPort.mk._flat_ctor; module=DefiKernel.Composition.Interfaces; kind=definition; axioms=[]
AXIOM AUDIT declaration: DefiKernel.Composition.InputPort.mk.noConfusion; module=DefiKernel.Composition.Interfaces; kind=definition; axioms=[]
AXIOM AUDIT declaration: DefiKernel.Composition.InputSource.literal.elim; module=DefiKernel.Composition.Interfaces; kind=definition; axioms=[]
AXIOM AUDIT declaration: DefiKernel.Composition.InputSource.literal.noConfusion; module=DefiKernel.Composition.Interfaces; kind=definition; axioms=[]
AXIOM AUDIT declaration: DefiKernel.Composition.InputSource.priorOutput.elim; module=DefiKernel.Composition.Interfaces; kind=definition; axioms=[]
AXIOM AUDIT declaration: DefiKernel.Composition.InputSource.priorOutput.noConfusion; module=DefiKernel.Composition.Interfaces; kind=definition; axioms=[]
AXIOM AUDIT declaration: DefiKernel.Composition.InterfaceFailure.inputCount.elim; module=DefiKernel.Composition.Interfaces; kind=definition; axioms=[]
AXIOM AUDIT declaration: DefiKernel.Composition.InterfaceFailure.inputUnit.elim; module=DefiKernel.Composition.Interfaces; kind=definition; axioms=[]
AXIOM AUDIT declaration: DefiKernel.Composition.InterfaceFailure.readAccess.elim; module=DefiKernel.Composition.Interfaces; kind=definition; axioms=[]
AXIOM AUDIT declaration: DefiKernel.Composition.InterfaceFailure.resolution.elim; module=DefiKernel.Composition.Interfaces; kind=definition; axioms=[]
AXIOM AUDIT declaration: DefiKernel.Composition.InterfaceFailure.resolution.noConfusion; module=DefiKernel.Composition.Interfaces; kind=definition; axioms=[]
AXIOM AUDIT declaration: DefiKernel.Composition.InterfaceFailure.unavailableOutput.elim; module=DefiKernel.Composition.Interfaces; kind=definition; axioms=[]
AXIOM AUDIT declaration: DefiKernel.Composition.InterfaceFailure.unknownOperation.elim; module=DefiKernel.Composition.Interfaces; kind=definition; axioms=[]
AXIOM AUDIT declaration: DefiKernel.Composition.InterfaceFailure.writeAccess.elim; module=DefiKernel.Composition.Interfaces; kind=definition; axioms=[]
AXIOM AUDIT declaration: DefiKernel.Composition.InterfaceTests.accepted.match_1; module=DefiKernel.Composition.InterfaceTests; kind=definition; axioms=[]
AXIOM AUDIT declaration: DefiKernel.Composition.InterfaceTests.checks.match_1; module=DefiKernel.Composition.InterfaceTests; kind=definition; axioms=[propext]
AXIOM AUDIT declaration: DefiKernel.Composition.InterfaceTests.failure.match_1; module=DefiKernel.Composition.InterfaceTests; kind=definition; axioms=[]
AXIOM AUDIT declaration: DefiKernel.Composition.InterfaceTests.fundedKernelControl.match_1; module=DefiKernel.Composition.InterfaceTests; kind=definition; axioms=[propext,
 Quot.sound]
AXIOM AUDIT declaration: DefiKernel.Composition.InterfaceTests.fundedKernelControl.match_3; module=DefiKernel.Composition.InterfaceTests; kind=definition; axioms=[]
AXIOM AUDIT declaration: DefiKernel.Composition.InterfaceTests.sevenUSD._sparseCasesOn_1; module=DefiKernel.Composition.InterfaceTests; kind=definition; axioms=[propext]
AXIOM AUDIT declaration: DefiKernel.Composition.InterfaceTests.sevenUSD._sparseCasesOn_2; module=DefiKernel.Composition.InterfaceTests; kind=definition; axioms=[propext]
AXIOM AUDIT declaration: DefiKernel.Composition.InterfaceTests.sevenUSD._sparseCasesOn_3; module=DefiKernel.Composition.InterfaceTests; kind=definition; axioms=[propext]
AXIOM AUDIT declaration: DefiKernel.Composition.InterfaceTests.sevenUSD._sparseCasesOn_4; module=DefiKernel.Composition.InterfaceTests; kind=definition; axioms=[propext]
AXIOM AUDIT declaration: DefiKernel.Composition.InterfaceTests.sevenUSD._sparseCasesOn_5; module=DefiKernel.Composition.InterfaceTests; kind=definition; axioms=[propext]
AXIOM AUDIT declaration: DefiKernel.Composition.InterfaceTests.sevenUSD.match_1; module=DefiKernel.Composition.InterfaceTests; kind=definition; axioms=[propext]
AXIOM AUDIT declaration: DefiKernel.Composition.Invocation.claimedActor._default; module=DefiKernel.Composition.Execution; kind=definition; axioms=[]
AXIOM AUDIT declaration: DefiKernel.Composition.Invocation.mk._flat_ctor; module=DefiKernel.Composition.Execution; kind=definition; axioms=[]
AXIOM AUDIT declaration: DefiKernel.Composition.Invocation.mk.noConfusion; module=DefiKernel.Composition.Execution; kind=definition; axioms=[]
AXIOM AUDIT declaration: DefiKernel.Composition.LocatedFailure.mk._flat_ctor; module=DefiKernel.Composition.Sequence; kind=definition; axioms=[]
AXIOM AUDIT declaration: DefiKernel.Composition.LocatedFailure.mk.noConfusion; module=DefiKernel.Composition.Sequence; kind=definition; axioms=[]
AXIOM AUDIT declaration: DefiKernel.Composition.OperationInterface.mk._flat_ctor; module=DefiKernel.Composition.Interfaces; kind=definition; axioms=[]
AXIOM AUDIT declaration: DefiKernel.Composition.OperationInterface.mk.noConfusion; module=DefiKernel.Composition.Interfaces; kind=definition; axioms=[]
AXIOM AUDIT declaration: DefiKernel.Composition.OutputObservation.mk._flat_ctor; module=DefiKernel.Composition.Interfaces; kind=definition; axioms=[]
AXIOM AUDIT declaration: DefiKernel.Composition.OutputObservation.mk.noConfusion; module=DefiKernel.Composition.Interfaces; kind=definition; axioms=[]
AXIOM AUDIT declaration: DefiKernel.Composition.OutputPort.mk._flat_ctor; module=DefiKernel.Composition.Interfaces; kind=definition; axioms=[]
AXIOM AUDIT declaration: DefiKernel.Composition.OutputPort.mk.noConfusion; module=DefiKernel.Composition.Interfaces; kind=definition; axioms=[]
AXIOM AUDIT declaration: DefiKernel.Composition.PortId.mk._flat_ctor; module=DefiKernel.Composition.Interfaces; kind=definition; axioms=[]
AXIOM AUDIT declaration: DefiKernel.Composition.PortId.mk.noConfusion; module=DefiKernel.Composition.Interfaces; kind=definition; axioms=[]
AXIOM AUDIT declaration: DefiKernel.Composition.QualifiedPort.mk._flat_ctor; module=DefiKernel.Composition.Interfaces; kind=definition; axioms=[]
AXIOM AUDIT declaration: DefiKernel.Composition.QualifiedPort.mk.noConfusion; module=DefiKernel.Composition.Interfaces; kind=definition; axioms=[]
AXIOM AUDIT declaration: DefiKernel.Composition.Receipt.invoked.elim; module=DefiKernel.Composition.Execution; kind=definition; axioms=[]
AXIOM AUDIT declaration: DefiKernel.Composition.Receipt.invoked.noConfusion; module=DefiKernel.Composition.Execution; kind=definition; axioms=[]
AXIOM AUDIT declaration: DefiKernel.Composition.Receipt.issued.elim; module=DefiKernel.Composition.Execution; kind=definition; axioms=[]
AXIOM AUDIT declaration: DefiKernel.Composition.Receipt.issued.noConfusion; module=DefiKernel.Composition.Execution; kind=definition; axioms=[]
AXIOM AUDIT declaration: DefiKernel.Composition.Receipt.revoked.elim; module=DefiKernel.Composition.Execution; kind=definition; axioms=[]
AXIOM AUDIT declaration: DefiKernel.Composition.Receipt.revoked.noConfusion; module=DefiKernel.Composition.Execution; kind=definition; axioms=[]
AXIOM AUDIT declaration: DefiKernel.Composition.Receipt.supply._sparseCasesOn_1; module=DefiKernel.Composition.Execution; kind=definition; axioms=[propext]
AXIOM AUDIT declaration: DefiKernel.Composition.Receipt.supply.match_1; module=DefiKernel.Composition.Execution; kind=definition; axioms=[propext]
AXIOM AUDIT declaration: DefiKernel.Composition.ResourceImport.mk._flat_ctor; module=DefiKernel.Composition.Interfaces; kind=definition; axioms=[]
AXIOM AUDIT declaration: DefiKernel.Composition.ResourceImport.mk.noConfusion; module=DefiKernel.Composition.Interfaces; kind=definition; axioms=[]
AXIOM AUDIT declaration: DefiKernel.Composition.ResourcePort.mk._flat_ctor; module=DefiKernel.Composition.Interfaces; kind=definition; axioms=[]
AXIOM AUDIT declaration: DefiKernel.Composition.ResourcePort.mk.noConfusion; module=DefiKernel.Composition.Interfaces; kind=definition; axioms=[]
AXIOM AUDIT declaration: DefiKernel.Composition.Step.invoke.elim; module=DefiKernel.Composition.Execution; kind=definition; axioms=[]
AXIOM AUDIT declaration: DefiKernel.Composition.Step.invoke.noConfusion; module=DefiKernel.Composition.Execution; kind=definition; axioms=[]
AXIOM AUDIT declaration: DefiKernel.Composition.Step.issue.elim; module=DefiKernel.Composition.Execution; kind=definition; axioms=[]
AXIOM AUDIT declaration: DefiKernel.Composition.Step.issue.noConfusion; module=DefiKernel.Composition.Execution; kind=definition; axioms=[]
AXIOM AUDIT declaration: DefiKernel.Composition.Step.revoke.elim; module=DefiKernel.Composition.Execution; kind=definition; axioms=[]
AXIOM AUDIT declaration: DefiKernel.Composition.Step.revoke.noConfusion; module=DefiKernel.Composition.Execution; kind=definition; axioms=[]
AXIOM AUDIT declaration: DefiKernel.Composition.StepResult.mk._flat_ctor; module=DefiKernel.Composition.Execution; kind=definition; axioms=[propext,
 Quot.sound]
AXIOM AUDIT declaration: DefiKernel.Composition.StepResult.mk.noConfusion; module=DefiKernel.Composition.Execution; kind=definition; axioms=[propext,
 Quot.sound]
AXIOM AUDIT declaration: DefiKernel.Composition.Tests.ExpectedEvent._sizeOf_1; module=DefiKernel.Composition.Tests; kind=definition; axioms=[]
AXIOM AUDIT declaration: DefiKernel.Composition.Tests.ExpectedEvent._sizeOf_inst; module=DefiKernel.Composition.Tests; kind=definition; axioms=[]
AXIOM AUDIT declaration: DefiKernel.Composition.Tests.ExpectedEvent.adminId; module=DefiKernel.Composition.Tests; kind=definition; axioms=[]
AXIOM AUDIT declaration: DefiKernel.Composition.Tests.ExpectedEvent.after; module=DefiKernel.Composition.Tests; kind=definition; axioms=[]
AXIOM AUDIT declaration: DefiKernel.Composition.Tests.ExpectedEvent.arguments; module=DefiKernel.Composition.Tests; kind=definition; axioms=[]
AXIOM AUDIT declaration: DefiKernel.Composition.Tests.ExpectedEvent.before; module=DefiKernel.Composition.Tests; kind=definition; axioms=[]
AXIOM AUDIT declaration: DefiKernel.Composition.Tests.ExpectedEvent.casesOn; module=DefiKernel.Composition.Tests; kind=definition; axioms=[]
AXIOM AUDIT declaration: DefiKernel.Composition.Tests.ExpectedEvent.ctorIdx; module=DefiKernel.Composition.Tests; kind=definition; axioms=[]
AXIOM AUDIT declaration: DefiKernel.Composition.Tests.ExpectedEvent.deltas; module=DefiKernel.Composition.Tests; kind=definition; axioms=[]
AXIOM AUDIT declaration: DefiKernel.Composition.Tests.ExpectedEvent.envReads; module=DefiKernel.Composition.Tests; kind=definition; axioms=[]
AXIOM AUDIT declaration: DefiKernel.Composition.Tests.ExpectedEvent.noConfusion; module=DefiKernel.Composition.Tests; kind=definition; axioms=[]
AXIOM AUDIT declaration: DefiKernel.Composition.Tests.ExpectedEvent.noConfusionType; module=DefiKernel.Composition.Tests; kind=definition; axioms=[]
AXIOM AUDIT declaration: DefiKernel.Composition.Tests.ExpectedEvent.outputs; module=DefiKernel.Composition.Tests; kind=definition; axioms=[]
AXIOM AUDIT declaration: DefiKernel.Composition.Tests.ExpectedEvent.postStore; module=DefiKernel.Composition.Tests; kind=definition; axioms=[]
AXIOM AUDIT declaration: DefiKernel.Composition.Tests.ExpectedEvent.preStore; module=DefiKernel.Composition.Tests; kind=definition; axioms=[]
AXIOM AUDIT declaration: DefiKernel.Composition.Tests.ExpectedEvent.recOn; module=DefiKernel.Composition.Tests; kind=definition; axioms=[]
AXIOM AUDIT declaration: DefiKernel.Composition.Tests.ExpectedEvent.step; module=DefiKernel.Composition.Tests; kind=definition; axioms=[]
AXIOM AUDIT declaration: DefiKernel.Composition.Tests.ExpectedEvent.supplies; module=DefiKernel.Composition.Tests; kind=definition; axioms=[]
AXIOM AUDIT declaration: DefiKernel.Composition.Tests.ExpectedEvent.writes; module=DefiKernel.Composition.Tests; kind=definition; axioms=[]
AXIOM AUDIT declaration: DefiKernel.Composition.Tests.checks._sparseCasesOn_3; module=DefiKernel.Composition.Tests; kind=definition; axioms=[propext]
AXIOM AUDIT declaration: DefiKernel.Composition.Tests.checks.match_1; module=DefiKernel.Composition.Tests; kind=definition; axioms=[]
AXIOM AUDIT declaration: DefiKernel.Composition.Tests.checks.match_3; module=DefiKernel.Composition.Tests; kind=definition; axioms=[propext]
AXIOM AUDIT declaration: DefiKernel.Composition.Tests.cursorEq._sparseCasesOn_5; module=DefiKernel.Composition.Tests; kind=definition; axioms=[propext]
AXIOM AUDIT declaration: DefiKernel.Composition.Tests.cursorEq._sparseCasesOn_6; module=DefiKernel.Composition.Tests; kind=definition; axioms=[propext]
AXIOM AUDIT declaration: DefiKernel.Composition.Tests.cursorEq.match_1; module=DefiKernel.Composition.Tests; kind=definition; axioms=[propext,
 Quot.sound]
AXIOM AUDIT declaration: DefiKernel.Composition.Tests.cursorEq.match_3; module=DefiKernel.Composition.Tests; kind=definition; axioms=[]
AXIOM AUDIT declaration: DefiKernel.Composition.Tests.cursorEq.match_5; module=DefiKernel.Composition.Tests; kind=definition; axioms=[propext]
AXIOM AUDIT declaration: DefiKernel.Composition.Tests.eventEq.aSupply; module=DefiKernel.Composition.Tests; kind=definition; axioms=[propext,
 Classical.choice,
 Quot.sound]
AXIOM AUDIT declaration: DefiKernel.Composition.Tests.eventEq.match_1; module=DefiKernel.Composition.Tests; kind=definition; axioms=[propext]
AXIOM AUDIT declaration: DefiKernel.Composition.Tests.listEq.match_1; module=DefiKernel.Composition.Tests; kind=definition; axioms=[]
AXIOM AUDIT declaration: DefiKernel.Composition.Tests.sourceEq._sparseCasesOn_1; module=DefiKernel.Composition.Tests; kind=definition; axioms=[propext]
AXIOM AUDIT declaration: DefiKernel.Composition.Tests.sourceEq._sparseCasesOn_2; module=DefiKernel.Composition.Tests; kind=definition; axioms=[propext]
AXIOM AUDIT declaration: DefiKernel.Composition.Tests.sourceEq.match_1; module=DefiKernel.Composition.Tests; kind=definition; axioms=[propext]
AXIOM AUDIT declaration: DefiKernel.Composition.Tests.stepEq._sparseCasesOn_1; module=DefiKernel.Composition.Tests; kind=definition; axioms=[propext]
AXIOM AUDIT declaration: DefiKernel.Composition.Tests.stepEq._sparseCasesOn_2; module=DefiKernel.Composition.Tests; kind=definition; axioms=[propext]
AXIOM AUDIT declaration: DefiKernel.Composition.Tests.stepEq._sparseCasesOn_3; module=DefiKernel.Composition.Tests; kind=definition; axioms=[propext]
AXIOM AUDIT declaration: DefiKernel.Composition.Tests.stepEq.match_1; module=DefiKernel.Composition.Tests; kind=definition; axioms=[propext]
AXIOM AUDIT declaration: DefiKernel.Composition.TraceSound.administration.match_1; module=DefiKernel.Composition.Preservation; kind=definition; axioms=[]
AXIOM AUDIT declaration: DefiKernel.Composition.TraceSound.below.casesOn; module=DefiKernel.Composition.Sequence; kind=definition; axioms=[propext,
 Classical.choice,
 Quot.sound]
AXIOM AUDIT declaration: DefiKernel.Composition.instDecidableEqComponent.decEq.match_1; module=DefiKernel.Composition.Interfaces; kind=definition; axioms=[]
AXIOM AUDIT declaration: DefiKernel.Composition.instDecidableEqComponentId.decEq.match_1; module=DefiKernel.Composition.Interfaces; kind=definition; axioms=[]
AXIOM AUDIT declaration: DefiKernel.Composition.instDecidableEqFailure.decEq.match_1; module=DefiKernel.Composition.Execution; kind=definition; axioms=[]
AXIOM AUDIT declaration: DefiKernel.Composition.instDecidableEqInputPort.decEq.match_1; module=DefiKernel.Composition.Interfaces; kind=definition; axioms=[]
AXIOM AUDIT declaration: DefiKernel.Composition.instDecidableEqInterfaceFailure.decEq.match_1; module=DefiKernel.Composition.Interfaces; kind=definition; axioms=[]
AXIOM AUDIT declaration: DefiKernel.Composition.instDecidableEqOperationInterface.decEq.match_1; module=DefiKernel.Composition.Interfaces; kind=definition; axioms=[]
AXIOM AUDIT declaration: DefiKernel.Composition.instDecidableEqOutputPort.decEq.match_1; module=DefiKernel.Composition.Interfaces; kind=definition; axioms=[]
AXIOM AUDIT declaration: DefiKernel.Composition.instDecidableEqPortId.decEq.match_1; module=DefiKernel.Composition.Interfaces; kind=definition; axioms=[]
AXIOM AUDIT declaration: DefiKernel.Composition.instDecidableEqQualifiedPort.decEq.match_1; module=DefiKernel.Composition.Interfaces; kind=definition; axioms=[]
AXIOM AUDIT declaration: DefiKernel.Composition.instDecidableEqResourceImport.decEq.match_1; module=DefiKernel.Composition.Interfaces; kind=definition; axioms=[]
AXIOM AUDIT declaration: DefiKernel.Composition.instDecidableEqResourcePort.decEq.match_1; module=DefiKernel.Composition.Interfaces; kind=definition; axioms=[]
AXIOM AUDIT declaration: DefiKernel.Composition.instReprFailure.repr.match_1; module=DefiKernel.Composition.Execution; kind=definition; axioms=[]
AXIOM AUDIT declaration: DefiKernel.Composition.instReprInterfaceFailure.repr.match_1; module=DefiKernel.Composition.Interfaces; kind=definition; axioms=[]
AXIOM AUDIT declaration: _private.DefiKernel.Composition.Execution.0.DefiKernel.Composition.executeStep.match_5.splitter; module=DefiKernel.Composition.Execution; kind=definition; axioms=[]
AXIOM AUDIT declaration: _private.DefiKernel.Composition.Interfaces.0.DefiKernel.Composition.resolveSource.match_3.splitter; module=DefiKernel.Composition.Interfaces; kind=definition; axioms=[]
AXIOM AUDIT declaration: _private.DefiKernel.Composition.Interfaces.0.DefiKernel.Composition.validateCatalog.match_1.splitter; module=DefiKernel.Composition.Interfaces; kind=definition; axioms=[]
AXIOM AUDIT declaration: _private.DefiKernel.Composition.Sequence.0.DefiKernel.Composition.RefusalSound.match_1.splitter; module=DefiKernel.Composition.Sequence; kind=definition; axioms=[]
AXIOM AUDIT declaration: DefiKernel.Composition.Tests.ExpectedEvent.adminId._default; module=DefiKernel.Composition.Tests; kind=definition; axioms=[]
AXIOM AUDIT declaration: DefiKernel.Composition.Tests.ExpectedEvent.arguments._default; module=DefiKernel.Composition.Tests; kind=definition; axioms=[]
AXIOM AUDIT declaration: DefiKernel.Composition.Tests.ExpectedEvent.deltas._default; module=DefiKernel.Composition.Tests; kind=definition; axioms=[]
AXIOM AUDIT declaration: DefiKernel.Composition.Tests.ExpectedEvent.envReads._default; module=DefiKernel.Composition.Tests; kind=definition; axioms=[]
AXIOM AUDIT declaration: DefiKernel.Composition.Tests.ExpectedEvent.mk._flat_ctor; module=DefiKernel.Composition.Tests; kind=definition; axioms=[]
AXIOM AUDIT declaration: DefiKernel.Composition.Tests.ExpectedEvent.mk.noConfusion; module=DefiKernel.Composition.Tests; kind=definition; axioms=[]
AXIOM AUDIT declaration: DefiKernel.Composition.Tests.ExpectedEvent.outputs._default; module=DefiKernel.Composition.Tests; kind=definition; axioms=[]
AXIOM AUDIT declaration: DefiKernel.Composition.Tests.ExpectedEvent.postStore._default; module=DefiKernel.Composition.Tests; kind=definition; axioms=[]
AXIOM AUDIT declaration: DefiKernel.Composition.Tests.ExpectedEvent.preStore._default; module=DefiKernel.Composition.Tests; kind=definition; axioms=[]
AXIOM AUDIT declaration: DefiKernel.Composition.Tests.ExpectedEvent.supplies._default; module=DefiKernel.Composition.Tests; kind=definition; axioms=[]
AXIOM AUDIT declaration: DefiKernel.Composition.Tests.ExpectedEvent.writes._default; module=DefiKernel.Composition.Tests; kind=definition; axioms=[]
AXIOM AUDIT declaration: _private.DefiKernel.Composition.Execution.0.DefiKernel.Composition.Receipt.supply.match_1.splitter; module=DefiKernel.Composition.Execution; kind=definition; axioms=[propext]
AXIOM AUDIT DECLARATIONS PASSED: 583/583 supplemental declarations; forbidden=0
AXIOM AUDIT PASSED: 328/328 theorems; forbidden=0
