⚠ [434/757] Replayed Defialgebra.Obstruction
warning: Defialgebra/Obstruction.lean:2:18: * '. Released under Apache 2.0 license.':
'Copyright (c) YYYY' should be followed by a space


Note: This linter can be disabled with `set_option linter.style.header false`
warning: Defialgebra/Obstruction.lean:2:32: * 'er Apache 2.0 license.':
Copyright line should end with '. All rights reserved.'


Note: This linter can be disabled with `set_option linter.style.header false`
warning: Defialgebra/Obstruction.lean:4:0: * '-/':
Copyright too short!


Note: This linter can be disabled with `set_option linter.style.header false`
⚠ [729/757] Replayed Defialgebra.ConvexGeometry
warning: Defialgebra/ConvexGeometry.lean:2:18: * '. Released under Apache 2.0 license.':
'Copyright (c) YYYY' should be followed by a space


Note: This linter can be disabled with `set_option linter.style.header false`
warning: Defialgebra/ConvexGeometry.lean:2:32: * 'er Apache 2.0 license.':
Copyright line should end with '. All rights reserved.'


Note: This linter can be disabled with `set_option linter.style.header false`
warning: Defialgebra/ConvexGeometry.lean:4:0: * '-/':
Copyright too short!


Note: This linter can be disabled with `set_option linter.style.header false`
info: Defialgebra/ConvexGeometry.lean:357:0: 'Defialgebra.ConvexGeometry.mem_ex' depends on axioms: [propext, Classical.choice, Quot.sound]
info: Defialgebra/ConvexGeometry.lean:358:0: 'Defialgebra.ConvexGeometry.ex_subset' depends on axioms: [propext, Classical.choice, Quot.sound]
info: Defialgebra/ConvexGeometry.lean:359:0: 'Defialgebra.ConvexGeometry.cl_mono' depends on axioms: [propext, Classical.choice, Quot.sound]
info: Defialgebra/ConvexGeometry.lean:360:0: 'Defialgebra.ConvexGeometry.subset_cl' depends on axioms: [propext, Classical.choice, Quot.sound]
info: Defialgebra/ConvexGeometry.lean:361:0: 'Defialgebra.ConvexGeometry.ex_subset_of_generates' depends on axioms: [propext, Classical.choice, Quot.sound]
info: Defialgebra/ConvexGeometry.lean:362:0: 'Defialgebra.ConvexGeometry.maximal_closed_gap' depends on axioms: [propext, Classical.choice, Quot.sound]
info: Defialgebra/ConvexGeometry.lean:363:0: 'Defialgebra.ConvexGeometry.maximal_closed_gap'' depends on axioms: [propext, Classical.choice, Quot.sound]
info: Defialgebra/ConvexGeometry.lean:364:0: 'Defialgebra.ConvexGeometry.closure_ex' depends on axioms: [propext, Classical.choice, Quot.sound]
info: Defialgebra/ConvexGeometry.lean:365:0: 'Defialgebra.ConvexGeometry.unique_minimum_generator' depends on axioms: [propext, Classical.choice, Quot.sound]
info: Defialgebra/ConvexGeometry.lean:366:0: 'Defialgebra.ConvexGeometry.ex_isMinimumGenerator' depends on axioms: [propext, Classical.choice, Quot.sound]
info: Defialgebra/ConvexGeometry.lean:367:0: 'Defialgebra.ConvexGeometry.mem_reachSet' depends on axioms: [propext, Classical.choice, Quot.sound]
info: Defialgebra/ConvexGeometry.lean:368:0: 'Defialgebra.ConvexGeometry.reachSet_mono' depends on axioms: [propext, Classical.choice, Quot.sound]
info: Defialgebra/ConvexGeometry.lean:369:0: 'Defialgebra.ConvexGeometry.subset_reachSet' depends on axioms: [propext, Classical.choice, Quot.sound]
info: Defialgebra/ConvexGeometry.lean:370:0: 'Defialgebra.ConvexGeometry.reachSet_idem' depends on axioms: [propext, Classical.choice, Quot.sound]
info: Defialgebra/ConvexGeometry.lean:371:0: 'Defialgebra.ConvexGeometry.reachCl' depends on axioms: [propext, Classical.choice, Quot.sound]
info: Defialgebra/ConvexGeometry.lean:372:0: 'Defialgebra.ConvexGeometry.reachCl_apply' depends on axioms: [propext, Classical.choice, Quot.sound]
info: Defialgebra/ConvexGeometry.lean:373:0: 'Defialgebra.ConvexGeometry.reachSet_empty' depends on axioms: [propext, Classical.choice, Quot.sound]
info: Defialgebra/ConvexGeometry.lean:374:0: 'Defialgebra.ConvexGeometry.reachSet_insert' depends on axioms: [propext, Classical.choice, Quot.sound]
info: Defialgebra/ConvexGeometry.lean:375:0: 'Defialgebra.ConvexGeometry.mem_reachSet_insert_of_closed' depends on axioms: [propext, Classical.choice, Quot.sound]
info: Defialgebra/ConvexGeometry.lean:376:0: 'Defialgebra.ConvexGeometry.reachCl_antiExchange_of_antisymm' depends on axioms: [propext, Classical.choice, Quot.sound]
info: Defialgebra/ConvexGeometry.lean:377:0: 'Defialgebra.ConvexGeometry.antisymm_of_reachCl_antiExchange' depends on axioms: [propext, Classical.choice, Quot.sound]
info: Defialgebra/ConvexGeometry.lean:378:0: 'Defialgebra.ConvexGeometry.reachCl_antiExchange_iff' depends on axioms: [propext, Classical.choice, Quot.sound]
info: Defialgebra/ConvexGeometry.lean:379:0: 'Defialgebra.ConvexGeometry.ex_reachCl' depends on axioms: [propext, Classical.choice, Quot.sound]
info: Defialgebra/ConvexGeometry.lean:380:0: 'Defialgebra.ConvexGeometry.ex_reachCl_union' depends on axioms: [propext, Classical.choice, Quot.sound]
warning: Defialgebra/ConvexGeometry.lean:476:6: `push_neg` has been deprecated. Prefer using `push Not` instead.
If you'd rather continue using `push_neg` in your project, you can implement it as follows:
```
open Lean.Parser.Tactic in
macro "push_neg" cfg:optConfig loc:(location)? : tactic =>
  `(tactic| push $cfg:optConfig Not $[$loc]?)
```
info: Defialgebra/ConvexGeometry.lean:564:0: 'Defialgebra.ConvexGeometry.reachSet_union' depends on axioms: [propext, Classical.choice, Quot.sound]
info: Defialgebra/ConvexGeometry.lean:565:0: 'Defialgebra.ConvexGeometry.reachCl_union' depends on axioms: [propext, Classical.choice, Quot.sound]
info: Defialgebra/ConvexGeometry.lean:566:0: 'Defialgebra.ConvexGeometry.reachCl_union_of_closed' depends on axioms: [propext, Classical.choice, Quot.sound]
info: Defialgebra/ConvexGeometry.lean:567:0: 'Defialgebra.ConvexGeometry.reachSet_eq_self_iff' depends on axioms: [propext, Classical.choice, Quot.sound]
info: Defialgebra/ConvexGeometry.lean:568:0: 'Defialgebra.ConvexGeometry.thm_convex' depends on axioms: [propext, Classical.choice, Quot.sound]
info: Defialgebra/ConvexGeometry.lean:569:0: 'Defialgebra.ConvexGeometry.exists_ex_reach_aux' depends on axioms: [propext, Classical.choice, Quot.sound]
info: Defialgebra/ConvexGeometry.lean:570:0: 'Defialgebra.ConvexGeometry.exists_ex_reach' depends on axioms: [propext, Classical.choice, Quot.sound]
info: Defialgebra/ConvexGeometry.lean:571:0: 'Defialgebra.ConvexGeometry.ex_reachCl_union_ex' depends on axioms: [propext, Classical.choice, Quot.sound]
info: Defialgebra/ConvexGeometry.lean:572:0: 'Defialgebra.ConvexGeometry.ex_oplus' depends on axioms: [propext, Classical.choice, Quot.sound]
⚠ [730/757] Replayed Defialgebra.Polarity
warning: Defialgebra/Polarity.lean:2:18: * '. Released under Apache 2.0 license.':
'Copyright (c) YYYY' should be followed by a space


Note: This linter can be disabled with `set_option linter.style.header false`
warning: Defialgebra/Polarity.lean:2:32: * 'er Apache 2.0 license.':
Copyright line should end with '. All rights reserved.'


Note: This linter can be disabled with `set_option linter.style.header false`
warning: Defialgebra/Polarity.lean:4:0: * '-/':
Copyright too short!


Note: This linter can be disabled with `set_option linter.style.header false`
warning: Defialgebra/Polarity.lean:71:0: `horn_of_pureNeg` does not use the following hypothesis in its type:
  • [DecidableEq E] (#2)

Consider removing this hypothesis and using `classical` in the proof instead. For terms, consider using `open scoped Classical in` at the term level (not the command level).

Note: This linter can be disabled with `set_option linter.unusedDecidableInType false`
warning: Defialgebra/Polarity.lean:138:0: `dualHorn_reqClause` does not use the following hypothesis in its type:
  • [DecidableEq E] (#2)

Consider removing this hypothesis and using `classical` in the proof instead. For terms, consider using `open scoped Classical in` at the term level (not the command level).

Note: This linter can be disabled with `set_option linter.unusedDecidableInType false`
warning: Defialgebra/Polarity.lean:142:0: `pureNeg_prohClause` does not use the following hypothesis in its type:
  • [DecidableEq E] (#2)

Consider removing this hypothesis and using `classical` in the proof instead. For terms, consider using `open scoped Classical in` at the term level (not the command level).

Note: This linter can be disabled with `set_option linter.unusedDecidableInType false`
warning: Defialgebra/Polarity.lean:145:0: `horn_prohClause` does not use the following hypothesis in its type:
  • [DecidableEq E] (#2)

Consider removing this hypothesis and using `classical` in the proof instead. For terms, consider using `open scoped Classical in` at the term level (not the command level).

Note: This linter can be disabled with `set_option linter.unusedDecidableInType false`
warning: Defialgebra/Polarity.lean:164:0: `sat_prohClause_iff` does not use the following hypothesis in its type:
  • [DecidableEq E] (#2)

Consider removing this hypothesis and using `classical` in the proof instead. For terms, consider using `open scoped Classical in` at the term level (not the command level).

Note: This linter can be disabled with `set_option linter.unusedDecidableInType false`
info: Defialgebra/Polarity.lean:230:0: 'Defialgebra.Polarity.sat_union_of_dualHorn' depends on axioms: [propext, Classical.choice, Quot.sound]
info: Defialgebra/Polarity.lean:231:0: 'Defialgebra.Polarity.sat_inter_of_horn' depends on axioms: [propext, Classical.choice, Quot.sound]
info: Defialgebra/Polarity.lean:232:0: 'Defialgebra.Polarity.dualHorn_union_closed' depends on axioms: [propext, Classical.choice, Quot.sound]
info: Defialgebra/Polarity.lean:233:0: 'Defialgebra.Polarity.horn_inter_closed' depends on axioms: [propext, Classical.choice, Quot.sound]
info: Defialgebra/Polarity.lean:234:0: 'Defialgebra.Polarity.pureNeg_inter_closed' depends on axioms: [propext, Classical.choice, Quot.sound]
info: Defialgebra/Polarity.lean:235:0: 'Defialgebra.Polarity.horn_of_pureNeg' depends on axioms: [propext, Quot.sound]
info: Defialgebra/Polarity.lean:236:0: 'Defialgebra.Polarity.dualHorn_reqClause' depends on axioms: [propext, Quot.sound]
info: Defialgebra/Polarity.lean:237:0: 'Defialgebra.Polarity.pureNeg_prohClause' depends on axioms: [propext, Quot.sound]
info: Defialgebra/Polarity.lean:238:0: 'Defialgebra.Polarity.horn_prohClause' depends on axioms: [propext, Quot.sound]
info: Defialgebra/Polarity.lean:239:0: 'Defialgebra.Polarity.sat_reqClause_iff' depends on axioms: [propext, Classical.choice, Quot.sound]
info: Defialgebra/Polarity.lean:240:0: 'Defialgebra.Polarity.sat_prohClause_iff' depends on axioms: [propext, Classical.choice, Quot.sound]
info: Defialgebra/Polarity.lean:241:0: 'Defialgebra.Polarity.req_models_union_closed' depends on axioms: [propext, Classical.choice, Quot.sound]
info: Defialgebra/Polarity.lean:242:0: 'Defialgebra.Polarity.warrant_models_union_closed' depends on axioms: [propext, Classical.choice, Quot.sound]
info: Defialgebra/Polarity.lean:243:0: 'Defialgebra.Polarity.proh_models_inter_closed' depends on axioms: [propext, Classical.choice, Quot.sound]
info: Defialgebra/Polarity.lean:244:0: 'Defialgebra.Polarity.dualHorn_not_inter_closed' depends on axioms: [propext, Classical.choice, Quot.sound]
info: Defialgebra/Polarity.lean:245:0: 'Defialgebra.Polarity.req_not_inter_closed' depends on axioms: [propext, Classical.choice, Quot.sound]
info: Defialgebra/Polarity.lean:246:0: 'Defialgebra.Polarity.pureNeg_not_union_closed' depends on axioms: [propext, Classical.choice, Quot.sound]
info: Defialgebra/Polarity.lean:247:0: 'Defialgebra.Polarity.proh_not_union_closed' depends on axioms: [propext, Classical.choice, Quot.sound]
⚠ [731/757] Replayed Defialgebra.Lattice
warning: Defialgebra/Lattice.lean:2:18: * '. Released under Apache 2.0 license.':
'Copyright (c) YYYY' should be followed by a space


Note: This linter can be disabled with `set_option linter.style.header false`
warning: Defialgebra/Lattice.lean:2:32: * 'er Apache 2.0 license.':
Copyright line should end with '. All rights reserved.'


Note: This linter can be disabled with `set_option linter.style.header false`
warning: Defialgebra/Lattice.lean:4:0: * '-/':
Copyright too short!


Note: This linter can be disabled with `set_option linter.style.header false`
warning: Defialgebra/Lattice.lean:88:4: The `show` tactic should only be used to indicate intermediate goal states for readability.
However, this tactic invocation changed the goal. Please use `change` instead for these purposes.

Note: This linter can be disabled with `set_option linter.style.show false`
warning: Defialgebra/Lattice.lean:91:4: The `show` tactic should only be used to indicate intermediate goal states for readability.
However, this tactic invocation changed the goal. Please use `change` instead for these purposes.

Note: This linter can be disabled with `set_option linter.style.show false`
info: Defialgebra/Lattice.lean:159:0: 'Defialgebra.Lattice.UnionClosedFamily.mem_toFinsetFamily' depends on axioms: [propext, Classical.choice, Quot.sound]
info: Defialgebra/Lattice.lean:160:0: 'Defialgebra.Lattice.UnionClosedFamily.famSup_mem' depends on axioms: [propext, Classical.choice, Quot.sound]
info: Defialgebra/Lattice.lean:161:0: 'Defialgebra.Lattice.UnionClosedFamily.isLUB_sSup'' depends on axioms: [propext, Classical.choice, Quot.sound]
info: Defialgebra/Lattice.lean:162:0: 'Defialgebra.Lattice.UnionClosedFamily.completeLattice' depends on axioms: [propext, Classical.choice, Quot.sound]
info: Defialgebra/Lattice.lean:163:0: 'Defialgebra.Lattice.UnionClosedFamily.coe_sup' depends on axioms: [propext, Classical.choice, Quot.sound]
info: Defialgebra/Lattice.lean:164:0: 'Defialgebra.Lattice.UnionClosedFamily.inf_eq_sSup' depends on axioms: [propext, Classical.choice, Quot.sound]
info: Defialgebra/Lattice.lean:165:0: 'Defialgebra.Lattice.UnionClosedFamily.coe_inf' depends on axioms: [propext, Classical.choice, Quot.sound]
info: Defialgebra/Lattice.lean:166:0: 'Defialgebra.Lattice.UnionClosedFamily.top_eq_univ' depends on axioms: [propext, Classical.choice, Quot.sound]
info: Defialgebra/Lattice.lean:167:0: 'Defialgebra.Lattice.meet_ne_inter' depends on axioms: [propext, Classical.choice, Quot.sound]
⚠ [732/757] Replayed Defialgebra.Discharge
warning: Defialgebra/Discharge.lean:2:18: * '. Released under Apache 2.0 license.':
'Copyright (c) YYYY' should be followed by a space


Note: This linter can be disabled with `set_option linter.style.header false`
warning: Defialgebra/Discharge.lean:2:32: * 'er Apache 2.0 license.':
Copyright line should end with '. All rights reserved.'


Note: This linter can be disabled with `set_option linter.style.header false`
warning: Defialgebra/Discharge.lean:4:0: * '-/':
Copyright too short!


Note: This linter can be disabled with `set_option linter.style.header false`
info: Defialgebra/Discharge.lean:126:0: 'Defialgebra.Polarity.dualHorn_voidReq' depends on axioms: [propext, Classical.choice, Quot.sound]
info: Defialgebra/Discharge.lean:127:0: 'Defialgebra.Polarity.sat_voidReq_iff' depends on axioms: [propext, Classical.choice, Quot.sound]
info: Defialgebra/Discharge.lean:128:0: 'Defialgebra.Polarity.sat_voidReq_of_sat' depends on axioms: [propext, Classical.choice, Quot.sound]
info: Defialgebra/Discharge.lean:129:0: 'Defialgebra.Polarity.sat_voidReq_of_void' depends on axioms: [propext, Classical.choice, Quot.sound]
info: Defialgebra/Discharge.lean:130:0: 'Defialgebra.Polarity.sat_union_voidReq' depends on axioms: [propext, Classical.choice, Quot.sound]
info: Defialgebra/Discharge.lean:131:0: 'Defialgebra.Polarity.voidReq_union_closed' depends on axioms: [propext, Classical.choice, Quot.sound]
info: Defialgebra/Discharge.lean:132:0: 'Defialgebra.Polarity.voidReq_models_union_closed' depends on axioms: [propext, Classical.choice, Quot.sound]
info: Defialgebra/Discharge.lean:133:0: 'Defialgebra.Polarity.voidReq_strictly_larger' depends on axioms: [propext, Classical.choice, Quot.sound]
info: Defialgebra/Discharge.lean:134:0: 'Defialgebra.Polarity.voidReq_not_definite' depends on axioms: [propext, Classical.choice, Quot.sound]
info: Defialgebra/Discharge.lean:135:0: 'Defialgebra.Polarity.definite_voidReq_imp_definite' depends on axioms: [propext, Classical.choice, Quot.sound]
⚠ [811/1005] Replayed Defialgebra.Interface
warning: Defialgebra/Interface.lean:4:0: * '# The interface discipline for `⋈`

`BASIS.md` §5 composes constructions along a coupling `κ` that "identifies only
carriers of the same sort". `P1 · Led` has carrier `(N ⇀ Q) × Q` — a balance map and
a declared total — with the law `‖bal‖ = sup`. But `sup` is merely sort `Q`, so `κ`
may glue it to an unrelated `Q` of the partner, whose transitions then write it while
the balance map is untouched. **Conservation dies under plain interleaving, with no
fusion involved**, and the invariant induction §5 relies on has no proof.

Four independent designs (`sigma/INTERFACE-COUNCIL.md`) converged on one fix:
*the declared total is not a shareable thing*. This file is the Lean statement of it.

* `Ledger.sup_not_port` — the discipline, carried as a well-formedness field rather
  than proved. This is the whole fix.
* `cons_of_portConfined` — a foreign transition confined to a ledger's ports, and
  `Q`-neutral on the ports it shares, preserves `‖bal‖ = sup`.
* `cons_broken_if_sup_is_port` — **the negative companion.** Drop `sup ∉ ports` and
  the same theorem is false, by explicit counterexample. Without this the result
  could hold vacuously, which is the failure mode this programme keeps finding.

SCOPE, stated plainly. Sorts are not modelled: state here is `Idx → ℤ`, because
conservation quantifies over `Q` alone and the sort discipline is a separate
concern. Fusion, polarity of `Q` flows, and associativity are M2/M3 and are absent.
What is proved is exactly the milestone: the coupling defect is real, and
`sup ∉ ports` closes it.':
If an authors line spans multiple lines, each line but the last must end with a trailing comma


Note: This linter can be disabled with `set_option linter.style.header false`
warning: Defialgebra/Interface.lean:4:0: * '# The int':
The authors line should begin with 'Authors: '


Note: This linter can be disabled with `set_option linter.style.header false`
warning: Defialgebra/Interface.lean:17:0: * '  ':
Double spaces are not allowed.


Note: This linter can be disabled with `set_option linter.style.header false`
warning: Defialgebra/Interface.lean:11:18: * ' and ':
Please, do not use 'and'; use ',' instead.


Note: This linter can be disabled with `set_option linter.style.header false`
warning: Defialgebra/Interface.lean:6:6: * '.':
Please, do not end the authors' line with a period.


Note: This linter can be disabled with `set_option linter.style.header false`
warning: Defialgebra/Interface.lean:29:2: * '':
Second copyright line should be "Released under Apache 2.0 license as described in the file LICENSE."


Note: This linter can be disabled with `set_option linter.style.header false`
warning: Defialgebra/Interface.lean:33:0: The module doc-string for a file should be the first command after the imports.
Please, add a module doc-string before `namespace Defialgebra.Interface`.

Note: This linter can be disabled with `set_option linter.style.header false`
warning: Defialgebra/Interface.lean:4:0: * '# The interface discipline for `⋈`

`BASIS.md` §5 composes constructions along a coupling `κ` that "identifies only
carriers of the same sort". `P1 · Led` has carrier `(N ⇀ Q) × Q` — a balance map and
a declared total — with the law `‖bal‖ = sup`. But `sup` is merely sort `Q`, so `κ`
may glue it to an unrelated `Q` of the partner, whose transitions then write it while
the balance map is untouched. **Conservation dies under plain interleaving, with no
fusion involved**, and the invariant induction §5 relies on has no proof.

Four independent designs (`sigma/INTERFACE-COUNCIL.md`) converged on one fix:
*the declared total is not a shareable thing*. This file is the Lean statement of it.

* `Ledger.sup_not_port` — the discipline, carried as a well-formedness field rather
  than proved. This is the whole fix.
* `cons_of_portConfined` — a foreign transition confined to a ledger's ports, and
  `Q`-neutral on the ports it shares, preserves `‖bal‖ = sup`.
* `cons_broken_if_sup_is_port` — **the negative companion.** Drop `sup ∉ ports` and
  the same theorem is false, by explicit counterexample. Without this the result
  could hold vacuously, which is the failure mode this programme keeps finding.

SCOPE, stated plainly. Sorts are not modelled: state here is `Idx → ℤ`, because
conservation quantifies over `Q` alone and the sort discipline is a separate
concern. Fusion, polarity of `Q` flows, and associativity are M2/M3 and are absent.
What is proved is exactly the milestone: the coupling defect is real, and
`sup ∉ ports` closes it.':
If an authors line spans multiple lines, each line but the last must end with a trailing comma


Note: This linter can be disabled with `set_option linter.style.header false`
warning: Defialgebra/Interface.lean:4:0: * '# The int':
The authors line should begin with 'Authors: '


Note: This linter can be disabled with `set_option linter.style.header false`
warning: Defialgebra/Interface.lean:17:0: * '  ':
Double spaces are not allowed.


Note: This linter can be disabled with `set_option linter.style.header false`
warning: Defialgebra/Interface.lean:11:18: * ' and ':
Please, do not use 'and'; use ',' instead.


Note: This linter can be disabled with `set_option linter.style.header false`
warning: Defialgebra/Interface.lean:6:6: * '.':
Please, do not end the authors' line with a period.


Note: This linter can be disabled with `set_option linter.style.header false`
warning: Defialgebra/Interface.lean:29:2: * '':
Second copyright line should be "Released under Apache 2.0 license as described in the file LICENSE."


Note: This linter can be disabled with `set_option linter.style.header false`
warning: Defialgebra/Interface.lean:33:0: The module doc-string for a file should be the first command after the imports.
Please, add a module doc-string before `variable {Idx : Type*} [DecidableEq Idx]`.

Note: This linter can be disabled with `set_option linter.style.header false`
warning: Defialgebra/Interface.lean:4:0: * '# The interface discipline for `⋈`

`BASIS.md` §5 composes constructions along a coupling `κ` that "identifies only
carriers of the same sort". `P1 · Led` has carrier `(N ⇀ Q) × Q` — a balance map and
a declared total — with the law `‖bal‖ = sup`. But `sup` is merely sort `Q`, so `κ`
may glue it to an unrelated `Q` of the partner, whose transitions then write it while
the balance map is untouched. **Conservation dies under plain interleaving, with no
fusion involved**, and the invariant induction §5 relies on has no proof.

Four independent designs (`sigma/INTERFACE-COUNCIL.md`) converged on one fix:
*the declared total is not a shareable thing*. This file is the Lean statement of it.

* `Ledger.sup_not_port` — the discipline, carried as a well-formedness field rather
  than proved. This is the whole fix.
* `cons_of_portConfined` — a foreign transition confined to a ledger's ports, and
  `Q`-neutral on the ports it shares, preserves `‖bal‖ = sup`.
* `cons_broken_if_sup_is_port` — **the negative companion.** Drop `sup ∉ ports` and
  the same theorem is false, by explicit counterexample. Without this the result
  could hold vacuously, which is the failure mode this programme keeps finding.

SCOPE, stated plainly. Sorts are not modelled: state here is `Idx → ℤ`, because
conservation quantifies over `Q` alone and the sort discipline is a separate
concern. Fusion, polarity of `Q` flows, and associativity are M2/M3 and are absent.
What is proved is exactly the milestone: the coupling defect is real, and
`sup ∉ ports` closes it.':
If an authors line spans multiple lines, each line but the last must end with a trailing comma


Note: This linter can be disabled with `set_option linter.style.header false`
warning: Defialgebra/Interface.lean:4:0: * '# The int':
The authors line should begin with 'Authors: '


Note: This linter can be disabled with `set_option linter.style.header false`
warning: Defialgebra/Interface.lean:17:0: * '  ':
Double spaces are not allowed.


Note: This linter can be disabled with `set_option linter.style.header false`
warning: Defialgebra/Interface.lean:11:18: * ' and ':
Please, do not use 'and'; use ',' instead.


Note: This linter can be disabled with `set_option linter.style.header false`
warning: Defialgebra/Interface.lean:6:6: * '.':
Please, do not end the authors' line with a period.


Note: This linter can be disabled with `set_option linter.style.header false`
warning: Defialgebra/Interface.lean:29:2: * '':
Second copyright line should be "Released under Apache 2.0 license as described in the file LICENSE."


Note: This linter can be disabled with `set_option linter.style.header false`
warning: Defialgebra/Interface.lean:33:0: The module doc-string for a file should be the first command after the imports.
Please, add a module doc-string before `/-- The state of a construction, restricted to its `Q` carriers. -/
def St (Idx : Type*) : Type _ :=
  Idx → ℤ`.

Note: This linter can be disabled with `set_option linter.style.header false`
warning: Defialgebra/Interface.lean:4:0: * '# The interface discipline for `⋈`

`BASIS.md` §5 composes constructions along a coupling `κ` that "identifies only
carriers of the same sort". `P1 · Led` has carrier `(N ⇀ Q) × Q` — a balance map and
a declared total — with the law `‖bal‖ = sup`. But `sup` is merely sort `Q`, so `κ`
may glue it to an unrelated `Q` of the partner, whose transitions then write it while
the balance map is untouched. **Conservation dies under plain interleaving, with no
fusion involved**, and the invariant induction §5 relies on has no proof.

Four independent designs (`sigma/INTERFACE-COUNCIL.md`) converged on one fix:
*the declared total is not a shareable thing*. This file is the Lean statement of it.

* `Ledger.sup_not_port` — the discipline, carried as a well-formedness field rather
  than proved. This is the whole fix.
* `cons_of_portConfined` — a foreign transition confined to a ledger's ports, and
  `Q`-neutral on the ports it shares, preserves `‖bal‖ = sup`.
* `cons_broken_if_sup_is_port` — **the negative companion.** Drop `sup ∉ ports` and
  the same theorem is false, by explicit counterexample. Without this the result
  could hold vacuously, which is the failure mode this programme keeps finding.

SCOPE, stated plainly. Sorts are not modelled: state here is `Idx → ℤ`, because
conservation quantifies over `Q` alone and the sort discipline is a separate
concern. Fusion, polarity of `Q` flows, and associativity are M2/M3 and are absent.
What is proved is exactly the milestone: the coupling defect is real, and
`sup ∉ ports` closes it.':
If an authors line spans multiple lines, each line but the last must end with a trailing comma


Note: This linter can be disabled with `set_option linter.style.header false`
warning: Defialgebra/Interface.lean:4:0: * '# The int':
The authors line should begin with 'Authors: '


Note: This linter can be disabled with `set_option linter.style.header false`
warning: Defialgebra/Interface.lean:17:0: * '  ':
Double spaces are not allowed.


Note: This linter can be disabled with `set_option linter.style.header false`
warning: Defialgebra/Interface.lean:11:18: * ' and ':
Please, do not use 'and'; use ',' instead.


Note: This linter can be disabled with `set_option linter.style.header false`
warning: Defialgebra/Interface.lean:6:6: * '.':
Please, do not end the authors' line with a period.


Note: This linter can be disabled with `set_option linter.style.header false`
warning: Defialgebra/Interface.lean:29:2: * '':
Second copyright line should be "Released under Apache 2.0 license as described in the file LICENSE."


Note: This linter can be disabled with `set_option linter.style.header false`
warning: Defialgebra/Interface.lean:33:0: The module doc-string for a file should be the first command after the imports.
Please, add a module doc-string before `/-- A `Led` block: the balance indices, the declared total, and the ports it
exposes to a coupling.

`bal : N ⇀ Q` is modelled as `N`-many `Q`-carriers rather than one map carrier.
That is faithful to §5's "`S` a finite product of carriers", and it is what makes
the defect *sayable*: `sup` is a different index from every balance, so a port list
can contain the balances and exclude the total. -/
structure Ledger (Idx : Type*) where
  /-- The indices holding individual balances. -/
  bals : Finset Idx
  /-- The index holding the declared total. -/
  sup : Idx
  /-- The indices a coupling is permitted to bind. -/
  ports : Finset Idx
  /-- The total is not one of the balances. -/
  sup_not_bal : sup ∉ bals
  /-- **THE INTERFACE DISCIPLINE.** The declared total is never a port, so no
    coupling can bind it and no foreign transition can write it. Carried as a
    well-formedness condition, not derived. -/
  sup_not_port : sup ∉ ports`.

Note: This linter can be disabled with `set_option linter.style.header false`
warning: Defialgebra/Interface.lean:4:0: * '# The interface discipline for `⋈`

`BASIS.md` §5 composes constructions along a coupling `κ` that "identifies only
carriers of the same sort". `P1 · Led` has carrier `(N ⇀ Q) × Q` — a balance map and
a declared total — with the law `‖bal‖ = sup`. But `sup` is merely sort `Q`, so `κ`
may glue it to an unrelated `Q` of the partner, whose transitions then write it while
the balance map is untouched. **Conservation dies under plain interleaving, with no
fusion involved**, and the invariant induction §5 relies on has no proof.

Four independent designs (`sigma/INTERFACE-COUNCIL.md`) converged on one fix:
*the declared total is not a shareable thing*. This file is the Lean statement of it.

* `Ledger.sup_not_port` — the discipline, carried as a well-formedness field rather
  than proved. This is the whole fix.
* `cons_of_portConfined` — a foreign transition confined to a ledger's ports, and
  `Q`-neutral on the ports it shares, preserves `‖bal‖ = sup`.
* `cons_broken_if_sup_is_port` — **the negative companion.** Drop `sup ∉ ports` and
  the same theorem is false, by explicit counterexample. Without this the result
  could hold vacuously, which is the failure mode this programme keeps finding.

SCOPE, stated plainly. Sorts are not modelled: state here is `Idx → ℤ`, because
conservation quantifies over `Q` alone and the sort discipline is a separate
concern. Fusion, polarity of `Q` flows, and associativity are M2/M3 and are absent.
What is proved is exactly the milestone: the coupling defect is real, and
`sup ∉ ports` closes it.':
If an authors line spans multiple lines, each line but the last must end with a trailing comma


Note: This linter can be disabled with `set_option linter.style.header false`
warning: Defialgebra/Interface.lean:4:0: * '# The int':
The authors line should begin with 'Authors: '


Note: This linter can be disabled with `set_option linter.style.header false`
warning: Defialgebra/Interface.lean:17:0: * '  ':
Double spaces are not allowed.


Note: This linter can be disabled with `set_option linter.style.header false`
warning: Defialgebra/Interface.lean:11:18: * ' and ':
Please, do not use 'and'; use ',' instead.


Note: This linter can be disabled with `set_option linter.style.header false`
warning: Defialgebra/Interface.lean:6:6: * '.':
Please, do not end the authors' line with a period.


Note: This linter can be disabled with `set_option linter.style.header false`
warning: Defialgebra/Interface.lean:29:2: * '':
Second copyright line should be "Released under Apache 2.0 license as described in the file LICENSE."


Note: This linter can be disabled with `set_option linter.style.header false`
warning: Defialgebra/Interface.lean:33:0: The module doc-string for a file should be the first command after the imports.
Please, add a module doc-string before `/-- `P1 · Led`'s law: `‖bal‖ = sup`. -/
def Cons (L : Ledger Idx) (s : St Idx) : Prop :=
  ∑ i ∈ L.bals, s i = s L.sup`.

Note: This linter can be disabled with `set_option linter.style.header false`
warning: Defialgebra/Interface.lean:4:0: * '# The interface discipline for `⋈`

`BASIS.md` §5 composes constructions along a coupling `κ` that "identifies only
carriers of the same sort". `P1 · Led` has carrier `(N ⇀ Q) × Q` — a balance map and
a declared total — with the law `‖bal‖ = sup`. But `sup` is merely sort `Q`, so `κ`
may glue it to an unrelated `Q` of the partner, whose transitions then write it while
the balance map is untouched. **Conservation dies under plain interleaving, with no
fusion involved**, and the invariant induction §5 relies on has no proof.

Four independent designs (`sigma/INTERFACE-COUNCIL.md`) converged on one fix:
*the declared total is not a shareable thing*. This file is the Lean statement of it.

* `Ledger.sup_not_port` — the discipline, carried as a well-formedness field rather
  than proved. This is the whole fix.
* `cons_of_portConfined` — a foreign transition confined to a ledger's ports, and
  `Q`-neutral on the ports it shares, preserves `‖bal‖ = sup`.
* `cons_broken_if_sup_is_port` — **the negative companion.** Drop `sup ∉ ports` and
  the same theorem is false, by explicit counterexample. Without this the result
  could hold vacuously, which is the failure mode this programme keeps finding.

SCOPE, stated plainly. Sorts are not modelled: state here is `Idx → ℤ`, because
conservation quantifies over `Q` alone and the sort discipline is a separate
concern. Fusion, polarity of `Q` flows, and associativity are M2/M3 and are absent.
What is proved is exactly the milestone: the coupling defect is real, and
`sup ∉ ports` closes it.':
If an authors line spans multiple lines, each line but the last must end with a trailing comma


Note: This linter can be disabled with `set_option linter.style.header false`
warning: Defialgebra/Interface.lean:4:0: * '# The int':
The authors line should begin with 'Authors: '


Note: This linter can be disabled with `set_option linter.style.header false`
warning: Defialgebra/Interface.lean:17:0: * '  ':
Double spaces are not allowed.


Note: This linter can be disabled with `set_option linter.style.header false`
warning: Defialgebra/Interface.lean:11:18: * ' and ':
Please, do not use 'and'; use ',' instead.


Note: This linter can be disabled with `set_option linter.style.header false`
warning: Defialgebra/Interface.lean:6:6: * '.':
Please, do not end the authors' line with a period.


Note: This linter can be disabled with `set_option linter.style.header false`
warning: Defialgebra/Interface.lean:29:2: * '':
Second copyright line should be "Released under Apache 2.0 license as described in the file LICENSE."


Note: This linter can be disabled with `set_option linter.style.header false`
warning: Defialgebra/Interface.lean:33:0: The module doc-string for a file should be the first command after the imports.
Please, add a module doc-string before `/-- `f` touches nothing outside `P` — what a coupling confines a partner to. -/
def WritesWithin (P : Finset Idx) (f : St Idx → St Idx) : Prop :=
  ∀ s i, i ∉ P → f s i = s i`.

Note: This linter can be disabled with `set_option linter.style.header false`
warning: Defialgebra/Interface.lean:4:0: * '# The interface discipline for `⋈`

`BASIS.md` §5 composes constructions along a coupling `κ` that "identifies only
carriers of the same sort". `P1 · Led` has carrier `(N ⇀ Q) × Q` — a balance map and
a declared total — with the law `‖bal‖ = sup`. But `sup` is merely sort `Q`, so `κ`
may glue it to an unrelated `Q` of the partner, whose transitions then write it while
the balance map is untouched. **Conservation dies under plain interleaving, with no
fusion involved**, and the invariant induction §5 relies on has no proof.

Four independent designs (`sigma/INTERFACE-COUNCIL.md`) converged on one fix:
*the declared total is not a shareable thing*. This file is the Lean statement of it.

* `Ledger.sup_not_port` — the discipline, carried as a well-formedness field rather
  than proved. This is the whole fix.
* `cons_of_portConfined` — a foreign transition confined to a ledger's ports, and
  `Q`-neutral on the ports it shares, preserves `‖bal‖ = sup`.
* `cons_broken_if_sup_is_port` — **the negative companion.** Drop `sup ∉ ports` and
  the same theorem is false, by explicit counterexample. Without this the result
  could hold vacuously, which is the failure mode this programme keeps finding.

SCOPE, stated plainly. Sorts are not modelled: state here is `Idx → ℤ`, because
conservation quantifies over `Q` alone and the sort discipline is a separate
concern. Fusion, polarity of `Q` flows, and associativity are M2/M3 and are absent.
What is proved is exactly the milestone: the coupling defect is real, and
`sup ∉ ports` closes it.':
If an authors line spans multiple lines, each line but the last must end with a trailing comma


Note: This linter can be disabled with `set_option linter.style.header false`
warning: Defialgebra/Interface.lean:4:0: * '# The int':
The authors line should begin with 'Authors: '


Note: This linter can be disabled with `set_option linter.style.header false`
warning: Defialgebra/Interface.lean:17:0: * '  ':
Double spaces are not allowed.


Note: This linter can be disabled with `set_option linter.style.header false`
warning: Defialgebra/Interface.lean:11:18: * ' and ':
Please, do not use 'and'; use ',' instead.


Note: This linter can be disabled with `set_option linter.style.header false`
warning: Defialgebra/Interface.lean:6:6: * '.':
Please, do not end the authors' line with a period.


Note: This linter can be disabled with `set_option linter.style.header false`
warning: Defialgebra/Interface.lean:29:2: * '':
Second copyright line should be "Released under Apache 2.0 license as described in the file LICENSE."


Note: This linter can be disabled with `set_option linter.style.header false`
warning: Defialgebra/Interface.lean:33:0: The module doc-string for a file should be the first command after the imports.
Please, add a module doc-string before `/--
`f` moves no net quantity across the ports it shares with `L`. A transfer that
debits one shared balance and credits another satisfies this; a mint into a shared
balance does not. -/
def QNeutralOn (P : Finset Idx) (L : Ledger Idx) (f : St Idx → St Idx) : Prop :=
  ∀ s, ∑ i ∈ L.bals.filter (· ∈ P), f s i = ∑ i ∈ L.bals.filter (· ∈ P), s i`.

Note: This linter can be disabled with `set_option linter.style.header false`
warning: Defialgebra/Interface.lean:4:0: * '# The interface discipline for `⋈`

`BASIS.md` §5 composes constructions along a coupling `κ` that "identifies only
carriers of the same sort". `P1 · Led` has carrier `(N ⇀ Q) × Q` — a balance map and
a declared total — with the law `‖bal‖ = sup`. But `sup` is merely sort `Q`, so `κ`
may glue it to an unrelated `Q` of the partner, whose transitions then write it while
the balance map is untouched. **Conservation dies under plain interleaving, with no
fusion involved**, and the invariant induction §5 relies on has no proof.

Four independent designs (`sigma/INTERFACE-COUNCIL.md`) converged on one fix:
*the declared total is not a shareable thing*. This file is the Lean statement of it.

* `Ledger.sup_not_port` — the discipline, carried as a well-formedness field rather
  than proved. This is the whole fix.
* `cons_of_portConfined` — a foreign transition confined to a ledger's ports, and
  `Q`-neutral on the ports it shares, preserves `‖bal‖ = sup`.
* `cons_broken_if_sup_is_port` — **the negative companion.** Drop `sup ∉ ports` and
  the same theorem is false, by explicit counterexample. Without this the result
  could hold vacuously, which is the failure mode this programme keeps finding.

SCOPE, stated plainly. Sorts are not modelled: state here is `Idx → ℤ`, because
conservation quantifies over `Q` alone and the sort discipline is a separate
concern. Fusion, polarity of `Q` flows, and associativity are M2/M3 and are absent.
What is proved is exactly the milestone: the coupling defect is real, and
`sup ∉ ports` closes it.':
If an authors line spans multiple lines, each line but the last must end with a trailing comma


Note: This linter can be disabled with `set_option linter.style.header false`
warning: Defialgebra/Interface.lean:4:0: * '# The int':
The authors line should begin with 'Authors: '


Note: This linter can be disabled with `set_option linter.style.header false`
warning: Defialgebra/Interface.lean:17:0: * '  ':
Double spaces are not allowed.


Note: This linter can be disabled with `set_option linter.style.header false`
warning: Defialgebra/Interface.lean:11:18: * ' and ':
Please, do not use 'and'; use ',' instead.


Note: This linter can be disabled with `set_option linter.style.header false`
warning: Defialgebra/Interface.lean:6:6: * '.':
Please, do not end the authors' line with a period.


Note: This linter can be disabled with `set_option linter.style.header false`
warning: Defialgebra/Interface.lean:29:2: * '':
Second copyright line should be "Released under Apache 2.0 license as described in the file LICENSE."


Note: This linter can be disabled with `set_option linter.style.header false`
warning: Defialgebra/Interface.lean:33:0: The module doc-string for a file should be the first command after the imports.
Please, add a module doc-string before `/--
**The milestone.** A foreign transition confined to `L`'s ports and `Q`-neutral
on the shared balances preserves conservation.

The proof is three lines and every one of them is the discipline doing work: the
total is untouched *because it is not a port*; the private balances are untouched
*because the transition is confined to ports*; the shared balances net to zero *by
hypothesis*. Remove `sup_not_port` and the first line fails — see
`cons_broken_if_sup_is_port`. -/
theorem cons_of_portConfined (L : Ledger Idx) (f : St Idx → St Idx) (hw : WritesWithin L.ports f)
    (hq : QNeutralOn L.ports L f) (s : St Idx) (h : Cons L s) : Cons L (f s) :=
  by
  have hsup : f s L.sup = s L.sup := hw s L.sup L.sup_not_port
  have hsum : ∑ i ∈ L.bals, f s i = ∑ i ∈ L.bals, s i :=
    by
    rw [← Finset.sum_filter_add_sum_filter_not L.bals (· ∈ L.ports) (f s), ←
      Finset.sum_filter_add_sum_filter_not L.bals (· ∈ L.ports) s, hq s]
    congr 1
    refine Finset.sum_congr rfl ?_
    intro i hi
    exact hw s i (by simpa using (Finset.mem_filter.mp hi).2)
  unfold Cons at h ⊢
  rw [hsum, hsup, h]`.

Note: This linter can be disabled with `set_option linter.style.header false`
warning: Defialgebra/Interface.lean:4:0: * '# The interface discipline for `⋈`

`BASIS.md` §5 composes constructions along a coupling `κ` that "identifies only
carriers of the same sort". `P1 · Led` has carrier `(N ⇀ Q) × Q` — a balance map and
a declared total — with the law `‖bal‖ = sup`. But `sup` is merely sort `Q`, so `κ`
may glue it to an unrelated `Q` of the partner, whose transitions then write it while
the balance map is untouched. **Conservation dies under plain interleaving, with no
fusion involved**, and the invariant induction §5 relies on has no proof.

Four independent designs (`sigma/INTERFACE-COUNCIL.md`) converged on one fix:
*the declared total is not a shareable thing*. This file is the Lean statement of it.

* `Ledger.sup_not_port` — the discipline, carried as a well-formedness field rather
  than proved. This is the whole fix.
* `cons_of_portConfined` — a foreign transition confined to a ledger's ports, and
  `Q`-neutral on the ports it shares, preserves `‖bal‖ = sup`.
* `cons_broken_if_sup_is_port` — **the negative companion.** Drop `sup ∉ ports` and
  the same theorem is false, by explicit counterexample. Without this the result
  could hold vacuously, which is the failure mode this programme keeps finding.

SCOPE, stated plainly. Sorts are not modelled: state here is `Idx → ℤ`, because
conservation quantifies over `Q` alone and the sort discipline is a separate
concern. Fusion, polarity of `Q` flows, and associativity are M2/M3 and are absent.
What is proved is exactly the milestone: the coupling defect is real, and
`sup ∉ ports` closes it.':
If an authors line spans multiple lines, each line but the last must end with a trailing comma


Note: This linter can be disabled with `set_option linter.style.header false`
warning: Defialgebra/Interface.lean:4:0: * '# The int':
The authors line should begin with 'Authors: '


Note: This linter can be disabled with `set_option linter.style.header false`
warning: Defialgebra/Interface.lean:17:0: * '  ':
Double spaces are not allowed.


Note: This linter can be disabled with `set_option linter.style.header false`
warning: Defialgebra/Interface.lean:11:18: * ' and ':
Please, do not use 'and'; use ',' instead.


Note: This linter can be disabled with `set_option linter.style.header false`
warning: Defialgebra/Interface.lean:6:6: * '.':
Please, do not end the authors' line with a period.


Note: This linter can be disabled with `set_option linter.style.header false`
warning: Defialgebra/Interface.lean:29:2: * '':
Second copyright line should be "Released under Apache 2.0 license as described in the file LICENSE."


Note: This linter can be disabled with `set_option linter.style.header false`
warning: Defialgebra/Interface.lean:33:0: The module doc-string for a file should be the first command after the imports.
Please, add a module doc-string before `omit [DecidableEq Idx] in
/-- The frame case: a transition touching none of a ledger's carriers preserves
conservation. Immediate, and worth stating because it is what makes composition
with an unrelated machine free. -/
theorem cons_of_disjoint (L : Ledger Idx) (f : St Idx → St Idx) (P : Finset Idx) (hw : WritesWithin P f)
    (hb : ∀ i ∈ L.bals, i ∉ P) (hs : L.sup ∉ P) (s : St Idx) (h : Cons L s) : Cons L (f s) :=
  by
  have hsum : ∑ i ∈ L.bals, f s i = ∑ i ∈ L.bals, s i := Finset.sum_congr rfl fun i hi => hw s i (hb i hi)
  unfold Cons at h ⊢
  rw [hsum, hw s L.sup hs, h]`.

Note: This linter can be disabled with `set_option linter.style.header false`
warning: Defialgebra/Interface.lean:4:0: * '# The interface discipline for `⋈`

`BASIS.md` §5 composes constructions along a coupling `κ` that "identifies only
carriers of the same sort". `P1 · Led` has carrier `(N ⇀ Q) × Q` — a balance map and
a declared total — with the law `‖bal‖ = sup`. But `sup` is merely sort `Q`, so `κ`
may glue it to an unrelated `Q` of the partner, whose transitions then write it while
the balance map is untouched. **Conservation dies under plain interleaving, with no
fusion involved**, and the invariant induction §5 relies on has no proof.

Four independent designs (`sigma/INTERFACE-COUNCIL.md`) converged on one fix:
*the declared total is not a shareable thing*. This file is the Lean statement of it.

* `Ledger.sup_not_port` — the discipline, carried as a well-formedness field rather
  than proved. This is the whole fix.
* `cons_of_portConfined` — a foreign transition confined to a ledger's ports, and
  `Q`-neutral on the ports it shares, preserves `‖bal‖ = sup`.
* `cons_broken_if_sup_is_port` — **the negative companion.** Drop `sup ∉ ports` and
  the same theorem is false, by explicit counterexample. Without this the result
  could hold vacuously, which is the failure mode this programme keeps finding.

SCOPE, stated plainly. Sorts are not modelled: state here is `Idx → ℤ`, because
conservation quantifies over `Q` alone and the sort discipline is a separate
concern. Fusion, polarity of `Q` flows, and associativity are M2/M3 and are absent.
What is proved is exactly the milestone: the coupling defect is real, and
`sup ∉ ports` closes it.':
If an authors line spans multiple lines, each line but the last must end with a trailing comma


Note: This linter can be disabled with `set_option linter.style.header false`
warning: Defialgebra/Interface.lean:4:0: * '# The int':
The authors line should begin with 'Authors: '


Note: This linter can be disabled with `set_option linter.style.header false`
warning: Defialgebra/Interface.lean:17:0: * '  ':
Double spaces are not allowed.


Note: This linter can be disabled with `set_option linter.style.header false`
warning: Defialgebra/Interface.lean:11:18: * ' and ':
Please, do not use 'and'; use ',' instead.


Note: This linter can be disabled with `set_option linter.style.header false`
warning: Defialgebra/Interface.lean:6:6: * '.':
Please, do not end the authors' line with a period.


Note: This linter can be disabled with `set_option linter.style.header false`
warning: Defialgebra/Interface.lean:29:2: * '':
Second copyright line should be "Released under Apache 2.0 license as described in the file LICENSE."


Note: This linter can be disabled with `set_option linter.style.header false`
warning: Defialgebra/Interface.lean:33:0: The module doc-string for a file should be the first command after the imports.
Please, add a module doc-string before `/-- **The negative companion, and the point of the whole file.**

Drop `sup ∉ ports` and `cons_of_portConfined` is false. Here is the witness: one
balance, one total, and a partner permitted to bind the total. The partner writes
only its permitted index and is `Q`-neutral on the shared balances — vacuously, since
it shares none — yet conservation breaks.

This is exactly the coupling `BASIS.md` §5 admits, since `sup` is merely sort `Q`
and `κ` identifies same-sort carriers. -/
theorem cons_broken_if_sup_is_port :
    ∃ (bals : Finset Bool) (sup : Bool) (ports : Finset Bool) (f : St Bool → St Bool) (s : St Bool),
      sup ∉ bals ∧
        sup ∈ ports ∧ -- the discipline VIOLATED
          WritesWithin ports f ∧ -- confined to its ports
            (∀ t, ∑ i ∈ bals.filter (· ∈ ports), f t i = ∑ i ∈ bals.filter (· ∈ ports), t i) ∧
              -- Q-neutral on shared bals
              (∑ i ∈ bals, s i) = s sup ∧ -- conservation HOLDS
                (∑ i ∈ bals, f s i) ≠ f s sup :=
  by -- and FAILS after
    -- No `classical`: `Bool` already has `DecidableEq`, and introducing
    -- `Classical.dec` makes the two `∅`s carry different instances, so
    -- `Finset.sum_empty` rewrites one side and not the other.
  
  refine ⟨{ false }, true, { true }, fun t i => if i = true then t i + 1 else t i, fun _ => 0, ?_, ?_, ?_, ?_, ?_, ?_⟩
  · decide
  · decide
  · intro t i hi
    have : i ≠ true := by intro h; exact hi (by simp [h])
    simp [this]
  · -- The two sums are equal POINTWISE on an empty index set. Computing both to
        -- `0` via `Finset.sum_empty` rewrites only one side here; congruence avoids
        -- the question entirely.
    
    intro t
    refine Finset.sum_congr rfl ?_
    intro i hi
    have hfil : ({ false } : Finset Bool).filter (· ∈ ({ true } : Finset Bool)) = ∅ := by decide
    rw [hfil] at hi
    exact absurd hi (Finset.notMem_empty i)
  · simp
  · simp`.

Note: This linter can be disabled with `set_option linter.style.header false`
warning: Defialgebra/Interface.lean:4:0: * '# The interface discipline for `⋈`

`BASIS.md` §5 composes constructions along a coupling `κ` that "identifies only
carriers of the same sort". `P1 · Led` has carrier `(N ⇀ Q) × Q` — a balance map and
a declared total — with the law `‖bal‖ = sup`. But `sup` is merely sort `Q`, so `κ`
may glue it to an unrelated `Q` of the partner, whose transitions then write it while
the balance map is untouched. **Conservation dies under plain interleaving, with no
fusion involved**, and the invariant induction §5 relies on has no proof.

Four independent designs (`sigma/INTERFACE-COUNCIL.md`) converged on one fix:
*the declared total is not a shareable thing*. This file is the Lean statement of it.

* `Ledger.sup_not_port` — the discipline, carried as a well-formedness field rather
  than proved. This is the whole fix.
* `cons_of_portConfined` — a foreign transition confined to a ledger's ports, and
  `Q`-neutral on the ports it shares, preserves `‖bal‖ = sup`.
* `cons_broken_if_sup_is_port` — **the negative companion.** Drop `sup ∉ ports` and
  the same theorem is false, by explicit counterexample. Without this the result
  could hold vacuously, which is the failure mode this programme keeps finding.

SCOPE, stated plainly. Sorts are not modelled: state here is `Idx → ℤ`, because
conservation quantifies over `Q` alone and the sort discipline is a separate
concern. Fusion, polarity of `Q` flows, and associativity are M2/M3 and are absent.
What is proved is exactly the milestone: the coupling defect is real, and
`sup ∉ ports` closes it.':
If an authors line spans multiple lines, each line but the last must end with a trailing comma


Note: This linter can be disabled with `set_option linter.style.header false`
warning: Defialgebra/Interface.lean:4:0: * '# The int':
The authors line should begin with 'Authors: '


Note: This linter can be disabled with `set_option linter.style.header false`
warning: Defialgebra/Interface.lean:17:0: * '  ':
Double spaces are not allowed.


Note: This linter can be disabled with `set_option linter.style.header false`
warning: Defialgebra/Interface.lean:11:18: * ' and ':
Please, do not use 'and'; use ',' instead.


Note: This linter can be disabled with `set_option linter.style.header false`
warning: Defialgebra/Interface.lean:6:6: * '.':
Please, do not end the authors' line with a period.


Note: This linter can be disabled with `set_option linter.style.header false`
warning: Defialgebra/Interface.lean:29:2: * '':
Second copyright line should be "Released under Apache 2.0 license as described in the file LICENSE."


Note: This linter can be disabled with `set_option linter.style.header false`
warning: Defialgebra/Interface.lean:33:0: The module doc-string for a file should be the first command after the imports.
Please, add a module doc-string before `end Defialgebra.Interface`.

Note: This linter can be disabled with `set_option linter.style.header false`
warning: Defialgebra/Interface.lean:4:0: * '# The interface discipline for `⋈`

`BASIS.md` §5 composes constructions along a coupling `κ` that "identifies only
carriers of the same sort". `P1 · Led` has carrier `(N ⇀ Q) × Q` — a balance map and
a declared total — with the law `‖bal‖ = sup`. But `sup` is merely sort `Q`, so `κ`
may glue it to an unrelated `Q` of the partner, whose transitions then write it while
the balance map is untouched. **Conservation dies under plain interleaving, with no
fusion involved**, and the invariant induction §5 relies on has no proof.

Four independent designs (`sigma/INTERFACE-COUNCIL.md`) converged on one fix:
*the declared total is not a shareable thing*. This file is the Lean statement of it.

* `Ledger.sup_not_port` — the discipline, carried as a well-formedness field rather
  than proved. This is the whole fix.
* `cons_of_portConfined` — a foreign transition confined to a ledger's ports, and
  `Q`-neutral on the ports it shares, preserves `‖bal‖ = sup`.
* `cons_broken_if_sup_is_port` — **the negative companion.** Drop `sup ∉ ports` and
  the same theorem is false, by explicit counterexample. Without this the result
  could hold vacuously, which is the failure mode this programme keeps finding.

SCOPE, stated plainly. Sorts are not modelled: state here is `Idx → ℤ`, because
conservation quantifies over `Q` alone and the sort discipline is a separate
concern. Fusion, polarity of `Q` flows, and associativity are M2/M3 and are absent.
What is proved is exactly the milestone: the coupling defect is real, and
`sup ∉ ports` closes it.':
If an authors line spans multiple lines, each line but the last must end with a trailing comma


Note: This linter can be disabled with `set_option linter.style.header false`
warning: Defialgebra/Interface.lean:4:0: * '# The int':
The authors line should begin with 'Authors: '


Note: This linter can be disabled with `set_option linter.style.header false`
warning: Defialgebra/Interface.lean:17:0: * '  ':
Double spaces are not allowed.


Note: This linter can be disabled with `set_option linter.style.header false`
warning: Defialgebra/Interface.lean:11:18: * ' and ':
Please, do not use 'and'; use ',' instead.


Note: This linter can be disabled with `set_option linter.style.header false`
warning: Defialgebra/Interface.lean:6:6: * '.':
Please, do not end the authors' line with a period.


Note: This linter can be disabled with `set_option linter.style.header false`
warning: Defialgebra/Interface.lean:29:2: * '':
Second copyright line should be "Released under Apache 2.0 license as described in the file LICENSE."


Note: This linter can be disabled with `set_option linter.style.header false`
warning: Defialgebra/Interface.lean:33:0: The module doc-string for a file should be the first command after the imports.
Please, add a module doc-string before ``.

Note: This linter can be disabled with `set_option linter.style.header false`
⚠ [981/1005] Replayed DefiKernel.Core
warning: DefiKernel/Core.lean:1:1: * '-/':
Copyright too short!


Note: This linter can be disabled with `set_option linter.style.header false`
⚠ [986/1005] Replayed DefiKernel.Audit
warning: DefiKernel/Audit.lean:1:1: * '-/':
Copyright too short!


Note: This linter can be disabled with `set_option linter.style.header false`
info: DefiKernel/Audit.lean:75:0: transfer accepted: true
unauthorized debit: true
insufficient funds: true
deposit accepted: true
withdraw accepted: true
insufficient shares: true
insufficient vault liquidity: true
borrow accepted: true
stale oracle: true
zero price: true
isolated zero price: true
zero borrow positive price: true
policy overgrant vault drain accepted: true
policy overgrant unbacked issue accepted: true
policy overgrant debt burn accepted: true
policy overgrant vault drain post-state: true
policy overgrant unbacked issue post-state: true
policy overgrant debt burn post-state: true
future oracle: true
wrong feed: true
excess credit: true
unbalanced effects: true
wrong asset: true
wrong footprint: true
unauthorized supply: true
transfer post-state: true
deposit post-state: true
withdraw post-state: true
borrow post-state: true
vault round trip: true
repeated borrow refused: true
refused execution: true
self-transfer net no-op: true
Runtime checks passed: 33/33
info: DefiKernel/Audit.lean:84:0: 'DefiKernel.check_eq_none_iff' depends on axioms: [propext, Classical.choice, Quot.sound]
info: DefiKernel/Audit.lean:85:0: 'DefiKernel.applyEffect_accounting' depends on axioms: [propext, Classical.choice, Quot.sound]
info: DefiKernel/Audit.lean:86:0: 'DefiKernel.applyEffect_locality' depends on axioms: [propext, Classical.choice, Quot.sound]
info: DefiKernel/Audit.lean:87:0: 'DefiKernel.applyEffect_frame' depends on axioms: [propext, Classical.choice, Quot.sound]
info: DefiKernel/Audit.lean:88:0: 'DefiKernel.execute_ok_iff' depends on axioms: [propext, Classical.choice, Quot.sound]
info: DefiKernel/Audit.lean:89:0: 'DefiKernel.execute_authority' depends on axioms: [propext, Classical.choice, Quot.sound]
info: DefiKernel/Audit.lean:90:0: 'DefiKernel.execute_accounting' depends on axioms: [propext, Classical.choice, Quot.sound]
info: DefiKernel/Audit.lean:91:0: 'DefiKernel.execute_locality' depends on axioms: [propext, Classical.choice, Quot.sound]
info: DefiKernel/Audit.lean:92:0: 'DefiKernel.Examples.transfer_accounted' depends on axioms: [propext, Classical.choice, Quot.sound]
info: DefiKernel/Audit.lean:93:0: 'DefiKernel.Examples.deposit_accounted' depends on axioms: [propext, Classical.choice, Quot.sound]
info: DefiKernel/Audit.lean:94:0: 'DefiKernel.Examples.withdraw_accounted' depends on axioms: [propext, Classical.choice, Quot.sound]
info: DefiKernel/Audit.lean:95:0: 'DefiKernel.Examples.borrow_accounted' depends on axioms: [propext, Classical.choice, Quot.sound]
info: DefiKernel/Audit.lean:96:0: 'DefiKernel.Examples.allCells_complete' depends on axioms: [propext]
info: DefiKernel/Audit.lean:97:0: 'DefiKernel.Examples.borrow_declared_collateral_bound' depends on axioms: [propext, Classical.choice, Quot.sound]
info: DefiKernel/Audit.lean:98:0: 'DefiKernel.transfer_accept' depends on axioms: [propext, Classical.choice, Quot.sound]
info: DefiKernel/Audit.lean:99:0: 'DefiKernel.transfer_unauthorized' depends on axioms: [propext, Classical.choice, Quot.sound]
info: DefiKernel/Audit.lean:100:0: 'DefiKernel.transfer_insufficient' depends on axioms: [propext, Classical.choice, Quot.sound]
info: DefiKernel/Audit.lean:101:0: 'DefiKernel.deposit_accept' depends on axioms: [propext, Classical.choice, Quot.sound]
info: DefiKernel/Audit.lean:102:0: 'DefiKernel.withdraw_accept' depends on axioms: [propext, Classical.choice, Quot.sound]
info: DefiKernel/Audit.lean:103:0: 'DefiKernel.borrow_accept' depends on axioms: [propext, Classical.choice, Quot.sound]
info: DefiKernel/Audit.lean:104:0: 'DefiKernel.stale_oracle_refused' depends on axioms: [propext, Classical.choice, Quot.sound]
info: DefiKernel/Audit.lean:105:0: 'DefiKernel.zero_price_refused' depends on axioms: [propext, Classical.choice, Quot.sound]
info: DefiKernel/Audit.lean:106:0: 'DefiKernel.future_oracle_refused' depends on axioms: [propext, Classical.choice, Quot.sound]
info: DefiKernel/Audit.lean:107:0: 'DefiKernel.excess_credit_refused' depends on axioms: [propext, Classical.choice, Quot.sound]
info: DefiKernel/Audit.lean:108:0: 'DefiKernel.unbalanced_refused' depends on axioms: [propext, Classical.choice, Quot.sound]
info: DefiKernel/Audit.lean:109:0: 'DefiKernel.wrong_asset_refused' depends on axioms: [propext, Classical.choice, Quot.sound]
info: DefiKernel/Audit.lean:110:0: 'DefiKernel.wrong_footprint_refused' depends on axioms: [propext, Classical.choice, Quot.sound]
info: DefiKernel/Audit.lean:111:0: 'DefiKernel.unauthorized_issue_refused' depends on axioms: [propext, Classical.choice, Quot.sound]
info: DefiKernel/Audit.lean:112:0: 'DefiKernel.wrong_feed_refused' depends on axioms: [propext, Classical.choice, Quot.sound]
info: DefiKernel/Audit.lean:113:0: 'DefiKernel.insufficient_shares_refused' depends on axioms: [propext, Classical.choice, Quot.sound]
info: DefiKernel/Audit.lean:114:0: 'DefiKernel.insufficient_vault_liquidity_refused' depends on axioms: [propext, Classical.choice, Quot.sound]
info: DefiKernel/Audit.lean:115:0: 'DefiKernel.isolated_zero_price_refused' depends on axioms: [propext, Classical.choice, Quot.sound]
info: DefiKernel/Audit.lean:116:0: 'DefiKernel.zero_borrow_positive_price_accept' depends on axioms: [propext, Classical.choice, Quot.sound]
info: DefiKernel/Audit.lean:117:0: 'DefiKernel.policy_overgrant_vault_drain_accepted' depends on axioms: [propext, Classical.choice, Quot.sound]
info: DefiKernel/Audit.lean:118:0: 'DefiKernel.policy_overgrant_unbacked_issue_accepted' depends on axioms: [propext, Classical.choice, Quot.sound]
info: DefiKernel/Audit.lean:119:0: 'DefiKernel.policy_overgrant_debt_burn_accepted' depends on axioms: [propext, Classical.choice, Quot.sound]
info: DefiKernel/Audit.lean:120:0: 'DefiKernel.transfer_post' depends on axioms: [propext, Classical.choice, Quot.sound]
info: DefiKernel/Audit.lean:121:0: 'DefiKernel.deposit_post' depends on axioms: [propext, Classical.choice, Quot.sound]
info: DefiKernel/Audit.lean:122:0: 'DefiKernel.withdraw_post' depends on axioms: [propext, Classical.choice, Quot.sound]
info: DefiKernel/Audit.lean:123:0: 'DefiKernel.borrow_post' depends on axioms: [propext, Classical.choice, Quot.sound]
info: DefiKernel/Audit.lean:124:0: 'DefiKernel.vault_round_trip' depends on axioms: [propext, Classical.choice, Quot.sound]
info: DefiKernel/Audit.lean:125:0: 'DefiKernel.repeated_borrow_refused' depends on axioms: [propext, Classical.choice, Quot.sound]
info: DefiKernel/Audit.lean:126:0: 'DefiKernel.unauthorized_execute_refused' depends on axioms: [propext, Classical.choice, Quot.sound]
info: DefiKernel/Audit.lean:127:0: 'DefiKernel.self_transfer_noop' depends on axioms: [propext, Classical.choice, Quot.sound]
info: DefiKernel/Audit.lean:128:0: 'DefiKernel.policy_overgrant_vault_drain_post' depends on axioms: [propext, Classical.choice, Quot.sound]
info: DefiKernel/Audit.lean:129:0: 'DefiKernel.policy_overgrant_unbacked_issue_post' depends on axioms: [propext, Classical.choice, Quot.sound]
info: DefiKernel/Audit.lean:130:0: 'DefiKernel.policy_overgrant_debt_burn_post' depends on axioms: [propext, Classical.choice, Quot.sound]
info: DefiKernel/Audit.lean:131:0: 'DefiKernel.wrong_asset_scalar_cancels' depends on axioms: [propext, Classical.choice, Quot.sound]
info: DefiKernel/Audit.lean:132:0: 'DefiKernel.wrong_asset_not_accounted' depends on axioms: [propext, Classical.choice, Quot.sound]
info: DefiKernel/Audit.lean:133:0: 'DefiKernel.unbalanced_not_accounted' depends on axioms: [propext, Classical.choice, Quot.sound]
info: DefiKernel/Audit.lean:134:0: 'DefiKernel.missing_footprint_changes_balance' depends on axioms: [propext, Classical.choice, Quot.sound]
ℹ [990/1005] Replayed DefiKernel.ContractAudit
info: DefiKernel/ContractAudit.lean:137:0: transfer_post: true
deposit_post: true
withdraw_post: true
borrow_post: true
vault_drain_base_accepted: true
vault_drain_refused: true
unbacked_issue_base_accepted: true
unbacked_issue_refused: true
debt_erasure_base_accepted: true
debt_erasure_refused: true
wrong_recipient_base_accepted: true
wrong_recipient_refused: true
wrong_source_base_accepted: true
wrong_source_refused: true
unrelated_cell_base_accepted: true
unrelated_cell_refused: true
wrong_amount_base_accepted: true
wrong_amount_refused: true
wrong_actor_base_accepted: true
wrong_actor_refused: true
wrong_supply_refused: true
forged_stale_base_accepted: true
forged_stale_refused: true
forged_zero_price_base_accepted: true
forged_zero_price_refused: true
forged_isolated_zero_price_base_accepted: true
forged_isolated_zero_price_refused: true
forged_future_base_accepted: true
forged_future_refused: true
forged_wrong_feed_base_accepted: true
forged_wrong_feed_refused: true
forged_excess_credit_base_accepted: true
forged_excess_credit_refused: true
forged_fresh_post: true
zero_borrow_positive_price_post: true
base_insufficient_refused: true
base_unauthorized_refused: true
base_footprint_refused: true
base_guard_refused: true
base_supply_refused: true
always_base_accounting_refused: true
withdraw_liquidity_refused: true
withdraw_shares_refused: true
Contract runtime checks passed: 43/43
⚠ [992/1005] Replayed DefiKernel.VerifyAxioms
warning: DefiKernel/VerifyAxioms.lean:1:1: * '-/':
Copyright too short!


Note: This linter can be disabled with `set_option linter.style.header false`
info: DefiKernel/VerifyAxioms.lean:11:0: AXIOM AUDIT scope: imported module prefix DefiKernel; modules=[DefiKernel.Core,
 DefiKernel.Examples,
 DefiKernel.Acceptance,
 DefiKernel.Audit,
 DefiKernel.Contracts,
 DefiKernel.ContractExamples,
 DefiKernel.ContractAcceptance,
 DefiKernel.ContractAudit,
 DefiKernel.AxiomAudit]
info: DefiKernel/VerifyAxioms.lean:11:0: AXIOM AUDIT theorem: DefiKernel.applyEffect_accounting; module=DefiKernel.Core; axioms=[propext,
 Classical.choice,
 Quot.sound]
info: DefiKernel/VerifyAxioms.lean:11:0: AXIOM AUDIT theorem: DefiKernel.applyEffect_frame; module=DefiKernel.Core; axioms=[propext,
 Classical.choice,
 Quot.sound]
info: DefiKernel/VerifyAxioms.lean:11:0: AXIOM AUDIT theorem: DefiKernel.applyEffect_locality; module=DefiKernel.Core; axioms=[propext,
 Classical.choice,
 Quot.sound]
info: DefiKernel/VerifyAxioms.lean:11:0: AXIOM AUDIT theorem: DefiKernel.borrow_accept; module=DefiKernel.Acceptance; axioms=[propext,
 Classical.choice,
 Quot.sound]
info: DefiKernel/VerifyAxioms.lean:11:0: AXIOM AUDIT theorem: DefiKernel.borrow_post; module=DefiKernel.Acceptance; axioms=[propext,
 Classical.choice,
 Quot.sound]
info: DefiKernel/VerifyAxioms.lean:11:0: AXIOM AUDIT theorem: DefiKernel.check_eq_none_iff; module=DefiKernel.Core; axioms=[propext,
 Classical.choice,
 Quot.sound]
info: DefiKernel/VerifyAxioms.lean:11:0: AXIOM AUDIT theorem: DefiKernel.deposit_accept; module=DefiKernel.Acceptance; axioms=[propext,
 Classical.choice,
 Quot.sound]
info: DefiKernel/VerifyAxioms.lean:11:0: AXIOM AUDIT theorem: DefiKernel.deposit_post; module=DefiKernel.Acceptance; axioms=[propext,
 Classical.choice,
 Quot.sound]
info: DefiKernel/VerifyAxioms.lean:11:0: AXIOM AUDIT theorem: DefiKernel.excess_credit_refused; module=DefiKernel.Acceptance; axioms=[propext,
 Classical.choice,
 Quot.sound]
info: DefiKernel/VerifyAxioms.lean:11:0: AXIOM AUDIT theorem: DefiKernel.execute_accounting; module=DefiKernel.Core; axioms=[propext,
 Classical.choice,
 Quot.sound]
info: DefiKernel/VerifyAxioms.lean:11:0: AXIOM AUDIT theorem: DefiKernel.execute_authority; module=DefiKernel.Core; axioms=[propext,
 Classical.choice,
 Quot.sound]
info: DefiKernel/VerifyAxioms.lean:11:0: AXIOM AUDIT theorem: DefiKernel.execute_locality; module=DefiKernel.Core; axioms=[propext, Classical.choice, Quot.sound]
info: DefiKernel/VerifyAxioms.lean:11:0: AXIOM AUDIT theorem: DefiKernel.execute_ok_iff; module=DefiKernel.Core; axioms=[propext, Classical.choice, Quot.sound]
info: DefiKernel/VerifyAxioms.lean:11:0: AXIOM AUDIT theorem: DefiKernel.future_oracle_refused; module=DefiKernel.Acceptance; axioms=[propext,
 Classical.choice,
 Quot.sound]
info: DefiKernel/VerifyAxioms.lean:11:0: AXIOM AUDIT theorem: DefiKernel.insufficient_shares_refused; module=DefiKernel.Acceptance; axioms=[propext,
 Classical.choice,
 Quot.sound]
info: DefiKernel/VerifyAxioms.lean:11:0: AXIOM AUDIT theorem: DefiKernel.insufficient_vault_liquidity_refused; module=DefiKernel.Acceptance; axioms=[propext,
 Classical.choice,
 Quot.sound]
info: DefiKernel/VerifyAxioms.lean:11:0: AXIOM AUDIT theorem: DefiKernel.isolated_zero_price_refused; module=DefiKernel.Acceptance; axioms=[propext,
 Classical.choice,
 Quot.sound]
info: DefiKernel/VerifyAxioms.lean:11:0: AXIOM AUDIT theorem: DefiKernel.missing_footprint_changes_balance; module=DefiKernel.Acceptance; axioms=[propext,
 Classical.choice,
 Quot.sound]
info: DefiKernel/VerifyAxioms.lean:11:0: AXIOM AUDIT theorem: DefiKernel.policy_overgrant_debt_burn_accepted; module=DefiKernel.Acceptance; axioms=[propext,
 Classical.choice,
 Quot.sound]
info: DefiKernel/VerifyAxioms.lean:11:0: AXIOM AUDIT theorem: DefiKernel.policy_overgrant_debt_burn_post; module=DefiKernel.Acceptance; axioms=[propext,
 Classical.choice,
 Quot.sound]
info: DefiKernel/VerifyAxioms.lean:11:0: AXIOM AUDIT theorem: DefiKernel.policy_overgrant_unbacked_issue_accepted; module=DefiKernel.Acceptance; axioms=[propext,
 Classical.choice,
 Quot.sound]
info: DefiKernel/VerifyAxioms.lean:11:0: AXIOM AUDIT theorem: DefiKernel.policy_overgrant_unbacked_issue_post; module=DefiKernel.Acceptance; axioms=[propext,
 Classical.choice,
 Quot.sound]
info: DefiKernel/VerifyAxioms.lean:11:0: AXIOM AUDIT theorem: DefiKernel.policy_overgrant_vault_drain_accepted; module=DefiKernel.Acceptance; axioms=[propext,
 Classical.choice,
 Quot.sound]
info: DefiKernel/VerifyAxioms.lean:11:0: AXIOM AUDIT theorem: DefiKernel.policy_overgrant_vault_drain_post; module=DefiKernel.Acceptance; axioms=[propext,
 Classical.choice,
 Quot.sound]
info: DefiKernel/VerifyAxioms.lean:11:0: AXIOM AUDIT theorem: DefiKernel.repeated_borrow_refused; module=DefiKernel.Acceptance; axioms=[propext,
 Classical.choice,
 Quot.sound]
info: DefiKernel/VerifyAxioms.lean:11:0: AXIOM AUDIT theorem: DefiKernel.self_transfer_noop; module=DefiKernel.Acceptance; axioms=[propext,
 Classical.choice,
 Quot.sound]
info: DefiKernel/VerifyAxioms.lean:11:0: AXIOM AUDIT theorem: DefiKernel.stale_oracle_refused; module=DefiKernel.Acceptance; axioms=[propext,
 Classical.choice,
 Quot.sound]
info: DefiKernel/VerifyAxioms.lean:11:0: AXIOM AUDIT theorem: DefiKernel.transfer_accept; module=DefiKernel.Acceptance; axioms=[propext,
 Classical.choice,
 Quot.sound]
info: DefiKernel/VerifyAxioms.lean:11:0: AXIOM AUDIT theorem: DefiKernel.transfer_insufficient; module=DefiKernel.Acceptance; axioms=[propext,
 Classical.choice,
 Quot.sound]
info: DefiKernel/VerifyAxioms.lean:11:0: AXIOM AUDIT theorem: DefiKernel.transfer_post; module=DefiKernel.Acceptance; axioms=[propext,
 Classical.choice,
 Quot.sound]
info: DefiKernel/VerifyAxioms.lean:11:0: AXIOM AUDIT theorem: DefiKernel.transfer_unauthorized; module=DefiKernel.Acceptance; axioms=[propext,
 Classical.choice,
 Quot.sound]
info: DefiKernel/VerifyAxioms.lean:11:0: AXIOM AUDIT theorem: DefiKernel.unauthorized_execute_refused; module=DefiKernel.Acceptance; axioms=[propext,
 Classical.choice,
 Quot.sound]
info: DefiKernel/VerifyAxioms.lean:11:0: AXIOM AUDIT theorem: DefiKernel.unauthorized_issue_refused; module=DefiKernel.Acceptance; axioms=[propext,
 Classical.choice,
 Quot.sound]
info: DefiKernel/VerifyAxioms.lean:11:0: AXIOM AUDIT theorem: DefiKernel.unbalanced_not_accounted; module=DefiKernel.Acceptance; axioms=[propext,
 Classical.choice,
 Quot.sound]
info: DefiKernel/VerifyAxioms.lean:11:0: AXIOM AUDIT theorem: DefiKernel.unbalanced_refused; module=DefiKernel.Acceptance; axioms=[propext,
 Classical.choice,
 Quot.sound]
info: DefiKernel/VerifyAxioms.lean:11:0: AXIOM AUDIT theorem: DefiKernel.vault_round_trip; module=DefiKernel.Acceptance; axioms=[propext,
 Classical.choice,
 Quot.sound]
info: DefiKernel/VerifyAxioms.lean:11:0: AXIOM AUDIT theorem: DefiKernel.withdraw_accept; module=DefiKernel.Acceptance; axioms=[propext,
 Classical.choice,
 Quot.sound]
info: DefiKernel/VerifyAxioms.lean:11:0: AXIOM AUDIT theorem: DefiKernel.withdraw_post; module=DefiKernel.Acceptance; axioms=[propext,
 Classical.choice,
 Quot.sound]
info: DefiKernel/VerifyAxioms.lean:11:0: AXIOM AUDIT theorem: DefiKernel.wrong_asset_not_accounted; module=DefiKernel.Acceptance; axioms=[propext,
 Classical.choice,
 Quot.sound]
info: DefiKernel/VerifyAxioms.lean:11:0: AXIOM AUDIT theorem: DefiKernel.wrong_asset_refused; module=DefiKernel.Acceptance; axioms=[propext,
 Classical.choice,
 Quot.sound]
info: DefiKernel/VerifyAxioms.lean:11:0: AXIOM AUDIT theorem: DefiKernel.wrong_asset_scalar_cancels; module=DefiKernel.Acceptance; axioms=[propext,
 Classical.choice,
 Quot.sound]
info: DefiKernel/VerifyAxioms.lean:11:0: AXIOM AUDIT theorem: DefiKernel.wrong_feed_refused; module=DefiKernel.Acceptance; axioms=[propext,
 Classical.choice,
 Quot.sound]
info: DefiKernel/VerifyAxioms.lean:11:0: AXIOM AUDIT theorem: DefiKernel.wrong_footprint_refused; module=DefiKernel.Acceptance; axioms=[propext,
 Classical.choice,
 Quot.sound]
info: DefiKernel/VerifyAxioms.lean:11:0: AXIOM AUDIT theorem: DefiKernel.zero_borrow_positive_price_accept; module=DefiKernel.Acceptance; axioms=[propext,
 Classical.choice,
 Quot.sound]
info: DefiKernel/VerifyAxioms.lean:11:0: AXIOM AUDIT theorem: DefiKernel.zero_price_refused; module=DefiKernel.Acceptance; axioms=[propext,
 Classical.choice,
 Quot.sound]
info: DefiKernel/VerifyAxioms.lean:11:0: AXIOM AUDIT theorem: DefiKernel.Account.ofNat_ctorIdx; module=DefiKernel.Core; axioms=[]
info: DefiKernel/VerifyAxioms.lean:11:0: AXIOM AUDIT theorem: DefiKernel.Asset.ofNat_ctorIdx; module=DefiKernel.Core; axioms=[]
info: DefiKernel/VerifyAxioms.lean:11:0: AXIOM AUDIT theorem: DefiKernel.ContractAcceptance.always_base_accounting_refused; module=DefiKernel.ContractAcceptance; axioms=[propext,
 Classical.choice,
 Quot.sound]
info: DefiKernel/VerifyAxioms.lean:11:0: AXIOM AUDIT theorem: DefiKernel.ContractAcceptance.base_footprint_refused; module=DefiKernel.ContractAcceptance; axioms=[propext,
 Classical.choice,
 Quot.sound]
info: DefiKernel/VerifyAxioms.lean:11:0: AXIOM AUDIT theorem: DefiKernel.ContractAcceptance.base_guard_refused; module=DefiKernel.ContractAcceptance; axioms=[propext,
 Classical.choice,
 Quot.sound]
info: DefiKernel/VerifyAxioms.lean:11:0: AXIOM AUDIT theorem: DefiKernel.ContractAcceptance.base_insufficient_refused; module=DefiKernel.ContractAcceptance; axioms=[propext,
 Classical.choice,
 Quot.sound]
info: DefiKernel/VerifyAxioms.lean:11:0: AXIOM AUDIT theorem: DefiKernel.ContractAcceptance.base_supply_refused; module=DefiKernel.ContractAcceptance; axioms=[propext,
 Classical.choice,
 Quot.sound]
info: DefiKernel/VerifyAxioms.lean:11:0: AXIOM AUDIT theorem: DefiKernel.ContractAcceptance.base_unauthorized_refused; module=DefiKernel.ContractAcceptance; axioms=[propext,
 Classical.choice,
 Quot.sound]
info: DefiKernel/VerifyAxioms.lean:11:0: AXIOM AUDIT theorem: DefiKernel.ContractAcceptance.borrow_post; module=DefiKernel.ContractAcceptance; axioms=[propext,
 Classical.choice,
 Quot.sound]
info: DefiKernel/VerifyAxioms.lean:11:0: AXIOM AUDIT theorem: DefiKernel.ContractAcceptance.debt_erasure_base_accepted; module=DefiKernel.ContractAcceptance; axioms=[propext,
 Classical.choice,
 Quot.sound]
info: DefiKernel/VerifyAxioms.lean:11:0: AXIOM AUDIT theorem: DefiKernel.ContractAcceptance.debt_erasure_refused; module=DefiKernel.ContractAcceptance; axioms=[propext,
 Classical.choice,
 Quot.sound]
info: DefiKernel/VerifyAxioms.lean:11:0: AXIOM AUDIT theorem: DefiKernel.ContractAcceptance.deposit_post; module=DefiKernel.ContractAcceptance; axioms=[propext,
 Classical.choice,
 Quot.sound]
info: DefiKernel/VerifyAxioms.lean:11:0: AXIOM AUDIT theorem: DefiKernel.ContractAcceptance.forged_excess_credit_base_accepted; module=DefiKernel.ContractAcceptance; axioms=[propext,
 Classical.choice,
 Quot.sound]
info: DefiKernel/VerifyAxioms.lean:11:0: AXIOM AUDIT theorem: DefiKernel.ContractAcceptance.forged_excess_credit_refused; module=DefiKernel.ContractAcceptance; axioms=[propext,
 Classical.choice,
 Quot.sound]
info: DefiKernel/VerifyAxioms.lean:11:0: AXIOM AUDIT theorem: DefiKernel.ContractAcceptance.forged_fresh_post; module=DefiKernel.ContractAcceptance; axioms=[propext,
 Classical.choice,
 Quot.sound]
info: DefiKernel/VerifyAxioms.lean:11:0: AXIOM AUDIT theorem: DefiKernel.ContractAcceptance.forged_future_base_accepted; module=DefiKernel.ContractAcceptance; axioms=[propext,
 Classical.choice,
 Quot.sound]
info: DefiKernel/VerifyAxioms.lean:11:0: AXIOM AUDIT theorem: DefiKernel.ContractAcceptance.forged_future_refused; module=DefiKernel.ContractAcceptance; axioms=[propext,
 Classical.choice,
 Quot.sound]
info: DefiKernel/VerifyAxioms.lean:11:0: AXIOM AUDIT theorem: DefiKernel.ContractAcceptance.forged_isolated_zero_price_base_accepted; module=DefiKernel.ContractAcceptance; axioms=[propext,
 Classical.choice,
 Quot.sound]
info: DefiKernel/VerifyAxioms.lean:11:0: AXIOM AUDIT theorem: DefiKernel.ContractAcceptance.forged_isolated_zero_price_refused; module=DefiKernel.ContractAcceptance; axioms=[propext,
 Classical.choice,
 Quot.sound]
info: DefiKernel/VerifyAxioms.lean:11:0: AXIOM AUDIT theorem: DefiKernel.ContractAcceptance.forged_stale_base_accepted; module=DefiKernel.ContractAcceptance; axioms=[propext,
 Classical.choice,
 Quot.sound]
info: DefiKernel/VerifyAxioms.lean:11:0: AXIOM AUDIT theorem: DefiKernel.ContractAcceptance.forged_stale_refused; module=DefiKernel.ContractAcceptance; axioms=[propext,
 Classical.choice,
 Quot.sound]
info: DefiKernel/VerifyAxioms.lean:11:0: AXIOM AUDIT theorem: DefiKernel.ContractAcceptance.forged_wrong_feed_base_accepted; module=DefiKernel.ContractAcceptance; axioms=[propext,
 Classical.choice,
 Quot.sound]
info: DefiKernel/VerifyAxioms.lean:11:0: AXIOM AUDIT theorem: DefiKernel.ContractAcceptance.forged_wrong_feed_refused; module=DefiKernel.ContractAcceptance; axioms=[propext,
 Classical.choice,
 Quot.sound]
info: DefiKernel/VerifyAxioms.lean:11:0: AXIOM AUDIT theorem: DefiKernel.ContractAcceptance.forged_zero_price_base_accepted; module=DefiKernel.ContractAcceptance; axioms=[propext,
 Classical.choice,
 Quot.sound]
info: DefiKernel/VerifyAxioms.lean:11:0: AXIOM AUDIT theorem: DefiKernel.ContractAcceptance.forged_zero_price_refused; module=DefiKernel.ContractAcceptance; axioms=[propext,
 Classical.choice,
 Quot.sound]
info: DefiKernel/VerifyAxioms.lean:11:0: AXIOM AUDIT theorem: DefiKernel.ContractAcceptance.transfer_post; module=DefiKernel.ContractAcceptance; axioms=[propext,
 Classical.choice,
 Quot.sound]
info: DefiKernel/VerifyAxioms.lean:11:0: AXIOM AUDIT theorem: DefiKernel.ContractAcceptance.unbacked_issue_base_accepted; module=DefiKernel.ContractAcceptance; axioms=[propext,
 Classical.choice,
 Quot.sound]
info: DefiKernel/VerifyAxioms.lean:11:0: AXIOM AUDIT theorem: DefiKernel.ContractAcceptance.unbacked_issue_refused; module=DefiKernel.ContractAcceptance; axioms=[propext,
 Classical.choice,
 Quot.sound]
info: DefiKernel/VerifyAxioms.lean:11:0: AXIOM AUDIT theorem: DefiKernel.ContractAcceptance.unrelated_cell_base_accepted; module=DefiKernel.ContractAcceptance; axioms=[propext,
 Classical.choice,
 Quot.sound]
info: DefiKernel/VerifyAxioms.lean:11:0: AXIOM AUDIT theorem: DefiKernel.ContractAcceptance.unrelated_cell_refused; module=DefiKernel.ContractAcceptance; axioms=[propext,
 Classical.choice,
 Quot.sound]
info: DefiKernel/VerifyAxioms.lean:11:0: AXIOM AUDIT theorem: DefiKernel.ContractAcceptance.vault_drain_base_accepted; module=DefiKernel.ContractAcceptance; axioms=[propext,
 Classical.choice,
 Quot.sound]
info: DefiKernel/VerifyAxioms.lean:11:0: AXIOM AUDIT theorem: DefiKernel.ContractAcceptance.vault_drain_refused; module=DefiKernel.ContractAcceptance; axioms=[propext,
 Classical.choice,
 Quot.sound]
info: DefiKernel/VerifyAxioms.lean:11:0: AXIOM AUDIT theorem: DefiKernel.ContractAcceptance.withdraw_liquidity_refused; module=DefiKernel.ContractAcceptance; axioms=[propext,
 Classical.choice,
 Quot.sound]
info: DefiKernel/VerifyAxioms.lean:11:0: AXIOM AUDIT theorem: DefiKernel.ContractAcceptance.withdraw_post; module=DefiKernel.ContractAcceptance; axioms=[propext,
 Classical.choice,
 Quot.sound]
info: DefiKernel/VerifyAxioms.lean:11:0: AXIOM AUDIT theorem: DefiKernel.ContractAcceptance.withdraw_shares_refused; module=DefiKernel.ContractAcceptance; axioms=[propext,
 Classical.choice,
 Quot.sound]
info: DefiKernel/VerifyAxioms.lean:11:0: AXIOM AUDIT theorem: DefiKernel.ContractAcceptance.wrong_actor_base_accepted; module=DefiKernel.ContractAcceptance; axioms=[propext,
 Classical.choice,
 Quot.sound]
info: DefiKernel/VerifyAxioms.lean:11:0: AXIOM AUDIT theorem: DefiKernel.ContractAcceptance.wrong_actor_refused; module=DefiKernel.ContractAcceptance; axioms=[propext,
 Classical.choice,
 Quot.sound]
info: DefiKernel/VerifyAxioms.lean:11:0: AXIOM AUDIT theorem: DefiKernel.ContractAcceptance.wrong_amount_base_accepted; module=DefiKernel.ContractAcceptance; axioms=[propext,
 Classical.choice,
 Quot.sound]
info: DefiKernel/VerifyAxioms.lean:11:0: AXIOM AUDIT theorem: DefiKernel.ContractAcceptance.wrong_amount_refused; module=DefiKernel.ContractAcceptance; axioms=[propext,
 Classical.choice,
 Quot.sound]
info: DefiKernel/VerifyAxioms.lean:11:0: AXIOM AUDIT theorem: DefiKernel.ContractAcceptance.wrong_recipient_base_accepted; module=DefiKernel.ContractAcceptance; axioms=[propext,
 Classical.choice,
 Quot.sound]
info: DefiKernel/VerifyAxioms.lean:11:0: AXIOM AUDIT theorem: DefiKernel.ContractAcceptance.wrong_recipient_refused; module=DefiKernel.ContractAcceptance; axioms=[propext,
 Classical.choice,
 Quot.sound]
info: DefiKernel/VerifyAxioms.lean:11:0: AXIOM AUDIT theorem: DefiKernel.ContractAcceptance.wrong_source_base_accepted; module=DefiKernel.ContractAcceptance; axioms=[propext,
 Classical.choice,
 Quot.sound]
info: DefiKernel/VerifyAxioms.lean:11:0: AXIOM AUDIT theorem: DefiKernel.ContractAcceptance.wrong_source_refused; module=DefiKernel.ContractAcceptance; axioms=[propext,
 Classical.choice,
 Quot.sound]
info: DefiKernel/VerifyAxioms.lean:11:0: AXIOM AUDIT theorem: DefiKernel.ContractAcceptance.wrong_supply_refused; module=DefiKernel.ContractAcceptance; axioms=[propext,
 Classical.choice,
 Quot.sound]
info: DefiKernel/VerifyAxioms.lean:11:0: AXIOM AUDIT theorem: DefiKernel.ContractAcceptance.zero_borrow_positive_price_post; module=DefiKernel.ContractAcceptance; axioms=[propext,
 Classical.choice,
 Quot.sound]
info: DefiKernel/VerifyAxioms.lean:11:0: AXIOM AUDIT theorem: DefiKernel.ContractExamples.borrow_accepts_conditions; module=DefiKernel.ContractExamples; axioms=[propext,
 Classical.choice,
 Quot.sound]
info: DefiKernel/VerifyAxioms.lean:11:0: AXIOM AUDIT theorem: DefiKernel.ContractExamples.borrow_constructor_accepts_iff; module=DefiKernel.ContractExamples; axioms=[propext,
 Classical.choice,
 Quot.sound]
info: DefiKernel/VerifyAxioms.lean:11:0: AXIOM AUDIT theorem: DefiKernel.ContractExamples.borrow_run_collateral_bound; module=DefiKernel.ContractExamples; axioms=[propext,
 Classical.choice,
 Quot.sound]
info: DefiKernel/VerifyAxioms.lean:11:0: AXIOM AUDIT theorem: DefiKernel.ContractExamples.borrow_shape; module=DefiKernel.ContractExamples; axioms=[propext,
 Classical.choice,
 Quot.sound]
info: DefiKernel/VerifyAxioms.lean:11:0: AXIOM AUDIT theorem: DefiKernel.ContractExamples.deposit_constructor_accepts; module=DefiKernel.ContractExamples; axioms=[propext,
 Classical.choice,
 Quot.sound]
info: DefiKernel/VerifyAxioms.lean:11:0: AXIOM AUDIT theorem: DefiKernel.ContractExamples.deposit_shape; module=DefiKernel.ContractExamples; axioms=[propext,
 Classical.choice,
 Quot.sound]
info: DefiKernel/VerifyAxioms.lean:11:0: AXIOM AUDIT theorem: DefiKernel.ContractExamples.shape_self; module=DefiKernel.ContractExamples; axioms=[propext,
 Quot.sound]
info: DefiKernel/VerifyAxioms.lean:11:0: AXIOM AUDIT theorem: DefiKernel.ContractExamples.transfer_constructor_accepts; module=DefiKernel.ContractExamples; axioms=[propext,
 Classical.choice,
 Quot.sound]
info: DefiKernel/VerifyAxioms.lean:11:0: AXIOM AUDIT theorem: DefiKernel.ContractExamples.transfer_shape; module=DefiKernel.ContractExamples; axioms=[propext,
 Classical.choice,
 Quot.sound]
info: DefiKernel/VerifyAxioms.lean:11:0: AXIOM AUDIT theorem: DefiKernel.ContractExamples.withdraw_constructor_accepts; module=DefiKernel.ContractExamples; axioms=[propext,
 Classical.choice,
 Quot.sound]
info: DefiKernel/VerifyAxioms.lean:11:0: AXIOM AUDIT theorem: DefiKernel.ContractExamples.withdraw_shape; module=DefiKernel.ContractExamples; axioms=[propext,
 Classical.choice,
 Quot.sound]
info: DefiKernel/VerifyAxioms.lean:11:0: AXIOM AUDIT theorem: DefiKernel.Contracts.liftBase_ok_iff; module=DefiKernel.Contracts; axioms=[propext, Quot.sound]
info: DefiKernel/VerifyAxioms.lean:11:0: AXIOM AUDIT theorem: DefiKernel.Contracts.run_accounting; module=DefiKernel.Contracts; axioms=[propext,
 Classical.choice,
 Quot.sound]
info: DefiKernel/VerifyAxioms.lean:11:0: AXIOM AUDIT theorem: DefiKernel.Contracts.run_always; module=DefiKernel.Contracts; axioms=[propext,
 Classical.choice,
 Quot.sound]
info: DefiKernel/VerifyAxioms.lean:11:0: AXIOM AUDIT theorem: DefiKernel.Contracts.run_authority; module=DefiKernel.Contracts; axioms=[propext,
 Classical.choice,
 Quot.sound]
info: DefiKernel/VerifyAxioms.lean:11:0: AXIOM AUDIT theorem: DefiKernel.Contracts.run_base_refused; module=DefiKernel.Contracts; axioms=[propext,
 Classical.choice,
 Quot.sound]
info: DefiKernel/VerifyAxioms.lean:11:0: AXIOM AUDIT theorem: DefiKernel.Contracts.run_contract_refused; module=DefiKernel.Contracts; axioms=[propext,
 Classical.choice,
 Quot.sound]
info: DefiKernel/VerifyAxioms.lean:11:0: AXIOM AUDIT theorem: DefiKernel.Contracts.run_locality; module=DefiKernel.Contracts; axioms=[propext,
 Classical.choice,
 Quot.sound]
info: DefiKernel/VerifyAxioms.lean:11:0: AXIOM AUDIT theorem: DefiKernel.Contracts.run_ok_iff; module=DefiKernel.Contracts; axioms=[propext,
 Classical.choice,
 Quot.sound]
info: DefiKernel/VerifyAxioms.lean:11:0: AXIOM AUDIT theorem: DefiKernel.Contracts.run_valid_update; module=DefiKernel.Contracts; axioms=[propext,
 Classical.choice,
 Quot.sound]
info: DefiKernel/VerifyAxioms.lean:11:0: AXIOM AUDIT theorem: DefiKernel.Examples.allCells_complete; module=DefiKernel.Examples; axioms=[propext]
info: DefiKernel/VerifyAxioms.lean:11:0: AXIOM AUDIT theorem: DefiKernel.Examples.borrow_accounted; module=DefiKernel.Examples; axioms=[propext,
 Classical.choice,
 Quot.sound]
info: DefiKernel/VerifyAxioms.lean:11:0: AXIOM AUDIT theorem: DefiKernel.Examples.borrow_declared_collateral_bound; module=DefiKernel.Examples; axioms=[propext,
 Classical.choice,
 Quot.sound]
info: DefiKernel/VerifyAxioms.lean:11:0: AXIOM AUDIT theorem: DefiKernel.Examples.deposit_accounted; module=DefiKernel.Examples; axioms=[propext,
 Classical.choice,
 Quot.sound]
info: DefiKernel/VerifyAxioms.lean:11:0: AXIOM AUDIT theorem: DefiKernel.Examples.transfer_accounted; module=DefiKernel.Examples; axioms=[propext,
 Classical.choice,
 Quot.sound]
info: DefiKernel/VerifyAxioms.lean:11:0: AXIOM AUDIT theorem: DefiKernel.Examples.withdraw_accounted; module=DefiKernel.Examples; axioms=[propext,
 Classical.choice,
 Quot.sound]
info: DefiKernel/VerifyAxioms.lean:11:0: AXIOM AUDIT theorem: DefiKernel.Quantity.nonneg; module=DefiKernel.Core; axioms=[propext, Quot.sound]
info: DefiKernel/VerifyAxioms.lean:11:0: AXIOM AUDIT theorem: DefiKernel.Refusal.ofNat_ctorIdx; module=DefiKernel.Core; axioms=[]
info: DefiKernel/VerifyAxioms.lean:11:0: AXIOM AUDIT theorem: DefiKernel.State.nonneg; module=DefiKernel.Core; axioms=[propext, Quot.sound]
info: DefiKernel/VerifyAxioms.lean:11:0: AXIOM AUDIT theorem: DefiKernel.Valid.eq_1; module=DefiKernel.Core; axioms=[propext, Classical.choice, Quot.sound]
info: DefiKernel/VerifyAxioms.lean:11:0: AXIOM AUDIT theorem: DefiKernel.applyEffect.congr_simp; module=DefiKernel.Core; axioms=[propext,
 Classical.choice,
 Quot.sound]
info: DefiKernel/VerifyAxioms.lean:11:0: AXIOM AUDIT theorem: DefiKernel.applyEffect.eq_1; module=DefiKernel.Core; axioms=[propext, Classical.choice, Quot.sound]
info: DefiKernel/VerifyAxioms.lean:11:0: AXIOM AUDIT theorem: DefiKernel.borrow_accept._proof_1_1; module=DefiKernel.Acceptance; axioms=[propext,
 Classical.choice,
 Quot.sound]
info: DefiKernel/VerifyAxioms.lean:11:0: AXIOM AUDIT theorem: DefiKernel.borrow_post._proof_1_1; module=DefiKernel.Acceptance; axioms=[propext,
 Classical.choice,
 Quot.sound]
info: DefiKernel/VerifyAxioms.lean:11:0: AXIOM AUDIT theorem: DefiKernel.check.eq_1; module=DefiKernel.Core; axioms=[propext, Classical.choice, Quot.sound]
info: DefiKernel/VerifyAxioms.lean:11:0: AXIOM AUDIT theorem: DefiKernel.deposit_accept._proof_1_1; module=DefiKernel.Acceptance; axioms=[propext,
 Classical.choice,
 Quot.sound]
info: DefiKernel/VerifyAxioms.lean:11:0: AXIOM AUDIT theorem: DefiKernel.deposit_post._proof_1_1; module=DefiKernel.Acceptance; axioms=[propext,
 Classical.choice,
 Quot.sound]
info: DefiKernel/VerifyAxioms.lean:11:0: AXIOM AUDIT theorem: DefiKernel.excess_credit_refused._proof_1_1; module=DefiKernel.Acceptance; axioms=[propext,
 Classical.choice,
 Quot.sound]
info: DefiKernel/VerifyAxioms.lean:11:0: AXIOM AUDIT theorem: DefiKernel.execute._proof_1; module=DefiKernel.Core; axioms=[propext, Classical.choice, Quot.sound]
info: DefiKernel/VerifyAxioms.lean:11:0: AXIOM AUDIT theorem: DefiKernel.execute_ok_iff._simp_1_3; module=DefiKernel.Core; axioms=[propext]
info: DefiKernel/VerifyAxioms.lean:11:0: AXIOM AUDIT theorem: DefiKernel.future_oracle_refused._proof_1_1; module=DefiKernel.Acceptance; axioms=[propext,
 Classical.choice,
 Quot.sound]
info: DefiKernel/VerifyAxioms.lean:11:0: AXIOM AUDIT theorem: DefiKernel.instDecidableEqAccount._proof_1; module=DefiKernel.Core; axioms=[]
info: DefiKernel/VerifyAxioms.lean:11:0: AXIOM AUDIT theorem: DefiKernel.instDecidableEqAccount._proof_2; module=DefiKernel.Core; axioms=[]
info: DefiKernel/VerifyAxioms.lean:11:0: AXIOM AUDIT theorem: DefiKernel.instDecidableEqAsset._proof_1; module=DefiKernel.Core; axioms=[]
info: DefiKernel/VerifyAxioms.lean:11:0: AXIOM AUDIT theorem: DefiKernel.instDecidableEqAsset._proof_2; module=DefiKernel.Core; axioms=[]
info: DefiKernel/VerifyAxioms.lean:11:0: AXIOM AUDIT theorem: DefiKernel.instDecidableEqRefusal._proof_1; module=DefiKernel.Core; axioms=[]
info: DefiKernel/VerifyAxioms.lean:11:0: AXIOM AUDIT theorem: DefiKernel.instDecidableEqRefusal._proof_2; module=DefiKernel.Core; axioms=[]
info: DefiKernel/VerifyAxioms.lean:11:0: AXIOM AUDIT theorem: DefiKernel.instFintypeAccount._proof_1; module=DefiKernel.Core; axioms=[propext,
 Classical.choice,
 Quot.sound]
info: DefiKernel/VerifyAxioms.lean:11:0: AXIOM AUDIT theorem: DefiKernel.instFintypeAsset._proof_1; module=DefiKernel.Core; axioms=[propext,
 Classical.choice,
 Quot.sound]
info: DefiKernel/VerifyAxioms.lean:11:0: AXIOM AUDIT theorem: DefiKernel.insufficient_shares_refused._proof_1_1; module=DefiKernel.Acceptance; axioms=[propext,
 Classical.choice,
 Quot.sound]
info: DefiKernel/VerifyAxioms.lean:11:0: AXIOM AUDIT theorem: DefiKernel.insufficient_vault_liquidity_refused._proof_1_1; module=DefiKernel.Acceptance; axioms=[propext,
 Classical.choice,
 Quot.sound]
info: DefiKernel/VerifyAxioms.lean:11:0: AXIOM AUDIT theorem: DefiKernel.isolated_zero_price_refused._proof_1_1; module=DefiKernel.Acceptance; axioms=[propext,
 Classical.choice,
 Quot.sound]
info: DefiKernel/VerifyAxioms.lean:11:0: AXIOM AUDIT theorem: DefiKernel.missing_footprint_changes_balance._proof_1_1; module=DefiKernel.Acceptance; axioms=[propext,
 Classical.choice,
 Quot.sound]
info: DefiKernel/VerifyAxioms.lean:11:0: AXIOM AUDIT theorem: DefiKernel.policy_overgrant_debt_burn_accepted._proof_1_1; module=DefiKernel.Acceptance; axioms=[propext,
 Classical.choice,
 Quot.sound]
info: DefiKernel/VerifyAxioms.lean:11:0: AXIOM AUDIT theorem: DefiKernel.policy_overgrant_debt_burn_post._proof_1_1; module=DefiKernel.Acceptance; axioms=[propext,
 Classical.choice,
 Quot.sound]
info: DefiKernel/VerifyAxioms.lean:11:0: AXIOM AUDIT theorem: DefiKernel.policy_overgrant_unbacked_issue_accepted._proof_1_1; module=DefiKernel.Acceptance; axioms=[propext,
 Classical.choice,
 Quot.sound]
info: DefiKernel/VerifyAxioms.lean:11:0: AXIOM AUDIT theorem: DefiKernel.policy_overgrant_unbacked_issue_post._proof_1_1; module=DefiKernel.Acceptance; axioms=[propext,
 Classical.choice,
 Quot.sound]
info: DefiKernel/VerifyAxioms.lean:11:0: AXIOM AUDIT theorem: DefiKernel.policy_overgrant_vault_drain_accepted._proof_1_1; module=DefiKernel.Acceptance; axioms=[propext,
 Classical.choice,
 Quot.sound]
info: DefiKernel/VerifyAxioms.lean:11:0: AXIOM AUDIT theorem: DefiKernel.policy_overgrant_vault_drain_post._proof_1_1; module=DefiKernel.Acceptance; axioms=[propext,
 Classical.choice,
 Quot.sound]
info: DefiKernel/VerifyAxioms.lean:11:0: AXIOM AUDIT theorem: DefiKernel.repeated_borrow_refused._proof_1_1; module=DefiKernel.Acceptance; axioms=[propext,
 Classical.choice,
 Quot.sound]
info: DefiKernel/VerifyAxioms.lean:11:0: AXIOM AUDIT theorem: DefiKernel.self_transfer_noop._proof_1_1; module=DefiKernel.Acceptance; axioms=[propext,
 Classical.choice,
 Quot.sound]
info: DefiKernel/VerifyAxioms.lean:11:0: AXIOM AUDIT theorem: DefiKernel.stale_oracle_refused._proof_1_1; module=DefiKernel.Acceptance; axioms=[propext,
 Classical.choice,
 Quot.sound]
info: DefiKernel/VerifyAxioms.lean:11:0: AXIOM AUDIT theorem: DefiKernel.total.eq_1; module=DefiKernel.Core; axioms=[propext, Classical.choice, Quot.sound]
info: DefiKernel/VerifyAxioms.lean:11:0: AXIOM AUDIT theorem: DefiKernel.transfer_accept._proof_1_1; module=DefiKernel.Acceptance; axioms=[propext,
 Classical.choice,
 Quot.sound]
info: DefiKernel/VerifyAxioms.lean:11:0: AXIOM AUDIT theorem: DefiKernel.transfer_insufficient._proof_1_1; module=DefiKernel.Acceptance; axioms=[propext,
 Classical.choice,
 Quot.sound]
info: DefiKernel/VerifyAxioms.lean:11:0: AXIOM AUDIT theorem: DefiKernel.transfer_post._proof_1_1; module=DefiKernel.Acceptance; axioms=[propext,
 Classical.choice,
 Quot.sound]
info: DefiKernel/VerifyAxioms.lean:11:0: AXIOM AUDIT theorem: DefiKernel.transfer_unauthorized._proof_1_1; module=DefiKernel.Acceptance; axioms=[propext,
 Classical.choice,
 Quot.sound]
info: DefiKernel/VerifyAxioms.lean:11:0: AXIOM AUDIT theorem: DefiKernel.unauthorized_execute_refused._proof_1_1; module=DefiKernel.Acceptance; axioms=[propext,
 Classical.choice,
 Quot.sound]
info: DefiKernel/VerifyAxioms.lean:11:0: AXIOM AUDIT theorem: DefiKernel.unauthorized_issue_refused._proof_1_1; module=DefiKernel.Acceptance; axioms=[propext,
 Classical.choice,
 Quot.sound]
info: DefiKernel/VerifyAxioms.lean:11:0: AXIOM AUDIT theorem: DefiKernel.unbalanced_not_accounted._proof_1_1; module=DefiKernel.Acceptance; axioms=[propext,
 Classical.choice,
 Quot.sound]
info: DefiKernel/VerifyAxioms.lean:11:0: AXIOM AUDIT theorem: DefiKernel.unbalanced_refused._proof_1_1; module=DefiKernel.Acceptance; axioms=[propext,
 Classical.choice,
 Quot.sound]
info: DefiKernel/VerifyAxioms.lean:11:0: AXIOM AUDIT theorem: DefiKernel.vault_round_trip._proof_1_1; module=DefiKernel.Acceptance; axioms=[propext,
 Classical.choice,
 Quot.sound]
info: DefiKernel/VerifyAxioms.lean:11:0: AXIOM AUDIT theorem: DefiKernel.withdraw_accept._proof_1_1; module=DefiKernel.Acceptance; axioms=[propext,
 Classical.choice,
 Quot.sound]
info: DefiKernel/VerifyAxioms.lean:11:0: AXIOM AUDIT theorem: DefiKernel.withdraw_post._proof_1_1; module=DefiKernel.Acceptance; axioms=[propext,
 Classical.choice,
 Quot.sound]
info: DefiKernel/VerifyAxioms.lean:11:0: AXIOM AUDIT theorem: DefiKernel.wrong_asset_not_accounted._proof_1_1; module=DefiKernel.Acceptance; axioms=[propext,
 Classical.choice,
 Quot.sound]
info: DefiKernel/VerifyAxioms.lean:11:0: AXIOM AUDIT theorem: DefiKernel.wrong_asset_refused._proof_1_1; module=DefiKernel.Acceptance; axioms=[propext,
 Classical.choice,
 Quot.sound]
info: DefiKernel/VerifyAxioms.lean:11:0: AXIOM AUDIT theorem: DefiKernel.wrong_asset_scalar_cancels._proof_1_1; module=DefiKernel.Acceptance; axioms=[propext,
 Classical.choice,
 Quot.sound]
info: DefiKernel/VerifyAxioms.lean:11:0: AXIOM AUDIT theorem: DefiKernel.wrong_feed_refused._proof_1_1; module=DefiKernel.Acceptance; axioms=[propext,
 Classical.choice,
 Quot.sound]
info: DefiKernel/VerifyAxioms.lean:11:0: AXIOM AUDIT theorem: DefiKernel.wrong_footprint_refused._proof_1_1; module=DefiKernel.Acceptance; axioms=[propext,
 Classical.choice,
 Quot.sound]
info: DefiKernel/VerifyAxioms.lean:11:0: AXIOM AUDIT theorem: DefiKernel.zero_borrow_positive_price_accept._proof_1_1; module=DefiKernel.Acceptance; axioms=[propext,
 Classical.choice,
 Quot.sound]
info: DefiKernel/VerifyAxioms.lean:11:0: AXIOM AUDIT theorem: DefiKernel.zero_price_refused._proof_1_1; module=DefiKernel.Acceptance; axioms=[propext,
 Classical.choice,
 Quot.sound]
info: DefiKernel/VerifyAxioms.lean:11:0: AXIOM AUDIT theorem: DefiKernel.Account.alice.sizeOf_spec; module=DefiKernel.Core; axioms=[]
info: DefiKernel/VerifyAxioms.lean:11:0: AXIOM AUDIT theorem: DefiKernel.Account.bob.sizeOf_spec; module=DefiKernel.Core; axioms=[]
info: DefiKernel/VerifyAxioms.lean:11:0: AXIOM AUDIT theorem: DefiKernel.Account.pool.sizeOf_spec; module=DefiKernel.Core; axioms=[]
info: DefiKernel/VerifyAxioms.lean:11:0: AXIOM AUDIT theorem: DefiKernel.Account.vault.sizeOf_spec; module=DefiKernel.Core; axioms=[]
info: DefiKernel/VerifyAxioms.lean:11:0: AXIOM AUDIT theorem: DefiKernel.Asset.collateral.sizeOf_spec; module=DefiKernel.Core; axioms=[]
info: DefiKernel/VerifyAxioms.lean:11:0: AXIOM AUDIT theorem: DefiKernel.Asset.debt.sizeOf_spec; module=DefiKernel.Core; axioms=[]
info: DefiKernel/VerifyAxioms.lean:11:0: AXIOM AUDIT theorem: DefiKernel.Asset.share.sizeOf_spec; module=DefiKernel.Core; axioms=[]
info: DefiKernel/VerifyAxioms.lean:11:0: AXIOM AUDIT theorem: DefiKernel.Asset.usd.sizeOf_spec; module=DefiKernel.Core; axioms=[]
info: DefiKernel/VerifyAxioms.lean:11:0: AXIOM AUDIT theorem: DefiKernel.ContractAcceptance.always_base_accounting_refused._proof_1_1; module=DefiKernel.ContractAcceptance; axioms=[propext,
 Classical.choice,
 Quot.sound]
info: DefiKernel/VerifyAxioms.lean:11:0: AXIOM AUDIT theorem: DefiKernel.ContractAcceptance.base_footprint_refused._proof_1_1; module=DefiKernel.ContractAcceptance; axioms=[propext,
 Classical.choice,
 Quot.sound]
info: DefiKernel/VerifyAxioms.lean:11:0: AXIOM AUDIT theorem: DefiKernel.ContractAcceptance.base_guard_refused._proof_1_1; module=DefiKernel.ContractAcceptance; axioms=[propext,
 Classical.choice,
 Quot.sound]
info: DefiKernel/VerifyAxioms.lean:11:0: AXIOM AUDIT theorem: DefiKernel.ContractAcceptance.base_insufficient_refused._proof_1_1; module=DefiKernel.ContractAcceptance; axioms=[propext,
 Classical.choice,
 Quot.sound]
info: DefiKernel/VerifyAxioms.lean:11:0: AXIOM AUDIT theorem: DefiKernel.ContractAcceptance.base_supply_refused._proof_1_1; module=DefiKernel.ContractAcceptance; axioms=[propext,
 Classical.choice,
 Quot.sound]
info: DefiKernel/VerifyAxioms.lean:11:0: AXIOM AUDIT theorem: DefiKernel.ContractAcceptance.base_unauthorized_refused._proof_1_1; module=DefiKernel.ContractAcceptance; axioms=[propext,
 Classical.choice,
 Quot.sound]
info: DefiKernel/VerifyAxioms.lean:11:0: AXIOM AUDIT theorem: DefiKernel.ContractAcceptance.borrow_post._proof_1_1; module=DefiKernel.ContractAcceptance; axioms=[propext,
 Classical.choice,
 Quot.sound]
info: DefiKernel/VerifyAxioms.lean:11:0: AXIOM AUDIT theorem: DefiKernel.ContractAcceptance.debt_erasure_base_accepted._proof_1_1; module=DefiKernel.ContractAcceptance; axioms=[propext,
 Classical.choice,
 Quot.sound]
info: DefiKernel/VerifyAxioms.lean:11:0: AXIOM AUDIT theorem: DefiKernel.ContractAcceptance.debt_erasure_refused._proof_1_1; module=DefiKernel.ContractAcceptance; axioms=[propext,
 Classical.choice,
 Quot.sound]
info: DefiKernel/VerifyAxioms.lean:11:0: AXIOM AUDIT theorem: DefiKernel.ContractAcceptance.deposit_post._proof_1_1; module=DefiKernel.ContractAcceptance; axioms=[propext,
 Classical.choice,
 Quot.sound]
info: DefiKernel/VerifyAxioms.lean:11:0: AXIOM AUDIT theorem: DefiKernel.ContractAcceptance.forged_excess_credit_base_accepted._proof_1_1; module=DefiKernel.ContractAcceptance; axioms=[propext,
 Classical.choice,
 Quot.sound]
info: DefiKernel/VerifyAxioms.lean:11:0: AXIOM AUDIT theorem: DefiKernel.ContractAcceptance.forged_excess_credit_refused._proof_1_1; module=DefiKernel.ContractAcceptance; axioms=[propext,
 Classical.choice,
 Quot.sound]
info: DefiKernel/VerifyAxioms.lean:11:0: AXIOM AUDIT theorem: DefiKernel.ContractAcceptance.forged_fresh_post._proof_1_1; module=DefiKernel.ContractAcceptance; axioms=[propext,
 Classical.choice,
 Quot.sound]
info: DefiKernel/VerifyAxioms.lean:11:0: AXIOM AUDIT theorem: DefiKernel.ContractAcceptance.forged_future_base_accepted._proof_1_1; module=DefiKernel.ContractAcceptance; axioms=[propext,
 Classical.choice,
 Quot.sound]
info: DefiKernel/VerifyAxioms.lean:11:0: AXIOM AUDIT theorem: DefiKernel.ContractAcceptance.forged_future_refused._proof_1_1; module=DefiKernel.ContractAcceptance; axioms=[propext,
 Classical.choice,
 Quot.sound]
info: DefiKernel/VerifyAxioms.lean:11:0: AXIOM AUDIT theorem: DefiKernel.ContractAcceptance.forged_isolated_zero_price_base_accepted._proof_1_1; module=DefiKernel.ContractAcceptance; axioms=[propext,
 Classical.choice,
 Quot.sound]
info: DefiKernel/VerifyAxioms.lean:11:0: AXIOM AUDIT theorem: DefiKernel.ContractAcceptance.forged_isolated_zero_price_refused._proof_1_1; module=DefiKernel.ContractAcceptance; axioms=[propext,
 Classical.choice,
 Quot.sound]
info: DefiKernel/VerifyAxioms.lean:11:0: AXIOM AUDIT theorem: DefiKernel.ContractAcceptance.forged_stale_base_accepted._proof_1_1; module=DefiKernel.ContractAcceptance; axioms=[propext,
 Classical.choice,
 Quot.sound]
info: DefiKernel/VerifyAxioms.lean:11:0: AXIOM AUDIT theorem: DefiKernel.ContractAcceptance.forged_stale_refused._proof_1_1; module=DefiKernel.ContractAcceptance; axioms=[propext,
 Classical.choice,
 Quot.sound]
info: DefiKernel/VerifyAxioms.lean:11:0: AXIOM AUDIT theorem: DefiKernel.ContractAcceptance.forged_wrong_feed_base_accepted._proof_1_1; module=DefiKernel.ContractAcceptance; axioms=[propext,
 Classical.choice,
 Quot.sound]
info: DefiKernel/VerifyAxioms.lean:11:0: AXIOM AUDIT theorem: DefiKernel.ContractAcceptance.forged_wrong_feed_refused._proof_1_1; module=DefiKernel.ContractAcceptance; axioms=[propext,
 Classical.choice,
 Quot.sound]
info: DefiKernel/VerifyAxioms.lean:11:0: AXIOM AUDIT theorem: DefiKernel.ContractAcceptance.forged_zero_price_base_accepted._proof_1_1; module=DefiKernel.ContractAcceptance; axioms=[propext,
 Classical.choice,
 Quot.sound]
info: DefiKernel/VerifyAxioms.lean:11:0: AXIOM AUDIT theorem: DefiKernel.ContractAcceptance.forged_zero_price_refused._proof_1_1; module=DefiKernel.ContractAcceptance; axioms=[propext,
 Classical.choice,
 Quot.sound]
info: DefiKernel/VerifyAxioms.lean:11:0: AXIOM AUDIT theorem: DefiKernel.ContractAcceptance.transfer_post._proof_1_1; module=DefiKernel.ContractAcceptance; axioms=[propext,
 Classical.choice,
 Quot.sound]
info: DefiKernel/VerifyAxioms.lean:11:0: AXIOM AUDIT theorem: DefiKernel.ContractAcceptance.unbacked_issue_base_accepted._proof_1_1; module=DefiKernel.ContractAcceptance; axioms=[propext,
 Classical.choice,
 Quot.sound]
info: DefiKernel/VerifyAxioms.lean:11:0: AXIOM AUDIT theorem: DefiKernel.ContractAcceptance.unbacked_issue_refused._proof_1_1; module=DefiKernel.ContractAcceptance; axioms=[propext,
 Classical.choice,
 Quot.sound]
info: DefiKernel/VerifyAxioms.lean:11:0: AXIOM AUDIT theorem: DefiKernel.ContractAcceptance.unrelated_cell_base_accepted._proof_1_1; module=DefiKernel.ContractAcceptance; axioms=[propext,
 Classical.choice,
 Quot.sound]
info: DefiKernel/VerifyAxioms.lean:11:0: AXIOM AUDIT theorem: DefiKernel.ContractAcceptance.unrelated_cell_refused._proof_1_1; module=DefiKernel.ContractAcceptance; axioms=[propext,
 Classical.choice,
 Quot.sound]
info: DefiKernel/VerifyAxioms.lean:11:0: AXIOM AUDIT theorem: DefiKernel.ContractAcceptance.vault_drain_base_accepted._proof_1_1; module=DefiKernel.ContractAcceptance; axioms=[propext,
 Classical.choice,
 Quot.sound]
info: DefiKernel/VerifyAxioms.lean:11:0: AXIOM AUDIT theorem: DefiKernel.ContractAcceptance.vault_drain_refused._proof_1_1; module=DefiKernel.ContractAcceptance; axioms=[propext,
 Classical.choice,
 Quot.sound]
info: DefiKernel/VerifyAxioms.lean:11:0: AXIOM AUDIT theorem: DefiKernel.ContractAcceptance.withdraw_liquidity_refused._proof_1_1; module=DefiKernel.ContractAcceptance; axioms=[propext,
 Classical.choice,
 Quot.sound]
info: DefiKernel/VerifyAxioms.lean:11:0: AXIOM AUDIT theorem: DefiKernel.ContractAcceptance.withdraw_post._proof_1_1; module=DefiKernel.ContractAcceptance; axioms=[propext,
 Classical.choice,
 Quot.sound]
info: DefiKernel/VerifyAxioms.lean:11:0: AXIOM AUDIT theorem: DefiKernel.ContractAcceptance.withdraw_shares_refused._proof_1_1; module=DefiKernel.ContractAcceptance; axioms=[propext,
 Classical.choice,
 Quot.sound]
info: DefiKernel/VerifyAxioms.lean:11:0: AXIOM AUDIT theorem: DefiKernel.ContractAcceptance.wrong_actor_base_accepted._proof_1_1; module=DefiKernel.ContractAcceptance; axioms=[propext,
 Classical.choice,
 Quot.sound]
info: DefiKernel/VerifyAxioms.lean:11:0: AXIOM AUDIT theorem: DefiKernel.ContractAcceptance.wrong_actor_refused._proof_1_1; module=DefiKernel.ContractAcceptance; axioms=[propext,
 Classical.choice,
 Quot.sound]
info: DefiKernel/VerifyAxioms.lean:11:0: AXIOM AUDIT theorem: DefiKernel.ContractAcceptance.wrong_amount_base_accepted._proof_1_1; module=DefiKernel.ContractAcceptance; axioms=[propext,
 Classical.choice,
 Quot.sound]
info: DefiKernel/VerifyAxioms.lean:11:0: AXIOM AUDIT theorem: DefiKernel.ContractAcceptance.wrong_amount_refused._proof_1_1; module=DefiKernel.ContractAcceptance; axioms=[propext,
 Classical.choice,
 Quot.sound]
info: DefiKernel/VerifyAxioms.lean:11:0: AXIOM AUDIT theorem: DefiKernel.ContractAcceptance.wrong_recipient_base_accepted._proof_1_1; module=DefiKernel.ContractAcceptance; axioms=[propext,
 Classical.choice,
 Quot.sound]
info: DefiKernel/VerifyAxioms.lean:11:0: AXIOM AUDIT theorem: DefiKernel.ContractAcceptance.wrong_recipient_refused._proof_1_1; module=DefiKernel.ContractAcceptance; axioms=[propext,
 Classical.choice,
 Quot.sound]
info: DefiKernel/VerifyAxioms.lean:11:0: AXIOM AUDIT theorem: DefiKernel.ContractAcceptance.wrong_source_base_accepted._proof_1_1; module=DefiKernel.ContractAcceptance; axioms=[propext,
 Classical.choice,
 Quot.sound]
info: DefiKernel/VerifyAxioms.lean:11:0: AXIOM AUDIT theorem: DefiKernel.ContractAcceptance.wrong_source_refused._proof_1_1; module=DefiKernel.ContractAcceptance; axioms=[propext,
 Classical.choice,
 Quot.sound]
info: DefiKernel/VerifyAxioms.lean:11:0: AXIOM AUDIT theorem: DefiKernel.ContractAcceptance.wrong_supply_refused._proof_1_1; module=DefiKernel.ContractAcceptance; axioms=[propext,
 Classical.choice,
 Quot.sound]
info: DefiKernel/VerifyAxioms.lean:11:0: AXIOM AUDIT theorem: DefiKernel.ContractAcceptance.zero_borrow_positive_price_post._proof_1_1; module=DefiKernel.ContractAcceptance; axioms=[propext,
 Classical.choice,
 Quot.sound]
info: DefiKernel/VerifyAxioms.lean:11:0: AXIOM AUDIT theorem: DefiKernel.ContractExamples.borrowContract.eq_1; module=DefiKernel.ContractExamples; axioms=[propext,
 Classical.choice,
 Quot.sound]
info: DefiKernel/VerifyAxioms.lean:11:0: AXIOM AUDIT theorem: DefiKernel.ContractExamples.borrow_constructor_accepts_iff._simp_1_2; module=DefiKernel.ContractExamples; axioms=[propext,
 Classical.choice,
 Quot.sound]
info: DefiKernel/VerifyAxioms.lean:11:0: AXIOM AUDIT theorem: DefiKernel.ContractExamples.depositContract.eq_1; module=DefiKernel.ContractExamples; axioms=[propext,
 Classical.choice,
 Quot.sound]
info: DefiKernel/VerifyAxioms.lean:11:0: AXIOM AUDIT theorem: DefiKernel.ContractExamples.transferContract.eq_1; module=DefiKernel.ContractExamples; axioms=[propext,
 Classical.choice,
 Quot.sound]
info: DefiKernel/VerifyAxioms.lean:11:0: AXIOM AUDIT theorem: DefiKernel.ContractExamples.withdrawContract.eq_1; module=DefiKernel.ContractExamples; axioms=[propext,
 Classical.choice,
 Quot.sound]
info: DefiKernel/VerifyAxioms.lean:11:0: AXIOM AUDIT theorem: DefiKernel.Contracts.liftBase.eq_1; module=DefiKernel.Contracts; axioms=[propext, Quot.sound]
info: DefiKernel/VerifyAxioms.lean:11:0: AXIOM AUDIT theorem: DefiKernel.Contracts.liftBase.eq_2; module=DefiKernel.Contracts; axioms=[propext, Quot.sound]
info: DefiKernel/VerifyAxioms.lean:11:0: AXIOM AUDIT theorem: DefiKernel.Contracts.run.eq_1; module=DefiKernel.Contracts; axioms=[propext,
 Classical.choice,
 Quot.sound]
info: DefiKernel/VerifyAxioms.lean:11:0: AXIOM AUDIT theorem: DefiKernel.Contracts.run_ok_iff._simp_1_2; module=DefiKernel.Contracts; axioms=[propext,
 Quot.sound]
info: DefiKernel/VerifyAxioms.lean:11:0: AXIOM AUDIT theorem: DefiKernel.Examples.borrow.eq_1; module=DefiKernel.Examples; axioms=[propext,
 Classical.choice,
 Quot.sound]
info: DefiKernel/VerifyAxioms.lean:11:0: AXIOM AUDIT theorem: DefiKernel.Examples.deposit.eq_1; module=DefiKernel.Examples; axioms=[propext,
 Classical.choice,
 Quot.sound]
info: DefiKernel/VerifyAxioms.lean:11:0: AXIOM AUDIT theorem: DefiKernel.Examples.initial._proof_1; module=DefiKernel.Examples; axioms=[propext,
 Classical.choice,
 Quot.sound]
info: DefiKernel/VerifyAxioms.lean:11:0: AXIOM AUDIT theorem: DefiKernel.Examples.move.eq_1; module=DefiKernel.Examples; axioms=[propext,
 Classical.choice,
 Quot.sound]
info: DefiKernel/VerifyAxioms.lean:11:0: AXIOM AUDIT theorem: DefiKernel.Examples.pulse.eq_1; module=DefiKernel.Examples; axioms=[propext, Quot.sound]
info: DefiKernel/VerifyAxioms.lean:11:0: AXIOM AUDIT theorem: DefiKernel.Examples.richShares._proof_1; module=DefiKernel.Examples; axioms=[propext,
 Classical.choice,
 Quot.sound]
info: DefiKernel/VerifyAxioms.lean:11:0: AXIOM AUDIT theorem: DefiKernel.Examples.transfer.eq_1; module=DefiKernel.Examples; axioms=[propext,
 Classical.choice,
 Quot.sound]
info: DefiKernel/VerifyAxioms.lean:11:0: AXIOM AUDIT theorem: DefiKernel.Examples.withdraw.eq_1; module=DefiKernel.Examples; axioms=[propext,
 Classical.choice,
 Quot.sound]
info: DefiKernel/VerifyAxioms.lean:11:0: AXIOM AUDIT theorem: DefiKernel.Examples.zeroDebt._proof_1; module=DefiKernel.Examples; axioms=[propext,
 Classical.choice,
 Quot.sound]
info: DefiKernel/VerifyAxioms.lean:11:0: AXIOM AUDIT theorem: DefiKernel.Policy.mk.inj; module=DefiKernel.Core; axioms=[]
info: DefiKernel/VerifyAxioms.lean:11:0: AXIOM AUDIT theorem: DefiKernel.Policy.mk.injEq; module=DefiKernel.Core; axioms=[propext]
info: DefiKernel/VerifyAxioms.lean:11:0: AXIOM AUDIT theorem: DefiKernel.Policy.mk.sizeOf_spec; module=DefiKernel.Core; axioms=[]
info: DefiKernel/VerifyAxioms.lean:11:0: AXIOM AUDIT theorem: DefiKernel.Quantity.mk.inj; module=DefiKernel.Core; axioms=[propext, Quot.sound]
info: DefiKernel/VerifyAxioms.lean:11:0: AXIOM AUDIT theorem: DefiKernel.Quantity.mk.injEq; module=DefiKernel.Core; axioms=[propext, Quot.sound]
info: DefiKernel/VerifyAxioms.lean:11:0: AXIOM AUDIT theorem: DefiKernel.Quantity.mk.sizeOf_spec; module=DefiKernel.Core; axioms=[propext, Quot.sound]
info: DefiKernel/VerifyAxioms.lean:11:0: AXIOM AUDIT theorem: DefiKernel.Quantity.ofNat._proof_1; module=DefiKernel.Core; axioms=[propext,
 Classical.choice,
 Quot.sound]
info: DefiKernel/VerifyAxioms.lean:11:0: AXIOM AUDIT theorem: DefiKernel.Refusal.accounting.sizeOf_spec; module=DefiKernel.Core; axioms=[]
info: DefiKernel/VerifyAxioms.lean:11:0: AXIOM AUDIT theorem: DefiKernel.Refusal.footprint.sizeOf_spec; module=DefiKernel.Core; axioms=[]
info: DefiKernel/VerifyAxioms.lean:11:0: AXIOM AUDIT theorem: DefiKernel.Refusal.guard.sizeOf_spec; module=DefiKernel.Core; axioms=[]
info: DefiKernel/VerifyAxioms.lean:11:0: AXIOM AUDIT theorem: DefiKernel.Refusal.insufficientFunds.sizeOf_spec; module=DefiKernel.Core; axioms=[]
info: DefiKernel/VerifyAxioms.lean:11:0: AXIOM AUDIT theorem: DefiKernel.Refusal.unauthorizedDebit.sizeOf_spec; module=DefiKernel.Core; axioms=[]
info: DefiKernel/VerifyAxioms.lean:11:0: AXIOM AUDIT theorem: DefiKernel.Refusal.unauthorizedSupply.sizeOf_spec; module=DefiKernel.Core; axioms=[]
info: DefiKernel/VerifyAxioms.lean:11:0: AXIOM AUDIT theorem: DefiKernel.State.mk.congr_simp; module=DefiKernel.Core; axioms=[propext, Quot.sound]
info: DefiKernel/VerifyAxioms.lean:11:0: AXIOM AUDIT theorem: DefiKernel.State.mk.inj; module=DefiKernel.Core; axioms=[propext, Quot.sound]
info: DefiKernel/VerifyAxioms.lean:11:0: AXIOM AUDIT theorem: DefiKernel.State.mk.injEq; module=DefiKernel.Core; axioms=[propext, Quot.sound]
info: DefiKernel/VerifyAxioms.lean:11:0: AXIOM AUDIT theorem: DefiKernel.State.mk.sizeOf_spec; module=DefiKernel.Core; axioms=[propext, Quot.sound]
info: DefiKernel/VerifyAxioms.lean:11:0: AXIOM AUDIT theorem: DefiKernel.Transition.mk.inj; module=DefiKernel.Core; axioms=[propext, Quot.sound]
info: DefiKernel/VerifyAxioms.lean:11:0: AXIOM AUDIT theorem: DefiKernel.Transition.mk.injEq; module=DefiKernel.Core; axioms=[propext, Quot.sound]
info: DefiKernel/VerifyAxioms.lean:11:0: AXIOM AUDIT theorem: DefiKernel.Transition.mk.sizeOf_spec; module=DefiKernel.Core; axioms=[propext, Quot.sound]
info: DefiKernel/VerifyAxioms.lean:11:0: AXIOM AUDIT theorem: _private.DefiKernel.Core.0.DefiKernel.execute.match_1.eq_1; module=DefiKernel.Core; axioms=[]
info: DefiKernel/VerifyAxioms.lean:11:0: AXIOM AUDIT theorem: _private.DefiKernel.Core.0.DefiKernel.execute.match_1.eq_2; module=DefiKernel.Core; axioms=[]
info: DefiKernel/VerifyAxioms.lean:11:0: AXIOM AUDIT theorem: DefiKernel.Contracts.Contract.mk.inj; module=DefiKernel.Contracts; axioms=[propext, Quot.sound]
info: DefiKernel/VerifyAxioms.lean:11:0: AXIOM AUDIT theorem: DefiKernel.Contracts.Contract.mk.injEq; module=DefiKernel.Contracts; axioms=[propext, Quot.sound]
info: DefiKernel/VerifyAxioms.lean:11:0: AXIOM AUDIT theorem: DefiKernel.Contracts.Contract.mk.sizeOf_spec; module=DefiKernel.Contracts; axioms=[propext,
 Quot.sound]
info: DefiKernel/VerifyAxioms.lean:11:0: AXIOM AUDIT theorem: DefiKernel.Contracts.Failure.base.inj; module=DefiKernel.Contracts; axioms=[]
info: DefiKernel/VerifyAxioms.lean:11:0: AXIOM AUDIT theorem: DefiKernel.Contracts.Failure.base.injEq; module=DefiKernel.Contracts; axioms=[propext]
info: DefiKernel/VerifyAxioms.lean:11:0: AXIOM AUDIT theorem: DefiKernel.Contracts.Failure.base.sizeOf_spec; module=DefiKernel.Contracts; axioms=[]
info: DefiKernel/VerifyAxioms.lean:11:0: AXIOM AUDIT theorem: DefiKernel.Contracts.Failure.contract.sizeOf_spec; module=DefiKernel.Contracts; axioms=[]
info: DefiKernel/VerifyAxioms.lean:11:0: AXIOM AUDIT theorem: DefiKernel.Contracts.instDecidableEqFailure.decEq._proof_1; module=DefiKernel.Contracts; axioms=[]
info: DefiKernel/VerifyAxioms.lean:11:0: AXIOM AUDIT theorem: DefiKernel.Contracts.instDecidableEqFailure.decEq._proof_2; module=DefiKernel.Contracts; axioms=[]
info: DefiKernel/VerifyAxioms.lean:11:0: AXIOM AUDIT theorem: DefiKernel.Contracts.instDecidableEqFailure.decEq._proof_3; module=DefiKernel.Contracts; axioms=[]
info: DefiKernel/VerifyAxioms.lean:11:0: AXIOM AUDIT theorem: DefiKernel.Contracts.instDecidableEqFailure.decEq._proof_4; module=DefiKernel.Contracts; axioms=[]
info: DefiKernel/VerifyAxioms.lean:11:0: AXIOM AUDIT theorem: DefiKernel.Examples.Oracle.mk.inj; module=DefiKernel.Examples; axioms=[]
info: DefiKernel/VerifyAxioms.lean:11:0: AXIOM AUDIT theorem: DefiKernel.Examples.Oracle.mk.injEq; module=DefiKernel.Examples; axioms=[propext]
info: DefiKernel/VerifyAxioms.lean:11:0: AXIOM AUDIT theorem: DefiKernel.Examples.Oracle.mk.sizeOf_spec; module=DefiKernel.Examples; axioms=[]
info: DefiKernel/VerifyAxioms.lean:11:0: AXIOM AUDIT theorem: _private.DefiKernel.Contracts.0.DefiKernel.Contracts.liftBase.match_1.eq_1; module=DefiKernel.Contracts; axioms=[propext,
 Quot.sound]
info: DefiKernel/VerifyAxioms.lean:11:0: AXIOM AUDIT theorem: _private.DefiKernel.Contracts.0.DefiKernel.Contracts.liftBase.match_1.eq_2; module=DefiKernel.Contracts; axioms=[propext,
 Quot.sound]
info: DefiKernel/VerifyAxioms.lean:11:0: AXIOM AUDIT declaration: DefiKernel.Accounted; module=DefiKernel.Core; kind=definition; axioms=[propext,
 Classical.choice,
 Quot.sound]
info: DefiKernel/VerifyAxioms.lean:11:0: AXIOM AUDIT declaration: DefiKernel.Cell; module=DefiKernel.Core; kind=definition; axioms=[]
info: DefiKernel/VerifyAxioms.lean:11:0: AXIOM AUDIT declaration: DefiKernel.DebitAuthorized; module=DefiKernel.Core; kind=definition; axioms=[propext,
 Quot.sound]
info: DefiKernel/VerifyAxioms.lean:11:0: AXIOM AUDIT declaration: DefiKernel.Local; module=DefiKernel.Core; kind=definition; axioms=[propext,
 Classical.choice,
 Quot.sound]
info: DefiKernel/VerifyAxioms.lean:11:0: AXIOM AUDIT declaration: DefiKernel.NonnegativeUpdate; module=DefiKernel.Core; kind=definition; axioms=[propext,
 Classical.choice,
 Quot.sound]
info: DefiKernel/VerifyAxioms.lean:11:0: AXIOM AUDIT declaration: DefiKernel.SupplyAuthorized; module=DefiKernel.Core; kind=definition; axioms=[propext,
 Quot.sound]
info: DefiKernel/VerifyAxioms.lean:11:0: AXIOM AUDIT declaration: DefiKernel.Valid; module=DefiKernel.Core; kind=definition; axioms=[propext,
 Classical.choice,
 Quot.sound]
info: DefiKernel/VerifyAxioms.lean:11:0: AXIOM AUDIT declaration: DefiKernel.applyEffect; module=DefiKernel.Core; kind=definition; axioms=[propext,
 Classical.choice,
 Quot.sound]
info: DefiKernel/VerifyAxioms.lean:11:0: AXIOM AUDIT declaration: DefiKernel.check; module=DefiKernel.Core; kind=definition; axioms=[propext,
 Classical.choice,
 Quot.sound]
info: DefiKernel/VerifyAxioms.lean:11:0: AXIOM AUDIT declaration: DefiKernel.execute; module=DefiKernel.Core; kind=definition; axioms=[propext,
 Classical.choice,
 Quot.sound]
info: DefiKernel/VerifyAxioms.lean:11:0: AXIOM AUDIT declaration: DefiKernel.instDecidableAccounted; module=DefiKernel.Core; kind=definition; axioms=[propext,
 Classical.choice,
 Quot.sound]
info: DefiKernel/VerifyAxioms.lean:11:0: AXIOM AUDIT declaration: DefiKernel.instDecidableDebitAuthorized; module=DefiKernel.Core; kind=definition; axioms=[propext,
 Classical.choice,
 Quot.sound]
info: DefiKernel/VerifyAxioms.lean:11:0: AXIOM AUDIT declaration: DefiKernel.instDecidableEqAccount; module=DefiKernel.Core; kind=definition; axioms=[]
info: DefiKernel/VerifyAxioms.lean:11:0: AXIOM AUDIT declaration: DefiKernel.instDecidableEqAsset; module=DefiKernel.Core; kind=definition; axioms=[]
info: DefiKernel/VerifyAxioms.lean:11:0: AXIOM AUDIT declaration: DefiKernel.instDecidableEqRefusal; module=DefiKernel.Core; kind=definition; axioms=[]
info: DefiKernel/VerifyAxioms.lean:11:0: AXIOM AUDIT declaration: DefiKernel.instDecidableLocal; module=DefiKernel.Core; kind=definition; axioms=[propext,
 Classical.choice,
 Quot.sound]
info: DefiKernel/VerifyAxioms.lean:11:0: AXIOM AUDIT declaration: DefiKernel.instDecidableNonnegativeUpdate; module=DefiKernel.Core; kind=definition; axioms=[propext,
 Classical.choice,
 Quot.sound]
info: DefiKernel/VerifyAxioms.lean:11:0: AXIOM AUDIT declaration: DefiKernel.instDecidableSupplyAuthorized; module=DefiKernel.Core; kind=definition; axioms=[propext,
 Classical.choice,
 Quot.sound]
info: DefiKernel/VerifyAxioms.lean:11:0: AXIOM AUDIT declaration: DefiKernel.instFintypeAccount; module=DefiKernel.Core; kind=definition; axioms=[propext,
 Classical.choice,
 Quot.sound]
info: DefiKernel/VerifyAxioms.lean:11:0: AXIOM AUDIT declaration: DefiKernel.instFintypeAsset; module=DefiKernel.Core; kind=definition; axioms=[propext,
 Classical.choice,
 Quot.sound]
info: DefiKernel/VerifyAxioms.lean:11:0: AXIOM AUDIT declaration: DefiKernel.instReprAccount; module=DefiKernel.Core; kind=definition; axioms=[]
info: DefiKernel/VerifyAxioms.lean:11:0: AXIOM AUDIT declaration: DefiKernel.instReprAsset; module=DefiKernel.Core; kind=definition; axioms=[]
info: DefiKernel/VerifyAxioms.lean:11:0: AXIOM AUDIT declaration: DefiKernel.instReprRefusal; module=DefiKernel.Core; kind=definition; axioms=[]
info: DefiKernel/VerifyAxioms.lean:11:0: AXIOM AUDIT declaration: DefiKernel.total; module=DefiKernel.Core; kind=definition; axioms=[propext,
 Classical.choice,
 Quot.sound]
info: DefiKernel/VerifyAxioms.lean:11:0: AXIOM AUDIT declaration: DefiKernel.Account._sizeOf_1; module=DefiKernel.Core; kind=definition; axioms=[]
info: DefiKernel/VerifyAxioms.lean:11:0: AXIOM AUDIT declaration: DefiKernel.Account._sizeOf_inst; module=DefiKernel.Core; kind=definition; axioms=[]
info: DefiKernel/VerifyAxioms.lean:11:0: AXIOM AUDIT declaration: DefiKernel.Account.casesOn; module=DefiKernel.Core; kind=definition; axioms=[]
info: DefiKernel/VerifyAxioms.lean:11:0: AXIOM AUDIT declaration: DefiKernel.Account.ctorElim; module=DefiKernel.Core; kind=definition; axioms=[]
info: DefiKernel/VerifyAxioms.lean:11:0: AXIOM AUDIT declaration: DefiKernel.Account.ctorElimType; module=DefiKernel.Core; kind=definition; axioms=[]
info: DefiKernel/VerifyAxioms.lean:11:0: AXIOM AUDIT declaration: DefiKernel.Account.ctorIdx; module=DefiKernel.Core; kind=definition; axioms=[]
info: DefiKernel/VerifyAxioms.lean:11:0: AXIOM AUDIT declaration: DefiKernel.Account.noConfusion; module=DefiKernel.Core; kind=definition; axioms=[]
info: DefiKernel/VerifyAxioms.lean:11:0: AXIOM AUDIT declaration: DefiKernel.Account.noConfusionType; module=DefiKernel.Core; kind=definition; axioms=[]
info: DefiKernel/VerifyAxioms.lean:11:0: AXIOM AUDIT declaration: DefiKernel.Account.ofNat; module=DefiKernel.Core; kind=definition; axioms=[]
info: DefiKernel/VerifyAxioms.lean:11:0: AXIOM AUDIT declaration: DefiKernel.Account.recOn; module=DefiKernel.Core; kind=definition; axioms=[]
info: DefiKernel/VerifyAxioms.lean:11:0: AXIOM AUDIT declaration: DefiKernel.Account.toCtorIdx; module=DefiKernel.Core; kind=definition; axioms=[]
info: DefiKernel/VerifyAxioms.lean:11:0: AXIOM AUDIT declaration: DefiKernel.Asset._sizeOf_1; module=DefiKernel.Core; kind=definition; axioms=[]
info: DefiKernel/VerifyAxioms.lean:11:0: AXIOM AUDIT declaration: DefiKernel.Asset._sizeOf_inst; module=DefiKernel.Core; kind=definition; axioms=[]
info: DefiKernel/VerifyAxioms.lean:11:0: AXIOM AUDIT declaration: DefiKernel.Asset.casesOn; module=DefiKernel.Core; kind=definition; axioms=[]
info: DefiKernel/VerifyAxioms.lean:11:0: AXIOM AUDIT declaration: DefiKernel.Asset.ctorElim; module=DefiKernel.Core; kind=definition; axioms=[]
info: DefiKernel/VerifyAxioms.lean:11:0: AXIOM AUDIT declaration: DefiKernel.Asset.ctorElimType; module=DefiKernel.Core; kind=definition; axioms=[]
info: DefiKernel/VerifyAxioms.lean:11:0: AXIOM AUDIT declaration: DefiKernel.Asset.ctorIdx; module=DefiKernel.Core; kind=definition; axioms=[]
info: DefiKernel/VerifyAxioms.lean:11:0: AXIOM AUDIT declaration: DefiKernel.Asset.noConfusion; module=DefiKernel.Core; kind=definition; axioms=[]
info: DefiKernel/VerifyAxioms.lean:11:0: AXIOM AUDIT declaration: DefiKernel.Asset.noConfusionType; module=DefiKernel.Core; kind=definition; axioms=[]
info: DefiKernel/VerifyAxioms.lean:11:0: AXIOM AUDIT declaration: DefiKernel.Asset.ofNat; module=DefiKernel.Core; kind=definition; axioms=[]
info: DefiKernel/VerifyAxioms.lean:11:0: AXIOM AUDIT declaration: DefiKernel.Asset.recOn; module=DefiKernel.Core; kind=definition; axioms=[]
info: DefiKernel/VerifyAxioms.lean:11:0: AXIOM AUDIT declaration: DefiKernel.Asset.toCtorIdx; module=DefiKernel.Core; kind=definition; axioms=[]
info: DefiKernel/VerifyAxioms.lean:11:0: AXIOM AUDIT declaration: DefiKernel.Audit.runtimeChecks; module=DefiKernel.Audit; kind=definition; axioms=[propext,
 Classical.choice,
 Quot.sound]
info: DefiKernel/VerifyAxioms.lean:11:0: AXIOM AUDIT declaration: DefiKernel.AxiomAudit.«_aux_DefiKernel_AxiomAudit___elabRules_DefiKernel_AxiomAudit_command#audit_axioms__1»; module=DefiKernel.AxiomAudit; kind=definition; axioms=[propext,
 Classical.choice,
 Quot.sound]
info: DefiKernel/VerifyAxioms.lean:11:0: AXIOM AUDIT declaration: DefiKernel.AxiomAudit.allowedAxioms; module=DefiKernel.AxiomAudit; kind=definition; axioms=[]
info: DefiKernel/VerifyAxioms.lean:11:0: AXIOM AUDIT declaration: DefiKernel.AxiomAudit.«command#audit_axioms_»; module=DefiKernel.AxiomAudit; kind=definition; axioms=[]
info: DefiKernel/VerifyAxioms.lean:11:0: AXIOM AUDIT declaration: DefiKernel.AxiomAudit.importedSupplemental; module=DefiKernel.AxiomAudit; kind=definition; axioms=[propext,
 Classical.choice,
 Quot.sound]
info: DefiKernel/VerifyAxioms.lean:11:0: AXIOM AUDIT declaration: DefiKernel.AxiomAudit.importedTheorems; module=DefiKernel.AxiomAudit; kind=definition; axioms=[propext,
 Classical.choice,
 Quot.sound]
info: DefiKernel/VerifyAxioms.lean:11:0: AXIOM AUDIT declaration: DefiKernel.ContractAudit.runtimeChecks; module=DefiKernel.ContractAudit; kind=definition; axioms=[propext,
 Classical.choice,
 Quot.sound]
info: DefiKernel/VerifyAxioms.lean:11:0: AXIOM AUDIT declaration: DefiKernel.ContractExamples.BorrowConditions; module=DefiKernel.ContractExamples; kind=definition; axioms=[propext,
 Classical.choice,
 Quot.sound]
info: DefiKernel/VerifyAxioms.lean:11:0: AXIOM AUDIT declaration: DefiKernel.ContractExamples.Shape; module=DefiKernel.ContractExamples; kind=definition; axioms=[propext,
 Quot.sound]
info: DefiKernel/VerifyAxioms.lean:11:0: AXIOM AUDIT declaration: DefiKernel.ContractExamples.borrowContract; module=DefiKernel.ContractExamples; kind=definition; axioms=[propext,
 Classical.choice,
 Quot.sound]
info: DefiKernel/VerifyAxioms.lean:11:0: AXIOM AUDIT declaration: DefiKernel.ContractExamples.depositContract; module=DefiKernel.ContractExamples; kind=definition; axioms=[propext,
 Classical.choice,
 Quot.sound]
info: DefiKernel/VerifyAxioms.lean:11:0: AXIOM AUDIT declaration: DefiKernel.ContractExamples.forgedBorrow; module=DefiKernel.ContractExamples; kind=definition; axioms=[propext,
 Classical.choice,
 Quot.sound]
info: DefiKernel/VerifyAxioms.lean:11:0: AXIOM AUDIT declaration: DefiKernel.ContractExamples.instDecidableBorrowConditions; module=DefiKernel.ContractExamples; kind=definition; axioms=[propext,
 Classical.choice,
 Quot.sound]
info: DefiKernel/VerifyAxioms.lean:11:0: AXIOM AUDIT declaration: DefiKernel.ContractExamples.instDecidableShape; module=DefiKernel.ContractExamples; kind=definition; axioms=[propext,
 Classical.choice,
 Quot.sound]
info: DefiKernel/VerifyAxioms.lean:11:0: AXIOM AUDIT declaration: DefiKernel.ContractExamples.transferContract; module=DefiKernel.ContractExamples; kind=definition; axioms=[propext,
 Classical.choice,
 Quot.sound]
info: DefiKernel/VerifyAxioms.lean:11:0: AXIOM AUDIT declaration: DefiKernel.ContractExamples.unrelatedEffect; module=DefiKernel.ContractExamples; kind=definition; axioms=[propext,
 Classical.choice,
 Quot.sound]
info: DefiKernel/VerifyAxioms.lean:11:0: AXIOM AUDIT declaration: DefiKernel.ContractExamples.withdrawContract; module=DefiKernel.ContractExamples; kind=definition; axioms=[propext,
 Classical.choice,
 Quot.sound]
info: DefiKernel/VerifyAxioms.lean:11:0: AXIOM AUDIT declaration: DefiKernel.ContractExamples.wrongSupply; module=DefiKernel.ContractExamples; kind=definition; axioms=[propext,
 Classical.choice,
 Quot.sound]
info: DefiKernel/VerifyAxioms.lean:11:0: AXIOM AUDIT declaration: DefiKernel.Contracts.always; module=DefiKernel.Contracts; kind=definition; axioms=[propext,
 Quot.sound]
info: DefiKernel/VerifyAxioms.lean:11:0: AXIOM AUDIT declaration: DefiKernel.Contracts.instDecidableEqFailure; module=DefiKernel.Contracts; kind=definition; axioms=[]
info: DefiKernel/VerifyAxioms.lean:11:0: AXIOM AUDIT declaration: DefiKernel.Contracts.instReprFailure; module=DefiKernel.Contracts; kind=definition; axioms=[]
info: DefiKernel/VerifyAxioms.lean:11:0: AXIOM AUDIT declaration: DefiKernel.Contracts.liftBase; module=DefiKernel.Contracts; kind=definition; axioms=[propext,
 Quot.sound]
info: DefiKernel/VerifyAxioms.lean:11:0: AXIOM AUDIT declaration: DefiKernel.Contracts.observe; module=DefiKernel.Contracts; kind=definition; axioms=[propext,
 Quot.sound]
info: DefiKernel/VerifyAxioms.lean:11:0: AXIOM AUDIT declaration: DefiKernel.Contracts.run; module=DefiKernel.Contracts; kind=definition; axioms=[propext,
 Classical.choice,
 Quot.sound]
info: DefiKernel/VerifyAxioms.lean:11:0: AXIOM AUDIT declaration: DefiKernel.Examples.allCells; module=DefiKernel.Examples; kind=definition; axioms=[]
info: DefiKernel/VerifyAxioms.lean:11:0: AXIOM AUDIT declaration: DefiKernel.Examples.borrow; module=DefiKernel.Examples; kind=definition; axioms=[propext,
 Classical.choice,
 Quot.sound]
info: DefiKernel/VerifyAxioms.lean:11:0: AXIOM AUDIT declaration: DefiKernel.Examples.deposit; module=DefiKernel.Examples; kind=definition; axioms=[propext,
 Classical.choice,
 Quot.sound]
info: DefiKernel/VerifyAxioms.lean:11:0: AXIOM AUDIT declaration: DefiKernel.Examples.fresh; module=DefiKernel.Examples; kind=definition; axioms=[propext,
 Quot.sound]
info: DefiKernel/VerifyAxioms.lean:11:0: AXIOM AUDIT declaration: DefiKernel.Examples.future; module=DefiKernel.Examples; kind=definition; axioms=[propext,
 Quot.sound]
info: DefiKernel/VerifyAxioms.lean:11:0: AXIOM AUDIT declaration: DefiKernel.Examples.initial; module=DefiKernel.Examples; kind=definition; axioms=[propext,
 Classical.choice,
 Quot.sound]
info: DefiKernel/VerifyAxioms.lean:11:0: AXIOM AUDIT declaration: DefiKernel.Examples.instReprOracle; module=DefiKernel.Examples; kind=definition; axioms=[propext]
info: DefiKernel/VerifyAxioms.lean:11:0: AXIOM AUDIT declaration: DefiKernel.Examples.move; module=DefiKernel.Examples; kind=definition; axioms=[propext,
 Classical.choice,
 Quot.sound]
info: DefiKernel/VerifyAxioms.lean:11:0: AXIOM AUDIT declaration: DefiKernel.Examples.observe; module=DefiKernel.Examples; kind=definition; axioms=[propext,
 Quot.sound]
info: DefiKernel/VerifyAxioms.lean:11:0: AXIOM AUDIT declaration: DefiKernel.Examples.policy; module=DefiKernel.Examples; kind=definition; axioms=[]
info: DefiKernel/VerifyAxioms.lean:11:0: AXIOM AUDIT declaration: DefiKernel.Examples.policyDebtBurn; module=DefiKernel.Examples; kind=definition; axioms=[propext,
 Quot.sound]
info: DefiKernel/VerifyAxioms.lean:11:0: AXIOM AUDIT declaration: DefiKernel.Examples.policyUnbackedIssue; module=DefiKernel.Examples; kind=definition; axioms=[propext,
 Quot.sound]
info: DefiKernel/VerifyAxioms.lean:11:0: AXIOM AUDIT declaration: DefiKernel.Examples.policyVaultDrain; module=DefiKernel.Examples; kind=definition; axioms=[propext,
 Classical.choice,
 Quot.sound]
info: DefiKernel/VerifyAxioms.lean:11:0: AXIOM AUDIT declaration: DefiKernel.Examples.pulse; module=DefiKernel.Examples; kind=definition; axioms=[propext,
 Quot.sound]
info: DefiKernel/VerifyAxioms.lean:11:0: AXIOM AUDIT declaration: DefiKernel.Examples.richShares; module=DefiKernel.Examples; kind=definition; axioms=[propext,
 Classical.choice,
 Quot.sound]
info: DefiKernel/VerifyAxioms.lean:11:0: AXIOM AUDIT declaration: DefiKernel.Examples.stale; module=DefiKernel.Examples; kind=definition; axioms=[propext,
 Quot.sound]
info: DefiKernel/VerifyAxioms.lean:11:0: AXIOM AUDIT declaration: DefiKernel.Examples.transfer; module=DefiKernel.Examples; kind=definition; axioms=[propext,
 Classical.choice,
 Quot.sound]
info: DefiKernel/VerifyAxioms.lean:11:0: AXIOM AUDIT declaration: DefiKernel.Examples.unauthorizedIssue; module=DefiKernel.Examples; kind=definition; axioms=[propext,
 Quot.sound]
info: DefiKernel/VerifyAxioms.lean:11:0: AXIOM AUDIT declaration: DefiKernel.Examples.unbalanced; module=DefiKernel.Examples; kind=definition; axioms=[propext,
 Classical.choice,
 Quot.sound]
info: DefiKernel/VerifyAxioms.lean:11:0: AXIOM AUDIT declaration: DefiKernel.Examples.withdraw; module=DefiKernel.Examples; kind=definition; axioms=[propext,
 Classical.choice,
 Quot.sound]
info: DefiKernel/VerifyAxioms.lean:11:0: AXIOM AUDIT declaration: DefiKernel.Examples.wrongAsset; module=DefiKernel.Examples; kind=definition; axioms=[propext,
 Classical.choice,
 Quot.sound]
info: DefiKernel/VerifyAxioms.lean:11:0: AXIOM AUDIT declaration: DefiKernel.Examples.wrongFootprint; module=DefiKernel.Examples; kind=definition; axioms=[propext,
 Classical.choice,
 Quot.sound]
info: DefiKernel/VerifyAxioms.lean:11:0: AXIOM AUDIT declaration: DefiKernel.Examples.zeroDebt; module=DefiKernel.Examples; kind=definition; axioms=[propext,
 Classical.choice,
 Quot.sound]
info: DefiKernel/VerifyAxioms.lean:11:0: AXIOM AUDIT declaration: DefiKernel.Examples.zeroPrice; module=DefiKernel.Examples; kind=definition; axioms=[propext,
 Quot.sound]
info: DefiKernel/VerifyAxioms.lean:11:0: AXIOM AUDIT declaration: DefiKernel.Policy._sizeOf_1; module=DefiKernel.Core; kind=definition; axioms=[]
info: DefiKernel/VerifyAxioms.lean:11:0: AXIOM AUDIT declaration: DefiKernel.Policy._sizeOf_inst; module=DefiKernel.Core; kind=definition; axioms=[]
info: DefiKernel/VerifyAxioms.lean:11:0: AXIOM AUDIT declaration: DefiKernel.Policy.casesOn; module=DefiKernel.Core; kind=definition; axioms=[]
info: DefiKernel/VerifyAxioms.lean:11:0: AXIOM AUDIT declaration: DefiKernel.Policy.ctorIdx; module=DefiKernel.Core; kind=definition; axioms=[]
info: DefiKernel/VerifyAxioms.lean:11:0: AXIOM AUDIT declaration: DefiKernel.Policy.debit; module=DefiKernel.Core; kind=definition; axioms=[]
info: DefiKernel/VerifyAxioms.lean:11:0: AXIOM AUDIT declaration: DefiKernel.Policy.noConfusion; module=DefiKernel.Core; kind=definition; axioms=[]
info: DefiKernel/VerifyAxioms.lean:11:0: AXIOM AUDIT declaration: DefiKernel.Policy.noConfusionType; module=DefiKernel.Core; kind=definition; axioms=[]
info: DefiKernel/VerifyAxioms.lean:11:0: AXIOM AUDIT declaration: DefiKernel.Policy.recOn; module=DefiKernel.Core; kind=definition; axioms=[]
info: DefiKernel/VerifyAxioms.lean:11:0: AXIOM AUDIT declaration: DefiKernel.Policy.supply; module=DefiKernel.Core; kind=definition; axioms=[]
info: DefiKernel/VerifyAxioms.lean:11:0: AXIOM AUDIT declaration: DefiKernel.Quantity._sizeOf_1; module=DefiKernel.Core; kind=definition; axioms=[propext,
 Quot.sound]
info: DefiKernel/VerifyAxioms.lean:11:0: AXIOM AUDIT declaration: DefiKernel.Quantity._sizeOf_inst; module=DefiKernel.Core; kind=definition; axioms=[propext,
 Quot.sound]
info: DefiKernel/VerifyAxioms.lean:11:0: AXIOM AUDIT declaration: DefiKernel.Quantity.amount; module=DefiKernel.Core; kind=definition; axioms=[]
info: DefiKernel/VerifyAxioms.lean:11:0: AXIOM AUDIT declaration: DefiKernel.Quantity.casesOn; module=DefiKernel.Core; kind=definition; axioms=[propext,
 Quot.sound]
info: DefiKernel/VerifyAxioms.lean:11:0: AXIOM AUDIT declaration: DefiKernel.Quantity.ctorIdx; module=DefiKernel.Core; kind=definition; axioms=[]
info: DefiKernel/VerifyAxioms.lean:11:0: AXIOM AUDIT declaration: DefiKernel.Quantity.noConfusion; module=DefiKernel.Core; kind=definition; axioms=[propext,
 Quot.sound]
info: DefiKernel/VerifyAxioms.lean:11:0: AXIOM AUDIT declaration: DefiKernel.Quantity.noConfusionType; module=DefiKernel.Core; kind=definition; axioms=[propext,
 Quot.sound]
info: DefiKernel/VerifyAxioms.lean:11:0: AXIOM AUDIT declaration: DefiKernel.Quantity.ofNat; module=DefiKernel.Core; kind=definition; axioms=[propext,
 Classical.choice,
 Quot.sound]
info: DefiKernel/VerifyAxioms.lean:11:0: AXIOM AUDIT declaration: DefiKernel.Quantity.recOn; module=DefiKernel.Core; kind=definition; axioms=[propext,
 Quot.sound]
info: DefiKernel/VerifyAxioms.lean:11:0: AXIOM AUDIT declaration: DefiKernel.Refusal._sizeOf_1; module=DefiKernel.Core; kind=definition; axioms=[]
info: DefiKernel/VerifyAxioms.lean:11:0: AXIOM AUDIT declaration: DefiKernel.Refusal._sizeOf_inst; module=DefiKernel.Core; kind=definition; axioms=[]
info: DefiKernel/VerifyAxioms.lean:11:0: AXIOM AUDIT declaration: DefiKernel.Refusal.casesOn; module=DefiKernel.Core; kind=definition; axioms=[]
info: DefiKernel/VerifyAxioms.lean:11:0: AXIOM AUDIT declaration: DefiKernel.Refusal.ctorElim; module=DefiKernel.Core; kind=definition; axioms=[]
info: DefiKernel/VerifyAxioms.lean:11:0: AXIOM AUDIT declaration: DefiKernel.Refusal.ctorElimType; module=DefiKernel.Core; kind=definition; axioms=[]
info: DefiKernel/VerifyAxioms.lean:11:0: AXIOM AUDIT declaration: DefiKernel.Refusal.ctorIdx; module=DefiKernel.Core; kind=definition; axioms=[]
info: DefiKernel/VerifyAxioms.lean:11:0: AXIOM AUDIT declaration: DefiKernel.Refusal.noConfusion; module=DefiKernel.Core; kind=definition; axioms=[]
info: DefiKernel/VerifyAxioms.lean:11:0: AXIOM AUDIT declaration: DefiKernel.Refusal.noConfusionType; module=DefiKernel.Core; kind=definition; axioms=[]
info: DefiKernel/VerifyAxioms.lean:11:0: AXIOM AUDIT declaration: DefiKernel.Refusal.ofNat; module=DefiKernel.Core; kind=definition; axioms=[]
info: DefiKernel/VerifyAxioms.lean:11:0: AXIOM AUDIT declaration: DefiKernel.Refusal.recOn; module=DefiKernel.Core; kind=definition; axioms=[]
info: DefiKernel/VerifyAxioms.lean:11:0: AXIOM AUDIT declaration: DefiKernel.Refusal.toCtorIdx; module=DefiKernel.Core; kind=definition; axioms=[]
info: DefiKernel/VerifyAxioms.lean:11:0: AXIOM AUDIT declaration: DefiKernel.State._sizeOf_1; module=DefiKernel.Core; kind=definition; axioms=[propext,
 Quot.sound]
info: DefiKernel/VerifyAxioms.lean:11:0: AXIOM AUDIT declaration: DefiKernel.State._sizeOf_inst; module=DefiKernel.Core; kind=definition; axioms=[propext,
 Quot.sound]
info: DefiKernel/VerifyAxioms.lean:11:0: AXIOM AUDIT declaration: DefiKernel.State.balance; module=DefiKernel.Core; kind=definition; axioms=[propext, Quot.sound]
info: DefiKernel/VerifyAxioms.lean:11:0: AXIOM AUDIT declaration: DefiKernel.State.casesOn; module=DefiKernel.Core; kind=definition; axioms=[propext, Quot.sound]
info: DefiKernel/VerifyAxioms.lean:11:0: AXIOM AUDIT declaration: DefiKernel.State.ctorIdx; module=DefiKernel.Core; kind=definition; axioms=[propext, Quot.sound]
info: DefiKernel/VerifyAxioms.lean:11:0: AXIOM AUDIT declaration: DefiKernel.State.noConfusion; module=DefiKernel.Core; kind=definition; axioms=[propext,
 Quot.sound]
info: DefiKernel/VerifyAxioms.lean:11:0: AXIOM AUDIT declaration: DefiKernel.State.noConfusionType; module=DefiKernel.Core; kind=definition; axioms=[propext,
 Quot.sound]
info: DefiKernel/VerifyAxioms.lean:11:0: AXIOM AUDIT declaration: DefiKernel.State.recOn; module=DefiKernel.Core; kind=definition; axioms=[propext, Quot.sound]
info: DefiKernel/VerifyAxioms.lean:11:0: AXIOM AUDIT declaration: DefiKernel.Transition._sizeOf_1; module=DefiKernel.Core; kind=definition; axioms=[propext,
 Quot.sound]
info: DefiKernel/VerifyAxioms.lean:11:0: AXIOM AUDIT declaration: DefiKernel.Transition._sizeOf_inst; module=DefiKernel.Core; kind=definition; axioms=[propext,
 Quot.sound]
info: DefiKernel/VerifyAxioms.lean:11:0: AXIOM AUDIT declaration: DefiKernel.Transition.actor; module=DefiKernel.Core; kind=definition; axioms=[propext,
 Quot.sound]
info: DefiKernel/VerifyAxioms.lean:11:0: AXIOM AUDIT declaration: DefiKernel.Transition.casesOn; module=DefiKernel.Core; kind=definition; axioms=[propext,
 Quot.sound]
info: DefiKernel/VerifyAxioms.lean:11:0: AXIOM AUDIT declaration: DefiKernel.Transition.ctorIdx; module=DefiKernel.Core; kind=definition; axioms=[propext,
 Quot.sound]
info: DefiKernel/VerifyAxioms.lean:11:0: AXIOM AUDIT declaration: DefiKernel.Transition.effect; module=DefiKernel.Core; kind=definition; axioms=[propext,
 Quot.sound]
info: DefiKernel/VerifyAxioms.lean:11:0: AXIOM AUDIT declaration: DefiKernel.Transition.guard; module=DefiKernel.Core; kind=definition; axioms=[propext,
 Quot.sound]
info: DefiKernel/VerifyAxioms.lean:11:0: AXIOM AUDIT declaration: DefiKernel.Transition.noConfusion; module=DefiKernel.Core; kind=definition; axioms=[propext,
 Quot.sound]
info: DefiKernel/VerifyAxioms.lean:11:0: AXIOM AUDIT declaration: DefiKernel.Transition.noConfusionType; module=DefiKernel.Core; kind=definition; axioms=[propext,
 Quot.sound]
info: DefiKernel/VerifyAxioms.lean:11:0: AXIOM AUDIT declaration: DefiKernel.Transition.recOn; module=DefiKernel.Core; kind=definition; axioms=[propext,
 Quot.sound]
info: DefiKernel/VerifyAxioms.lean:11:0: AXIOM AUDIT declaration: DefiKernel.Transition.supplyChange; module=DefiKernel.Core; kind=definition; axioms=[propext,
 Quot.sound]
info: DefiKernel/VerifyAxioms.lean:11:0: AXIOM AUDIT declaration: DefiKernel.Transition.writes; module=DefiKernel.Core; kind=definition; axioms=[propext,
 Quot.sound]
info: DefiKernel/VerifyAxioms.lean:11:0: AXIOM AUDIT declaration: DefiKernel.execute.match_1; module=DefiKernel.Core; kind=definition; axioms=[]
info: DefiKernel/VerifyAxioms.lean:11:0: AXIOM AUDIT declaration: DefiKernel.instDecidableAccounted._aux_1; module=DefiKernel.Core; kind=definition; axioms=[propext,
 Classical.choice,
 Quot.sound]
info: DefiKernel/VerifyAxioms.lean:11:0: AXIOM AUDIT declaration: DefiKernel.instDecidableDebitAuthorized._aux_1; module=DefiKernel.Core; kind=definition; axioms=[propext,
 Classical.choice,
 Quot.sound]
info: DefiKernel/VerifyAxioms.lean:11:0: AXIOM AUDIT declaration: DefiKernel.instDecidableLocal._aux_1; module=DefiKernel.Core; kind=definition; axioms=[propext,
 Classical.choice,
 Quot.sound]
info: DefiKernel/VerifyAxioms.lean:11:0: AXIOM AUDIT declaration: DefiKernel.instDecidableNonnegativeUpdate._aux_1; module=DefiKernel.Core; kind=definition; axioms=[propext,
 Classical.choice,
 Quot.sound]
info: DefiKernel/VerifyAxioms.lean:11:0: AXIOM AUDIT declaration: DefiKernel.instDecidableSupplyAuthorized._aux_1; module=DefiKernel.Core; kind=definition; axioms=[propext,
 Classical.choice,
 Quot.sound]
info: DefiKernel/VerifyAxioms.lean:11:0: AXIOM AUDIT declaration: DefiKernel.instReprAccount.repr; module=DefiKernel.Core; kind=definition; axioms=[]
info: DefiKernel/VerifyAxioms.lean:11:0: AXIOM AUDIT declaration: DefiKernel.instReprAsset.repr; module=DefiKernel.Core; kind=definition; axioms=[]
info: DefiKernel/VerifyAxioms.lean:11:0: AXIOM AUDIT declaration: DefiKernel.instReprRefusal.repr; module=DefiKernel.Core; kind=definition; axioms=[]
info: DefiKernel/VerifyAxioms.lean:11:0: AXIOM AUDIT declaration: _private.DefiKernel.Audit.0.DefiKernel.Audit.oracleCase; module=DefiKernel.Audit; kind=definition; axioms=[propext,
 Classical.choice,
 Quot.sound]
info: DefiKernel/VerifyAxioms.lean:11:0: AXIOM AUDIT declaration: _private.DefiKernel.Audit.0.DefiKernel.Audit.unitCase; module=DefiKernel.Audit; kind=definition; axioms=[propext,
 Classical.choice,
 Quot.sound]
info: DefiKernel/VerifyAxioms.lean:11:0: AXIOM AUDIT declaration: DefiKernel.Account.alice.elim; module=DefiKernel.Core; kind=definition; axioms=[]
info: DefiKernel/VerifyAxioms.lean:11:0: AXIOM AUDIT declaration: DefiKernel.Account.bob.elim; module=DefiKernel.Core; kind=definition; axioms=[]
info: DefiKernel/VerifyAxioms.lean:11:0: AXIOM AUDIT declaration: DefiKernel.Account.pool.elim; module=DefiKernel.Core; kind=definition; axioms=[]
info: DefiKernel/VerifyAxioms.lean:11:0: AXIOM AUDIT declaration: DefiKernel.Account.vault.elim; module=DefiKernel.Core; kind=definition; axioms=[]
info: DefiKernel/VerifyAxioms.lean:11:0: AXIOM AUDIT declaration: DefiKernel.Asset.collateral.elim; module=DefiKernel.Core; kind=definition; axioms=[]
info: DefiKernel/VerifyAxioms.lean:11:0: AXIOM AUDIT declaration: DefiKernel.Asset.debt.elim; module=DefiKernel.Core; kind=definition; axioms=[]
info: DefiKernel/VerifyAxioms.lean:11:0: AXIOM AUDIT declaration: DefiKernel.Asset.share.elim; module=DefiKernel.Core; kind=definition; axioms=[]
info: DefiKernel/VerifyAxioms.lean:11:0: AXIOM AUDIT declaration: DefiKernel.Asset.usd.elim; module=DefiKernel.Core; kind=definition; axioms=[]
info: DefiKernel/VerifyAxioms.lean:11:0: AXIOM AUDIT declaration: DefiKernel.AxiomAudit.«_aux_DefiKernel_AxiomAudit___elabRules_DefiKernel_AxiomAudit_command#audit_axioms__1».match_1; module=DefiKernel.AxiomAudit; kind=definition; axioms=[]
info: DefiKernel/VerifyAxioms.lean:11:0: AXIOM AUDIT declaration: DefiKernel.AxiomAudit.«_aux_DefiKernel_AxiomAudit___elabRules_DefiKernel_AxiomAudit_command#audit_axioms__1».match_3; module=DefiKernel.AxiomAudit; kind=definition; axioms=[]
info: DefiKernel/VerifyAxioms.lean:11:0: AXIOM AUDIT declaration: DefiKernel.AxiomAudit.importedSupplemental._sparseCasesOn_1; module=DefiKernel.AxiomAudit; kind=definition; axioms=[propext]
info: DefiKernel/VerifyAxioms.lean:11:0: AXIOM AUDIT declaration: DefiKernel.AxiomAudit.importedSupplemental.match_1; module=DefiKernel.AxiomAudit; kind=definition; axioms=[propext]
info: DefiKernel/VerifyAxioms.lean:11:0: AXIOM AUDIT declaration: DefiKernel.AxiomAudit.importedTheorems._sparseCasesOn_3; module=DefiKernel.AxiomAudit; kind=definition; axioms=[propext]
info: DefiKernel/VerifyAxioms.lean:11:0: AXIOM AUDIT declaration: DefiKernel.AxiomAudit.importedTheorems.match_1; module=DefiKernel.AxiomAudit; kind=definition; axioms=[]
info: DefiKernel/VerifyAxioms.lean:11:0: AXIOM AUDIT declaration: DefiKernel.AxiomAudit.importedTheorems.match_3; module=DefiKernel.AxiomAudit; kind=definition; axioms=[propext]
info: DefiKernel/VerifyAxioms.lean:11:0: AXIOM AUDIT declaration: DefiKernel.ContractExamples.instDecidableBorrowConditions._aux_1; module=DefiKernel.ContractExamples; kind=definition; axioms=[propext,
 Classical.choice,
 Quot.sound]
info: DefiKernel/VerifyAxioms.lean:11:0: AXIOM AUDIT declaration: DefiKernel.ContractExamples.instDecidableShape._aux_1; module=DefiKernel.ContractExamples; kind=definition; axioms=[propext,
 Classical.choice,
 Quot.sound]
info: DefiKernel/VerifyAxioms.lean:11:0: AXIOM AUDIT declaration: DefiKernel.Contracts.Contract._sizeOf_1; module=DefiKernel.Contracts; kind=definition; axioms=[propext,
 Quot.sound]
info: DefiKernel/VerifyAxioms.lean:11:0: AXIOM AUDIT declaration: DefiKernel.Contracts.Contract._sizeOf_inst; module=DefiKernel.Contracts; kind=definition; axioms=[propext,
 Quot.sound]
info: DefiKernel/VerifyAxioms.lean:11:0: AXIOM AUDIT declaration: DefiKernel.Contracts.Contract.accepts; module=DefiKernel.Contracts; kind=definition; axioms=[propext,
 Quot.sound]
info: DefiKernel/VerifyAxioms.lean:11:0: AXIOM AUDIT declaration: DefiKernel.Contracts.Contract.casesOn; module=DefiKernel.Contracts; kind=definition; axioms=[propext,
 Quot.sound]
info: DefiKernel/VerifyAxioms.lean:11:0: AXIOM AUDIT declaration: DefiKernel.Contracts.Contract.ctorIdx; module=DefiKernel.Contracts; kind=definition; axioms=[propext,
 Quot.sound]
info: DefiKernel/VerifyAxioms.lean:11:0: AXIOM AUDIT declaration: DefiKernel.Contracts.Contract.noConfusion; module=DefiKernel.Contracts; kind=definition; axioms=[propext,
 Quot.sound]
info: DefiKernel/VerifyAxioms.lean:11:0: AXIOM AUDIT declaration: DefiKernel.Contracts.Contract.noConfusionType; module=DefiKernel.Contracts; kind=definition; axioms=[propext,
 Quot.sound]
info: DefiKernel/VerifyAxioms.lean:11:0: AXIOM AUDIT declaration: DefiKernel.Contracts.Contract.recOn; module=DefiKernel.Contracts; kind=definition; axioms=[propext,
 Quot.sound]
info: DefiKernel/VerifyAxioms.lean:11:0: AXIOM AUDIT declaration: DefiKernel.Contracts.Failure._sizeOf_1; module=DefiKernel.Contracts; kind=definition; axioms=[]
info: DefiKernel/VerifyAxioms.lean:11:0: AXIOM AUDIT declaration: DefiKernel.Contracts.Failure._sizeOf_inst; module=DefiKernel.Contracts; kind=definition; axioms=[]
info: DefiKernel/VerifyAxioms.lean:11:0: AXIOM AUDIT declaration: DefiKernel.Contracts.Failure.casesOn; module=DefiKernel.Contracts; kind=definition; axioms=[]
info: DefiKernel/VerifyAxioms.lean:11:0: AXIOM AUDIT declaration: DefiKernel.Contracts.Failure.ctorElim; module=DefiKernel.Contracts; kind=definition; axioms=[]
info: DefiKernel/VerifyAxioms.lean:11:0: AXIOM AUDIT declaration: DefiKernel.Contracts.Failure.ctorElimType; module=DefiKernel.Contracts; kind=definition; axioms=[]
info: DefiKernel/VerifyAxioms.lean:11:0: AXIOM AUDIT declaration: DefiKernel.Contracts.Failure.ctorIdx; module=DefiKernel.Contracts; kind=definition; axioms=[]
info: DefiKernel/VerifyAxioms.lean:11:0: AXIOM AUDIT declaration: DefiKernel.Contracts.Failure.noConfusion; module=DefiKernel.Contracts; kind=definition; axioms=[]
info: DefiKernel/VerifyAxioms.lean:11:0: AXIOM AUDIT declaration: DefiKernel.Contracts.Failure.noConfusionType; module=DefiKernel.Contracts; kind=definition; axioms=[]
info: DefiKernel/VerifyAxioms.lean:11:0: AXIOM AUDIT declaration: DefiKernel.Contracts.Failure.recOn; module=DefiKernel.Contracts; kind=definition; axioms=[]
info: DefiKernel/VerifyAxioms.lean:11:0: AXIOM AUDIT declaration: DefiKernel.Contracts.instDecidableEqFailure.decEq; module=DefiKernel.Contracts; kind=definition; axioms=[]
info: DefiKernel/VerifyAxioms.lean:11:0: AXIOM AUDIT declaration: DefiKernel.Contracts.instReprFailure.repr; module=DefiKernel.Contracts; kind=definition; axioms=[]
info: DefiKernel/VerifyAxioms.lean:11:0: AXIOM AUDIT declaration: DefiKernel.Contracts.liftBase.match_1; module=DefiKernel.Contracts; kind=definition; axioms=[propext,
 Quot.sound]
info: DefiKernel/VerifyAxioms.lean:11:0: AXIOM AUDIT declaration: DefiKernel.Examples.Oracle._sizeOf_1; module=DefiKernel.Examples; kind=definition; axioms=[]
info: DefiKernel/VerifyAxioms.lean:11:0: AXIOM AUDIT declaration: DefiKernel.Examples.Oracle._sizeOf_inst; module=DefiKernel.Examples; kind=definition; axioms=[]
info: DefiKernel/VerifyAxioms.lean:11:0: AXIOM AUDIT declaration: DefiKernel.Examples.Oracle.casesOn; module=DefiKernel.Examples; kind=definition; axioms=[]
info: DefiKernel/VerifyAxioms.lean:11:0: AXIOM AUDIT declaration: DefiKernel.Examples.Oracle.ctorIdx; module=DefiKernel.Examples; kind=definition; axioms=[]
info: DefiKernel/VerifyAxioms.lean:11:0: AXIOM AUDIT declaration: DefiKernel.Examples.Oracle.feed; module=DefiKernel.Examples; kind=definition; axioms=[]
info: DefiKernel/VerifyAxioms.lean:11:0: AXIOM AUDIT declaration: DefiKernel.Examples.Oracle.noConfusion; module=DefiKernel.Examples; kind=definition; axioms=[]
info: DefiKernel/VerifyAxioms.lean:11:0: AXIOM AUDIT declaration: DefiKernel.Examples.Oracle.noConfusionType; module=DefiKernel.Examples; kind=definition; axioms=[]
info: DefiKernel/VerifyAxioms.lean:11:0: AXIOM AUDIT declaration: DefiKernel.Examples.Oracle.now; module=DefiKernel.Examples; kind=definition; axioms=[]
info: DefiKernel/VerifyAxioms.lean:11:0: AXIOM AUDIT declaration: DefiKernel.Examples.Oracle.observedAt; module=DefiKernel.Examples; kind=definition; axioms=[]
info: DefiKernel/VerifyAxioms.lean:11:0: AXIOM AUDIT declaration: DefiKernel.Examples.Oracle.price; module=DefiKernel.Examples; kind=definition; axioms=[]
info: DefiKernel/VerifyAxioms.lean:11:0: AXIOM AUDIT declaration: DefiKernel.Examples.Oracle.recOn; module=DefiKernel.Examples; kind=definition; axioms=[]
info: DefiKernel/VerifyAxioms.lean:11:0: AXIOM AUDIT declaration: DefiKernel.Examples.initial._sparseCasesOn_1; module=DefiKernel.Examples; kind=definition; axioms=[propext]
info: DefiKernel/VerifyAxioms.lean:11:0: AXIOM AUDIT declaration: DefiKernel.Examples.initial._sparseCasesOn_2; module=DefiKernel.Examples; kind=definition; axioms=[propext]
info: DefiKernel/VerifyAxioms.lean:11:0: AXIOM AUDIT declaration: DefiKernel.Examples.initial.match_1; module=DefiKernel.Examples; kind=definition; axioms=[propext]
info: DefiKernel/VerifyAxioms.lean:11:0: AXIOM AUDIT declaration: DefiKernel.Examples.instReprOracle.repr; module=DefiKernel.Examples; kind=definition; axioms=[propext]
info: DefiKernel/VerifyAxioms.lean:11:0: AXIOM AUDIT declaration: DefiKernel.Policy.mk._flat_ctor; module=DefiKernel.Core; kind=definition; axioms=[]
info: DefiKernel/VerifyAxioms.lean:11:0: AXIOM AUDIT declaration: DefiKernel.Policy.mk.noConfusion; module=DefiKernel.Core; kind=definition; axioms=[]
info: DefiKernel/VerifyAxioms.lean:11:0: AXIOM AUDIT declaration: DefiKernel.Quantity.mk._flat_ctor; module=DefiKernel.Core; kind=definition; axioms=[propext,
 Quot.sound]
info: DefiKernel/VerifyAxioms.lean:11:0: AXIOM AUDIT declaration: DefiKernel.Quantity.mk.noConfusion; module=DefiKernel.Core; kind=definition; axioms=[propext,
 Quot.sound]
info: DefiKernel/VerifyAxioms.lean:11:0: AXIOM AUDIT declaration: DefiKernel.Refusal.accounting.elim; module=DefiKernel.Core; kind=definition; axioms=[]
info: DefiKernel/VerifyAxioms.lean:11:0: AXIOM AUDIT declaration: DefiKernel.Refusal.footprint.elim; module=DefiKernel.Core; kind=definition; axioms=[]
info: DefiKernel/VerifyAxioms.lean:11:0: AXIOM AUDIT declaration: DefiKernel.Refusal.guard.elim; module=DefiKernel.Core; kind=definition; axioms=[]
info: DefiKernel/VerifyAxioms.lean:11:0: AXIOM AUDIT declaration: DefiKernel.Refusal.insufficientFunds.elim; module=DefiKernel.Core; kind=definition; axioms=[]
info: DefiKernel/VerifyAxioms.lean:11:0: AXIOM AUDIT declaration: DefiKernel.Refusal.unauthorizedDebit.elim; module=DefiKernel.Core; kind=definition; axioms=[]
info: DefiKernel/VerifyAxioms.lean:11:0: AXIOM AUDIT declaration: DefiKernel.Refusal.unauthorizedSupply.elim; module=DefiKernel.Core; kind=definition; axioms=[]
info: DefiKernel/VerifyAxioms.lean:11:0: AXIOM AUDIT declaration: DefiKernel.State.mk._flat_ctor; module=DefiKernel.Core; kind=definition; axioms=[propext,
 Quot.sound]
info: DefiKernel/VerifyAxioms.lean:11:0: AXIOM AUDIT declaration: DefiKernel.State.mk.noConfusion; module=DefiKernel.Core; kind=definition; axioms=[propext,
 Quot.sound]
info: DefiKernel/VerifyAxioms.lean:11:0: AXIOM AUDIT declaration: DefiKernel.Transition.mk._flat_ctor; module=DefiKernel.Core; kind=definition; axioms=[propext,
 Quot.sound]
info: DefiKernel/VerifyAxioms.lean:11:0: AXIOM AUDIT declaration: DefiKernel.Transition.mk.noConfusion; module=DefiKernel.Core; kind=definition; axioms=[propext,
 Quot.sound]
info: DefiKernel/VerifyAxioms.lean:11:0: AXIOM AUDIT declaration: DefiKernel.instReprAccount.repr.match_1; module=DefiKernel.Core; kind=definition; axioms=[]
info: DefiKernel/VerifyAxioms.lean:11:0: AXIOM AUDIT declaration: DefiKernel.instReprAsset.repr.match_1; module=DefiKernel.Core; kind=definition; axioms=[]
info: DefiKernel/VerifyAxioms.lean:11:0: AXIOM AUDIT declaration: DefiKernel.instReprRefusal.repr.match_1; module=DefiKernel.Core; kind=definition; axioms=[]
info: DefiKernel/VerifyAxioms.lean:11:0: AXIOM AUDIT declaration: _private.DefiKernel.Core.0.DefiKernel.execute.match_1.splitter; module=DefiKernel.Core; kind=definition; axioms=[]
info: DefiKernel/VerifyAxioms.lean:11:0: AXIOM AUDIT declaration: DefiKernel.Contracts.Contract.mk._flat_ctor; module=DefiKernel.Contracts; kind=definition; axioms=[propext,
 Quot.sound]
info: DefiKernel/VerifyAxioms.lean:11:0: AXIOM AUDIT declaration: DefiKernel.Contracts.Contract.mk.noConfusion; module=DefiKernel.Contracts; kind=definition; axioms=[propext,
 Quot.sound]
info: DefiKernel/VerifyAxioms.lean:11:0: AXIOM AUDIT declaration: DefiKernel.Contracts.Failure.base.elim; module=DefiKernel.Contracts; kind=definition; axioms=[]
info: DefiKernel/VerifyAxioms.lean:11:0: AXIOM AUDIT declaration: DefiKernel.Contracts.Failure.base.noConfusion; module=DefiKernel.Contracts; kind=definition; axioms=[]
info: DefiKernel/VerifyAxioms.lean:11:0: AXIOM AUDIT declaration: DefiKernel.Contracts.Failure.contract.elim; module=DefiKernel.Contracts; kind=definition; axioms=[]
info: DefiKernel/VerifyAxioms.lean:11:0: AXIOM AUDIT declaration: DefiKernel.Contracts.instDecidableEqFailure.decEq.match_1; module=DefiKernel.Contracts; kind=definition; axioms=[]
info: DefiKernel/VerifyAxioms.lean:11:0: AXIOM AUDIT declaration: DefiKernel.Contracts.instReprFailure.repr.match_1; module=DefiKernel.Contracts; kind=definition; axioms=[]
info: DefiKernel/VerifyAxioms.lean:11:0: AXIOM AUDIT declaration: DefiKernel.Examples.Oracle.mk._flat_ctor; module=DefiKernel.Examples; kind=definition; axioms=[]
info: DefiKernel/VerifyAxioms.lean:11:0: AXIOM AUDIT declaration: DefiKernel.Examples.Oracle.mk.noConfusion; module=DefiKernel.Examples; kind=definition; axioms=[]
info: DefiKernel/VerifyAxioms.lean:11:0: AXIOM AUDIT declaration: _private.DefiKernel.Contracts.0.DefiKernel.Contracts.liftBase.match_1.splitter; module=DefiKernel.Contracts; kind=definition; axioms=[propext,
 Quot.sound]
info: DefiKernel/VerifyAxioms.lean:11:0: AXIOM AUDIT DECLARATIONS PASSED: 234/234 supplemental declarations; forbidden=0
info: DefiKernel/VerifyAxioms.lean:11:0: AXIOM AUDIT PASSED: 278/278 theorems; forbidden=0
ℹ [995/1005] Replayed DefiKernel.Typed.ExprTests
info: DefiKernel/Typed/ExprTests.lean:146:0: expr_exact_price_conversion: true
expr_explicit_debt_valuation: true
expr_inverse_price_conversion: true
expr_exact_fractional_conversion: true
expr_same_unit_addition: true
expr_scalar_scaling: true
expr_signed_negation: true
expr_safe_scalar_division: true
expr_zero_scalar_division_refused: true
expr_safe_ratio: true
expr_zero_ratio_refused: true
expr_zero_inverse_price_refused: true
expr_missing_observation_refused: true
expr_wrong_observation_unit_refused: true
expr_tracked_freshness: true
expr_stale_observation: true
expr_missing_timestamp_refused: true
expr_fresh_time_tracked: true
expr_timestamp_observation_tracked: true
expr_inactive_environment_branch_tracked: true
expr_inactive_state_branch_tracked: true
expr_inactive_missing_branch_not_evaluated: true
expr_boolean_and_is_eager: true
expr_boolean_or_is_eager: true
expr_successful_party_lookup: true
expr_failed_party_lookup_refused: true
expr_concrete_read_resolution: true
expr_footprint_party_lookup_refused: true
expr_checked_argument: true
expr_wrong_argument_unit_refused: true
expr_missing_argument_refused: true
expr_excess_argument_refused: true
expr_unrelated_balance_change: true
expr_read_change_observed: true
info: DefiKernel/Typed/ExprTests.lean:177:2: Application type mismatch: The argument
  Expr.lit 1
has type
  Expr Bool TestAsset Bool [] (Unit.amount TestAsset.debt)
but is expected to have type
  Expr Bool TestAsset Bool [] (NumericUnit.amount TestAsset.usd).toUnit
in the application
  Expr.binary (BinaryOp.add (NumericUnit.amount TestAsset.usd)) ledgerRead (Expr.lit 1)
info: DefiKernel/Typed/ExprTests.lean:176:0: Expr.binary (BinaryOp.add (NumericUnit.amount TestAsset.usd)) ledgerRead
  sorry : Expr Bool TestAsset Bool [] (Unit.amount TestAsset.usd)
info: DefiKernel/Typed/ExprTests.lean:181:2: Application type mismatch: The argument
  Expr.lit 2
has type
  Expr Bool TestAsset Bool [] (Unit.price TestAsset.usd TestAsset.collateral)
but is expected to have type
  Expr Bool TestAsset Bool [] (Unit.price TestAsset.collateral TestAsset.usd)
in the application
  Expr.binary (BinaryOp.convert TestAsset.collateral TestAsset.usd) (Expr.lit 1) (Expr.lit 2)
info: DefiKernel/Typed/ExprTests.lean:179:0: Expr.binary (BinaryOp.convert TestAsset.collateral TestAsset.usd) (Expr.lit 1)
  sorry : Expr Bool TestAsset Bool [] (Unit.amount TestAsset.usd)
info: DefiKernel/Typed/ExprTests.lean:183:28: Application type mismatch: The argument
  BinaryOp.scale (NumericUnit.amount TestAsset.debt)
has type
  BinaryOp TestAsset Unit.scalar (NumericUnit.amount TestAsset.debt).toUnit (NumericUnit.amount TestAsset.debt).toUnit
but is expected to have type
  BinaryOp TestAsset ?m.16 (Unit.amount TestAsset.debt) (Unit.amount TestAsset.usd)
in the application
  Expr.binary (BinaryOp.scale (NumericUnit.amount TestAsset.debt))
ℹ [997/1005] Replayed DefiKernel.Typed.AuthorityTests
info: DefiKernel/Typed/AuthorityTests.lean:121:0: [("authority_issue_succeeds_with_id_zero", true), ("authority_unauthorized_issuer", true),
  ("authority_issuer_wrong_authenticated_domain", true), ("authority_unknown_operation_grant", true),
  ("authority_foreign_operation_grant", true), ("authority_foreign_debit_resource_grant", true),
  ("authority_foreign_supply_resource_grant", true), ("authority_invoke_live_holder", true),
  ("authority_debit_live_holder", true), ("authority_supply_live_holder", true), ("authority_wrong_holder", true),
  ("authority_wrong_authenticated_domain", true), ("authority_unknown_capability", true),
  ("authority_empty_capability_request", true), ("authority_wrong_operation", true),
  ("authority_wrong_debit_owner", true), ("authority_wrong_debit_asset", true), ("authority_wrong_supply_asset", true),
  ("authority_right_kind_mismatch", true), ("authority_duplicates_preserve_success", true),
  ("authority_duplicates_add_no_right", true), ("authority_unauthorized_revoker", true),
  ("authority_revoker_wrong_authenticated_domain", true), ("authority_unknown_revocation", true),
  ("authority_same_request_before_revoke", true), ("authority_revoke_accepted", true),
  ("authority_same_request_after_revoke", true), ("authority_revoke_keeps_invoke_sibling", true),
  ("authority_revoke_keeps_supply_sibling", true), ("authority_revoke_is_idempotent", true),
  ("authority_reissue_receives_fresh_id_three", true), ("authority_reissued_right_usable_by_new_id", true),
  ("authority_old_revoked_id_remains_unusable", true), ("authority_foreign_grant_positive_sibling", true),
  ("authority_foreign_grant_cannot_authorize_local_context", true),
  ("authority_other_operation_positive_sibling", true), ("authority_other_operation_cannot_authorize_original", true)]
info: DefiKernel/Typed/AuthorityTests.lean:122:0: 37
⚠ [998/1005] Built DefiKernel.Typed.Transition (7.9s)
warning: DefiKernel/Typed/Transition.lean:239:20: `simp_all [throw, throwThe]` is a flexible tactic modifying `⊢`. Try `simp_all?` and use the suggested `simp_all only [...]`. Alternatively, use `suffices` to explicitly state the simplified form.

Note: This linter can be disabled with `set_option linter.flexible false`
info: DefiKernel/Typed/Transition.lean:239:20: Try this:
  [apply] simp_all only [or_false, Prod.forall, true_and]
info: DefiKernel/Typed/Transition.lean:244:6: `rename_i args`
modifies the current goal, which was modified by the flexible tactic `simp_all` on line 239!
warning: DefiKernel/Typed/Transition.lean:239:20: `simp_all [throw, throwThe]` is a flexible tactic modifying `⊢`. Try `simp_all?` and use the suggested `simp_all only [...]`. Alternatively, use `suffices` to explicitly state the simplified form.

Note: This linter can be disabled with `set_option linter.flexible false`
info: DefiKernel/Typed/Transition.lean:239:20: Try this:
  [apply] simp_all only [Option.some.injEq, false_or, Prod.forall]
info: DefiKernel/Typed/Transition.lean:244:6: `rename_i args`
modifies the current goal, which was modified by the flexible tactic `simp_all` on line 239!
⚠ [999/1005] Built DefiKernel.Typed.TransitionTests (1.4s)
warning: DefiKernel/Typed/TransitionTests.lean:160:100: This line exceeds the 100 character limit, please shorten it!

Note: This linter can be disabled with `set_option linter.style.longLine false`
warning: DefiKernel/Typed/TransitionTests.lean:170:100: This line exceeds the 100 character limit, please shorten it!

Note: This linter can be disabled with `set_option linter.style.longLine false`
info: DefiKernel/Typed/TransitionTests.lean:252:0: transition_transfer_exact: true
transition_issue_all_rights: true
transition_unknown_operation: true
transition_claimed_actor_ok: true
transition_claimed_actor_wrong: true
transition_wrong_cap_holder: true
transition_context_domain: true
transition_party_arity: true
transition_argument_count: true
transition_invoke_required: true
transition_guard_false: true
transition_guard_read_ok: true
transition_guard_read_missing: true
transition_effect_read_ok: true
transition_effect_read_missing: true
transition_inactive_read_ok: true
transition_inactive_read_missing: true
transition_supply_read_ok: true
transition_supply_only_read_ok: true
transition_supply_only_read_missing: true
transition_observed_ok: true
transition_env_read_missing: true
transition_observation_missing: true
transition_foreign_state_read: true
transition_foreign_effect: true
transition_debit_required: true
transition_revoked_debit: true
transition_mint_ok: true
transition_supply_required: true
transition_insufficient_funds: true
transition_unbalanced: true
transition_mismatched_supply: true
transition_wrong_asset_accounting: true
transition_missing_write: true
transition_repeated_effects_sum: true
transition_repeated_supply_sum: true
transition_duplicate_cap_ids: true
transition_positive_provisioning: true
transition_revoked_tombstone_exact: true
transition_clock_read_ok: true
transition_now_read_missing: true
transition_timestamp_read_missing: true
transition_foreign_supply: true
transition_foreign_observation_ok: true
transition_foreign_netzero_ok: true
transition_false_guard_failing_effect_precedence: true
transition_underfunded_unbalanced_precedence: true
transition_false_guard_missing_read_precedence: true
✔ [1000/1005] Built DefiKernel.Typed.Examples (1.8s)
ℹ [1001/1005] Built DefiKernel.Typed.Acceptance (2.5s)
info: DefiKernel/Typed/Acceptance.lean:258:0: reference_initial_all_cells: true
reference_provisioned_twelve_grants: true
reference_transfer_full_post: true
reference_deposit_full_post: true
reference_withdraw_full_post: true
reference_borrow_full_post: true
reference_collateral_boundary_accept: true
reference_fractional_deposit: true
reference_zero_transfer: true
reference_self_transfer: true
reference_zero_deposit: true
reference_zero_withdraw: true
reference_zero_borrow: true
reference_negative_transfer: true
reference_negative_deposit: true
reference_negative_withdraw: true
reference_negative_borrow: true
reference_transfer_capabilities_preserved: true
reference_deposit_capabilities_preserved: true
reference_withdraw_capabilities_preserved: true
reference_borrow_capabilities_preserved: true
reference_unknown_operation: true
reference_wrong_holder: true
reference_claimed_actor_mismatch: true
reference_claimed_actor_correct: true
reference_wrong_domain: true
reference_wrong_operation_capabilities: true
reference_unknown_capability: true
reference_missing_debit: true
reference_missing_share_supply: true
reference_missing_debt_supply: true
reference_duplicate_capabilities: true
reference_revoked_invocation: true
reference_live_repeat_same_request: true
reference_issue_use_revoke_same_request: true
reference_resource_revoked_same_request: true
reference_unrelated_revocation: true
reference_revocation_tombstone: true
reference_reissue_fresh_id: true
reference_reissued_new_id_works: true
reference_old_id_stays_revoked: true
reference_unauthorized_issue: true
reference_unauthorized_revoke: true
reference_oracle_age_boundary_accept: true
reference_oracle_stale: true
reference_oracle_zero: true
reference_oracle_negative: true
reference_oracle_positive_zero_exposure: true
reference_oracle_zero_independent: true
reference_oracle_negative_independent: true
reference_oracle_future: true
reference_oracle_wrong_feed: true
reference_oracle_missing: true
reference_oracle_wrong_dimension: true
reference_collateral_exceeded: true
reference_transfer_insufficient: true
reference_deposit_insufficient: true
reference_withdraw_insufficient: true
reference_pool_illiquid: true
reference_wrong_argument_dimension: true
reference_missing_argument: true
reference_missing_party: true
reference_missing_write: true
reference_missing_guard_state_read: true
reference_missing_guard_env_read: true
reference_declared_effect_read: true
reference_missing_effect_read: true
reference_unbalanced: true
reference_wrong_asset_accounting: true
reference_zero_divisor: true
ℹ [1002/1005] Built DefiKernel.Typed.Audit (890ms)
info: DefiKernel/Typed/Audit.lean:14:0: expr_exact_price_conversion: true
expr_explicit_debt_valuation: true
expr_inverse_price_conversion: true
expr_exact_fractional_conversion: true
expr_same_unit_addition: true
expr_scalar_scaling: true
expr_signed_negation: true
expr_safe_scalar_division: true
expr_zero_scalar_division_refused: true
expr_safe_ratio: true
expr_zero_ratio_refused: true
expr_zero_inverse_price_refused: true
expr_missing_observation_refused: true
expr_wrong_observation_unit_refused: true
expr_tracked_freshness: true
expr_stale_observation: true
expr_missing_timestamp_refused: true
expr_fresh_time_tracked: true
expr_timestamp_observation_tracked: true
expr_inactive_environment_branch_tracked: true
expr_inactive_state_branch_tracked: true
expr_inactive_missing_branch_not_evaluated: true
expr_boolean_and_is_eager: true
expr_boolean_or_is_eager: true
expr_successful_party_lookup: true
expr_failed_party_lookup_refused: true
expr_concrete_read_resolution: true
expr_footprint_party_lookup_refused: true
expr_checked_argument: true
expr_wrong_argument_unit_refused: true
expr_missing_argument_refused: true
expr_excess_argument_refused: true
expr_unrelated_balance_change: true
expr_read_change_observed: true
authority_issue_succeeds_with_id_zero: true
authority_unauthorized_issuer: true
authority_issuer_wrong_authenticated_domain: true
authority_unknown_operation_grant: true
authority_foreign_operation_grant: true
authority_foreign_debit_resource_grant: true
authority_foreign_supply_resource_grant: true
authority_invoke_live_holder: true
authority_debit_live_holder: true
authority_supply_live_holder: true
authority_wrong_holder: true
authority_wrong_authenticated_domain: true
authority_unknown_capability: true
authority_empty_capability_request: true
authority_wrong_operation: true
authority_wrong_debit_owner: true
authority_wrong_debit_asset: true
authority_wrong_supply_asset: true
authority_right_kind_mismatch: true
authority_duplicates_preserve_success: true
authority_duplicates_add_no_right: true
authority_unauthorized_revoker: true
authority_revoker_wrong_authenticated_domain: true
authority_unknown_revocation: true
authority_same_request_before_revoke: true
authority_revoke_accepted: true
authority_same_request_after_revoke: true
authority_revoke_keeps_invoke_sibling: true
authority_revoke_keeps_supply_sibling: true
authority_revoke_is_idempotent: true
authority_reissue_receives_fresh_id_three: true
authority_reissued_right_usable_by_new_id: true
authority_old_revoked_id_remains_unusable: true
authority_foreign_grant_positive_sibling: true
authority_foreign_grant_cannot_authorize_local_context: true
authority_other_operation_positive_sibling: true
authority_other_operation_cannot_authorize_original: true
transition_transfer_exact: true
transition_issue_all_rights: true
transition_unknown_operation: true
transition_claimed_actor_ok: true
transition_claimed_actor_wrong: true
transition_wrong_cap_holder: true
transition_context_domain: true
transition_party_arity: true
transition_argument_count: true
transition_invoke_required: true
transition_guard_false: true
transition_guard_read_ok: true
transition_guard_read_missing: true
transition_effect_read_ok: true
transition_effect_read_missing: true
transition_inactive_read_ok: true
transition_inactive_read_missing: true
transition_supply_read_ok: true
transition_supply_only_read_ok: true
transition_supply_only_read_missing: true
transition_observed_ok: true
transition_env_read_missing: true
transition_observation_missing: true
transition_foreign_state_read: true
transition_foreign_effect: true
transition_debit_required: true
transition_revoked_debit: true
transition_mint_ok: true
transition_supply_required: true
transition_insufficient_funds: true
transition_unbalanced: true
transition_mismatched_supply: true
transition_wrong_asset_accounting: true
transition_missing_write: true
transition_repeated_effects_sum: true
transition_repeated_supply_sum: true
transition_duplicate_cap_ids: true
transition_positive_provisioning: true
transition_revoked_tombstone_exact: true
transition_clock_read_ok: true
transition_now_read_missing: true
transition_timestamp_read_missing: true
transition_foreign_supply: true
transition_foreign_observation_ok: true
transition_foreign_netzero_ok: true
transition_false_guard_failing_effect_precedence: true
transition_underfunded_unbalanced_precedence: true
transition_false_guard_missing_read_precedence: true
reference_initial_all_cells: true
reference_provisioned_twelve_grants: true
reference_transfer_full_post: true
reference_deposit_full_post: true
reference_withdraw_full_post: true
reference_borrow_full_post: true
reference_collateral_boundary_accept: true
reference_fractional_deposit: true
reference_zero_transfer: true
reference_self_transfer: true
reference_zero_deposit: true
reference_zero_withdraw: true
reference_zero_borrow: true
reference_negative_transfer: true
reference_negative_deposit: true
reference_negative_withdraw: true
reference_negative_borrow: true
reference_transfer_capabilities_preserved: true
reference_deposit_capabilities_preserved: true
reference_withdraw_capabilities_preserved: true
reference_borrow_capabilities_preserved: true
reference_unknown_operation: true
reference_wrong_holder: true
reference_claimed_actor_mismatch: true
reference_claimed_actor_correct: true
reference_wrong_domain: true
reference_wrong_operation_capabilities: true
reference_unknown_capability: true
reference_missing_debit: true
reference_missing_share_supply: true
reference_missing_debt_supply: true
reference_duplicate_capabilities: true
reference_revoked_invocation: true
reference_live_repeat_same_request: true
reference_issue_use_revoke_same_request: true
reference_resource_revoked_same_request: true
reference_unrelated_revocation: true
reference_revocation_tombstone: true
reference_reissue_fresh_id: true
reference_reissued_new_id_works: true
reference_old_id_stays_revoked: true
reference_unauthorized_issue: true
reference_unauthorized_revoke: true
reference_oracle_age_boundary_accept: true
reference_oracle_stale: true
reference_oracle_zero: true
reference_oracle_negative: true
reference_oracle_positive_zero_exposure: true
reference_oracle_zero_independent: true
reference_oracle_negative_independent: true
reference_oracle_future: true
reference_oracle_wrong_feed: true
reference_oracle_missing: true
reference_oracle_wrong_dimension: true
reference_collateral_exceeded: true
reference_transfer_insufficient: true
reference_deposit_insufficient: true
reference_withdraw_insufficient: true
reference_pool_illiquid: true
reference_wrong_argument_dimension: true
reference_missing_argument: true
reference_missing_party: true
reference_missing_write: true
reference_missing_guard_state_read: true
reference_missing_guard_env_read: true
reference_declared_effect_read: true
reference_missing_effect_read: true
reference_unbalanced: true
reference_wrong_asset_accounting: true
reference_zero_divisor: true
⚠ [1003/1005] Built DefiKernel.Typed.Verify (3.6s)
warning: DefiKernel/Typed/Verify.lean:1:1: * '-/':
Copyright too short!


Note: This linter can be disabled with `set_option linter.style.header false`
info: DefiKernel/Typed/Verify.lean:7:0: AXIOM AUDIT scope: imported module prefix DefiKernel.Typed; modules=[DefiKernel.Typed.Types,
 DefiKernel.Typed.Expr,
 DefiKernel.Typed.ExprTests,
 DefiKernel.Typed.Authority,
 DefiKernel.Typed.AuthorityTests,
 DefiKernel.Typed.Transition,
 DefiKernel.Typed.TransitionTests,
 DefiKernel.Typed.Examples,
 DefiKernel.Typed.Acceptance,
 DefiKernel.Typed.Audit]
info: DefiKernel/Typed/Verify.lean:7:0: AXIOM AUDIT theorem: DefiKernel.Typed.applyEvaluated_accounting; module=DefiKernel.Typed.Transition; axioms=[propext,
 Classical.choice,
 Quot.sound]
info: DefiKernel/Typed/Verify.lean:7:0: AXIOM AUDIT theorem: DefiKernel.Typed.applyEvaluated_debit_authority; module=DefiKernel.Typed.Transition; axioms=[propext,
 Classical.choice,
 Quot.sound]
info: DefiKernel/Typed/Verify.lean:7:0: AXIOM AUDIT theorem: DefiKernel.Typed.applyEvaluated_locality; module=DefiKernel.Typed.Transition; axioms=[propext,
 Classical.choice,
 Quot.sound]
info: DefiKernel/Typed/Verify.lean:7:0: AXIOM AUDIT theorem: DefiKernel.Typed.applyEvaluated_ok_iff; module=DefiKernel.Typed.Transition; axioms=[propext,
 Classical.choice,
 Quot.sound]
info: DefiKernel/Typed/Verify.lean:7:0: AXIOM AUDIT theorem: DefiKernel.Typed.applyEvaluated_supply_authority; module=DefiKernel.Typed.Transition; axioms=[propext,
 Classical.choice,
 Quot.sound]
info: DefiKernel/Typed/Verify.lean:7:0: AXIOM AUDIT theorem: DefiKernel.Typed.authority_checks_pass; module=DefiKernel.Typed.AuthorityTests; axioms=[propext]
info: DefiKernel/Typed/Verify.lean:7:0: AXIOM AUDIT theorem: DefiKernel.Typed.authorizesId_iff; module=DefiKernel.Typed.Authority; axioms=[propext, Quot.sound]
info: DefiKernel/Typed/Verify.lean:7:0: AXIOM AUDIT theorem: DefiKernel.Typed.execute_accounting_and_locality; module=DefiKernel.Typed.Transition; axioms=[propext,
 Classical.choice,
 Quot.sound]
info: DefiKernel/Typed/Verify.lean:7:0: AXIOM AUDIT theorem: DefiKernel.Typed.execute_debit_authority; module=DefiKernel.Typed.Transition; axioms=[propext,
 Classical.choice,
 Quot.sound]
info: DefiKernel/Typed/Verify.lean:7:0: AXIOM AUDIT theorem: DefiKernel.Typed.execute_evaluated; module=DefiKernel.Typed.Transition; axioms=[propext,
 Classical.choice,
 Quot.sound]
info: DefiKernel/Typed/Verify.lean:7:0: AXIOM AUDIT theorem: DefiKernel.Typed.execute_invocation_authority; module=DefiKernel.Typed.Transition; axioms=[propext,
 Classical.choice,
 Quot.sound]
info: DefiKernel/Typed/Verify.lean:7:0: AXIOM AUDIT theorem: DefiKernel.Typed.execute_nonnegative; module=DefiKernel.Typed.Transition; axioms=[propext,
 Classical.choice,
 Quot.sound]
info: DefiKernel/Typed/Verify.lean:7:0: AXIOM AUDIT theorem: DefiKernel.Typed.execute_ok_iff; module=DefiKernel.Typed.Transition; axioms=[propext,
 Classical.choice,
 Quot.sound]
info: DefiKernel/Typed/Verify.lean:7:0: AXIOM AUDIT theorem: DefiKernel.Typed.execute_preserves_capabilities; module=DefiKernel.Typed.Transition; axioms=[propext,
 Classical.choice,
 Quot.sound]
info: DefiKernel/Typed/Verify.lean:7:0: AXIOM AUDIT theorem: DefiKernel.Typed.execute_reads_and_domain; module=DefiKernel.Typed.Transition; axioms=[propext,
 Classical.choice,
 Quot.sound]
info: DefiKernel/Typed/Verify.lean:7:0: AXIOM AUDIT theorem: DefiKernel.Typed.execute_supply_authority; module=DefiKernel.Typed.Transition; axioms=[propext,
 Classical.choice,
 Quot.sound]
info: DefiKernel/Typed/Verify.lean:7:0: AXIOM AUDIT theorem: DefiKernel.Typed.hasAuthority_duplicate; module=DefiKernel.Typed.Authority; axioms=[propext]
info: DefiKernel/Typed/Verify.lean:7:0: AXIOM AUDIT theorem: DefiKernel.Typed.hasAuthority_iff; module=DefiKernel.Typed.Authority; axioms=[propext, Quot.sound]
info: DefiKernel/Typed/Verify.lean:7:0: AXIOM AUDIT theorem: DefiKernel.Typed.issueCapability_admin; module=DefiKernel.Typed.Authority; axioms=[propext]
info: DefiKernel/Typed/Verify.lean:7:0: AXIOM AUDIT theorem: DefiKernel.Typed.issueCapability_fresh; module=DefiKernel.Typed.Authority; axioms=[propext]
info: DefiKernel/Typed/Verify.lean:7:0: AXIOM AUDIT theorem: DefiKernel.Typed.issueCapability_keeps_revoked; module=DefiKernel.Typed.Authority; axioms=[propext,
 Quot.sound]
info: DefiKernel/Typed/Verify.lean:7:0: AXIOM AUDIT theorem: DefiKernel.Typed.issueCapability_ne_existing; module=DefiKernel.Typed.Authority; axioms=[propext]
info: DefiKernel/Typed/Verify.lean:7:0: AXIOM AUDIT theorem: DefiKernel.Typed.issueCapability_ok_iff; module=DefiKernel.Typed.Authority; axioms=[propext]
info: DefiKernel/Typed/Verify.lean:7:0: AXIOM AUDIT theorem: DefiKernel.Typed.issueCapability_preserves_other; module=DefiKernel.Typed.Authority; axioms=[propext,
 Quot.sound]
info: DefiKernel/Typed/Verify.lean:7:0: AXIOM AUDIT theorem: DefiKernel.Typed.lookup_nextId; module=DefiKernel.Typed.Authority; axioms=[propext]
info: DefiKernel/Typed/Verify.lean:7:0: AXIOM AUDIT theorem: DefiKernel.Typed.numericRat_numericValue; module=DefiKernel.Typed.Types; axioms=[]
info: DefiKernel/Typed/Verify.lean:7:0: AXIOM AUDIT theorem: DefiKernel.Typed.numericValue_numericRat; module=DefiKernel.Typed.Types; axioms=[]
info: DefiKernel/Typed/Verify.lean:7:0: AXIOM AUDIT theorem: DefiKernel.Typed.readBalance_congr; module=DefiKernel.Typed.Expr; axioms=[propext, Quot.sound]
info: DefiKernel/Typed/Verify.lean:7:0: AXIOM AUDIT theorem: DefiKernel.Typed.revokeCapability_admin; module=DefiKernel.Typed.Authority; axioms=[propext,
 Quot.sound]
info: DefiKernel/Typed/Verify.lean:7:0: AXIOM AUDIT theorem: DefiKernel.Typed.revokeCapability_cannot_use; module=DefiKernel.Typed.Authority; axioms=[propext,
 Quot.sound]
info: DefiKernel/Typed/Verify.lean:7:0: AXIOM AUDIT theorem: DefiKernel.Typed.revokeCapability_ok_iff; module=DefiKernel.Typed.Authority; axioms=[propext,
 Quot.sound]
info: DefiKernel/Typed/Verify.lean:7:0: AXIOM AUDIT theorem: DefiKernel.Typed.revokeCapability_preserves_other; module=DefiKernel.Typed.Authority; axioms=[propext,
 Quot.sound]
info: DefiKernel/Typed/Verify.lean:7:0: AXIOM AUDIT theorem: DefiKernel.Typed.revokeCapability_tombstone; module=DefiKernel.Typed.Authority; axioms=[propext,
 Quot.sound]
info: DefiKernel/Typed/Verify.lean:7:0: AXIOM AUDIT theorem: DefiKernel.Typed.Acceptance.borrow_executed; module=DefiKernel.Typed.Acceptance; axioms=[propext,
 Classical.choice,
 Quot.sound]
info: DefiKernel/Typed/Verify.lean:7:0: AXIOM AUDIT theorem: DefiKernel.Typed.Acceptance.deposit_executed; module=DefiKernel.Typed.Acceptance; axioms=[propext,
 Classical.choice,
 Quot.sound]
info: DefiKernel/Typed/Verify.lean:7:0: AXIOM AUDIT theorem: DefiKernel.Typed.Acceptance.issued_used_revoked_refused; module=DefiKernel.Typed.Acceptance; axioms=[propext,
 Classical.choice,
 Quot.sound]
info: DefiKernel/Typed/Verify.lean:7:0: AXIOM AUDIT theorem: DefiKernel.Typed.Acceptance.reference_capabilities_preserved; module=DefiKernel.Typed.Acceptance; axioms=[propext,
 Classical.choice,
 Quot.sound]
info: DefiKernel/Typed/Verify.lean:7:0: AXIOM AUDIT theorem: DefiKernel.Typed.Acceptance.reference_invocation_authority; module=DefiKernel.Typed.Acceptance; axioms=[propext,
 Classical.choice,
 Quot.sound]
info: DefiKernel/Typed/Verify.lean:7:0: AXIOM AUDIT theorem: DefiKernel.Typed.Acceptance.revoked_request_refused; module=DefiKernel.Typed.Acceptance; axioms=[propext,
 Classical.choice,
 Quot.sound]
info: DefiKernel/Typed/Verify.lean:7:0: AXIOM AUDIT theorem: DefiKernel.Typed.Acceptance.stale_oracle_refused; module=DefiKernel.Typed.Acceptance; axioms=[propext,
 Classical.choice,
 Quot.sound]
info: DefiKernel/Typed/Verify.lean:7:0: AXIOM AUDIT theorem: DefiKernel.Typed.Acceptance.transfer_executed; module=DefiKernel.Typed.Acceptance; axioms=[propext,
 Classical.choice,
 Quot.sound]
info: DefiKernel/Typed/Verify.lean:7:0: AXIOM AUDIT theorem: DefiKernel.Typed.Acceptance.withdraw_executed; module=DefiKernel.Typed.Acceptance; axioms=[propext,
 Classical.choice,
 Quot.sound]
info: DefiKernel/Typed/Verify.lean:7:0: AXIOM AUDIT theorem: DefiKernel.Typed.AuthorityFailure.ofNat_ctorIdx; module=DefiKernel.Typed.Authority; axioms=[]
info: DefiKernel/Typed/Verify.lean:7:0: AXIOM AUDIT theorem: DefiKernel.Typed.EvalFailure.ofNat_ctorIdx; module=DefiKernel.Typed.Types; axioms=[]
info: DefiKernel/Typed/Verify.lean:7:0: AXIOM AUDIT theorem: DefiKernel.Typed.Evaluated.effect_cons; module=DefiKernel.Typed.Transition; axioms=[propext,
 Classical.choice,
 Quot.sound]
info: DefiKernel/Typed/Verify.lean:7:0: AXIOM AUDIT theorem: DefiKernel.Typed.Evaluated.supply_cons; module=DefiKernel.Typed.Transition; axioms=[propext,
 Classical.choice,
 Quot.sound]
info: DefiKernel/Typed/Verify.lean:7:0: AXIOM AUDIT theorem: DefiKernel.Typed.Examples.allCells_complete; module=DefiKernel.Typed.Examples; axioms=[propext]
info: DefiKernel/Typed/Verify.lean:7:0: AXIOM AUDIT theorem: DefiKernel.Typed.Examples.allCells_nodup; module=DefiKernel.Typed.Examples; axioms=[]
info: DefiKernel/Typed/Verify.lean:7:0: AXIOM AUDIT theorem: DefiKernel.Typed.Expr.eval_congr; module=DefiKernel.Typed.Expr; axioms=[propext,
 Classical.choice,
 Quot.sound]
info: DefiKernel/Typed/Verify.lean:7:0: AXIOM AUDIT theorem: DefiKernel.Typed.Expr.eval_congr_of_resolved; module=DefiKernel.Typed.Expr; axioms=[propext,
 Classical.choice,
 Quot.sound]
info: DefiKernel/Typed/Verify.lean:7:0: AXIOM AUDIT theorem: DefiKernel.Typed.ExprTests.inverse_price_exact; module=DefiKernel.Typed.ExprTests; axioms=[propext,
 Classical.choice,
 Quot.sound]
info: DefiKernel/Typed/Verify.lean:7:0: AXIOM AUDIT theorem: DefiKernel.Typed.ExprTests.price_conversion_exact; module=DefiKernel.Typed.ExprTests; axioms=[propext,
 Classical.choice,
 Quot.sound]
info: DefiKernel/Typed/Verify.lean:7:0: AXIOM AUDIT theorem: DefiKernel.Typed.ExprTests.unrelated_balance_preserved; module=DefiKernel.Typed.ExprTests; axioms=[propext,
 Classical.choice,
 Quot.sound]
info: DefiKernel/Typed/Verify.lean:7:0: AXIOM AUDIT theorem: DefiKernel.Typed.ExprTests.zero_division_refused; module=DefiKernel.Typed.ExprTests; axioms=[propext,
 Classical.choice,
 Quot.sound]
info: DefiKernel/Typed/Verify.lean:7:0: AXIOM AUDIT theorem: DefiKernel.Typed.Quantity.nonneg; module=DefiKernel.Typed.Types; axioms=[propext, Quot.sound]
info: DefiKernel/Typed/Verify.lean:7:0: AXIOM AUDIT theorem: DefiKernel.Typed.State.nonneg; module=DefiKernel.Typed.Types; axioms=[propext, Quot.sound]
info: DefiKernel/Typed/Verify.lean:7:0: AXIOM AUDIT theorem: DefiKernel.Typed.applyEvaluated_ok_iff._simp_1_12; module=DefiKernel.Typed.Transition; axioms=[propext,
 Quot.sound]
info: DefiKernel/Typed/Verify.lean:7:0: AXIOM AUDIT theorem: DefiKernel.Typed.authorizesId.congr_simp; module=DefiKernel.Typed.Authority; axioms=[propext,
 Quot.sound]
info: DefiKernel/Typed/Verify.lean:7:0: AXIOM AUDIT theorem: DefiKernel.Typed.authorizesId.eq_1; module=DefiKernel.Typed.Authority; axioms=[propext]
info: DefiKernel/Typed/Verify.lean:7:0: AXIOM AUDIT theorem: DefiKernel.Typed.execute_ok_iff._simp_1_4; module=DefiKernel.Typed.Transition; axioms=[propext,
 Quot.sound]
info: DefiKernel/Typed/Verify.lean:7:0: AXIOM AUDIT theorem: DefiKernel.Typed.execute_ok_iff._simp_1_6; module=DefiKernel.Typed.Transition; axioms=[propext,
 Classical.choice,
 Quot.sound]
info: DefiKernel/Typed/Verify.lean:7:0: AXIOM AUDIT theorem: DefiKernel.Typed.hasAuthority.congr_simp; module=DefiKernel.Typed.Transition; axioms=[propext,
 Quot.sound]
info: DefiKernel/Typed/Verify.lean:7:0: AXIOM AUDIT theorem: DefiKernel.Typed.hasAuthority.eq_1; module=DefiKernel.Typed.Authority; axioms=[propext]
info: DefiKernel/Typed/Verify.lean:7:0: AXIOM AUDIT theorem: DefiKernel.Typed.instDecidableEqAuthorityFailure._proof_1; module=DefiKernel.Typed.Authority; axioms=[]
info: DefiKernel/Typed/Verify.lean:7:0: AXIOM AUDIT theorem: DefiKernel.Typed.instDecidableEqAuthorityFailure._proof_2; module=DefiKernel.Typed.Authority; axioms=[]
info: DefiKernel/Typed/Verify.lean:7:0: AXIOM AUDIT theorem: DefiKernel.Typed.instDecidableEqEvalFailure._proof_1; module=DefiKernel.Typed.Types; axioms=[]
info: DefiKernel/Typed/Verify.lean:7:0: AXIOM AUDIT theorem: DefiKernel.Typed.instDecidableEqEvalFailure._proof_2; module=DefiKernel.Typed.Types; axioms=[]
info: DefiKernel/Typed/Verify.lean:7:0: AXIOM AUDIT theorem: DefiKernel.Typed.instDecidableEqValue._proof_1; module=DefiKernel.Typed.Types; axioms=[]
info: DefiKernel/Typed/Verify.lean:7:0: AXIOM AUDIT theorem: DefiKernel.Typed.instDecidableEqValue._proof_2; module=DefiKernel.Typed.Types; axioms=[]
info: DefiKernel/Typed/Verify.lean:7:0: AXIOM AUDIT theorem: DefiKernel.Typed.instDecidableEqValue._proof_3; module=DefiKernel.Typed.Types; axioms=[]
info: DefiKernel/Typed/Verify.lean:7:0: AXIOM AUDIT theorem: DefiKernel.Typed.instDecidableEqValue._proof_4; module=DefiKernel.Typed.Types; axioms=[]
info: DefiKernel/Typed/Verify.lean:7:0: AXIOM AUDIT theorem: DefiKernel.Typed.instDecidableEqValue._proof_5; module=DefiKernel.Typed.Types; axioms=[]
info: DefiKernel/Typed/Verify.lean:7:0: AXIOM AUDIT theorem: DefiKernel.Typed.isDomainAdmin.congr_simp; module=DefiKernel.Typed.Authority; axioms=[Quot.sound]
info: DefiKernel/Typed/Verify.lean:7:0: AXIOM AUDIT theorem: DefiKernel.Typed.isDomainAdmin.eq_1; module=DefiKernel.Typed.Authority; axioms=[]
info: DefiKernel/Typed/Verify.lean:7:0: AXIOM AUDIT theorem: DefiKernel.Typed.issueCapability_preserves_other._proof_1_5; module=DefiKernel.Typed.Authority; axioms=[propext,
 Quot.sound]
info: DefiKernel/Typed/Verify.lean:7:0: AXIOM AUDIT theorem: DefiKernel.Typed.issueCapability_preserves_other._proof_1_6; module=DefiKernel.Typed.Authority; axioms=[propext,
 Quot.sound]
info: DefiKernel/Typed/Verify.lean:7:0: AXIOM AUDIT theorem: DefiKernel.Typed.issueCapability_preserves_other._proof_1_7; module=DefiKernel.Typed.Authority; axioms=[propext,
 Quot.sound]
info: DefiKernel/Typed/Verify.lean:7:0: AXIOM AUDIT theorem: DefiKernel.Typed.readBalance.eq_1; module=DefiKernel.Typed.Expr; axioms=[propext, Quot.sound]
info: DefiKernel/Typed/Verify.lean:7:0: AXIOM AUDIT theorem: DefiKernel.Typed.readObservation.eq_1; module=DefiKernel.Typed.Expr; axioms=[]
info: DefiKernel/Typed/Verify.lean:7:0: AXIOM AUDIT theorem: DefiKernel.Typed.revokeCapability_tombstone._proof_1_1; module=DefiKernel.Typed.Authority; axioms=[propext,
 Quot.sound]
info: DefiKernel/Typed/Verify.lean:7:0: AXIOM AUDIT theorem: DefiKernel.Typed.total.eq_1; module=DefiKernel.Typed.Transition; axioms=[propext,
 Classical.choice,
 Quot.sound]
info: DefiKernel/Typed/Verify.lean:7:0: AXIOM AUDIT theorem: _private.DefiKernel.Typed.Transition.0.Except.map.match_1.eq_1; module=DefiKernel.Typed.Transition; axioms=[]
info: DefiKernel/Typed/Verify.lean:7:0: AXIOM AUDIT theorem: _private.DefiKernel.Typed.Transition.0.Except.map.match_1.eq_2; module=DefiKernel.Typed.Transition; axioms=[]
info: DefiKernel/Typed/Verify.lean:7:0: AXIOM AUDIT theorem: DefiKernel.Typed.Acceptance.borrow_executed._proof_1_1; module=DefiKernel.Typed.Acceptance; axioms=[propext,
 Classical.choice,
 Quot.sound]
info: DefiKernel/Typed/Verify.lean:7:0: AXIOM AUDIT theorem: DefiKernel.Typed.Acceptance.deposit_executed._proof_1_1; module=DefiKernel.Typed.Acceptance; axioms=[propext,
 Classical.choice,
 Quot.sound]
info: DefiKernel/Typed/Verify.lean:7:0: AXIOM AUDIT theorem: DefiKernel.Typed.Acceptance.illiquid._proof_1; module=DefiKernel.Typed.Acceptance; axioms=[propext,
 Quot.sound]
info: DefiKernel/Typed/Verify.lean:7:0: AXIOM AUDIT theorem: DefiKernel.Typed.Acceptance.issued_used_revoked_refused._proof_1_1; module=DefiKernel.Typed.Acceptance; axioms=[propext,
 Classical.choice,
 Quot.sound]
info: DefiKernel/Typed/Verify.lean:7:0: AXIOM AUDIT theorem: DefiKernel.Typed.Acceptance.revoked_request_refused._proof_1_1; module=DefiKernel.Typed.Acceptance; axioms=[propext,
 Classical.choice,
 Quot.sound]
info: DefiKernel/Typed/Verify.lean:7:0: AXIOM AUDIT theorem: DefiKernel.Typed.Acceptance.stale_oracle_refused._proof_1_1; module=DefiKernel.Typed.Acceptance; axioms=[propext,
 Classical.choice,
 Quot.sound]
info: DefiKernel/Typed/Verify.lean:7:0: AXIOM AUDIT theorem: DefiKernel.Typed.Acceptance.transfer_executed._proof_1_1; module=DefiKernel.Typed.Acceptance; axioms=[propext,
 Classical.choice,
 Quot.sound]
info: DefiKernel/Typed/Verify.lean:7:0: AXIOM AUDIT theorem: DefiKernel.Typed.Acceptance.withdraw_executed._proof_1_1; module=DefiKernel.Typed.Acceptance; axioms=[propext,
 Classical.choice,
 Quot.sound]
info: DefiKernel/Typed/Verify.lean:7:0: AXIOM AUDIT theorem: DefiKernel.Typed.Acceptance.zeroExposure._proof_1; module=DefiKernel.Typed.Acceptance; axioms=[propext,
 Quot.sound]
info: DefiKernel/Typed/Verify.lean:7:0: AXIOM AUDIT theorem: DefiKernel.Typed.Args.brecOn.eq; module=DefiKernel.Typed.Expr; axioms=[]
info: DefiKernel/Typed/Verify.lean:7:0: AXIOM AUDIT theorem: DefiKernel.Typed.Args.cons.inj; module=DefiKernel.Typed.Expr; axioms=[]
info: DefiKernel/Typed/Verify.lean:7:0: AXIOM AUDIT theorem: DefiKernel.Typed.Args.cons.injEq; module=DefiKernel.Typed.Expr; axioms=[propext]
info: DefiKernel/Typed/Verify.lean:7:0: AXIOM AUDIT theorem: DefiKernel.Typed.Args.cons.sizeOf_spec; module=DefiKernel.Typed.Expr; axioms=[]
info: DefiKernel/Typed/Verify.lean:7:0: AXIOM AUDIT theorem: DefiKernel.Typed.Args.nil.sizeOf_spec; module=DefiKernel.Typed.Expr; axioms=[]
info: DefiKernel/Typed/Verify.lean:7:0: AXIOM AUDIT theorem: DefiKernel.Typed.AuthorityConfig.mk.inj; module=DefiKernel.Typed.Authority; axioms=[]
info: DefiKernel/Typed/Verify.lean:7:0: AXIOM AUDIT theorem: DefiKernel.Typed.AuthorityConfig.mk.injEq; module=DefiKernel.Typed.Authority; axioms=[propext]
info: DefiKernel/Typed/Verify.lean:7:0: AXIOM AUDIT theorem: DefiKernel.Typed.AuthorityConfig.mk.sizeOf_spec; module=DefiKernel.Typed.Authority; axioms=[]
info: DefiKernel/Typed/Verify.lean:7:0: AXIOM AUDIT theorem: DefiKernel.Typed.AuthorityFailure.operationDomain.sizeOf_spec; module=DefiKernel.Typed.Authority; axioms=[]
info: DefiKernel/Typed/Verify.lean:7:0: AXIOM AUDIT theorem: DefiKernel.Typed.AuthorityFailure.resourceDomain.sizeOf_spec; module=DefiKernel.Typed.Authority; axioms=[]
info: DefiKernel/Typed/Verify.lean:7:0: AXIOM AUDIT theorem: DefiKernel.Typed.AuthorityFailure.unauthorizedAdmin.sizeOf_spec; module=DefiKernel.Typed.Authority; axioms=[]
info: DefiKernel/Typed/Verify.lean:7:0: AXIOM AUDIT theorem: DefiKernel.Typed.AuthorityFailure.unknownCapability.sizeOf_spec; module=DefiKernel.Typed.Authority; axioms=[]
info: DefiKernel/Typed/Verify.lean:7:0: AXIOM AUDIT theorem: DefiKernel.Typed.AuthorityTests.config._proof_1; module=DefiKernel.Typed.AuthorityTests; axioms=[propext]
info: DefiKernel/Typed/Verify.lean:7:0: AXIOM AUDIT theorem: DefiKernel.Typed.AuthorityTests.config._proof_2; module=DefiKernel.Typed.AuthorityTests; axioms=[propext]
info: DefiKernel/Typed/Verify.lean:7:0: AXIOM AUDIT theorem: DefiKernel.Typed.BinaryOp.add.sizeOf_spec; module=DefiKernel.Typed.Expr; axioms=[]
info: DefiKernel/Typed/Verify.lean:7:0: AXIOM AUDIT theorem: DefiKernel.Typed.BinaryOp.and.sizeOf_spec; module=DefiKernel.Typed.Expr; axioms=[]
info: DefiKernel/Typed/Verify.lean:7:0: AXIOM AUDIT theorem: DefiKernel.Typed.BinaryOp.convert.sizeOf_spec; module=DefiKernel.Typed.Expr; axioms=[]
info: DefiKernel/Typed/Verify.lean:7:0: AXIOM AUDIT theorem: DefiKernel.Typed.BinaryOp.divide.sizeOf_spec; module=DefiKernel.Typed.Expr; axioms=[]
info: DefiKernel/Typed/Verify.lean:7:0: AXIOM AUDIT theorem: DefiKernel.Typed.BinaryOp.eq.sizeOf_spec; module=DefiKernel.Typed.Expr; axioms=[]
info: DefiKernel/Typed/Verify.lean:7:0: AXIOM AUDIT theorem: DefiKernel.Typed.BinaryOp.eval.eq_1; module=DefiKernel.Typed.ExprTests; axioms=[propext,
 Classical.choice,
 Quot.sound]
info: DefiKernel/Typed/Verify.lean:7:0: AXIOM AUDIT theorem: DefiKernel.Typed.BinaryOp.eval.eq_10; module=DefiKernel.Typed.ExprTests; axioms=[propext,
 Classical.choice,
 Quot.sound]
info: DefiKernel/Typed/Verify.lean:7:0: AXIOM AUDIT theorem: DefiKernel.Typed.BinaryOp.eval.eq_11; module=DefiKernel.Typed.ExprTests; axioms=[propext,
 Classical.choice,
 Quot.sound]
info: DefiKernel/Typed/Verify.lean:7:0: AXIOM AUDIT theorem: DefiKernel.Typed.BinaryOp.eval.eq_12; module=DefiKernel.Typed.ExprTests; axioms=[propext,
 Classical.choice,
 Quot.sound]
info: DefiKernel/Typed/Verify.lean:7:0: AXIOM AUDIT theorem: DefiKernel.Typed.BinaryOp.eval.eq_2; module=DefiKernel.Typed.ExprTests; axioms=[propext,
 Classical.choice,
 Quot.sound]
info: DefiKernel/Typed/Verify.lean:7:0: AXIOM AUDIT theorem: DefiKernel.Typed.BinaryOp.eval.eq_3; module=DefiKernel.Typed.ExprTests; axioms=[propext,
 Classical.choice,
 Quot.sound]
info: DefiKernel/Typed/Verify.lean:7:0: AXIOM AUDIT theorem: DefiKernel.Typed.BinaryOp.eval.eq_4; module=DefiKernel.Typed.ExprTests; axioms=[propext,
 Classical.choice,
 Quot.sound]
info: DefiKernel/Typed/Verify.lean:7:0: AXIOM AUDIT theorem: DefiKernel.Typed.BinaryOp.eval.eq_5; module=DefiKernel.Typed.ExprTests; axioms=[propext,
 Classical.choice,
 Quot.sound]
info: DefiKernel/Typed/Verify.lean:7:0: AXIOM AUDIT theorem: DefiKernel.Typed.BinaryOp.eval.eq_6; module=DefiKernel.Typed.ExprTests; axioms=[propext,
 Classical.choice,
 Quot.sound]
info: DefiKernel/Typed/Verify.lean:7:0: AXIOM AUDIT theorem: DefiKernel.Typed.BinaryOp.eval.eq_7; module=DefiKernel.Typed.ExprTests; axioms=[propext,
 Classical.choice,
 Quot.sound]
info: DefiKernel/Typed/Verify.lean:7:0: AXIOM AUDIT theorem: DefiKernel.Typed.BinaryOp.eval.eq_8; module=DefiKernel.Typed.ExprTests; axioms=[propext,
 Classical.choice,
 Quot.sound]
info: DefiKernel/Typed/Verify.lean:7:0: AXIOM AUDIT theorem: DefiKernel.Typed.BinaryOp.eval.eq_9; module=DefiKernel.Typed.ExprTests; axioms=[propext,
 Classical.choice,
 Quot.sound]
info: DefiKernel/Typed/Verify.lean:7:0: AXIOM AUDIT theorem: DefiKernel.Typed.BinaryOp.le.sizeOf_spec; module=DefiKernel.Typed.Expr; axioms=[]
info: DefiKernel/Typed/Verify.lean:7:0: AXIOM AUDIT theorem: DefiKernel.Typed.BinaryOp.lt.sizeOf_spec; module=DefiKernel.Typed.Expr; axioms=[]
info: DefiKernel/Typed/Verify.lean:7:0: AXIOM AUDIT theorem: DefiKernel.Typed.BinaryOp.or.sizeOf_spec; module=DefiKernel.Typed.Expr; axioms=[]
info: DefiKernel/Typed/Verify.lean:7:0: AXIOM AUDIT theorem: DefiKernel.Typed.BinaryOp.ratio.sizeOf_spec; module=DefiKernel.Typed.Expr; axioms=[]
info: DefiKernel/Typed/Verify.lean:7:0: AXIOM AUDIT theorem: DefiKernel.Typed.BinaryOp.scale.sizeOf_spec; module=DefiKernel.Typed.Expr; axioms=[]
info: DefiKernel/Typed/Verify.lean:7:0: AXIOM AUDIT theorem: DefiKernel.Typed.BinaryOp.sub.sizeOf_spec; module=DefiKernel.Typed.Expr; axioms=[]
info: DefiKernel/Typed/Verify.lean:7:0: AXIOM AUDIT theorem: DefiKernel.Typed.BinaryOp.unconvert.sizeOf_spec; module=DefiKernel.Typed.Expr; axioms=[]
info: DefiKernel/Typed/Verify.lean:7:0: AXIOM AUDIT theorem: DefiKernel.Typed.Capability.mk.inj; module=DefiKernel.Typed.Authority; axioms=[]
info: DefiKernel/Typed/Verify.lean:7:0: AXIOM AUDIT theorem: DefiKernel.Typed.Capability.mk.injEq; module=DefiKernel.Typed.Authority; axioms=[propext]
info: DefiKernel/Typed/Verify.lean:7:0: AXIOM AUDIT theorem: DefiKernel.Typed.Capability.mk.sizeOf_spec; module=DefiKernel.Typed.Authority; axioms=[]
info: DefiKernel/Typed/Verify.lean:7:0: AXIOM AUDIT theorem: DefiKernel.Typed.CapabilityId.mk.inj; module=DefiKernel.Typed.Types; axioms=[]
info: DefiKernel/Typed/Verify.lean:7:0: AXIOM AUDIT theorem: DefiKernel.Typed.CapabilityId.mk.injEq; module=DefiKernel.Typed.Types; axioms=[propext]
info: DefiKernel/Typed/Verify.lean:7:0: AXIOM AUDIT theorem: DefiKernel.Typed.CapabilityId.mk.sizeOf_spec; module=DefiKernel.Typed.Types; axioms=[]
info: DefiKernel/Typed/Verify.lean:7:0: AXIOM AUDIT theorem: DefiKernel.Typed.CapabilityStore.lookup.eq_1; module=DefiKernel.Typed.Authority; axioms=[propext]
info: DefiKernel/Typed/Verify.lean:7:0: AXIOM AUDIT theorem: DefiKernel.Typed.CapabilityStore.mk.inj; module=DefiKernel.Typed.Authority; axioms=[]
info: DefiKernel/Typed/Verify.lean:7:0: AXIOM AUDIT theorem: DefiKernel.Typed.CapabilityStore.mk.injEq; module=DefiKernel.Typed.Authority; axioms=[propext]
info: DefiKernel/Typed/Verify.lean:7:0: AXIOM AUDIT theorem: DefiKernel.Typed.CapabilityStore.mk.sizeOf_spec; module=DefiKernel.Typed.Authority; axioms=[]
info: DefiKernel/Typed/Verify.lean:7:0: AXIOM AUDIT theorem: DefiKernel.Typed.CapabilityStore.nextId.eq_1; module=DefiKernel.Typed.Authority; axioms=[]
info: DefiKernel/Typed/Verify.lean:7:0: AXIOM AUDIT theorem: DefiKernel.Typed.CellDelta.mk.inj; module=DefiKernel.Typed.Transition; axioms=[]
info: DefiKernel/Typed/Verify.lean:7:0: AXIOM AUDIT theorem: DefiKernel.Typed.CellDelta.mk.injEq; module=DefiKernel.Typed.Transition; axioms=[propext]
info: DefiKernel/Typed/Verify.lean:7:0: AXIOM AUDIT theorem: DefiKernel.Typed.CellDelta.mk.sizeOf_spec; module=DefiKernel.Typed.Transition; axioms=[]
info: DefiKernel/Typed/Verify.lean:7:0: AXIOM AUDIT theorem: DefiKernel.Typed.CellRef.mk.inj; module=DefiKernel.Typed.Types; axioms=[]
info: DefiKernel/Typed/Verify.lean:7:0: AXIOM AUDIT theorem: DefiKernel.Typed.CellRef.mk.injEq; module=DefiKernel.Typed.Types; axioms=[propext]
info: DefiKernel/Typed/Verify.lean:7:0: AXIOM AUDIT theorem: DefiKernel.Typed.CellRef.mk.sizeOf_spec; module=DefiKernel.Typed.Types; axioms=[]
info: DefiKernel/Typed/Verify.lean:7:0: AXIOM AUDIT theorem: DefiKernel.Typed.ClaimId.mk.inj; module=DefiKernel.Typed.Types; axioms=[]
info: DefiKernel/Typed/Verify.lean:7:0: AXIOM AUDIT theorem: DefiKernel.Typed.ClaimId.mk.injEq; module=DefiKernel.Typed.Types; axioms=[propext]
info: DefiKernel/Typed/Verify.lean:7:0: AXIOM AUDIT theorem: DefiKernel.Typed.ClaimId.mk.sizeOf_spec; module=DefiKernel.Typed.Types; axioms=[]
info: DefiKernel/Typed/Verify.lean:7:0: AXIOM AUDIT theorem: DefiKernel.Typed.EnvRead.Agree.eq_1; module=DefiKernel.Typed.Expr; axioms=[propext, Quot.sound]
info: DefiKernel/Typed/Verify.lean:7:0: AXIOM AUDIT theorem: DefiKernel.Typed.EnvRead.Agree.eq_2; module=DefiKernel.Typed.Expr; axioms=[propext, Quot.sound]
info: DefiKernel/Typed/Verify.lean:7:0: AXIOM AUDIT theorem: DefiKernel.Typed.EnvRead.currentTime.sizeOf_spec; module=DefiKernel.Typed.Expr; axioms=[]
info: DefiKernel/Typed/Verify.lean:7:0: AXIOM AUDIT theorem: DefiKernel.Typed.EnvRead.observation.inj; module=DefiKernel.Typed.Expr; axioms=[]
info: DefiKernel/Typed/Verify.lean:7:0: AXIOM AUDIT theorem: DefiKernel.Typed.EnvRead.observation.injEq; module=DefiKernel.Typed.Expr; axioms=[propext]
info: DefiKernel/Typed/Verify.lean:7:0: AXIOM AUDIT theorem: DefiKernel.Typed.EnvRead.observation.sizeOf_spec; module=DefiKernel.Typed.Expr; axioms=[]
info: DefiKernel/Typed/Verify.lean:7:0: AXIOM AUDIT theorem: DefiKernel.Typed.EvalContext.mk.inj; module=DefiKernel.Typed.Expr; axioms=[propext, Quot.sound]
info: DefiKernel/Typed/Verify.lean:7:0: AXIOM AUDIT theorem: DefiKernel.Typed.EvalContext.mk.injEq; module=DefiKernel.Typed.Expr; axioms=[propext, Quot.sound]
info: DefiKernel/Typed/Verify.lean:7:0: AXIOM AUDIT theorem: DefiKernel.Typed.EvalContext.mk.sizeOf_spec; module=DefiKernel.Typed.Expr; axioms=[propext,
 Quot.sound]
info: DefiKernel/Typed/Verify.lean:7:0: AXIOM AUDIT theorem: DefiKernel.Typed.EvalFailure.argumentCount.sizeOf_spec; module=DefiKernel.Typed.Types; axioms=[]
info: DefiKernel/Typed/Verify.lean:7:0: AXIOM AUDIT theorem: DefiKernel.Typed.EvalFailure.argumentUnit.sizeOf_spec; module=DefiKernel.Typed.Types; axioms=[]
info: DefiKernel/Typed/Verify.lean:7:0: AXIOM AUDIT theorem: DefiKernel.Typed.EvalFailure.divisionByZero.sizeOf_spec; module=DefiKernel.Typed.Types; axioms=[]
info: DefiKernel/Typed/Verify.lean:7:0: AXIOM AUDIT theorem: DefiKernel.Typed.EvalFailure.missingObservation.sizeOf_spec; module=DefiKernel.Typed.Types; axioms=[]
info: DefiKernel/Typed/Verify.lean:7:0: AXIOM AUDIT theorem: DefiKernel.Typed.EvalFailure.observationUnit.sizeOf_spec; module=DefiKernel.Typed.Types; axioms=[]
info: DefiKernel/Typed/Verify.lean:7:0: AXIOM AUDIT theorem: DefiKernel.Typed.EvalFailure.partyArgument.sizeOf_spec; module=DefiKernel.Typed.Types; axioms=[]
info: DefiKernel/Typed/Verify.lean:7:0: AXIOM AUDIT theorem: DefiKernel.Typed.Evaluated.Valid.congr_simp; module=DefiKernel.Typed.Transition; axioms=[propext,
 Classical.choice,
 Quot.sound]
info: DefiKernel/Typed/Verify.lean:7:0: AXIOM AUDIT theorem: DefiKernel.Typed.Evaluated.Valid.eq_1; module=DefiKernel.Typed.Transition; axioms=[propext,
 Classical.choice,
 Quot.sound]
info: DefiKernel/Typed/Verify.lean:7:0: AXIOM AUDIT theorem: DefiKernel.Typed.Evaluated.accountingOK.congr_simp; module=DefiKernel.Typed.Transition; axioms=[propext,
 Classical.choice,
 Quot.sound]
info: DefiKernel/Typed/Verify.lean:7:0: AXIOM AUDIT theorem: DefiKernel.Typed.Evaluated.debitsOK.congr_simp; module=DefiKernel.Typed.Transition; axioms=[propext,
 Classical.choice,
 Quot.sound]
info: DefiKernel/Typed/Verify.lean:7:0: AXIOM AUDIT theorem: DefiKernel.Typed.Evaluated.domainOK.congr_simp; module=DefiKernel.Typed.Transition; axioms=[propext,
 Classical.choice,
 Quot.sound]
info: DefiKernel/Typed/Verify.lean:7:0: AXIOM AUDIT theorem: DefiKernel.Typed.Evaluated.effect.congr_simp; module=DefiKernel.Typed.Transition; axioms=[propext,
 Classical.choice,
 Quot.sound]
info: DefiKernel/Typed/Verify.lean:7:0: AXIOM AUDIT theorem: DefiKernel.Typed.Evaluated.effect.eq_1; module=DefiKernel.Typed.Transition; axioms=[propext,
 Classical.choice,
 Quot.sound]
info: DefiKernel/Typed/Verify.lean:7:0: AXIOM AUDIT theorem: DefiKernel.Typed.Evaluated.envReadsOK._proof_1; module=DefiKernel.Typed.Transition; axioms=[]
info: DefiKernel/Typed/Verify.lean:7:0: AXIOM AUDIT theorem: DefiKernel.Typed.Evaluated.envReadsOK.congr_simp; module=DefiKernel.Typed.Transition; axioms=[propext,
 Quot.sound]
info: DefiKernel/Typed/Verify.lean:7:0: AXIOM AUDIT theorem: DefiKernel.Typed.Evaluated.envReadsOK.eq_1; module=DefiKernel.Typed.Transition; axioms=[propext]
info: DefiKernel/Typed/Verify.lean:7:0: AXIOM AUDIT theorem: DefiKernel.Typed.Evaluated.mk.inj; module=DefiKernel.Typed.Transition; axioms=[]
info: DefiKernel/Typed/Verify.lean:7:0: AXIOM AUDIT theorem: DefiKernel.Typed.Evaluated.mk.injEq; module=DefiKernel.Typed.Transition; axioms=[propext]
info: DefiKernel/Typed/Verify.lean:7:0: AXIOM AUDIT theorem: DefiKernel.Typed.Evaluated.mk.sizeOf_spec; module=DefiKernel.Typed.Transition; axioms=[]
info: DefiKernel/Typed/Verify.lean:7:0: AXIOM AUDIT theorem: DefiKernel.Typed.Evaluated.stateReadsOK._proof_1; module=DefiKernel.Typed.Transition; axioms=[propext]
info: DefiKernel/Typed/Verify.lean:7:0: AXIOM AUDIT theorem: DefiKernel.Typed.Evaluated.stateReadsOK.congr_simp; module=DefiKernel.Typed.Transition; axioms=[propext,
 Quot.sound]
info: DefiKernel/Typed/Verify.lean:7:0: AXIOM AUDIT theorem: DefiKernel.Typed.Evaluated.stateReadsOK.eq_1; module=DefiKernel.Typed.Transition; axioms=[propext]
info: DefiKernel/Typed/Verify.lean:7:0: AXIOM AUDIT theorem: DefiKernel.Typed.Evaluated.suppliesOK.congr_simp; module=DefiKernel.Typed.Transition; axioms=[propext,
 Classical.choice,
 Quot.sound]
info: DefiKernel/Typed/Verify.lean:7:0: AXIOM AUDIT theorem: DefiKernel.Typed.Evaluated.supply.congr_simp; module=DefiKernel.Typed.Transition; axioms=[propext,
 Classical.choice,
 Quot.sound]
info: DefiKernel/Typed/Verify.lean:7:0: AXIOM AUDIT theorem: DefiKernel.Typed.Evaluated.supply.eq_1; module=DefiKernel.Typed.Transition; axioms=[propext,
 Classical.choice,
 Quot.sound]
info: DefiKernel/Typed/Verify.lean:7:0: AXIOM AUDIT theorem: DefiKernel.Typed.Evaluated.writesOK.congr_simp; module=DefiKernel.Typed.Transition; axioms=[propext,
 Classical.choice,
 Quot.sound]
info: DefiKernel/Typed/Verify.lean:7:0: AXIOM AUDIT theorem: DefiKernel.Typed.Examples.Asset.ofNat_ctorIdx; module=DefiKernel.Typed.Examples; axioms=[]
info: DefiKernel/Typed/Verify.lean:7:0: AXIOM AUDIT theorem: DefiKernel.Typed.Examples.Domain.ofNat_ctorIdx; module=DefiKernel.Typed.Examples; axioms=[]
info: DefiKernel/Typed/Verify.lean:7:0: AXIOM AUDIT theorem: DefiKernel.Typed.Examples.Party.ofNat_ctorIdx; module=DefiKernel.Typed.Examples; axioms=[]
info: DefiKernel/Typed/Verify.lean:7:0: AXIOM AUDIT theorem: DefiKernel.Typed.Examples.initial._proof_1; module=DefiKernel.Typed.Examples; axioms=[propext,
 Quot.sound]
info: DefiKernel/Typed/Verify.lean:7:0: AXIOM AUDIT theorem: DefiKernel.Typed.Examples.instDecidableEqAsset._proof_1; module=DefiKernel.Typed.Examples; axioms=[]
info: DefiKernel/Typed/Verify.lean:7:0: AXIOM AUDIT theorem: DefiKernel.Typed.Examples.instDecidableEqAsset._proof_2; module=DefiKernel.Typed.Examples; axioms=[]
info: DefiKernel/Typed/Verify.lean:7:0: AXIOM AUDIT theorem: DefiKernel.Typed.Examples.instDecidableEqDomain._proof_1; module=DefiKernel.Typed.Examples; axioms=[]
info: DefiKernel/Typed/Verify.lean:7:0: AXIOM AUDIT theorem: DefiKernel.Typed.Examples.instDecidableEqDomain._proof_2; module=DefiKernel.Typed.Examples; axioms=[]
info: DefiKernel/Typed/Verify.lean:7:0: AXIOM AUDIT theorem: DefiKernel.Typed.Examples.instDecidableEqParty._proof_1; module=DefiKernel.Typed.Examples; axioms=[]
info: DefiKernel/Typed/Verify.lean:7:0: AXIOM AUDIT theorem: DefiKernel.Typed.Examples.instDecidableEqParty._proof_2; module=DefiKernel.Typed.Examples; axioms=[]
info: DefiKernel/Typed/Verify.lean:7:0: AXIOM AUDIT theorem: DefiKernel.Typed.Examples.instFintypeAsset._proof_1; module=DefiKernel.Typed.Examples; axioms=[propext,
 Classical.choice,
 Quot.sound]
info: DefiKernel/Typed/Verify.lean:7:0: AXIOM AUDIT theorem: DefiKernel.Typed.Examples.instFintypeDomain._proof_1; module=DefiKernel.Typed.Examples; axioms=[propext,
 Classical.choice,
 Quot.sound]
info: DefiKernel/Typed/Verify.lean:7:0: AXIOM AUDIT theorem: DefiKernel.Typed.Examples.instFintypeParty._proof_1; module=DefiKernel.Typed.Examples; axioms=[propext,
 Classical.choice,
 Quot.sound]
info: DefiKernel/Typed/Verify.lean:7:0: AXIOM AUDIT theorem: DefiKernel.Typed.ExecutionResult.mk.inj; module=DefiKernel.Typed.Transition; axioms=[propext,
 Quot.sound]
info: DefiKernel/Typed/Verify.lean:7:0: AXIOM AUDIT theorem: DefiKernel.Typed.ExecutionResult.mk.injEq; module=DefiKernel.Typed.Transition; axioms=[propext,
 Quot.sound]
info: DefiKernel/Typed/Verify.lean:7:0: AXIOM AUDIT theorem: DefiKernel.Typed.ExecutionResult.mk.sizeOf_spec; module=DefiKernel.Typed.Transition; axioms=[propext,
 Quot.sound]
info: DefiKernel/Typed/Verify.lean:7:0: AXIOM AUDIT theorem: DefiKernel.Typed.Expr.arg.inj; module=DefiKernel.Typed.Expr; axioms=[]
info: DefiKernel/Typed/Verify.lean:7:0: AXIOM AUDIT theorem: DefiKernel.Typed.Expr.arg.injEq; module=DefiKernel.Typed.Expr; axioms=[propext]
info: DefiKernel/Typed/Verify.lean:7:0: AXIOM AUDIT theorem: DefiKernel.Typed.Expr.arg.sizeOf_spec; module=DefiKernel.Typed.Expr; axioms=[]
info: DefiKernel/Typed/Verify.lean:7:0: AXIOM AUDIT theorem: DefiKernel.Typed.Expr.balance.inj; module=DefiKernel.Typed.Expr; axioms=[]
info: DefiKernel/Typed/Verify.lean:7:0: AXIOM AUDIT theorem: DefiKernel.Typed.Expr.balance.injEq; module=DefiKernel.Typed.Expr; axioms=[propext]
info: DefiKernel/Typed/Verify.lean:7:0: AXIOM AUDIT theorem: DefiKernel.Typed.Expr.balance.sizeOf_spec; module=DefiKernel.Typed.Expr; axioms=[]
info: DefiKernel/Typed/Verify.lean:7:0: AXIOM AUDIT theorem: DefiKernel.Typed.Expr.binary.inj; module=DefiKernel.Typed.Expr; axioms=[]
info: DefiKernel/Typed/Verify.lean:7:0: AXIOM AUDIT theorem: DefiKernel.Typed.Expr.binary.injEq; module=DefiKernel.Typed.Expr; axioms=[propext]
info: DefiKernel/Typed/Verify.lean:7:0: AXIOM AUDIT theorem: DefiKernel.Typed.Expr.binary.sizeOf_spec; module=DefiKernel.Typed.Expr; axioms=[]
info: DefiKernel/Typed/Verify.lean:7:0: AXIOM AUDIT theorem: DefiKernel.Typed.Expr.brecOn.eq; module=DefiKernel.Typed.Expr; axioms=[]
info: DefiKernel/Typed/Verify.lean:7:0: AXIOM AUDIT theorem: DefiKernel.Typed.Expr.envReads.eq_1; module=DefiKernel.Typed.Expr; axioms=[]
info: DefiKernel/Typed/Verify.lean:7:0: AXIOM AUDIT theorem: DefiKernel.Typed.Expr.envReads.eq_2; module=DefiKernel.Typed.Expr; axioms=[]
info: DefiKernel/Typed/Verify.lean:7:0: AXIOM AUDIT theorem: DefiKernel.Typed.Expr.envReads.eq_3; module=DefiKernel.Typed.Expr; axioms=[]
info: DefiKernel/Typed/Verify.lean:7:0: AXIOM AUDIT theorem: DefiKernel.Typed.Expr.envReads.eq_4; module=DefiKernel.Typed.Expr; axioms=[]
info: DefiKernel/Typed/Verify.lean:7:0: AXIOM AUDIT theorem: DefiKernel.Typed.Expr.envReads.eq_5; module=DefiKernel.Typed.Expr; axioms=[]
info: DefiKernel/Typed/Verify.lean:7:0: AXIOM AUDIT theorem: DefiKernel.Typed.Expr.envReads.eq_6; module=DefiKernel.Typed.Expr; axioms=[]
info: DefiKernel/Typed/Verify.lean:7:0: AXIOM AUDIT theorem: DefiKernel.Typed.Expr.envReads.eq_7; module=DefiKernel.Typed.Expr; axioms=[]
info: DefiKernel/Typed/Verify.lean:7:0: AXIOM AUDIT theorem: DefiKernel.Typed.Expr.envReads.eq_8; module=DefiKernel.Typed.Expr; axioms=[]
info: DefiKernel/Typed/Verify.lean:7:0: AXIOM AUDIT theorem: DefiKernel.Typed.Expr.envReads.eq_9; module=DefiKernel.Typed.Expr; axioms=[]
info: DefiKernel/Typed/Verify.lean:7:0: AXIOM AUDIT theorem: DefiKernel.Typed.Expr.envReads.eq_def; module=DefiKernel.Typed.Expr; axioms=[]
info: DefiKernel/Typed/Verify.lean:7:0: AXIOM AUDIT theorem: DefiKernel.Typed.Expr.eval.eq_1; module=DefiKernel.Typed.Expr; axioms=[propext,
 Classical.choice,
 Quot.sound]
info: DefiKernel/Typed/Verify.lean:7:0: AXIOM AUDIT theorem: DefiKernel.Typed.Expr.eval.eq_2; module=DefiKernel.Typed.Expr; axioms=[propext,
 Classical.choice,
 Quot.sound]
info: DefiKernel/Typed/Verify.lean:7:0: AXIOM AUDIT theorem: DefiKernel.Typed.Expr.eval.eq_3; module=DefiKernel.Typed.Expr; axioms=[propext,
 Classical.choice,
 Quot.sound]
info: DefiKernel/Typed/Verify.lean:7:0: AXIOM AUDIT theorem: DefiKernel.Typed.Expr.eval.eq_4; module=DefiKernel.Typed.Expr; axioms=[propext,
 Classical.choice,
 Quot.sound]
info: DefiKernel/Typed/Verify.lean:7:0: AXIOM AUDIT theorem: DefiKernel.Typed.Expr.eval.eq_5; module=DefiKernel.Typed.Expr; axioms=[propext,
 Classical.choice,
 Quot.sound]
info: DefiKernel/Typed/Verify.lean:7:0: AXIOM AUDIT theorem: DefiKernel.Typed.Expr.eval.eq_6; module=DefiKernel.Typed.Expr; axioms=[propext,
 Classical.choice,
 Quot.sound]
info: DefiKernel/Typed/Verify.lean:7:0: AXIOM AUDIT theorem: DefiKernel.Typed.Expr.eval.eq_7; module=DefiKernel.Typed.Expr; axioms=[propext,
 Classical.choice,
 Quot.sound]
info: DefiKernel/Typed/Verify.lean:7:0: AXIOM AUDIT theorem: DefiKernel.Typed.Expr.eval.eq_8; module=DefiKernel.Typed.Expr; axioms=[propext,
 Classical.choice,
 Quot.sound]
info: DefiKernel/Typed/Verify.lean:7:0: AXIOM AUDIT theorem: DefiKernel.Typed.Expr.eval.eq_9; module=DefiKernel.Typed.Expr; axioms=[propext,
 Classical.choice,
 Quot.sound]
info: DefiKernel/Typed/Verify.lean:7:0: AXIOM AUDIT theorem: DefiKernel.Typed.Expr.eval.eq_def; module=DefiKernel.Typed.Expr; axioms=[propext,
 Classical.choice,
 Quot.sound]
info: DefiKernel/Typed/Verify.lean:7:0: AXIOM AUDIT theorem: DefiKernel.Typed.Expr.ite.inj; module=DefiKernel.Typed.Expr; axioms=[]
info: DefiKernel/Typed/Verify.lean:7:0: AXIOM AUDIT theorem: DefiKernel.Typed.Expr.ite.injEq; module=DefiKernel.Typed.Expr; axioms=[propext]
info: DefiKernel/Typed/Verify.lean:7:0: AXIOM AUDIT theorem: DefiKernel.Typed.Expr.ite.sizeOf_spec; module=DefiKernel.Typed.Expr; axioms=[]
info: DefiKernel/Typed/Verify.lean:7:0: AXIOM AUDIT theorem: DefiKernel.Typed.Expr.lit.inj; module=DefiKernel.Typed.Expr; axioms=[]
info: DefiKernel/Typed/Verify.lean:7:0: AXIOM AUDIT theorem: DefiKernel.Typed.Expr.lit.injEq; module=DefiKernel.Typed.Expr; axioms=[propext]
info: DefiKernel/Typed/Verify.lean:7:0: AXIOM AUDIT theorem: DefiKernel.Typed.Expr.lit.sizeOf_spec; module=DefiKernel.Typed.Expr; axioms=[]
info: DefiKernel/Typed/Verify.lean:7:0: AXIOM AUDIT theorem: DefiKernel.Typed.Expr.now.sizeOf_spec; module=DefiKernel.Typed.Expr; axioms=[]
info: DefiKernel/Typed/Verify.lean:7:0: AXIOM AUDIT theorem: DefiKernel.Typed.Expr.observe.inj; module=DefiKernel.Typed.Expr; axioms=[]
info: DefiKernel/Typed/Verify.lean:7:0: AXIOM AUDIT theorem: DefiKernel.Typed.Expr.observe.injEq; module=DefiKernel.Typed.Expr; axioms=[propext]
info: DefiKernel/Typed/Verify.lean:7:0: AXIOM AUDIT theorem: DefiKernel.Typed.Expr.observe.sizeOf_spec; module=DefiKernel.Typed.Expr; axioms=[]
info: DefiKernel/Typed/Verify.lean:7:0: AXIOM AUDIT theorem: DefiKernel.Typed.Expr.stateReads.eq_1; module=DefiKernel.Typed.Expr; axioms=[]
info: DefiKernel/Typed/Verify.lean:7:0: AXIOM AUDIT theorem: DefiKernel.Typed.Expr.stateReads.eq_2; module=DefiKernel.Typed.Expr; axioms=[]
info: DefiKernel/Typed/Verify.lean:7:0: AXIOM AUDIT theorem: DefiKernel.Typed.Expr.stateReads.eq_3; module=DefiKernel.Typed.Expr; axioms=[]
info: DefiKernel/Typed/Verify.lean:7:0: AXIOM AUDIT theorem: DefiKernel.Typed.Expr.stateReads.eq_4; module=DefiKernel.Typed.Expr; axioms=[]
info: DefiKernel/Typed/Verify.lean:7:0: AXIOM AUDIT theorem: DefiKernel.Typed.Expr.stateReads.eq_5; module=DefiKernel.Typed.Expr; axioms=[]
info: DefiKernel/Typed/Verify.lean:7:0: AXIOM AUDIT theorem: DefiKernel.Typed.Expr.stateReads.eq_6; module=DefiKernel.Typed.Expr; axioms=[]
info: DefiKernel/Typed/Verify.lean:7:0: AXIOM AUDIT theorem: DefiKernel.Typed.Expr.stateReads.eq_7; module=DefiKernel.Typed.Expr; axioms=[]
info: DefiKernel/Typed/Verify.lean:7:0: AXIOM AUDIT theorem: DefiKernel.Typed.Expr.stateReads.eq_8; module=DefiKernel.Typed.Expr; axioms=[]
info: DefiKernel/Typed/Verify.lean:7:0: AXIOM AUDIT theorem: DefiKernel.Typed.Expr.stateReads.eq_9; module=DefiKernel.Typed.Expr; axioms=[]
info: DefiKernel/Typed/Verify.lean:7:0: AXIOM AUDIT theorem: DefiKernel.Typed.Expr.stateReads.eq_def; module=DefiKernel.Typed.Expr; axioms=[]
info: DefiKernel/Typed/Verify.lean:7:0: AXIOM AUDIT theorem: DefiKernel.Typed.Expr.timestamp.inj; module=DefiKernel.Typed.Expr; axioms=[]
info: DefiKernel/Typed/Verify.lean:7:0: AXIOM AUDIT theorem: DefiKernel.Typed.Expr.timestamp.injEq; module=DefiKernel.Typed.Expr; axioms=[propext]
info: DefiKernel/Typed/Verify.lean:7:0: AXIOM AUDIT theorem: DefiKernel.Typed.Expr.timestamp.sizeOf_spec; module=DefiKernel.Typed.Expr; axioms=[]
info: DefiKernel/Typed/Verify.lean:7:0: AXIOM AUDIT theorem: DefiKernel.Typed.Expr.unary.inj; module=DefiKernel.Typed.Expr; axioms=[]
info: DefiKernel/Typed/Verify.lean:7:0: AXIOM AUDIT theorem: DefiKernel.Typed.Expr.unary.injEq; module=DefiKernel.Typed.Expr; axioms=[propext]
info: DefiKernel/Typed/Verify.lean:7:0: AXIOM AUDIT theorem: DefiKernel.Typed.Expr.unary.sizeOf_spec; module=DefiKernel.Typed.Expr; axioms=[]
info: DefiKernel/Typed/Verify.lean:7:0: AXIOM AUDIT theorem: DefiKernel.Typed.ExprTests.TestAsset.ofNat_ctorIdx; module=DefiKernel.Typed.ExprTests; axioms=[]
info: DefiKernel/Typed/Verify.lean:7:0: AXIOM AUDIT theorem: DefiKernel.Typed.ExprTests.changedState._proof_1; module=DefiKernel.Typed.ExprTests; axioms=[propext,
 Quot.sound]
info: DefiKernel/Typed/Verify.lean:7:0: AXIOM AUDIT theorem: DefiKernel.Typed.ExprTests.checks._proof_1; module=DefiKernel.Typed.ExprTests; axioms=[]
info: DefiKernel/Typed/Verify.lean:7:0: AXIOM AUDIT theorem: DefiKernel.Typed.ExprTests.context.eq_1; module=DefiKernel.Typed.ExprTests; axioms=[propext,
 Quot.sound]
info: DefiKernel/Typed/Verify.lean:7:0: AXIOM AUDIT theorem: DefiKernel.Typed.ExprTests.environment.eq_1; module=DefiKernel.Typed.ExprTests; axioms=[propext,
 Quot.sound]
info: DefiKernel/Typed/Verify.lean:7:0: AXIOM AUDIT theorem: DefiKernel.Typed.ExprTests.initialState._proof_1; module=DefiKernel.Typed.ExprTests; axioms=[propext,
 Quot.sound]
info: DefiKernel/Typed/Verify.lean:7:0: AXIOM AUDIT theorem: DefiKernel.Typed.ExprTests.instDecidableEqTestAsset._proof_1; module=DefiKernel.Typed.ExprTests; axioms=[]
info: DefiKernel/Typed/Verify.lean:7:0: AXIOM AUDIT theorem: DefiKernel.Typed.ExprTests.instDecidableEqTestAsset._proof_2; module=DefiKernel.Typed.ExprTests; axioms=[]
info: DefiKernel/Typed/Verify.lean:7:0: AXIOM AUDIT theorem: DefiKernel.Typed.ExprTests.instFintypeTestAsset._proof_1; module=DefiKernel.Typed.ExprTests; axioms=[propext,
 Classical.choice,
 Quot.sound]
info: DefiKernel/Typed/Verify.lean:7:0: AXIOM AUDIT theorem: DefiKernel.Typed.ExprTests.ledgerRead.eq_1; module=DefiKernel.Typed.ExprTests; axioms=[]
info: DefiKernel/Typed/Verify.lean:7:0: AXIOM AUDIT theorem: DefiKernel.Typed.ExprTests.priced.eq_1; module=DefiKernel.Typed.ExprTests; axioms=[propext,
 Quot.sound]
info: DefiKernel/Typed/Verify.lean:7:0: AXIOM AUDIT theorem: DefiKernel.Typed.ExprTests.shares.eq_1; module=DefiKernel.Typed.ExprTests; axioms=[propext,
 Quot.sound]
info: DefiKernel/Typed/Verify.lean:7:0: AXIOM AUDIT theorem: DefiKernel.Typed.ExprTests.unrelated_balance_preserved._simp_1_2; module=DefiKernel.Typed.ExprTests; axioms=[propext]
info: DefiKernel/Typed/Verify.lean:7:0: AXIOM AUDIT theorem: DefiKernel.Typed.Grant.mk.inj; module=DefiKernel.Typed.Authority; axioms=[]
info: DefiKernel/Typed/Verify.lean:7:0: AXIOM AUDIT theorem: DefiKernel.Typed.Grant.mk.injEq; module=DefiKernel.Typed.Authority; axioms=[propext]
info: DefiKernel/Typed/Verify.lean:7:0: AXIOM AUDIT theorem: DefiKernel.Typed.Grant.mk.sizeOf_spec; module=DefiKernel.Typed.Authority; axioms=[]
info: DefiKernel/Typed/Verify.lean:7:0: AXIOM AUDIT theorem: DefiKernel.Typed.InvocationContext.mk.inj; module=DefiKernel.Typed.Types; axioms=[]
info: DefiKernel/Typed/Verify.lean:7:0: AXIOM AUDIT theorem: DefiKernel.Typed.InvocationContext.mk.injEq; module=DefiKernel.Typed.Types; axioms=[propext]
info: DefiKernel/Typed/Verify.lean:7:0: AXIOM AUDIT theorem: DefiKernel.Typed.InvocationContext.mk.sizeOf_spec; module=DefiKernel.Typed.Types; axioms=[]
info: DefiKernel/Typed/Verify.lean:7:0: AXIOM AUDIT theorem: DefiKernel.Typed.NumericUnit.amount.inj; module=DefiKernel.Typed.Types; axioms=[]
info: DefiKernel/Typed/Verify.lean:7:0: AXIOM AUDIT theorem: DefiKernel.Typed.NumericUnit.amount.injEq; module=DefiKernel.Typed.Types; axioms=[propext]
info: DefiKernel/Typed/Verify.lean:7:0: AXIOM AUDIT theorem: DefiKernel.Typed.NumericUnit.amount.sizeOf_spec; module=DefiKernel.Typed.Types; axioms=[]
info: DefiKernel/Typed/Verify.lean:7:0: AXIOM AUDIT theorem: DefiKernel.Typed.NumericUnit.price.inj; module=DefiKernel.Typed.Types; axioms=[]
info: DefiKernel/Typed/Verify.lean:7:0: AXIOM AUDIT theorem: DefiKernel.Typed.NumericUnit.price.injEq; module=DefiKernel.Typed.Types; axioms=[propext]
info: DefiKernel/Typed/Verify.lean:7:0: AXIOM AUDIT theorem: DefiKernel.Typed.NumericUnit.price.sizeOf_spec; module=DefiKernel.Typed.Types; axioms=[]
info: DefiKernel/Typed/Verify.lean:7:0: AXIOM AUDIT theorem: DefiKernel.Typed.NumericUnit.scalar.sizeOf_spec; module=DefiKernel.Typed.Types; axioms=[]
info: DefiKernel/Typed/Verify.lean:7:0: AXIOM AUDIT theorem: DefiKernel.Typed.Observation.mk.inj; module=DefiKernel.Typed.Types; axioms=[]
info: DefiKernel/Typed/Verify.lean:7:0: AXIOM AUDIT theorem: DefiKernel.Typed.Observation.mk.injEq; module=DefiKernel.Typed.Types; axioms=[propext]
info: DefiKernel/Typed/Verify.lean:7:0: AXIOM AUDIT theorem: DefiKernel.Typed.Observation.mk.sizeOf_spec; module=DefiKernel.Typed.Types; axioms=[]
info: DefiKernel/Typed/Verify.lean:7:0: AXIOM AUDIT theorem: DefiKernel.Typed.ObservationId.mk.inj; module=DefiKernel.Typed.Types; axioms=[]
info: DefiKernel/Typed/Verify.lean:7:0: AXIOM AUDIT theorem: DefiKernel.Typed.ObservationId.mk.injEq; module=DefiKernel.Typed.Types; axioms=[propext]
info: DefiKernel/Typed/Verify.lean:7:0: AXIOM AUDIT theorem: DefiKernel.Typed.ObservationId.mk.sizeOf_spec; module=DefiKernel.Typed.Types; axioms=[]
info: DefiKernel/Typed/Verify.lean:7:0: AXIOM AUDIT theorem: DefiKernel.Typed.ObservationKey.mk.inj; module=DefiKernel.Typed.Types; axioms=[]
info: DefiKernel/Typed/Verify.lean:7:0: AXIOM AUDIT theorem: DefiKernel.Typed.ObservationKey.mk.injEq; module=DefiKernel.Typed.Types; axioms=[propext]
info: DefiKernel/Typed/Verify.lean:7:0: AXIOM AUDIT theorem: DefiKernel.Typed.ObservationKey.mk.sizeOf_spec; module=DefiKernel.Typed.Types; axioms=[]
info: DefiKernel/Typed/Verify.lean:7:0: AXIOM AUDIT theorem: DefiKernel.Typed.ObservationRef.mk.inj; module=DefiKernel.Typed.Types; axioms=[]
info: DefiKernel/Typed/Verify.lean:7:0: AXIOM AUDIT theorem: DefiKernel.Typed.ObservationRef.mk.injEq; module=DefiKernel.Typed.Types; axioms=[propext]
info: DefiKernel/Typed/Verify.lean:7:0: AXIOM AUDIT theorem: DefiKernel.Typed.ObservationRef.mk.sizeOf_spec; module=DefiKernel.Typed.Types; axioms=[]
info: DefiKernel/Typed/Verify.lean:7:0: AXIOM AUDIT theorem: DefiKernel.Typed.OperationId.mk.inj; module=DefiKernel.Typed.Types; axioms=[]
info: DefiKernel/Typed/Verify.lean:7:0: AXIOM AUDIT theorem: DefiKernel.Typed.OperationId.mk.injEq; module=DefiKernel.Typed.Types; axioms=[propext]
info: DefiKernel/Typed/Verify.lean:7:0: AXIOM AUDIT theorem: DefiKernel.Typed.OperationId.mk.sizeOf_spec; module=DefiKernel.Typed.Types; axioms=[]
info: DefiKernel/Typed/Verify.lean:7:0: AXIOM AUDIT theorem: DefiKernel.Typed.PartyRef.argument.inj; module=DefiKernel.Typed.Types; axioms=[]
info: DefiKernel/Typed/Verify.lean:7:0: AXIOM AUDIT theorem: DefiKernel.Typed.PartyRef.argument.injEq; module=DefiKernel.Typed.Types; axioms=[propext]
info: DefiKernel/Typed/Verify.lean:7:0: AXIOM AUDIT theorem: DefiKernel.Typed.PartyRef.argument.sizeOf_spec; module=DefiKernel.Typed.Types; axioms=[]
info: DefiKernel/Typed/Verify.lean:7:0: AXIOM AUDIT theorem: DefiKernel.Typed.PartyRef.caller.sizeOf_spec; module=DefiKernel.Typed.Types; axioms=[]
info: DefiKernel/Typed/Verify.lean:7:0: AXIOM AUDIT theorem: DefiKernel.Typed.PartyRef.literal.inj; module=DefiKernel.Typed.Types; axioms=[]
info: DefiKernel/Typed/Verify.lean:7:0: AXIOM AUDIT theorem: DefiKernel.Typed.PartyRef.literal.injEq; module=DefiKernel.Typed.Types; axioms=[propext]
info: DefiKernel/Typed/Verify.lean:7:0: AXIOM AUDIT theorem: DefiKernel.Typed.PartyRef.literal.sizeOf_spec; module=DefiKernel.Typed.Types; axioms=[]
info: DefiKernel/Typed/Verify.lean:7:0: AXIOM AUDIT theorem: DefiKernel.Typed.Quantity.mk.inj; module=DefiKernel.Typed.Types; axioms=[propext, Quot.sound]
info: DefiKernel/Typed/Verify.lean:7:0: AXIOM AUDIT theorem: DefiKernel.Typed.Quantity.mk.injEq; module=DefiKernel.Typed.Types; axioms=[propext, Quot.sound]
info: DefiKernel/Typed/Verify.lean:7:0: AXIOM AUDIT theorem: DefiKernel.Typed.Quantity.mk.sizeOf_spec; module=DefiKernel.Typed.Types; axioms=[propext,
 Quot.sound]
info: DefiKernel/Typed/Verify.lean:7:0: AXIOM AUDIT theorem: DefiKernel.Typed.Refusal.accounting.sizeOf_spec; module=DefiKernel.Typed.Transition; axioms=[]
info: DefiKernel/Typed/Verify.lean:7:0: AXIOM AUDIT theorem: DefiKernel.Typed.Refusal.actorMismatch.sizeOf_spec; module=DefiKernel.Typed.Transition; axioms=[]
info: DefiKernel/Typed/Verify.lean:7:0: AXIOM AUDIT theorem: DefiKernel.Typed.Refusal.crossDomain.sizeOf_spec; module=DefiKernel.Typed.Transition; axioms=[]
info: DefiKernel/Typed/Verify.lean:7:0: AXIOM AUDIT theorem: DefiKernel.Typed.Refusal.domainMismatch.sizeOf_spec; module=DefiKernel.Typed.Transition; axioms=[]
info: DefiKernel/Typed/Verify.lean:7:0: AXIOM AUDIT theorem: DefiKernel.Typed.Refusal.envReadFootprint.sizeOf_spec; module=DefiKernel.Typed.Transition; axioms=[]
info: DefiKernel/Typed/Verify.lean:7:0: AXIOM AUDIT theorem: DefiKernel.Typed.Refusal.evaluation.inj; module=DefiKernel.Typed.Transition; axioms=[]
info: DefiKernel/Typed/Verify.lean:7:0: AXIOM AUDIT theorem: DefiKernel.Typed.Refusal.evaluation.injEq; module=DefiKernel.Typed.Transition; axioms=[propext]
info: DefiKernel/Typed/Verify.lean:7:0: AXIOM AUDIT theorem: DefiKernel.Typed.Refusal.evaluation.sizeOf_spec; module=DefiKernel.Typed.Transition; axioms=[]
info: DefiKernel/Typed/Verify.lean:7:0: AXIOM AUDIT theorem: DefiKernel.Typed.Refusal.guard.sizeOf_spec; module=DefiKernel.Typed.Transition; axioms=[]
info: DefiKernel/Typed/Verify.lean:7:0: AXIOM AUDIT theorem: DefiKernel.Typed.Refusal.insufficientFunds.sizeOf_spec; module=DefiKernel.Typed.Transition; axioms=[]
info: DefiKernel/Typed/Verify.lean:7:0: AXIOM AUDIT theorem: DefiKernel.Typed.Refusal.partyArity.sizeOf_spec; module=DefiKernel.Typed.Transition; axioms=[]
info: DefiKernel/Typed/Verify.lean:7:0: AXIOM AUDIT theorem: DefiKernel.Typed.Refusal.stateReadFootprint.sizeOf_spec; module=DefiKernel.Typed.Transition; axioms=[]
info: DefiKernel/Typed/Verify.lean:7:0: AXIOM AUDIT theorem: DefiKernel.Typed.Refusal.unauthorizedDebit.sizeOf_spec; module=DefiKernel.Typed.Transition; axioms=[]
info: DefiKernel/Typed/Verify.lean:7:0: AXIOM AUDIT theorem: DefiKernel.Typed.Refusal.unauthorizedInvoke.sizeOf_spec; module=DefiKernel.Typed.Transition; axioms=[]
info: DefiKernel/Typed/Verify.lean:7:0: AXIOM AUDIT theorem: DefiKernel.Typed.Refusal.unauthorizedSupply.sizeOf_spec; module=DefiKernel.Typed.Transition; axioms=[]
info: DefiKernel/Typed/Verify.lean:7:0: AXIOM AUDIT theorem: DefiKernel.Typed.Refusal.unknownOperation.sizeOf_spec; module=DefiKernel.Typed.Transition; axioms=[]
info: DefiKernel/Typed/Verify.lean:7:0: AXIOM AUDIT theorem: DefiKernel.Typed.Refusal.writeFootprint.sizeOf_spec; module=DefiKernel.Typed.Transition; axioms=[]
info: DefiKernel/Typed/Verify.lean:7:0: AXIOM AUDIT theorem: DefiKernel.Typed.Request.mk.inj; module=DefiKernel.Typed.Transition; axioms=[]
info: DefiKernel/Typed/Verify.lean:7:0: AXIOM AUDIT theorem: DefiKernel.Typed.Request.mk.injEq; module=DefiKernel.Typed.Transition; axioms=[propext]
info: DefiKernel/Typed/Verify.lean:7:0: AXIOM AUDIT theorem: DefiKernel.Typed.Request.mk.sizeOf_spec; module=DefiKernel.Typed.Transition; axioms=[]
info: DefiKernel/Typed/Verify.lean:7:0: AXIOM AUDIT theorem: DefiKernel.Typed.Right.changeSupply.inj; module=DefiKernel.Typed.Authority; axioms=[]
info: DefiKernel/Typed/Verify.lean:7:0: AXIOM AUDIT theorem: DefiKernel.Typed.Right.changeSupply.injEq; module=DefiKernel.Typed.Authority; axioms=[propext]
info: DefiKernel/Typed/Verify.lean:7:0: AXIOM AUDIT theorem: DefiKernel.Typed.Right.changeSupply.sizeOf_spec; module=DefiKernel.Typed.Authority; axioms=[]
info: DefiKernel/Typed/Verify.lean:7:0: AXIOM AUDIT theorem: DefiKernel.Typed.Right.debit.inj; module=DefiKernel.Typed.Authority; axioms=[]
info: DefiKernel/Typed/Verify.lean:7:0: AXIOM AUDIT theorem: DefiKernel.Typed.Right.debit.injEq; module=DefiKernel.Typed.Authority; axioms=[propext]
info: DefiKernel/Typed/Verify.lean:7:0: AXIOM AUDIT theorem: DefiKernel.Typed.Right.debit.sizeOf_spec; module=DefiKernel.Typed.Authority; axioms=[]
info: DefiKernel/Typed/Verify.lean:7:0: AXIOM AUDIT theorem: DefiKernel.Typed.Right.inDomain.congr_simp; module=DefiKernel.Typed.Authority; axioms=[Quot.sound]
info: DefiKernel/Typed/Verify.lean:7:0: AXIOM AUDIT theorem: DefiKernel.Typed.Right.invoke.sizeOf_spec; module=DefiKernel.Typed.Authority; axioms=[]
info: DefiKernel/Typed/Verify.lean:7:0: AXIOM AUDIT theorem: DefiKernel.Typed.State.mk.congr_simp; module=DefiKernel.Typed.Transition; axioms=[propext,
 Quot.sound]
info: DefiKernel/Typed/Verify.lean:7:0: AXIOM AUDIT theorem: DefiKernel.Typed.State.mk.inj; module=DefiKernel.Typed.Types; axioms=[propext, Quot.sound]
info: DefiKernel/Typed/Verify.lean:7:0: AXIOM AUDIT theorem: DefiKernel.Typed.State.mk.injEq; module=DefiKernel.Typed.Types; axioms=[propext, Quot.sound]
info: DefiKernel/Typed/Verify.lean:7:0: AXIOM AUDIT theorem: DefiKernel.Typed.State.mk.sizeOf_spec; module=DefiKernel.Typed.Types; axioms=[propext, Quot.sound]
info: DefiKernel/Typed/Verify.lean:7:0: AXIOM AUDIT theorem: DefiKernel.Typed.SupplyDelta.mk.inj; module=DefiKernel.Typed.Transition; axioms=[]
info: DefiKernel/Typed/Verify.lean:7:0: AXIOM AUDIT theorem: DefiKernel.Typed.SupplyDelta.mk.injEq; module=DefiKernel.Typed.Transition; axioms=[propext]
info: DefiKernel/Typed/Verify.lean:7:0: AXIOM AUDIT theorem: DefiKernel.Typed.SupplyDelta.mk.sizeOf_spec; module=DefiKernel.Typed.Transition; axioms=[]
info: DefiKernel/Typed/Verify.lean:7:0: AXIOM AUDIT theorem: DefiKernel.Typed.Template.mk.inj; module=DefiKernel.Typed.Transition; axioms=[]
info: DefiKernel/Typed/Verify.lean:7:0: AXIOM AUDIT theorem: DefiKernel.Typed.Template.mk.injEq; module=DefiKernel.Typed.Transition; axioms=[propext]
info: DefiKernel/Typed/Verify.lean:7:0: AXIOM AUDIT theorem: DefiKernel.Typed.Template.mk.sizeOf_spec; module=DefiKernel.Typed.Transition; axioms=[]
info: DefiKernel/Typed/Verify.lean:7:0: AXIOM AUDIT theorem: DefiKernel.Typed.TransitionTests.state._proof_1; module=DefiKernel.Typed.TransitionTests; axioms=[propext,
 Quot.sound]
info: DefiKernel/Typed/Verify.lean:7:0: AXIOM AUDIT theorem: DefiKernel.Typed.UnaryOp.neg.sizeOf_spec; module=DefiKernel.Typed.Expr; axioms=[]
info: DefiKernel/Typed/Verify.lean:7:0: AXIOM AUDIT theorem: DefiKernel.Typed.UnaryOp.not.sizeOf_spec; module=DefiKernel.Typed.Expr; axioms=[]
info: DefiKernel/Typed/Verify.lean:7:0: AXIOM AUDIT theorem: DefiKernel.Typed.Unit.amount.inj; module=DefiKernel.Typed.Types; axioms=[]
info: DefiKernel/Typed/Verify.lean:7:0: AXIOM AUDIT theorem: DefiKernel.Typed.Unit.amount.injEq; module=DefiKernel.Typed.Types; axioms=[propext]
info: DefiKernel/Typed/Verify.lean:7:0: AXIOM AUDIT theorem: DefiKernel.Typed.Unit.amount.sizeOf_spec; module=DefiKernel.Typed.Types; axioms=[]
info: DefiKernel/Typed/Verify.lean:7:0: AXIOM AUDIT theorem: DefiKernel.Typed.Unit.bool.sizeOf_spec; module=DefiKernel.Typed.Types; axioms=[]
info: DefiKernel/Typed/Verify.lean:7:0: AXIOM AUDIT theorem: DefiKernel.Typed.Unit.price.inj; module=DefiKernel.Typed.Types; axioms=[]
info: DefiKernel/Typed/Verify.lean:7:0: AXIOM AUDIT theorem: DefiKernel.Typed.Unit.price.injEq; module=DefiKernel.Typed.Types; axioms=[propext]
info: DefiKernel/Typed/Verify.lean:7:0: AXIOM AUDIT theorem: DefiKernel.Typed.Unit.price.sizeOf_spec; module=DefiKernel.Typed.Types; axioms=[]
info: DefiKernel/Typed/Verify.lean:7:0: AXIOM AUDIT theorem: DefiKernel.Typed.Unit.scalar.sizeOf_spec; module=DefiKernel.Typed.Types; axioms=[]
info: DefiKernel/Typed/Verify.lean:7:0: AXIOM AUDIT theorem: DefiKernel.Typed.Var.brecOn.eq; module=DefiKernel.Typed.Expr; axioms=[]
info: DefiKernel/Typed/Verify.lean:7:0: AXIOM AUDIT theorem: DefiKernel.Typed.Var.here.sizeOf_spec; module=DefiKernel.Typed.Expr; axioms=[]
info: DefiKernel/Typed/Verify.lean:7:0: AXIOM AUDIT theorem: DefiKernel.Typed.Var.there.inj; module=DefiKernel.Typed.Expr; axioms=[]
info: DefiKernel/Typed/Verify.lean:7:0: AXIOM AUDIT theorem: DefiKernel.Typed.Var.there.injEq; module=DefiKernel.Typed.Expr; axioms=[propext]
info: DefiKernel/Typed/Verify.lean:7:0: AXIOM AUDIT theorem: DefiKernel.Typed.Var.there.sizeOf_spec; module=DefiKernel.Typed.Expr; axioms=[]
info: DefiKernel/Typed/Verify.lean:7:0: AXIOM AUDIT theorem: DefiKernel.Typed.instDecidableEqCapability.decEq._proof_1; module=DefiKernel.Typed.Authority; axioms=[]
info: DefiKernel/Typed/Verify.lean:7:0: AXIOM AUDIT theorem: DefiKernel.Typed.instDecidableEqCapability.decEq._proof_2; module=DefiKernel.Typed.Authority; axioms=[]
info: DefiKernel/Typed/Verify.lean:7:0: AXIOM AUDIT theorem: DefiKernel.Typed.instDecidableEqCapability.decEq._proof_3; module=DefiKernel.Typed.Authority; axioms=[]
info: DefiKernel/Typed/Verify.lean:7:0: AXIOM AUDIT theorem: DefiKernel.Typed.instDecidableEqCapabilityId.decEq._proof_1; module=DefiKernel.Typed.Types; axioms=[]
info: DefiKernel/Typed/Verify.lean:7:0: AXIOM AUDIT theorem: DefiKernel.Typed.instDecidableEqCapabilityId.decEq._proof_2; module=DefiKernel.Typed.Types; axioms=[]
info: DefiKernel/Typed/Verify.lean:7:0: AXIOM AUDIT theorem: DefiKernel.Typed.instDecidableEqCapabilityStore.decEq._proof_1; module=DefiKernel.Typed.Authority; axioms=[]
info: DefiKernel/Typed/Verify.lean:7:0: AXIOM AUDIT theorem: DefiKernel.Typed.instDecidableEqCapabilityStore.decEq._proof_2; module=DefiKernel.Typed.Authority; axioms=[]
info: DefiKernel/Typed/Verify.lean:7:0: AXIOM AUDIT theorem: DefiKernel.Typed.instDecidableEqCellRef.decEq._proof_1; module=DefiKernel.Typed.Types; axioms=[]
info: DefiKernel/Typed/Verify.lean:7:0: AXIOM AUDIT theorem: DefiKernel.Typed.instDecidableEqCellRef.decEq._proof_2; module=DefiKernel.Typed.Types; axioms=[]
info: DefiKernel/Typed/Verify.lean:7:0: AXIOM AUDIT theorem: DefiKernel.Typed.instDecidableEqCellRef.decEq._proof_3; module=DefiKernel.Typed.Types; axioms=[]
info: DefiKernel/Typed/Verify.lean:7:0: AXIOM AUDIT theorem: DefiKernel.Typed.instDecidableEqClaimId.decEq._proof_1; module=DefiKernel.Typed.Types; axioms=[]
info: DefiKernel/Typed/Verify.lean:7:0: AXIOM AUDIT theorem: DefiKernel.Typed.instDecidableEqClaimId.decEq._proof_2; module=DefiKernel.Typed.Types; axioms=[]
info: DefiKernel/Typed/Verify.lean:7:0: AXIOM AUDIT theorem: DefiKernel.Typed.instDecidableEqEnvRead.decEq._proof_1; module=DefiKernel.Typed.Expr; axioms=[]
info: DefiKernel/Typed/Verify.lean:7:0: AXIOM AUDIT theorem: DefiKernel.Typed.instDecidableEqEnvRead.decEq._proof_2; module=DefiKernel.Typed.Expr; axioms=[]
info: DefiKernel/Typed/Verify.lean:7:0: AXIOM AUDIT theorem: DefiKernel.Typed.instDecidableEqEnvRead.decEq._proof_3; module=DefiKernel.Typed.Expr; axioms=[]
info: DefiKernel/Typed/Verify.lean:7:0: AXIOM AUDIT theorem: DefiKernel.Typed.instDecidableEqEnvRead.decEq._proof_4; module=DefiKernel.Typed.Expr; axioms=[]
info: DefiKernel/Typed/Verify.lean:7:0: AXIOM AUDIT theorem: DefiKernel.Typed.instDecidableEqEnvRead.decEq._proof_5; module=DefiKernel.Typed.Expr; axioms=[]
info: DefiKernel/Typed/Verify.lean:7:0: AXIOM AUDIT theorem: DefiKernel.Typed.instDecidableEqGrant.decEq._proof_1; module=DefiKernel.Typed.Authority; axioms=[]
info: DefiKernel/Typed/Verify.lean:7:0: AXIOM AUDIT theorem: DefiKernel.Typed.instDecidableEqGrant.decEq._proof_2; module=DefiKernel.Typed.Authority; axioms=[]
info: DefiKernel/Typed/Verify.lean:7:0: AXIOM AUDIT theorem: DefiKernel.Typed.instDecidableEqGrant.decEq._proof_3; module=DefiKernel.Typed.Authority; axioms=[]
info: DefiKernel/Typed/Verify.lean:7:0: AXIOM AUDIT theorem: DefiKernel.Typed.instDecidableEqGrant.decEq._proof_4; module=DefiKernel.Typed.Authority; axioms=[]
info: DefiKernel/Typed/Verify.lean:7:0: AXIOM AUDIT theorem: DefiKernel.Typed.instDecidableEqGrant.decEq._proof_5; module=DefiKernel.Typed.Authority; axioms=[]
info: DefiKernel/Typed/Verify.lean:7:0: AXIOM AUDIT theorem: DefiKernel.Typed.instDecidableEqInvocationContext.decEq._proof_1; module=DefiKernel.Typed.Types; axioms=[]
info: DefiKernel/Typed/Verify.lean:7:0: AXIOM AUDIT theorem: DefiKernel.Typed.instDecidableEqInvocationContext.decEq._proof_2; module=DefiKernel.Typed.Types; axioms=[]
info: DefiKernel/Typed/Verify.lean:7:0: AXIOM AUDIT theorem: DefiKernel.Typed.instDecidableEqInvocationContext.decEq._proof_3; module=DefiKernel.Typed.Types; axioms=[]
info: DefiKernel/Typed/Verify.lean:7:0: AXIOM AUDIT theorem: DefiKernel.Typed.instDecidableEqNumericUnit.decEq._proof_1; module=DefiKernel.Typed.Types; axioms=[]
info: DefiKernel/Typed/Verify.lean:7:0: AXIOM AUDIT theorem: DefiKernel.Typed.instDecidableEqNumericUnit.decEq._proof_10; module=DefiKernel.Typed.Types; axioms=[]
info: DefiKernel/Typed/Verify.lean:7:0: AXIOM AUDIT theorem: DefiKernel.Typed.instDecidableEqNumericUnit.decEq._proof_11; module=DefiKernel.Typed.Types; axioms=[]
info: DefiKernel/Typed/Verify.lean:7:0: AXIOM AUDIT theorem: DefiKernel.Typed.instDecidableEqNumericUnit.decEq._proof_12; module=DefiKernel.Typed.Types; axioms=[]
info: DefiKernel/Typed/Verify.lean:7:0: AXIOM AUDIT theorem: DefiKernel.Typed.instDecidableEqNumericUnit.decEq._proof_2; module=DefiKernel.Typed.Types; axioms=[]
info: DefiKernel/Typed/Verify.lean:7:0: AXIOM AUDIT theorem: DefiKernel.Typed.instDecidableEqNumericUnit.decEq._proof_3; module=DefiKernel.Typed.Types; axioms=[]
info: DefiKernel/Typed/Verify.lean:7:0: AXIOM AUDIT theorem: DefiKernel.Typed.instDecidableEqNumericUnit.decEq._proof_4; module=DefiKernel.Typed.Types; axioms=[]
info: DefiKernel/Typed/Verify.lean:7:0: AXIOM AUDIT theorem: DefiKernel.Typed.instDecidableEqNumericUnit.decEq._proof_5; module=DefiKernel.Typed.Types; axioms=[]
info: DefiKernel/Typed/Verify.lean:7:0: AXIOM AUDIT theorem: DefiKernel.Typed.instDecidableEqNumericUnit.decEq._proof_6; module=DefiKernel.Typed.Types; axioms=[]
info: DefiKernel/Typed/Verify.lean:7:0: AXIOM AUDIT theorem: DefiKernel.Typed.instDecidableEqNumericUnit.decEq._proof_7; module=DefiKernel.Typed.Types; axioms=[]
info: DefiKernel/Typed/Verify.lean:7:0: AXIOM AUDIT theorem: DefiKernel.Typed.instDecidableEqNumericUnit.decEq._proof_8; module=DefiKernel.Typed.Types; axioms=[]
info: DefiKernel/Typed/Verify.lean:7:0: AXIOM AUDIT theorem: DefiKernel.Typed.instDecidableEqNumericUnit.decEq._proof_9; module=DefiKernel.Typed.Types; axioms=[]
info: DefiKernel/Typed/Verify.lean:7:0: AXIOM AUDIT theorem: DefiKernel.Typed.instDecidableEqObservationId.decEq._proof_1; module=DefiKernel.Typed.Types; axioms=[]
info: DefiKernel/Typed/Verify.lean:7:0: AXIOM AUDIT theorem: DefiKernel.Typed.instDecidableEqObservationId.decEq._proof_2; module=DefiKernel.Typed.Types; axioms=[]
info: DefiKernel/Typed/Verify.lean:7:0: AXIOM AUDIT theorem: DefiKernel.Typed.instDecidableEqObservationKey.decEq._proof_1; module=DefiKernel.Typed.Types; axioms=[]
info: DefiKernel/Typed/Verify.lean:7:0: AXIOM AUDIT theorem: DefiKernel.Typed.instDecidableEqObservationKey.decEq._proof_2; module=DefiKernel.Typed.Types; axioms=[]
info: DefiKernel/Typed/Verify.lean:7:0: AXIOM AUDIT theorem: DefiKernel.Typed.instDecidableEqObservationKey.decEq._proof_3; module=DefiKernel.Typed.Types; axioms=[]
info: DefiKernel/Typed/Verify.lean:7:0: AXIOM AUDIT theorem: DefiKernel.Typed.instDecidableEqObservationRef.decEq._proof_1; module=DefiKernel.Typed.Types; axioms=[]
info: DefiKernel/Typed/Verify.lean:7:0: AXIOM AUDIT theorem: DefiKernel.Typed.instDecidableEqObservationRef.decEq._proof_2; module=DefiKernel.Typed.Types; axioms=[]
info: DefiKernel/Typed/Verify.lean:7:0: AXIOM AUDIT theorem: DefiKernel.Typed.instDecidableEqOperationId.decEq._proof_1; module=DefiKernel.Typed.Types; axioms=[]
info: DefiKernel/Typed/Verify.lean:7:0: AXIOM AUDIT theorem: DefiKernel.Typed.instDecidableEqOperationId.decEq._proof_2; module=DefiKernel.Typed.Types; axioms=[]
info: DefiKernel/Typed/Verify.lean:7:0: AXIOM AUDIT theorem: DefiKernel.Typed.instDecidableEqPartyRef.decEq._proof_1; module=DefiKernel.Typed.Types; axioms=[]
info: DefiKernel/Typed/Verify.lean:7:0: AXIOM AUDIT theorem: DefiKernel.Typed.instDecidableEqPartyRef.decEq._proof_10; module=DefiKernel.Typed.Types; axioms=[]
info: DefiKernel/Typed/Verify.lean:7:0: AXIOM AUDIT theorem: DefiKernel.Typed.instDecidableEqPartyRef.decEq._proof_11; module=DefiKernel.Typed.Types; axioms=[]
info: DefiKernel/Typed/Verify.lean:7:0: AXIOM AUDIT theorem: DefiKernel.Typed.instDecidableEqPartyRef.decEq._proof_2; module=DefiKernel.Typed.Types; axioms=[]
info: DefiKernel/Typed/Verify.lean:7:0: AXIOM AUDIT theorem: DefiKernel.Typed.instDecidableEqPartyRef.decEq._proof_3; module=DefiKernel.Typed.Types; axioms=[]
info: DefiKernel/Typed/Verify.lean:7:0: AXIOM AUDIT theorem: DefiKernel.Typed.instDecidableEqPartyRef.decEq._proof_4; module=DefiKernel.Typed.Types; axioms=[]
info: DefiKernel/Typed/Verify.lean:7:0: AXIOM AUDIT theorem: DefiKernel.Typed.instDecidableEqPartyRef.decEq._proof_5; module=DefiKernel.Typed.Types; axioms=[]
info: DefiKernel/Typed/Verify.lean:7:0: AXIOM AUDIT theorem: DefiKernel.Typed.instDecidableEqPartyRef.decEq._proof_6; module=DefiKernel.Typed.Types; axioms=[]
info: DefiKernel/Typed/Verify.lean:7:0: AXIOM AUDIT theorem: DefiKernel.Typed.instDecidableEqPartyRef.decEq._proof_7; module=DefiKernel.Typed.Types; axioms=[]
info: DefiKernel/Typed/Verify.lean:7:0: AXIOM AUDIT theorem: DefiKernel.Typed.instDecidableEqPartyRef.decEq._proof_8; module=DefiKernel.Typed.Types; axioms=[]
info: DefiKernel/Typed/Verify.lean:7:0: AXIOM AUDIT theorem: DefiKernel.Typed.instDecidableEqPartyRef.decEq._proof_9; module=DefiKernel.Typed.Types; axioms=[]
info: DefiKernel/Typed/Verify.lean:7:0: AXIOM AUDIT theorem: DefiKernel.Typed.instDecidableEqRefusal.decEq._proof_1; module=DefiKernel.Typed.Transition; axioms=[]
info: DefiKernel/Typed/Verify.lean:7:0: AXIOM AUDIT theorem: DefiKernel.Typed.instDecidableEqRefusal.decEq._proof_2; module=DefiKernel.Typed.Transition; axioms=[]
info: DefiKernel/Typed/Verify.lean:7:0: AXIOM AUDIT theorem: DefiKernel.Typed.instDecidableEqRefusal.decEq._proof_3; module=DefiKernel.Typed.Transition; axioms=[]
info: DefiKernel/Typed/Verify.lean:7:0: AXIOM AUDIT theorem: DefiKernel.Typed.instDecidableEqRight.decEq._proof_1; module=DefiKernel.Typed.Authority; axioms=[]
info: DefiKernel/Typed/Verify.lean:7:0: AXIOM AUDIT theorem: DefiKernel.Typed.instDecidableEqRight.decEq._proof_10; module=DefiKernel.Typed.Authority; axioms=[]
info: DefiKernel/Typed/Verify.lean:7:0: AXIOM AUDIT theorem: DefiKernel.Typed.instDecidableEqRight.decEq._proof_11; module=DefiKernel.Typed.Authority; axioms=[]
info: DefiKernel/Typed/Verify.lean:7:0: AXIOM AUDIT theorem: DefiKernel.Typed.instDecidableEqRight.decEq._proof_12; module=DefiKernel.Typed.Authority; axioms=[]
info: DefiKernel/Typed/Verify.lean:7:0: AXIOM AUDIT theorem: DefiKernel.Typed.instDecidableEqRight.decEq._proof_2; module=DefiKernel.Typed.Authority; axioms=[]
info: DefiKernel/Typed/Verify.lean:7:0: AXIOM AUDIT theorem: DefiKernel.Typed.instDecidableEqRight.decEq._proof_3; module=DefiKernel.Typed.Authority; axioms=[]
info: DefiKernel/Typed/Verify.lean:7:0: AXIOM AUDIT theorem: DefiKernel.Typed.instDecidableEqRight.decEq._proof_4; module=DefiKernel.Typed.Authority; axioms=[]
info: DefiKernel/Typed/Verify.lean:7:0: AXIOM AUDIT theorem: DefiKernel.Typed.instDecidableEqRight.decEq._proof_5; module=DefiKernel.Typed.Authority; axioms=[]
info: DefiKernel/Typed/Verify.lean:7:0: AXIOM AUDIT theorem: DefiKernel.Typed.instDecidableEqRight.decEq._proof_6; module=DefiKernel.Typed.Authority; axioms=[]
info: DefiKernel/Typed/Verify.lean:7:0: AXIOM AUDIT theorem: DefiKernel.Typed.instDecidableEqRight.decEq._proof_7; module=DefiKernel.Typed.Authority; axioms=[]
info: DefiKernel/Typed/Verify.lean:7:0: AXIOM AUDIT theorem: DefiKernel.Typed.instDecidableEqRight.decEq._proof_8; module=DefiKernel.Typed.Authority; axioms=[]
info: DefiKernel/Typed/Verify.lean:7:0: AXIOM AUDIT theorem: DefiKernel.Typed.instDecidableEqRight.decEq._proof_9; module=DefiKernel.Typed.Authority; axioms=[]
info: DefiKernel/Typed/Verify.lean:7:0: AXIOM AUDIT theorem: DefiKernel.Typed.instDecidableEqUnit.decEq._proof_1; module=DefiKernel.Typed.Types; axioms=[]
info: DefiKernel/Typed/Verify.lean:7:0: AXIOM AUDIT theorem: DefiKernel.Typed.instDecidableEqUnit.decEq._proof_10; module=DefiKernel.Typed.Types; axioms=[]
info: DefiKernel/Typed/Verify.lean:7:0: AXIOM AUDIT theorem: DefiKernel.Typed.instDecidableEqUnit.decEq._proof_11; module=DefiKernel.Typed.Types; axioms=[]
info: DefiKernel/Typed/Verify.lean:7:0: AXIOM AUDIT theorem: DefiKernel.Typed.instDecidableEqUnit.decEq._proof_12; module=DefiKernel.Typed.Types; axioms=[]
info: DefiKernel/Typed/Verify.lean:7:0: AXIOM AUDIT theorem: DefiKernel.Typed.instDecidableEqUnit.decEq._proof_13; module=DefiKernel.Typed.Types; axioms=[]
info: DefiKernel/Typed/Verify.lean:7:0: AXIOM AUDIT theorem: DefiKernel.Typed.instDecidableEqUnit.decEq._proof_14; module=DefiKernel.Typed.Types; axioms=[]
info: DefiKernel/Typed/Verify.lean:7:0: AXIOM AUDIT theorem: DefiKernel.Typed.instDecidableEqUnit.decEq._proof_15; module=DefiKernel.Typed.Types; axioms=[]
info: DefiKernel/Typed/Verify.lean:7:0: AXIOM AUDIT theorem: DefiKernel.Typed.instDecidableEqUnit.decEq._proof_16; module=DefiKernel.Typed.Types; axioms=[]
info: DefiKernel/Typed/Verify.lean:7:0: AXIOM AUDIT theorem: DefiKernel.Typed.instDecidableEqUnit.decEq._proof_17; module=DefiKernel.Typed.Types; axioms=[]
info: DefiKernel/Typed/Verify.lean:7:0: AXIOM AUDIT theorem: DefiKernel.Typed.instDecidableEqUnit.decEq._proof_18; module=DefiKernel.Typed.Types; axioms=[]
info: DefiKernel/Typed/Verify.lean:7:0: AXIOM AUDIT theorem: DefiKernel.Typed.instDecidableEqUnit.decEq._proof_19; module=DefiKernel.Typed.Types; axioms=[]
info: DefiKernel/Typed/Verify.lean:7:0: AXIOM AUDIT theorem: DefiKernel.Typed.instDecidableEqUnit.decEq._proof_2; module=DefiKernel.Typed.Types; axioms=[]
info: DefiKernel/Typed/Verify.lean:7:0: AXIOM AUDIT theorem: DefiKernel.Typed.instDecidableEqUnit.decEq._proof_3; module=DefiKernel.Typed.Types; axioms=[]
info: DefiKernel/Typed/Verify.lean:7:0: AXIOM AUDIT theorem: DefiKernel.Typed.instDecidableEqUnit.decEq._proof_4; module=DefiKernel.Typed.Types; axioms=[]
info: DefiKernel/Typed/Verify.lean:7:0: AXIOM AUDIT theorem: DefiKernel.Typed.instDecidableEqUnit.decEq._proof_5; module=DefiKernel.Typed.Types; axioms=[]
info: DefiKernel/Typed/Verify.lean:7:0: AXIOM AUDIT theorem: DefiKernel.Typed.instDecidableEqUnit.decEq._proof_6; module=DefiKernel.Typed.Types; axioms=[]
info: DefiKernel/Typed/Verify.lean:7:0: AXIOM AUDIT theorem: DefiKernel.Typed.instDecidableEqUnit.decEq._proof_7; module=DefiKernel.Typed.Types; axioms=[]
info: DefiKernel/Typed/Verify.lean:7:0: AXIOM AUDIT theorem: DefiKernel.Typed.instDecidableEqUnit.decEq._proof_8; module=DefiKernel.Typed.Types; axioms=[]
info: DefiKernel/Typed/Verify.lean:7:0: AXIOM AUDIT theorem: DefiKernel.Typed.instDecidableEqUnit.decEq._proof_9; module=DefiKernel.Typed.Types; axioms=[]
info: DefiKernel/Typed/Verify.lean:7:0: AXIOM AUDIT theorem: _private.DefiKernel.Typed.Authority.0.DefiKernel.Typed.revokeCapability.match_1.eq_1; module=DefiKernel.Typed.Authority; axioms=[]
info: DefiKernel/Typed/Verify.lean:7:0: AXIOM AUDIT theorem: _private.DefiKernel.Typed.Authority.0.DefiKernel.Typed.revokeCapability.match_1.eq_2; module=DefiKernel.Typed.Authority; axioms=[]
info: DefiKernel/Typed/Verify.lean:7:0: AXIOM AUDIT theorem: _private.DefiKernel.Typed.Expr.0.DefiKernel.Typed.readObservation.match_1.eq_1; module=DefiKernel.Typed.Expr; axioms=[]
info: DefiKernel/Typed/Verify.lean:7:0: AXIOM AUDIT theorem: _private.DefiKernel.Typed.Expr.0.DefiKernel.Typed.readObservation.match_1.eq_2; module=DefiKernel.Typed.Expr; axioms=[]
info: DefiKernel/Typed/Verify.lean:7:0: AXIOM AUDIT theorem: DefiKernel.Typed.Examples.Asset.collateral.sizeOf_spec; module=DefiKernel.Typed.Examples; axioms=[]
info: DefiKernel/Typed/Verify.lean:7:0: AXIOM AUDIT theorem: DefiKernel.Typed.Examples.Asset.debt.sizeOf_spec; module=DefiKernel.Typed.Examples; axioms=[]
info: DefiKernel/Typed/Verify.lean:7:0: AXIOM AUDIT theorem: DefiKernel.Typed.Examples.Asset.share.sizeOf_spec; module=DefiKernel.Typed.Examples; axioms=[]
info: DefiKernel/Typed/Verify.lean:7:0: AXIOM AUDIT theorem: DefiKernel.Typed.Examples.Asset.usd.sizeOf_spec; module=DefiKernel.Typed.Examples; axioms=[]
info: DefiKernel/Typed/Verify.lean:7:0: AXIOM AUDIT theorem: DefiKernel.Typed.Examples.Domain.main.sizeOf_spec; module=DefiKernel.Typed.Examples; axioms=[]
info: DefiKernel/Typed/Verify.lean:7:0: AXIOM AUDIT theorem: DefiKernel.Typed.Examples.Domain.other.sizeOf_spec; module=DefiKernel.Typed.Examples; axioms=[]
info: DefiKernel/Typed/Verify.lean:7:0: AXIOM AUDIT theorem: DefiKernel.Typed.Examples.Party.alice.sizeOf_spec; module=DefiKernel.Typed.Examples; axioms=[]
info: DefiKernel/Typed/Verify.lean:7:0: AXIOM AUDIT theorem: DefiKernel.Typed.Examples.Party.bob.sizeOf_spec; module=DefiKernel.Typed.Examples; axioms=[]
info: DefiKernel/Typed/Verify.lean:7:0: AXIOM AUDIT theorem: DefiKernel.Typed.Examples.Party.pool.sizeOf_spec; module=DefiKernel.Typed.Examples; axioms=[]
info: DefiKernel/Typed/Verify.lean:7:0: AXIOM AUDIT theorem: DefiKernel.Typed.Examples.Party.vault.sizeOf_spec; module=DefiKernel.Typed.Examples; axioms=[]
info: DefiKernel/Typed/Verify.lean:7:0: AXIOM AUDIT theorem: DefiKernel.Typed.Examples.ReferenceFailure.authority.inj; module=DefiKernel.Typed.Examples; axioms=[]
info: DefiKernel/Typed/Verify.lean:7:0: AXIOM AUDIT theorem: DefiKernel.Typed.Examples.ReferenceFailure.authority.injEq; module=DefiKernel.Typed.Examples; axioms=[propext]
info: DefiKernel/Typed/Verify.lean:7:0: AXIOM AUDIT theorem: DefiKernel.Typed.Examples.ReferenceFailure.authority.sizeOf_spec; module=DefiKernel.Typed.Examples; axioms=[]
info: DefiKernel/Typed/Verify.lean:7:0: AXIOM AUDIT theorem: DefiKernel.Typed.Examples.ReferenceFailure.execution.inj; module=DefiKernel.Typed.Examples; axioms=[]
info: DefiKernel/Typed/Verify.lean:7:0: AXIOM AUDIT theorem: DefiKernel.Typed.Examples.ReferenceFailure.execution.injEq; module=DefiKernel.Typed.Examples; axioms=[propext]
info: DefiKernel/Typed/Verify.lean:7:0: AXIOM AUDIT theorem: DefiKernel.Typed.Examples.ReferenceFailure.execution.sizeOf_spec; module=DefiKernel.Typed.Examples; axioms=[]
info: DefiKernel/Typed/Verify.lean:7:0: AXIOM AUDIT theorem: DefiKernel.Typed.Examples.instDecidableEqReferenceFailure.decEq._proof_1; module=DefiKernel.Typed.Examples; axioms=[]
info: DefiKernel/Typed/Verify.lean:7:0: AXIOM AUDIT theorem: DefiKernel.Typed.Examples.instDecidableEqReferenceFailure.decEq._proof_2; module=DefiKernel.Typed.Examples; axioms=[]
info: DefiKernel/Typed/Verify.lean:7:0: AXIOM AUDIT theorem: DefiKernel.Typed.Examples.instDecidableEqReferenceFailure.decEq._proof_3; module=DefiKernel.Typed.Examples; axioms=[]
info: DefiKernel/Typed/Verify.lean:7:0: AXIOM AUDIT theorem: DefiKernel.Typed.Examples.instDecidableEqReferenceFailure.decEq._proof_4; module=DefiKernel.Typed.Examples; axioms=[]
info: DefiKernel/Typed/Verify.lean:7:0: AXIOM AUDIT theorem: DefiKernel.Typed.Examples.instDecidableEqReferenceFailure.decEq._proof_5; module=DefiKernel.Typed.Examples; axioms=[]
info: DefiKernel/Typed/Verify.lean:7:0: AXIOM AUDIT theorem: DefiKernel.Typed.Examples.instDecidableEqReferenceFailure.decEq._proof_6; module=DefiKernel.Typed.Examples; axioms=[]
info: DefiKernel/Typed/Verify.lean:7:0: AXIOM AUDIT theorem: DefiKernel.Typed.ExprTests.TestAsset.collateral.sizeOf_spec; module=DefiKernel.Typed.ExprTests; axioms=[]
info: DefiKernel/Typed/Verify.lean:7:0: AXIOM AUDIT theorem: DefiKernel.Typed.ExprTests.TestAsset.debt.sizeOf_spec; module=DefiKernel.Typed.ExprTests; axioms=[]
info: DefiKernel/Typed/Verify.lean:7:0: AXIOM AUDIT theorem: DefiKernel.Typed.ExprTests.TestAsset.share.sizeOf_spec; module=DefiKernel.Typed.ExprTests; axioms=[]
info: DefiKernel/Typed/Verify.lean:7:0: AXIOM AUDIT theorem: DefiKernel.Typed.ExprTests.TestAsset.usd.sizeOf_spec; module=DefiKernel.Typed.ExprTests; axioms=[]
info: DefiKernel/Typed/Verify.lean:7:0: AXIOM AUDIT theorem: _private.DefiKernel.Typed.Expr.0.DefiKernel.Typed.Expr.envReads.match_1.eq_1; module=DefiKernel.Typed.Expr; axioms=[]
info: DefiKernel/Typed/Verify.lean:7:0: AXIOM AUDIT theorem: _private.DefiKernel.Typed.Expr.0.DefiKernel.Typed.Expr.envReads.match_1.eq_2; module=DefiKernel.Typed.Expr; axioms=[]
info: DefiKernel/Typed/Verify.lean:7:0: AXIOM AUDIT theorem: _private.DefiKernel.Typed.Expr.0.DefiKernel.Typed.Expr.envReads.match_1.eq_3; module=DefiKernel.Typed.Expr; axioms=[]
info: DefiKernel/Typed/Verify.lean:7:0: AXIOM AUDIT theorem: _private.DefiKernel.Typed.Expr.0.DefiKernel.Typed.Expr.envReads.match_1.eq_4; module=DefiKernel.Typed.Expr; axioms=[]
info: DefiKernel/Typed/Verify.lean:7:0: AXIOM AUDIT theorem: _private.DefiKernel.Typed.Expr.0.DefiKernel.Typed.Expr.envReads.match_1.eq_5; module=DefiKernel.Typed.Expr; axioms=[]
info: DefiKernel/Typed/Verify.lean:7:0: AXIOM AUDIT theorem: _private.DefiKernel.Typed.Expr.0.DefiKernel.Typed.Expr.envReads.match_1.eq_6; module=DefiKernel.Typed.Expr; axioms=[]
info: DefiKernel/Typed/Verify.lean:7:0: AXIOM AUDIT theorem: _private.DefiKernel.Typed.Expr.0.DefiKernel.Typed.Expr.envReads.match_1.eq_7; module=DefiKernel.Typed.Expr; axioms=[]
info: DefiKernel/Typed/Verify.lean:7:0: AXIOM AUDIT theorem: _private.DefiKernel.Typed.Expr.0.DefiKernel.Typed.Expr.envReads.match_1.eq_8; module=DefiKernel.Typed.Expr; axioms=[]
info: DefiKernel/Typed/Verify.lean:7:0: AXIOM AUDIT theorem: _private.DefiKernel.Typed.Expr.0.DefiKernel.Typed.Expr.envReads.match_1.eq_9; module=DefiKernel.Typed.Expr; axioms=[]
info: DefiKernel/Typed/Verify.lean:7:0: AXIOM AUDIT theorem: _private.DefiKernel.Typed.Expr.0.DefiKernel.Typed.Expr.eval.match_1.eq_1; module=DefiKernel.Typed.Expr; axioms=[]
info: DefiKernel/Typed/Verify.lean:7:0: AXIOM AUDIT theorem: _private.DefiKernel.Typed.Expr.0.DefiKernel.Typed.Expr.eval.match_1.eq_2; module=DefiKernel.Typed.Expr; axioms=[]
info: DefiKernel/Typed/Verify.lean:7:0: AXIOM AUDIT theorem: _private.DefiKernel.Typed.Expr.0.DefiKernel.Typed.Expr.eval.match_1.eq_3; module=DefiKernel.Typed.Expr; axioms=[]
info: DefiKernel/Typed/Verify.lean:7:0: AXIOM AUDIT theorem: _private.DefiKernel.Typed.Expr.0.DefiKernel.Typed.Expr.eval.match_1.eq_4; module=DefiKernel.Typed.Expr; axioms=[]
info: DefiKernel/Typed/Verify.lean:7:0: AXIOM AUDIT theorem: _private.DefiKernel.Typed.Expr.0.DefiKernel.Typed.Expr.eval.match_1.eq_5; module=DefiKernel.Typed.Expr; axioms=[]
info: DefiKernel/Typed/Verify.lean:7:0: AXIOM AUDIT theorem: _private.DefiKernel.Typed.Expr.0.DefiKernel.Typed.Expr.eval.match_1.eq_6; module=DefiKernel.Typed.Expr; axioms=[]
info: DefiKernel/Typed/Verify.lean:7:0: AXIOM AUDIT theorem: _private.DefiKernel.Typed.Expr.0.DefiKernel.Typed.Expr.eval.match_1.eq_7; module=DefiKernel.Typed.Expr; axioms=[]
info: DefiKernel/Typed/Verify.lean:7:0: AXIOM AUDIT theorem: _private.DefiKernel.Typed.Expr.0.DefiKernel.Typed.Expr.eval.match_1.eq_8; module=DefiKernel.Typed.Expr; axioms=[]
info: DefiKernel/Typed/Verify.lean:7:0: AXIOM AUDIT theorem: _private.DefiKernel.Typed.Expr.0.DefiKernel.Typed.Expr.eval.match_1.eq_9; module=DefiKernel.Typed.Expr; axioms=[]
info: DefiKernel/Typed/Verify.lean:7:0: AXIOM AUDIT theorem: _private.DefiKernel.Typed.Expr.0.DefiKernel.Typed.Expr.stateReads.match_1.eq_1; module=DefiKernel.Typed.Expr; axioms=[]
info: DefiKernel/Typed/Verify.lean:7:0: AXIOM AUDIT theorem: _private.DefiKernel.Typed.Expr.0.DefiKernel.Typed.Expr.stateReads.match_1.eq_2; module=DefiKernel.Typed.Expr; axioms=[]
info: DefiKernel/Typed/Verify.lean:7:0: AXIOM AUDIT theorem: _private.DefiKernel.Typed.Expr.0.DefiKernel.Typed.Expr.stateReads.match_1.eq_3; module=DefiKernel.Typed.Expr; axioms=[]
info: DefiKernel/Typed/Verify.lean:7:0: AXIOM AUDIT theorem: _private.DefiKernel.Typed.Expr.0.DefiKernel.Typed.Expr.stateReads.match_1.eq_4; module=DefiKernel.Typed.Expr; axioms=[]
info: DefiKernel/Typed/Verify.lean:7:0: AXIOM AUDIT theorem: _private.DefiKernel.Typed.Expr.0.DefiKernel.Typed.Expr.stateReads.match_1.eq_5; module=DefiKernel.Typed.Expr; axioms=[]
info: DefiKernel/Typed/Verify.lean:7:0: AXIOM AUDIT theorem: _private.DefiKernel.Typed.Expr.0.DefiKernel.Typed.Expr.stateReads.match_1.eq_6; module=DefiKernel.Typed.Expr; axioms=[]
info: DefiKernel/Typed/Verify.lean:7:0: AXIOM AUDIT theorem: _private.DefiKernel.Typed.Expr.0.DefiKernel.Typed.Expr.stateReads.match_1.eq_7; module=DefiKernel.Typed.Expr; axioms=[]
info: DefiKernel/Typed/Verify.lean:7:0: AXIOM AUDIT theorem: _private.DefiKernel.Typed.Expr.0.DefiKernel.Typed.Expr.stateReads.match_1.eq_8; module=DefiKernel.Typed.Expr; axioms=[]
info: DefiKernel/Typed/Verify.lean:7:0: AXIOM AUDIT theorem: _private.DefiKernel.Typed.Expr.0.DefiKernel.Typed.Expr.stateReads.match_1.eq_9; module=DefiKernel.Typed.Expr; axioms=[]
info: DefiKernel/Typed/Verify.lean:7:0: AXIOM AUDIT theorem: _private.DefiKernel.Typed.Expr.0.DefiKernel.Typed.instReprEnvRead.repr.match_1.eq_1; module=DefiKernel.Typed.Expr; axioms=[]
info: DefiKernel/Typed/Verify.lean:7:0: AXIOM AUDIT theorem: _private.DefiKernel.Typed.Expr.0.DefiKernel.Typed.instReprEnvRead.repr.match_1.eq_2; module=DefiKernel.Typed.Expr; axioms=[]
info: DefiKernel/Typed/Verify.lean:7:0: AXIOM AUDIT theorem: _private.DefiKernel.Typed.ExprTests.0.DefiKernel.Typed.BinaryOp.eval.match_1.eq_1; module=DefiKernel.Typed.ExprTests; axioms=[]
info: DefiKernel/Typed/Verify.lean:7:0: AXIOM AUDIT theorem: _private.DefiKernel.Typed.ExprTests.0.DefiKernel.Typed.BinaryOp.eval.match_1.eq_10; module=DefiKernel.Typed.ExprTests; axioms=[]
info: DefiKernel/Typed/Verify.lean:7:0: AXIOM AUDIT theorem: _private.DefiKernel.Typed.ExprTests.0.DefiKernel.Typed.BinaryOp.eval.match_1.eq_11; module=DefiKernel.Typed.ExprTests; axioms=[]
info: DefiKernel/Typed/Verify.lean:7:0: AXIOM AUDIT theorem: _private.DefiKernel.Typed.ExprTests.0.DefiKernel.Typed.BinaryOp.eval.match_1.eq_12; module=DefiKernel.Typed.ExprTests; axioms=[]
info: DefiKernel/Typed/Verify.lean:7:0: AXIOM AUDIT theorem: _private.DefiKernel.Typed.ExprTests.0.DefiKernel.Typed.BinaryOp.eval.match_1.eq_2; module=DefiKernel.Typed.ExprTests; axioms=[]
info: DefiKernel/Typed/Verify.lean:7:0: AXIOM AUDIT theorem: _private.DefiKernel.Typed.ExprTests.0.DefiKernel.Typed.BinaryOp.eval.match_1.eq_3; module=DefiKernel.Typed.ExprTests; axioms=[]
info: DefiKernel/Typed/Verify.lean:7:0: AXIOM AUDIT theorem: _private.DefiKernel.Typed.ExprTests.0.DefiKernel.Typed.BinaryOp.eval.match_1.eq_4; module=DefiKernel.Typed.ExprTests; axioms=[]
info: DefiKernel/Typed/Verify.lean:7:0: AXIOM AUDIT theorem: _private.DefiKernel.Typed.ExprTests.0.DefiKernel.Typed.BinaryOp.eval.match_1.eq_5; module=DefiKernel.Typed.ExprTests; axioms=[]
info: DefiKernel/Typed/Verify.lean:7:0: AXIOM AUDIT theorem: _private.DefiKernel.Typed.ExprTests.0.DefiKernel.Typed.BinaryOp.eval.match_1.eq_6; module=DefiKernel.Typed.ExprTests; axioms=[]
info: DefiKernel/Typed/Verify.lean:7:0: AXIOM AUDIT theorem: _private.DefiKernel.Typed.ExprTests.0.DefiKernel.Typed.BinaryOp.eval.match_1.eq_7; module=DefiKernel.Typed.ExprTests; axioms=[]
info: DefiKernel/Typed/Verify.lean:7:0: AXIOM AUDIT theorem: _private.DefiKernel.Typed.ExprTests.0.DefiKernel.Typed.BinaryOp.eval.match_1.eq_8; module=DefiKernel.Typed.ExprTests; axioms=[]
info: DefiKernel/Typed/Verify.lean:7:0: AXIOM AUDIT theorem: _private.DefiKernel.Typed.ExprTests.0.DefiKernel.Typed.BinaryOp.eval.match_1.eq_9; module=DefiKernel.Typed.ExprTests; axioms=[]
info: DefiKernel/Typed/Verify.lean:7:0: AXIOM AUDIT declaration: DefiKernel.Typed.Refusal.match_on_same_ctor._@.DefiKernel.Typed.Transition.2646293153._hygCtx._hyg.27; module=DefiKernel.Typed.Transition; kind=definition; axioms=[]
info: DefiKernel/Typed/Verify.lean:7:0: AXIOM AUDIT declaration: DefiKernel.Typed.Refusal.match_on_same_ctor.het._@.DefiKernel.Typed.Transition.2646293153._hygCtx._hyg.27; module=DefiKernel.Typed.Transition; kind=definition; axioms=[]
info: DefiKernel/Typed/Verify.lean:7:0: AXIOM AUDIT declaration: DefiKernel.Typed.Cell; module=DefiKernel.Typed.Types; kind=definition; axioms=[]
info: DefiKernel/Typed/Verify.lean:7:0: AXIOM AUDIT declaration: DefiKernel.Typed.Environment; module=DefiKernel.Typed.Types; kind=definition; axioms=[]
info: DefiKernel/Typed/Verify.lean:7:0: AXIOM AUDIT declaration: DefiKernel.Typed.PackedCellRef; module=DefiKernel.Typed.Expr; kind=definition; axioms=[]
info: DefiKernel/Typed/Verify.lean:7:0: AXIOM AUDIT declaration: DefiKernel.Typed.PackedValue; module=DefiKernel.Typed.Types; kind=definition; axioms=[]
info: DefiKernel/Typed/Verify.lean:7:0: AXIOM AUDIT declaration: DefiKernel.Typed.Registry; module=DefiKernel.Typed.Transition; kind=definition; axioms=[]
info: DefiKernel/Typed/Verify.lean:7:0: AXIOM AUDIT declaration: DefiKernel.Typed.Value; module=DefiKernel.Typed.Types; kind=definition; axioms=[]
info: DefiKernel/Typed/Verify.lean:7:0: AXIOM AUDIT declaration: DefiKernel.Typed.applyEvaluated; module=DefiKernel.Typed.Transition; kind=definition; axioms=[propext,
 Classical.choice,
 Quot.sound]
info: DefiKernel/Typed/Verify.lean:7:0: AXIOM AUDIT declaration: DefiKernel.Typed.authorizesId; module=DefiKernel.Typed.Authority; kind=definition; axioms=[propext]
info: DefiKernel/Typed/Verify.lean:7:0: AXIOM AUDIT declaration: DefiKernel.Typed.execute; module=DefiKernel.Typed.Transition; kind=definition; axioms=[propext,
 Classical.choice,
 Quot.sound]
info: DefiKernel/Typed/Verify.lean:7:0: AXIOM AUDIT declaration: DefiKernel.Typed.hasAuthority; module=DefiKernel.Typed.Authority; kind=definition; axioms=[propext]
info: DefiKernel/Typed/Verify.lean:7:0: AXIOM AUDIT declaration: DefiKernel.Typed.instDecidableEqAuthorityFailure; module=DefiKernel.Typed.Authority; kind=definition; axioms=[]
info: DefiKernel/Typed/Verify.lean:7:0: AXIOM AUDIT declaration: DefiKernel.Typed.instDecidableEqCapability; module=DefiKernel.Typed.Authority; kind=definition; axioms=[]
info: DefiKernel/Typed/Verify.lean:7:0: AXIOM AUDIT declaration: DefiKernel.Typed.instDecidableEqCapabilityId; module=DefiKernel.Typed.Types; kind=definition; axioms=[]
info: DefiKernel/Typed/Verify.lean:7:0: AXIOM AUDIT declaration: DefiKernel.Typed.instDecidableEqCapabilityStore; module=DefiKernel.Typed.Authority; kind=definition; axioms=[]
info: DefiKernel/Typed/Verify.lean:7:0: AXIOM AUDIT declaration: DefiKernel.Typed.instDecidableEqCellRef; module=DefiKernel.Typed.Types; kind=definition; axioms=[]
info: DefiKernel/Typed/Verify.lean:7:0: AXIOM AUDIT declaration: DefiKernel.Typed.instDecidableEqClaimId; module=DefiKernel.Typed.Types; kind=definition; axioms=[]
info: DefiKernel/Typed/Verify.lean:7:0: AXIOM AUDIT declaration: DefiKernel.Typed.instDecidableEqEnvRead; module=DefiKernel.Typed.Expr; kind=definition; axioms=[]
info: DefiKernel/Typed/Verify.lean:7:0: AXIOM AUDIT declaration: DefiKernel.Typed.instDecidableEqEvalFailure; module=DefiKernel.Typed.Types; kind=definition; axioms=[]
info: DefiKernel/Typed/Verify.lean:7:0: AXIOM AUDIT declaration: DefiKernel.Typed.instDecidableEqGrant; module=DefiKernel.Typed.Authority; kind=definition; axioms=[]
info: DefiKernel/Typed/Verify.lean:7:0: AXIOM AUDIT declaration: DefiKernel.Typed.instDecidableEqInvocationContext; module=DefiKernel.Typed.Types; kind=definition; axioms=[]
info: DefiKernel/Typed/Verify.lean:7:0: AXIOM AUDIT declaration: DefiKernel.Typed.instDecidableEqNumericUnit; module=DefiKernel.Typed.Types; kind=definition; axioms=[]
info: DefiKernel/Typed/Verify.lean:7:0: AXIOM AUDIT declaration: DefiKernel.Typed.instDecidableEqObservationId; module=DefiKernel.Typed.Types; kind=definition; axioms=[]
info: DefiKernel/Typed/Verify.lean:7:0: AXIOM AUDIT declaration: DefiKernel.Typed.instDecidableEqObservationKey; module=DefiKernel.Typed.Types; kind=definition; axioms=[]
info: DefiKernel/Typed/Verify.lean:7:0: AXIOM AUDIT declaration: DefiKernel.Typed.instDecidableEqObservationRef; module=DefiKernel.Typed.Types; kind=definition; axioms=[]
info: DefiKernel/Typed/Verify.lean:7:0: AXIOM AUDIT declaration: DefiKernel.Typed.instDecidableEqOperationId; module=DefiKernel.Typed.Types; kind=definition; axioms=[]
info: DefiKernel/Typed/Verify.lean:7:0: AXIOM AUDIT declaration: DefiKernel.Typed.instDecidableEqPartyRef; module=DefiKernel.Typed.Types; kind=definition; axioms=[]
info: DefiKernel/Typed/Verify.lean:7:0: AXIOM AUDIT declaration: DefiKernel.Typed.instDecidableEqRefusal; module=DefiKernel.Typed.Transition; kind=definition; axioms=[]
info: DefiKernel/Typed/Verify.lean:7:0: AXIOM AUDIT declaration: DefiKernel.Typed.instDecidableEqRight; module=DefiKernel.Typed.Authority; kind=definition; axioms=[]
info: DefiKernel/Typed/Verify.lean:7:0: AXIOM AUDIT declaration: DefiKernel.Typed.instDecidableEqUnit; module=DefiKernel.Typed.Types; kind=definition; axioms=[]
info: DefiKernel/Typed/Verify.lean:7:0: AXIOM AUDIT declaration: DefiKernel.Typed.instDecidableEqValue; module=DefiKernel.Typed.Types; kind=definition; axioms=[]
info: DefiKernel/Typed/Verify.lean:7:0: AXIOM AUDIT declaration: DefiKernel.Typed.instReprAuthorityFailure; module=DefiKernel.Typed.Authority; kind=definition; axioms=[]
info: DefiKernel/Typed/Verify.lean:7:0: AXIOM AUDIT declaration: DefiKernel.Typed.instReprCapability; module=DefiKernel.Typed.Authority; kind=definition; axioms=[propext]
info: DefiKernel/Typed/Verify.lean:7:0: AXIOM AUDIT declaration: DefiKernel.Typed.instReprCapabilityId; module=DefiKernel.Typed.Types; kind=definition; axioms=[]
info: DefiKernel/Typed/Verify.lean:7:0: AXIOM AUDIT declaration: DefiKernel.Typed.instReprCapabilityStore; module=DefiKernel.Typed.Authority; kind=definition; axioms=[propext]
info: DefiKernel/Typed/Verify.lean:7:0: AXIOM AUDIT declaration: DefiKernel.Typed.instReprCellRef; module=DefiKernel.Typed.Types; kind=definition; axioms=[]
info: DefiKernel/Typed/Verify.lean:7:0: AXIOM AUDIT declaration: DefiKernel.Typed.instReprClaimId; module=DefiKernel.Typed.Types; kind=definition; axioms=[]
info: DefiKernel/Typed/Verify.lean:7:0: AXIOM AUDIT declaration: DefiKernel.Typed.instReprEnvRead; module=DefiKernel.Typed.Expr; kind=definition; axioms=[]
info: DefiKernel/Typed/Verify.lean:7:0: AXIOM AUDIT declaration: DefiKernel.Typed.instReprEvalFailure; module=DefiKernel.Typed.Types; kind=definition; axioms=[]
info: DefiKernel/Typed/Verify.lean:7:0: AXIOM AUDIT declaration: DefiKernel.Typed.instReprGrant; module=DefiKernel.Typed.Authority; kind=definition; axioms=[propext]
info: DefiKernel/Typed/Verify.lean:7:0: AXIOM AUDIT declaration: DefiKernel.Typed.instReprInvocationContext; module=DefiKernel.Typed.Types; kind=definition; axioms=[]
info: DefiKernel/Typed/Verify.lean:7:0: AXIOM AUDIT declaration: DefiKernel.Typed.instReprNumericUnit; module=DefiKernel.Typed.Types; kind=definition; axioms=[]
info: DefiKernel/Typed/Verify.lean:7:0: AXIOM AUDIT declaration: DefiKernel.Typed.instReprObservationId; module=DefiKernel.Typed.Types; kind=definition; axioms=[]
info: DefiKernel/Typed/Verify.lean:7:0: AXIOM AUDIT declaration: DefiKernel.Typed.instReprObservationKey; module=DefiKernel.Typed.Types; kind=definition; axioms=[]
info: DefiKernel/Typed/Verify.lean:7:0: AXIOM AUDIT declaration: DefiKernel.Typed.instReprObservationRef; module=DefiKernel.Typed.Types; kind=definition; axioms=[]
info: DefiKernel/Typed/Verify.lean:7:0: AXIOM AUDIT declaration: DefiKernel.Typed.instReprOperationId; module=DefiKernel.Typed.Types; kind=definition; axioms=[]
info: DefiKernel/Typed/Verify.lean:7:0: AXIOM AUDIT declaration: DefiKernel.Typed.instReprPartyRef; module=DefiKernel.Typed.Types; kind=definition; axioms=[]
info: DefiKernel/Typed/Verify.lean:7:0: AXIOM AUDIT declaration: DefiKernel.Typed.instReprRefusal; module=DefiKernel.Typed.Transition; kind=definition; axioms=[]
info: DefiKernel/Typed/Verify.lean:7:0: AXIOM AUDIT declaration: DefiKernel.Typed.instReprRight; module=DefiKernel.Typed.Authority; kind=definition; axioms=[propext]
info: DefiKernel/Typed/Verify.lean:7:0: AXIOM AUDIT declaration: DefiKernel.Typed.instReprUnit; module=DefiKernel.Typed.Types; kind=definition; axioms=[]
info: DefiKernel/Typed/Verify.lean:7:0: AXIOM AUDIT declaration: DefiKernel.Typed.instReprValue; module=DefiKernel.Typed.Types; kind=definition; axioms=[propext]
info: DefiKernel/Typed/Verify.lean:7:0: AXIOM AUDIT declaration: DefiKernel.Typed.isDomainAdmin; module=DefiKernel.Typed.Authority; kind=definition; axioms=[]
info: DefiKernel/Typed/Verify.lean:7:0: AXIOM AUDIT declaration: DefiKernel.Typed.issueCapability; module=DefiKernel.Typed.Authority; kind=definition; axioms=[]
info: DefiKernel/Typed/Verify.lean:7:0: AXIOM AUDIT declaration: DefiKernel.Typed.numericRat; module=DefiKernel.Typed.Types; kind=definition; axioms=[]
info: DefiKernel/Typed/Verify.lean:7:0: AXIOM AUDIT declaration: DefiKernel.Typed.numericValue; module=DefiKernel.Typed.Types; kind=definition; axioms=[]
info: DefiKernel/Typed/Verify.lean:7:0: AXIOM AUDIT declaration: DefiKernel.Typed.readBalance; module=DefiKernel.Typed.Expr; kind=definition; axioms=[propext,
 Quot.sound]
info: DefiKernel/Typed/Verify.lean:7:0: AXIOM AUDIT declaration: DefiKernel.Typed.readObservation; module=DefiKernel.Typed.Expr; kind=definition; axioms=[]
info: DefiKernel/Typed/Verify.lean:7:0: AXIOM AUDIT declaration: DefiKernel.Typed.registryAuthorityConfig; module=DefiKernel.Typed.Transition; kind=definition; axioms=[]
info: DefiKernel/Typed/Verify.lean:7:0: AXIOM AUDIT declaration: DefiKernel.Typed.resolveRefs; module=DefiKernel.Typed.Transition; kind=definition; axioms=[propext]
info: DefiKernel/Typed/Verify.lean:7:0: AXIOM AUDIT declaration: DefiKernel.Typed.revokeCapability; module=DefiKernel.Typed.Authority; kind=definition; axioms=[propext]
info: DefiKernel/Typed/Verify.lean:7:0: AXIOM AUDIT declaration: DefiKernel.Typed.runtimeChecks; module=DefiKernel.Typed.Audit; kind=definition; axioms=[propext,
 Classical.choice,
 Quot.sound]
info: DefiKernel/Typed/Verify.lean:7:0: AXIOM AUDIT declaration: DefiKernel.Typed.total; module=DefiKernel.Typed.Types; kind=definition; axioms=[propext,
 Classical.choice,
 Quot.sound]
info: DefiKernel/Typed/Verify.lean:7:0: AXIOM AUDIT declaration: DefiKernel.Typed.Acceptance.checks; module=DefiKernel.Typed.Acceptance; kind=definition; axioms=[propext,
 Classical.choice,
 Quot.sound]
info: DefiKernel/Typed/Verify.lean:7:0: AXIOM AUDIT declaration: DefiKernel.Typed.Acceptance.effectReadTransfer; module=DefiKernel.Typed.Acceptance; kind=definition; axioms=[propext,
 Quot.sound]
info: DefiKernel/Typed/Verify.lean:7:0: AXIOM AUDIT declaration: DefiKernel.Typed.Acceptance.expectedBorrow; module=DefiKernel.Typed.Acceptance; kind=definition; axioms=[propext,
 Quot.sound]
info: DefiKernel/Typed/Verify.lean:7:0: AXIOM AUDIT declaration: DefiKernel.Typed.Acceptance.expectedBoundaryBorrow; module=DefiKernel.Typed.Acceptance; kind=definition; axioms=[propext,
 Quot.sound]
info: DefiKernel/Typed/Verify.lean:7:0: AXIOM AUDIT declaration: DefiKernel.Typed.Acceptance.expectedDeposit; module=DefiKernel.Typed.Acceptance; kind=definition; axioms=[propext,
 Quot.sound]
info: DefiKernel/Typed/Verify.lean:7:0: AXIOM AUDIT declaration: DefiKernel.Typed.Acceptance.expectedFractionalDeposit; module=DefiKernel.Typed.Acceptance; kind=definition; axioms=[propext,
 Classical.choice,
 Quot.sound]
info: DefiKernel/Typed/Verify.lean:7:0: AXIOM AUDIT declaration: DefiKernel.Typed.Acceptance.expectedInitial; module=DefiKernel.Typed.Acceptance; kind=definition; axioms=[propext,
 Quot.sound]
info: DefiKernel/Typed/Verify.lean:7:0: AXIOM AUDIT declaration: DefiKernel.Typed.Acceptance.expectedRepeatedTransfer; module=DefiKernel.Typed.Acceptance; kind=definition; axioms=[propext,
 Quot.sound]
info: DefiKernel/Typed/Verify.lean:7:0: AXIOM AUDIT declaration: DefiKernel.Typed.Acceptance.expectedTransfer; module=DefiKernel.Typed.Acceptance; kind=definition; axioms=[propext,
 Quot.sound]
info: DefiKernel/Typed/Verify.lean:7:0: AXIOM AUDIT declaration: DefiKernel.Typed.Acceptance.expectedWithdraw; module=DefiKernel.Typed.Acceptance; kind=definition; axioms=[propext,
 Quot.sound]
info: DefiKernel/Typed/Verify.lean:7:0: AXIOM AUDIT declaration: DefiKernel.Typed.Acceptance.expectedZeroExposure; module=DefiKernel.Typed.Acceptance; kind=definition; axioms=[propext,
 Quot.sound]
info: DefiKernel/Typed/Verify.lean:7:0: AXIOM AUDIT declaration: DefiKernel.Typed.Acceptance.illiquid; module=DefiKernel.Typed.Acceptance; kind=definition; axioms=[propext,
 Quot.sound]
info: DefiKernel/Typed/Verify.lean:7:0: AXIOM AUDIT declaration: DefiKernel.Typed.Acceptance.illiquidBorrow; module=DefiKernel.Typed.Acceptance; kind=definition; axioms=[propext,
 Classical.choice,
 Quot.sound]
info: DefiKernel/Typed/Verify.lean:7:0: AXIOM AUDIT declaration: DefiKernel.Typed.Acceptance.issueAfterRevocation; module=DefiKernel.Typed.Acceptance; kind=definition; axioms=[propext,
 Quot.sound]
info: DefiKernel/Typed/Verify.lean:7:0: AXIOM AUDIT declaration: DefiKernel.Typed.Acceptance.missingBorrowStateReads; module=DefiKernel.Typed.Acceptance; kind=definition; axioms=[propext,
 Quot.sound]
info: DefiKernel/Typed/Verify.lean:7:0: AXIOM AUDIT declaration: DefiKernel.Typed.Acceptance.missingEffectRead; module=DefiKernel.Typed.Acceptance; kind=definition; axioms=[propext,
 Quot.sound]
info: DefiKernel/Typed/Verify.lean:7:0: AXIOM AUDIT declaration: DefiKernel.Typed.Acceptance.missingOracleReads; module=DefiKernel.Typed.Acceptance; kind=definition; axioms=[propext,
 Quot.sound]
info: DefiKernel/Typed/Verify.lean:7:0: AXIOM AUDIT declaration: DefiKernel.Typed.Acceptance.missingWrites; module=DefiKernel.Typed.Acceptance; kind=definition; axioms=[propext,
 Quot.sound]
info: DefiKernel/Typed/Verify.lean:7:0: AXIOM AUDIT declaration: DefiKernel.Typed.Acceptance.postMatches; module=DefiKernel.Typed.Acceptance; kind=definition; axioms=[propext,
 Quot.sound]
info: DefiKernel/Typed/Verify.lean:7:0: AXIOM AUDIT declaration: DefiKernel.Typed.Acceptance.preservesCapabilities; module=DefiKernel.Typed.Acceptance; kind=definition; axioms=[propext,
 Classical.choice,
 Quot.sound]
info: DefiKernel/Typed/Verify.lean:7:0: AXIOM AUDIT declaration: DefiKernel.Typed.Acceptance.provisionedIds; module=DefiKernel.Typed.Acceptance; kind=definition; axioms=[propext,
 Quot.sound]
info: DefiKernel/Typed/Verify.lean:7:0: AXIOM AUDIT declaration: DefiKernel.Typed.Acceptance.quantityWithRead; module=DefiKernel.Typed.Acceptance; kind=definition; axioms=[propext,
 Quot.sound]
info: DefiKernel/Typed/Verify.lean:7:0: AXIOM AUDIT declaration: DefiKernel.Typed.Acceptance.refused; module=DefiKernel.Typed.Acceptance; kind=definition; axioms=[propext,
 Quot.sound]
info: DefiKernel/Typed/Verify.lean:7:0: AXIOM AUDIT declaration: DefiKernel.Typed.Acceptance.repeatedTransfer; module=DefiKernel.Typed.Acceptance; kind=definition; axioms=[propext,
 Classical.choice,
 Quot.sound]
info: DefiKernel/Typed/Verify.lean:7:0: AXIOM AUDIT declaration: DefiKernel.Typed.Acceptance.revokedTransferInvoke; module=DefiKernel.Typed.Acceptance; kind=definition; axioms=[propext,
 Quot.sound]
info: DefiKernel/Typed/Verify.lean:7:0: AXIOM AUDIT declaration: DefiKernel.Typed.Acceptance.runDevelopmentTemplate; module=DefiKernel.Typed.Acceptance; kind=definition; axioms=[propext,
 Classical.choice,
 Quot.sound]
info: DefiKernel/Typed/Verify.lean:7:0: AXIOM AUDIT declaration: DefiKernel.Typed.Acceptance.runReissued; module=DefiKernel.Typed.Acceptance; kind=definition; axioms=[propext,
 Classical.choice,
 Quot.sound]
info: DefiKernel/Typed/Verify.lean:7:0: AXIOM AUDIT declaration: DefiKernel.Typed.Acceptance.transferLifecycle; module=DefiKernel.Typed.Acceptance; kind=definition; axioms=[propext,
 Classical.choice,
 Quot.sound]
info: DefiKernel/Typed/Verify.lean:7:0: AXIOM AUDIT declaration: DefiKernel.Typed.Acceptance.unauthorizedGrant; module=DefiKernel.Typed.Acceptance; kind=definition; axioms=[propext,
 Quot.sound]
info: DefiKernel/Typed/Verify.lean:7:0: AXIOM AUDIT declaration: DefiKernel.Typed.Acceptance.unauthorizedRevoke; module=DefiKernel.Typed.Acceptance; kind=definition; axioms=[propext,
 Quot.sound]
info: DefiKernel/Typed/Verify.lean:7:0: AXIOM AUDIT declaration: DefiKernel.Typed.Acceptance.unbalancedTransfer; module=DefiKernel.Typed.Acceptance; kind=definition; axioms=[propext,
 Quot.sound]
info: DefiKernel/Typed/Verify.lean:7:0: AXIOM AUDIT declaration: DefiKernel.Typed.Acceptance.wrongAssetTransfer; module=DefiKernel.Typed.Acceptance; kind=definition; axioms=[propext,
 Quot.sound]
info: DefiKernel/Typed/Verify.lean:7:0: AXIOM AUDIT declaration: DefiKernel.Typed.Acceptance.zeroExposure; module=DefiKernel.Typed.Acceptance; kind=definition; axioms=[propext,
 Quot.sound]
info: DefiKernel/Typed/Verify.lean:7:0: AXIOM AUDIT declaration: DefiKernel.Typed.Acceptance.zeroExposureBorrow; module=DefiKernel.Typed.Acceptance; kind=definition; axioms=[propext,
 Classical.choice,
 Quot.sound]
info: DefiKernel/Typed/Verify.lean:7:0: AXIOM AUDIT declaration: DefiKernel.Typed.Acceptance.zeroPriceDeposit; module=DefiKernel.Typed.Acceptance; kind=definition; axioms=[propext,
 Quot.sound]
info: DefiKernel/Typed/Verify.lean:7:0: AXIOM AUDIT declaration: DefiKernel.Typed.Args._sizeOf_1; module=DefiKernel.Typed.Expr; kind=definition; axioms=[]
info: DefiKernel/Typed/Verify.lean:7:0: AXIOM AUDIT declaration: DefiKernel.Typed.Args._sizeOf_inst; module=DefiKernel.Typed.Expr; kind=definition; axioms=[]
info: DefiKernel/Typed/Verify.lean:7:0: AXIOM AUDIT declaration: DefiKernel.Typed.Args.below; module=DefiKernel.Typed.Expr; kind=definition; axioms=[]
info: DefiKernel/Typed/Verify.lean:7:0: AXIOM AUDIT declaration: DefiKernel.Typed.Args.brecOn; module=DefiKernel.Typed.Expr; kind=definition; axioms=[]
info: DefiKernel/Typed/Verify.lean:7:0: AXIOM AUDIT declaration: DefiKernel.Typed.Args.casesOn; module=DefiKernel.Typed.Expr; kind=definition; axioms=[]
info: DefiKernel/Typed/Verify.lean:7:0: AXIOM AUDIT declaration: DefiKernel.Typed.Args.check; module=DefiKernel.Typed.Expr; kind=definition; axioms=[propext]
info: DefiKernel/Typed/Verify.lean:7:0: AXIOM AUDIT declaration: DefiKernel.Typed.Args.ctorElim; module=DefiKernel.Typed.Expr; kind=definition; axioms=[]
info: DefiKernel/Typed/Verify.lean:7:0: AXIOM AUDIT declaration: DefiKernel.Typed.Args.ctorElimType; module=DefiKernel.Typed.Expr; kind=definition; axioms=[]
info: DefiKernel/Typed/Verify.lean:7:0: AXIOM AUDIT declaration: DefiKernel.Typed.Args.ctorIdx; module=DefiKernel.Typed.Expr; kind=definition; axioms=[]
info: DefiKernel/Typed/Verify.lean:7:0: AXIOM AUDIT declaration: DefiKernel.Typed.Args.get; module=DefiKernel.Typed.Expr; kind=definition; axioms=[]
info: DefiKernel/Typed/Verify.lean:7:0: AXIOM AUDIT declaration: DefiKernel.Typed.Args.noConfusion; module=DefiKernel.Typed.Expr; kind=definition; axioms=[]
info: DefiKernel/Typed/Verify.lean:7:0: AXIOM AUDIT declaration: DefiKernel.Typed.Args.noConfusionType; module=DefiKernel.Typed.Expr; kind=definition; axioms=[]
info: DefiKernel/Typed/Verify.lean:7:0: AXIOM AUDIT declaration: DefiKernel.Typed.Args.recOn; module=DefiKernel.Typed.Expr; kind=definition; axioms=[]
info: DefiKernel/Typed/Verify.lean:7:0: AXIOM AUDIT declaration: DefiKernel.Typed.AuthorityConfig._sizeOf_1; module=DefiKernel.Typed.Authority; kind=definition; axioms=[]
info: DefiKernel/Typed/Verify.lean:7:0: AXIOM AUDIT declaration: DefiKernel.Typed.AuthorityConfig._sizeOf_inst; module=DefiKernel.Typed.Authority; kind=definition; axioms=[]
info: DefiKernel/Typed/Verify.lean:7:0: AXIOM AUDIT declaration: DefiKernel.Typed.AuthorityConfig.casesOn; module=DefiKernel.Typed.Authority; kind=definition; axioms=[]
info: DefiKernel/Typed/Verify.lean:7:0: AXIOM AUDIT declaration: DefiKernel.Typed.AuthorityConfig.ctorIdx; module=DefiKernel.Typed.Authority; kind=definition; axioms=[]
info: DefiKernel/Typed/Verify.lean:7:0: AXIOM AUDIT declaration: DefiKernel.Typed.AuthorityConfig.domainAdmin; module=DefiKernel.Typed.Authority; kind=definition; axioms=[]
info: DefiKernel/Typed/Verify.lean:7:0: AXIOM AUDIT declaration: DefiKernel.Typed.AuthorityConfig.noConfusion; module=DefiKernel.Typed.Authority; kind=definition; axioms=[]
info: DefiKernel/Typed/Verify.lean:7:0: AXIOM AUDIT declaration: DefiKernel.Typed.AuthorityConfig.noConfusionType; module=DefiKernel.Typed.Authority; kind=definition; axioms=[]
info: DefiKernel/Typed/Verify.lean:7:0: AXIOM AUDIT declaration: DefiKernel.Typed.AuthorityConfig.operationDomain; module=DefiKernel.Typed.Authority; kind=definition; axioms=[]
info: DefiKernel/Typed/Verify.lean:7:0: AXIOM AUDIT declaration: DefiKernel.Typed.AuthorityConfig.recOn; module=DefiKernel.Typed.Authority; kind=definition; axioms=[]
info: DefiKernel/Typed/Verify.lean:7:0: AXIOM AUDIT declaration: DefiKernel.Typed.AuthorityFailure._sizeOf_1; module=DefiKernel.Typed.Authority; kind=definition; axioms=[]
info: DefiKernel/Typed/Verify.lean:7:0: AXIOM AUDIT declaration: DefiKernel.Typed.AuthorityFailure._sizeOf_inst; module=DefiKernel.Typed.Authority; kind=definition; axioms=[]
info: DefiKernel/Typed/Verify.lean:7:0: AXIOM AUDIT declaration: DefiKernel.Typed.AuthorityFailure.casesOn; module=DefiKernel.Typed.Authority; kind=definition; axioms=[]
info: DefiKernel/Typed/Verify.lean:7:0: AXIOM AUDIT declaration: DefiKernel.Typed.AuthorityFailure.ctorElim; module=DefiKernel.Typed.Authority; kind=definition; axioms=[]
info: DefiKernel/Typed/Verify.lean:7:0: AXIOM AUDIT declaration: DefiKernel.Typed.AuthorityFailure.ctorElimType; module=DefiKernel.Typed.Authority; kind=definition; axioms=[]
info: DefiKernel/Typed/Verify.lean:7:0: AXIOM AUDIT declaration: DefiKernel.Typed.AuthorityFailure.ctorIdx; module=DefiKernel.Typed.Authority; kind=definition; axioms=[]
info: DefiKernel/Typed/Verify.lean:7:0: AXIOM AUDIT declaration: DefiKernel.Typed.AuthorityFailure.noConfusion; module=DefiKernel.Typed.Authority; kind=definition; axioms=[]
info: DefiKernel/Typed/Verify.lean:7:0: AXIOM AUDIT declaration: DefiKernel.Typed.AuthorityFailure.noConfusionType; module=DefiKernel.Typed.Authority; kind=definition; axioms=[]
info: DefiKernel/Typed/Verify.lean:7:0: AXIOM AUDIT declaration: DefiKernel.Typed.AuthorityFailure.ofNat; module=DefiKernel.Typed.Authority; kind=definition; axioms=[]
info: DefiKernel/Typed/Verify.lean:7:0: AXIOM AUDIT declaration: DefiKernel.Typed.AuthorityFailure.recOn; module=DefiKernel.Typed.Authority; kind=definition; axioms=[]
info: DefiKernel/Typed/Verify.lean:7:0: AXIOM AUDIT declaration: DefiKernel.Typed.AuthorityFailure.toCtorIdx; module=DefiKernel.Typed.Authority; kind=definition; axioms=[]
info: DefiKernel/Typed/Verify.lean:7:0: AXIOM AUDIT declaration: DefiKernel.Typed.AuthorityTests.A; module=DefiKernel.Typed.AuthorityTests; kind=definition; axioms=[]
info: DefiKernel/Typed/Verify.lean:7:0: AXIOM AUDIT declaration: DefiKernel.Typed.AuthorityTests.D; module=DefiKernel.Typed.AuthorityTests; kind=definition; axioms=[]
info: DefiKernel/Typed/Verify.lean:7:0: AXIOM AUDIT declaration: DefiKernel.Typed.AuthorityTests.P; module=DefiKernel.Typed.AuthorityTests; kind=definition; axioms=[]
info: DefiKernel/Typed/Verify.lean:7:0: AXIOM AUDIT declaration: DefiKernel.Typed.AuthorityTests.admin; module=DefiKernel.Typed.AuthorityTests; kind=definition; axioms=[propext]
info: DefiKernel/Typed/Verify.lean:7:0: AXIOM AUDIT declaration: DefiKernel.Typed.AuthorityTests.afterReissue; module=DefiKernel.Typed.AuthorityTests; kind=definition; axioms=[propext]
info: DefiKernel/Typed/Verify.lean:7:0: AXIOM AUDIT declaration: DefiKernel.Typed.AuthorityTests.afterRevoke; module=DefiKernel.Typed.AuthorityTests; kind=definition; axioms=[propext]
info: DefiKernel/Typed/Verify.lean:7:0: AXIOM AUDIT declaration: DefiKernel.Typed.AuthorityTests.checks; module=DefiKernel.Typed.AuthorityTests; kind=definition; axioms=[propext]
info: DefiKernel/Typed/Verify.lean:7:0: AXIOM AUDIT declaration: DefiKernel.Typed.AuthorityTests.config; module=DefiKernel.Typed.AuthorityTests; kind=definition; axioms=[propext]
info: DefiKernel/Typed/Verify.lean:7:0: AXIOM AUDIT declaration: DefiKernel.Typed.AuthorityTests.debit; module=DefiKernel.Typed.AuthorityTests; kind=definition; axioms=[propext]
info: DefiKernel/Typed/Verify.lean:7:0: AXIOM AUDIT declaration: DefiKernel.Typed.AuthorityTests.empty; module=DefiKernel.Typed.AuthorityTests; kind=definition; axioms=[]
info: DefiKernel/Typed/Verify.lean:7:0: AXIOM AUDIT declaration: DefiKernel.Typed.AuthorityTests.foreignAdmin; module=DefiKernel.Typed.AuthorityTests; kind=definition; axioms=[propext]
info: DefiKernel/Typed/Verify.lean:7:0: AXIOM AUDIT declaration: DefiKernel.Typed.AuthorityTests.foreignIssue; module=DefiKernel.Typed.AuthorityTests; kind=definition; axioms=[propext]
info: DefiKernel/Typed/Verify.lean:7:0: AXIOM AUDIT declaration: DefiKernel.Typed.AuthorityTests.full; module=DefiKernel.Typed.AuthorityTests; kind=definition; axioms=[propext]
info: DefiKernel/Typed/Verify.lean:7:0: AXIOM AUDIT declaration: DefiKernel.Typed.AuthorityTests.grant; module=DefiKernel.Typed.AuthorityTests; kind=definition; axioms=[propext]
info: DefiKernel/Typed/Verify.lean:7:0: AXIOM AUDIT declaration: DefiKernel.Typed.AuthorityTests.holder; module=DefiKernel.Typed.AuthorityTests; kind=definition; axioms=[propext]
info: DefiKernel/Typed/Verify.lean:7:0: AXIOM AUDIT declaration: DefiKernel.Typed.AuthorityTests.issueMore; module=DefiKernel.Typed.AuthorityTests; kind=definition; axioms=[propext]
info: DefiKernel/Typed/Verify.lean:7:0: AXIOM AUDIT declaration: DefiKernel.Typed.AuthorityTests.issueUse; module=DefiKernel.Typed.AuthorityTests; kind=definition; axioms=[propext]
info: DefiKernel/Typed/Verify.lean:7:0: AXIOM AUDIT declaration: DefiKernel.Typed.AuthorityTests.issued; module=DefiKernel.Typed.AuthorityTests; kind=definition; axioms=[propext]
info: DefiKernel/Typed/Verify.lean:7:0: AXIOM AUDIT declaration: DefiKernel.Typed.AuthorityTests.reissued; module=DefiKernel.Typed.AuthorityTests; kind=definition; axioms=[propext]
info: DefiKernel/Typed/Verify.lean:7:0: AXIOM AUDIT declaration: DefiKernel.Typed.AuthorityTests.revoked; module=DefiKernel.Typed.AuthorityTests; kind=definition; axioms=[propext]
info: DefiKernel/Typed/Verify.lean:7:0: AXIOM AUDIT declaration: DefiKernel.Typed.AuthorityTests.sameRequest; module=DefiKernel.Typed.AuthorityTests; kind=definition; axioms=[propext]
info: DefiKernel/Typed/Verify.lean:7:0: AXIOM AUDIT declaration: DefiKernel.Typed.AuthorityTests.store; module=DefiKernel.Typed.AuthorityTests; kind=definition; axioms=[propext]
info: DefiKernel/Typed/Verify.lean:7:0: AXIOM AUDIT declaration: DefiKernel.Typed.AuthorityTests.supply; module=DefiKernel.Typed.AuthorityTests; kind=definition; axioms=[propext]
info: DefiKernel/Typed/Verify.lean:7:0: AXIOM AUDIT declaration: DefiKernel.Typed.AuthorityTests.wrongOperationIssue; module=DefiKernel.Typed.AuthorityTests; kind=definition; axioms=[propext]
info: DefiKernel/Typed/Verify.lean:7:0: AXIOM AUDIT declaration: DefiKernel.Typed.BinaryOp._sizeOf_1; module=DefiKernel.Typed.Expr; kind=definition; axioms=[]
info: DefiKernel/Typed/Verify.lean:7:0: AXIOM AUDIT declaration: DefiKernel.Typed.BinaryOp._sizeOf_inst; module=DefiKernel.Typed.Expr; kind=definition; axioms=[]
info: DefiKernel/Typed/Verify.lean:7:0: AXIOM AUDIT declaration: DefiKernel.Typed.BinaryOp.casesOn; module=DefiKernel.Typed.Expr; kind=definition; axioms=[]
info: DefiKernel/Typed/Verify.lean:7:0: AXIOM AUDIT declaration: DefiKernel.Typed.BinaryOp.ctorElim; module=DefiKernel.Typed.Expr; kind=definition; axioms=[]
info: DefiKernel/Typed/Verify.lean:7:0: AXIOM AUDIT declaration: DefiKernel.Typed.BinaryOp.ctorElimType; module=DefiKernel.Typed.Expr; kind=definition; axioms=[]
info: DefiKernel/Typed/Verify.lean:7:0: AXIOM AUDIT declaration: DefiKernel.Typed.BinaryOp.ctorIdx; module=DefiKernel.Typed.Expr; kind=definition; axioms=[]
info: DefiKernel/Typed/Verify.lean:7:0: AXIOM AUDIT declaration: DefiKernel.Typed.BinaryOp.eval; module=DefiKernel.Typed.Expr; kind=definition; axioms=[propext,
 Classical.choice,
 Quot.sound]
info: DefiKernel/Typed/Verify.lean:7:0: AXIOM AUDIT declaration: DefiKernel.Typed.BinaryOp.noConfusion; module=DefiKernel.Typed.Expr; kind=definition; axioms=[]
info: DefiKernel/Typed/Verify.lean:7:0: AXIOM AUDIT declaration: DefiKernel.Typed.BinaryOp.noConfusionType; module=DefiKernel.Typed.Expr; kind=definition; axioms=[]
info: DefiKernel/Typed/Verify.lean:7:0: AXIOM AUDIT declaration: DefiKernel.Typed.BinaryOp.recOn; module=DefiKernel.Typed.Expr; kind=definition; axioms=[]
info: DefiKernel/Typed/Verify.lean:7:0: AXIOM AUDIT declaration: DefiKernel.Typed.Capability._sizeOf_1; module=DefiKernel.Typed.Authority; kind=definition; axioms=[]
info: DefiKernel/Typed/Verify.lean:7:0: AXIOM AUDIT declaration: DefiKernel.Typed.Capability._sizeOf_inst; module=DefiKernel.Typed.Authority; kind=definition; axioms=[]
info: DefiKernel/Typed/Verify.lean:7:0: AXIOM AUDIT declaration: DefiKernel.Typed.Capability.casesOn; module=DefiKernel.Typed.Authority; kind=definition; axioms=[]
info: DefiKernel/Typed/Verify.lean:7:0: AXIOM AUDIT declaration: DefiKernel.Typed.Capability.ctorIdx; module=DefiKernel.Typed.Authority; kind=definition; axioms=[]
info: DefiKernel/Typed/Verify.lean:7:0: AXIOM AUDIT declaration: DefiKernel.Typed.Capability.live; module=DefiKernel.Typed.Authority; kind=definition; axioms=[]
info: DefiKernel/Typed/Verify.lean:7:0: AXIOM AUDIT declaration: DefiKernel.Typed.Capability.noConfusion; module=DefiKernel.Typed.Authority; kind=definition; axioms=[]
info: DefiKernel/Typed/Verify.lean:7:0: AXIOM AUDIT declaration: DefiKernel.Typed.Capability.noConfusionType; module=DefiKernel.Typed.Authority; kind=definition; axioms=[]
info: DefiKernel/Typed/Verify.lean:7:0: AXIOM AUDIT declaration: DefiKernel.Typed.Capability.recOn; module=DefiKernel.Typed.Authority; kind=definition; axioms=[]
info: DefiKernel/Typed/Verify.lean:7:0: AXIOM AUDIT declaration: DefiKernel.Typed.Capability.toGrant; module=DefiKernel.Typed.Authority; kind=definition; axioms=[]
info: DefiKernel/Typed/Verify.lean:7:0: AXIOM AUDIT declaration: DefiKernel.Typed.CapabilityId._sizeOf_1; module=DefiKernel.Typed.Types; kind=definition; axioms=[]
info: DefiKernel/Typed/Verify.lean:7:0: AXIOM AUDIT declaration: DefiKernel.Typed.CapabilityId._sizeOf_inst; module=DefiKernel.Typed.Types; kind=definition; axioms=[]
info: DefiKernel/Typed/Verify.lean:7:0: AXIOM AUDIT declaration: DefiKernel.Typed.CapabilityId.casesOn; module=DefiKernel.Typed.Types; kind=definition; axioms=[]
info: DefiKernel/Typed/Verify.lean:7:0: AXIOM AUDIT declaration: DefiKernel.Typed.CapabilityId.ctorIdx; module=DefiKernel.Typed.Types; kind=definition; axioms=[]
info: DefiKernel/Typed/Verify.lean:7:0: AXIOM AUDIT declaration: DefiKernel.Typed.CapabilityId.noConfusion; module=DefiKernel.Typed.Types; kind=definition; axioms=[]
info: DefiKernel/Typed/Verify.lean:7:0: AXIOM AUDIT declaration: DefiKernel.Typed.CapabilityId.noConfusionType; module=DefiKernel.Typed.Types; kind=definition; axioms=[]
info: DefiKernel/Typed/Verify.lean:7:0: AXIOM AUDIT declaration: DefiKernel.Typed.CapabilityId.recOn; module=DefiKernel.Typed.Types; kind=definition; axioms=[]
info: DefiKernel/Typed/Verify.lean:7:0: AXIOM AUDIT declaration: DefiKernel.Typed.CapabilityId.value; module=DefiKernel.Typed.Types; kind=definition; axioms=[]
info: DefiKernel/Typed/Verify.lean:7:0: AXIOM AUDIT declaration: DefiKernel.Typed.CapabilityStore._sizeOf_1; module=DefiKernel.Typed.Authority; kind=definition; axioms=[]
info: DefiKernel/Typed/Verify.lean:7:0: AXIOM AUDIT declaration: DefiKernel.Typed.CapabilityStore._sizeOf_inst; module=DefiKernel.Typed.Authority; kind=definition; axioms=[]
info: DefiKernel/Typed/Verify.lean:7:0: AXIOM AUDIT declaration: DefiKernel.Typed.CapabilityStore.casesOn; module=DefiKernel.Typed.Authority; kind=definition; axioms=[]
info: DefiKernel/Typed/Verify.lean:7:0: AXIOM AUDIT declaration: DefiKernel.Typed.CapabilityStore.ctorIdx; module=DefiKernel.Typed.Authority; kind=definition; axioms=[]
info: DefiKernel/Typed/Verify.lean:7:0: AXIOM AUDIT declaration: DefiKernel.Typed.CapabilityStore.empty; module=DefiKernel.Typed.Authority; kind=definition; axioms=[]
info: DefiKernel/Typed/Verify.lean:7:0: AXIOM AUDIT declaration: DefiKernel.Typed.CapabilityStore.entries; module=DefiKernel.Typed.Authority; kind=definition; axioms=[]
info: DefiKernel/Typed/Verify.lean:7:0: AXIOM AUDIT declaration: DefiKernel.Typed.CapabilityStore.lookup; module=DefiKernel.Typed.Authority; kind=definition; axioms=[propext]
info: DefiKernel/Typed/Verify.lean:7:0: AXIOM AUDIT declaration: DefiKernel.Typed.CapabilityStore.nextId; module=DefiKernel.Typed.Authority; kind=definition; axioms=[]
info: DefiKernel/Typed/Verify.lean:7:0: AXIOM AUDIT declaration: DefiKernel.Typed.CapabilityStore.noConfusion; module=DefiKernel.Typed.Authority; kind=definition; axioms=[]
info: DefiKernel/Typed/Verify.lean:7:0: AXIOM AUDIT declaration: DefiKernel.Typed.CapabilityStore.noConfusionType; module=DefiKernel.Typed.Authority; kind=definition; axioms=[]
info: DefiKernel/Typed/Verify.lean:7:0: AXIOM AUDIT declaration: DefiKernel.Typed.CapabilityStore.recOn; module=DefiKernel.Typed.Authority; kind=definition; axioms=[]
info: DefiKernel/Typed/Verify.lean:7:0: AXIOM AUDIT declaration: DefiKernel.Typed.CellDelta._sizeOf_1; module=DefiKernel.Typed.Transition; kind=definition; axioms=[]
info: DefiKernel/Typed/Verify.lean:7:0: AXIOM AUDIT declaration: DefiKernel.Typed.CellDelta._sizeOf_inst; module=DefiKernel.Typed.Transition; kind=definition; axioms=[]
info: DefiKernel/Typed/Verify.lean:7:0: AXIOM AUDIT declaration: DefiKernel.Typed.CellDelta.amount; module=DefiKernel.Typed.Transition; kind=definition; axioms=[]
info: DefiKernel/Typed/Verify.lean:7:0: AXIOM AUDIT declaration: DefiKernel.Typed.CellDelta.asset; module=DefiKernel.Typed.Transition; kind=definition; axioms=[]
info: DefiKernel/Typed/Verify.lean:7:0: AXIOM AUDIT declaration: DefiKernel.Typed.CellDelta.casesOn; module=DefiKernel.Typed.Transition; kind=definition; axioms=[]
info: DefiKernel/Typed/Verify.lean:7:0: AXIOM AUDIT declaration: DefiKernel.Typed.CellDelta.ctorIdx; module=DefiKernel.Typed.Transition; kind=definition; axioms=[]
info: DefiKernel/Typed/Verify.lean:7:0: AXIOM AUDIT declaration: DefiKernel.Typed.CellDelta.noConfusion; module=DefiKernel.Typed.Transition; kind=definition; axioms=[]
info: DefiKernel/Typed/Verify.lean:7:0: AXIOM AUDIT declaration: DefiKernel.Typed.CellDelta.noConfusionType; module=DefiKernel.Typed.Transition; kind=definition; axioms=[]
info: DefiKernel/Typed/Verify.lean:7:0: AXIOM AUDIT declaration: DefiKernel.Typed.CellDelta.recOn; module=DefiKernel.Typed.Transition; kind=definition; axioms=[]
info: DefiKernel/Typed/Verify.lean:7:0: AXIOM AUDIT declaration: DefiKernel.Typed.CellDelta.target; module=DefiKernel.Typed.Transition; kind=definition; axioms=[]
info: DefiKernel/Typed/Verify.lean:7:0: AXIOM AUDIT declaration: DefiKernel.Typed.CellRef._sizeOf_1; module=DefiKernel.Typed.Types; kind=definition; axioms=[]
info: DefiKernel/Typed/Verify.lean:7:0: AXIOM AUDIT declaration: DefiKernel.Typed.CellRef._sizeOf_inst; module=DefiKernel.Typed.Types; kind=definition; axioms=[]
info: DefiKernel/Typed/Verify.lean:7:0: AXIOM AUDIT declaration: DefiKernel.Typed.CellRef.casesOn; module=DefiKernel.Typed.Types; kind=definition; axioms=[]
info: DefiKernel/Typed/Verify.lean:7:0: AXIOM AUDIT declaration: DefiKernel.Typed.CellRef.ctorIdx; module=DefiKernel.Typed.Types; kind=definition; axioms=[]
info: DefiKernel/Typed/Verify.lean:7:0: AXIOM AUDIT declaration: DefiKernel.Typed.CellRef.domain; module=DefiKernel.Typed.Types; kind=definition; axioms=[]
info: DefiKernel/Typed/Verify.lean:7:0: AXIOM AUDIT declaration: DefiKernel.Typed.CellRef.noConfusion; module=DefiKernel.Typed.Types; kind=definition; axioms=[]
info: DefiKernel/Typed/Verify.lean:7:0: AXIOM AUDIT declaration: DefiKernel.Typed.CellRef.noConfusionType; module=DefiKernel.Typed.Types; kind=definition; axioms=[]
info: DefiKernel/Typed/Verify.lean:7:0: AXIOM AUDIT declaration: DefiKernel.Typed.CellRef.owner; module=DefiKernel.Typed.Types; kind=definition; axioms=[]
info: DefiKernel/Typed/Verify.lean:7:0: AXIOM AUDIT declaration: DefiKernel.Typed.CellRef.recOn; module=DefiKernel.Typed.Types; kind=definition; axioms=[]
info: DefiKernel/Typed/Verify.lean:7:0: AXIOM AUDIT declaration: DefiKernel.Typed.CellRef.resolve; module=DefiKernel.Typed.Types; kind=definition; axioms=[propext]
info: DefiKernel/Typed/Verify.lean:7:0: AXIOM AUDIT declaration: DefiKernel.Typed.ClaimId._sizeOf_1; module=DefiKernel.Typed.Types; kind=definition; axioms=[]
info: DefiKernel/Typed/Verify.lean:7:0: AXIOM AUDIT declaration: DefiKernel.Typed.ClaimId._sizeOf_inst; module=DefiKernel.Typed.Types; kind=definition; axioms=[]
info: DefiKernel/Typed/Verify.lean:7:0: AXIOM AUDIT declaration: DefiKernel.Typed.ClaimId.casesOn; module=DefiKernel.Typed.Types; kind=definition; axioms=[]
info: DefiKernel/Typed/Verify.lean:7:0: AXIOM AUDIT declaration: DefiKernel.Typed.ClaimId.ctorIdx; module=DefiKernel.Typed.Types; kind=definition; axioms=[]
info: DefiKernel/Typed/Verify.lean:7:0: AXIOM AUDIT declaration: DefiKernel.Typed.ClaimId.noConfusion; module=DefiKernel.Typed.Types; kind=definition; axioms=[]
info: DefiKernel/Typed/Verify.lean:7:0: AXIOM AUDIT declaration: DefiKernel.Typed.ClaimId.noConfusionType; module=DefiKernel.Typed.Types; kind=definition; axioms=[]
info: DefiKernel/Typed/Verify.lean:7:0: AXIOM AUDIT declaration: DefiKernel.Typed.ClaimId.recOn; module=DefiKernel.Typed.Types; kind=definition; axioms=[]
info: DefiKernel/Typed/Verify.lean:7:0: AXIOM AUDIT declaration: DefiKernel.Typed.ClaimId.value; module=DefiKernel.Typed.Types; kind=definition; axioms=[]
info: DefiKernel/Typed/Verify.lean:7:0: AXIOM AUDIT declaration: DefiKernel.Typed.EnvRead.Agree; module=DefiKernel.Typed.Expr; kind=definition; axioms=[propext,
 Quot.sound]
info: DefiKernel/Typed/Verify.lean:7:0: AXIOM AUDIT declaration: DefiKernel.Typed.EnvRead._sizeOf_1; module=DefiKernel.Typed.Expr; kind=definition; axioms=[]
info: DefiKernel/Typed/Verify.lean:7:0: AXIOM AUDIT declaration: DefiKernel.Typed.EnvRead._sizeOf_inst; module=DefiKernel.Typed.Expr; kind=definition; axioms=[]
info: DefiKernel/Typed/Verify.lean:7:0: AXIOM AUDIT declaration: DefiKernel.Typed.EnvRead.casesOn; module=DefiKernel.Typed.Expr; kind=definition; axioms=[]
info: DefiKernel/Typed/Verify.lean:7:0: AXIOM AUDIT declaration: DefiKernel.Typed.EnvRead.ctorElim; module=DefiKernel.Typed.Expr; kind=definition; axioms=[]
info: DefiKernel/Typed/Verify.lean:7:0: AXIOM AUDIT declaration: DefiKernel.Typed.EnvRead.ctorElimType; module=DefiKernel.Typed.Expr; kind=definition; axioms=[]
info: DefiKernel/Typed/Verify.lean:7:0: AXIOM AUDIT declaration: DefiKernel.Typed.EnvRead.ctorIdx; module=DefiKernel.Typed.Expr; kind=definition; axioms=[]
info: DefiKernel/Typed/Verify.lean:7:0: AXIOM AUDIT declaration: DefiKernel.Typed.EnvRead.noConfusion; module=DefiKernel.Typed.Expr; kind=definition; axioms=[]
info: DefiKernel/Typed/Verify.lean:7:0: AXIOM AUDIT declaration: DefiKernel.Typed.EnvRead.noConfusionType; module=DefiKernel.Typed.Expr; kind=definition; axioms=[]
info: DefiKernel/Typed/Verify.lean:7:0: AXIOM AUDIT declaration: DefiKernel.Typed.EnvRead.recOn; module=DefiKernel.Typed.Expr; kind=definition; axioms=[]
info: DefiKernel/Typed/Verify.lean:7:0: AXIOM AUDIT declaration: DefiKernel.Typed.EvalContext._sizeOf_1; module=DefiKernel.Typed.Expr; kind=definition; axioms=[propext,
 Quot.sound]
info: DefiKernel/Typed/Verify.lean:7:0: AXIOM AUDIT declaration: DefiKernel.Typed.EvalContext._sizeOf_inst; module=DefiKernel.Typed.Expr; kind=definition; axioms=[propext,
 Quot.sound]
info: DefiKernel/Typed/Verify.lean:7:0: AXIOM AUDIT declaration: DefiKernel.Typed.EvalContext.args; module=DefiKernel.Typed.Expr; kind=definition; axioms=[propext,
 Quot.sound]
info: DefiKernel/Typed/Verify.lean:7:0: AXIOM AUDIT declaration: DefiKernel.Typed.EvalContext.caller; module=DefiKernel.Typed.Expr; kind=definition; axioms=[propext,
 Quot.sound]
info: DefiKernel/Typed/Verify.lean:7:0: AXIOM AUDIT declaration: DefiKernel.Typed.EvalContext.casesOn; module=DefiKernel.Typed.Expr; kind=definition; axioms=[propext,
 Quot.sound]
info: DefiKernel/Typed/Verify.lean:7:0: AXIOM AUDIT declaration: DefiKernel.Typed.EvalContext.ctorIdx; module=DefiKernel.Typed.Expr; kind=definition; axioms=[propext,
 Quot.sound]
info: DefiKernel/Typed/Verify.lean:7:0: AXIOM AUDIT declaration: DefiKernel.Typed.EvalContext.env; module=DefiKernel.Typed.Expr; kind=definition; axioms=[propext,
 Quot.sound]
info: DefiKernel/Typed/Verify.lean:7:0: AXIOM AUDIT declaration: DefiKernel.Typed.EvalContext.noConfusion; module=DefiKernel.Typed.Expr; kind=definition; axioms=[propext,
 Quot.sound]
info: DefiKernel/Typed/Verify.lean:7:0: AXIOM AUDIT declaration: DefiKernel.Typed.EvalContext.noConfusionType; module=DefiKernel.Typed.Expr; kind=definition; axioms=[propext,
 Quot.sound]
info: DefiKernel/Typed/Verify.lean:7:0: AXIOM AUDIT declaration: DefiKernel.Typed.EvalContext.now; module=DefiKernel.Typed.Expr; kind=definition; axioms=[propext,
 Quot.sound]
info: DefiKernel/Typed/Verify.lean:7:0: AXIOM AUDIT declaration: DefiKernel.Typed.EvalContext.parties; module=DefiKernel.Typed.Expr; kind=definition; axioms=[propext,
 Quot.sound]
info: DefiKernel/Typed/Verify.lean:7:0: AXIOM AUDIT declaration: DefiKernel.Typed.EvalContext.recOn; module=DefiKernel.Typed.Expr; kind=definition; axioms=[propext,
 Quot.sound]
info: DefiKernel/Typed/Verify.lean:7:0: AXIOM AUDIT declaration: DefiKernel.Typed.EvalContext.state; module=DefiKernel.Typed.Expr; kind=definition; axioms=[propext,
 Quot.sound]
info: DefiKernel/Typed/Verify.lean:7:0: AXIOM AUDIT declaration: DefiKernel.Typed.EvalFailure._sizeOf_1; module=DefiKernel.Typed.Types; kind=definition; axioms=[]
info: DefiKernel/Typed/Verify.lean:7:0: AXIOM AUDIT declaration: DefiKernel.Typed.EvalFailure._sizeOf_inst; module=DefiKernel.Typed.Types; kind=definition; axioms=[]
info: DefiKernel/Typed/Verify.lean:7:0: AXIOM AUDIT declaration: DefiKernel.Typed.EvalFailure.casesOn; module=DefiKernel.Typed.Types; kind=definition; axioms=[]
info: DefiKernel/Typed/Verify.lean:7:0: AXIOM AUDIT declaration: DefiKernel.Typed.EvalFailure.ctorElim; module=DefiKernel.Typed.Types; kind=definition; axioms=[]
info: DefiKernel/Typed/Verify.lean:7:0: AXIOM AUDIT declaration: DefiKernel.Typed.EvalFailure.ctorElimType; module=DefiKernel.Typed.Types; kind=definition; axioms=[]
info: DefiKernel/Typed/Verify.lean:7:0: AXIOM AUDIT declaration: DefiKernel.Typed.EvalFailure.ctorIdx; module=DefiKernel.Typed.Types; kind=definition; axioms=[]
info: DefiKernel/Typed/Verify.lean:7:0: AXIOM AUDIT declaration: DefiKernel.Typed.EvalFailure.noConfusion; module=DefiKernel.Typed.Types; kind=definition; axioms=[]
info: DefiKernel/Typed/Verify.lean:7:0: AXIOM AUDIT declaration: DefiKernel.Typed.EvalFailure.noConfusionType; module=DefiKernel.Typed.Types; kind=definition; axioms=[]
info: DefiKernel/Typed/Verify.lean:7:0: AXIOM AUDIT declaration: DefiKernel.Typed.EvalFailure.ofNat; module=DefiKernel.Typed.Types; kind=definition; axioms=[]
info: DefiKernel/Typed/Verify.lean:7:0: AXIOM AUDIT declaration: DefiKernel.Typed.EvalFailure.recOn; module=DefiKernel.Typed.Types; kind=definition; axioms=[]
info: DefiKernel/Typed/Verify.lean:7:0: AXIOM AUDIT declaration: DefiKernel.Typed.EvalFailure.toCtorIdx; module=DefiKernel.Typed.Types; kind=definition; axioms=[]
info: DefiKernel/Typed/Verify.lean:7:0: AXIOM AUDIT declaration: DefiKernel.Typed.Evaluated.Valid; module=DefiKernel.Typed.Transition; kind=definition; axioms=[propext,
 Classical.choice,
 Quot.sound]
info: DefiKernel/Typed/Verify.lean:7:0: AXIOM AUDIT declaration: DefiKernel.Typed.Evaluated._sizeOf_1; module=DefiKernel.Typed.Transition; kind=definition; axioms=[]
info: DefiKernel/Typed/Verify.lean:7:0: AXIOM AUDIT declaration: DefiKernel.Typed.Evaluated._sizeOf_inst; module=DefiKernel.Typed.Transition; kind=definition; axioms=[]
info: DefiKernel/Typed/Verify.lean:7:0: AXIOM AUDIT declaration: DefiKernel.Typed.Evaluated.accountingOK; module=DefiKernel.Typed.Transition; kind=definition; axioms=[propext,
 Classical.choice,
 Quot.sound]
info: DefiKernel/Typed/Verify.lean:7:0: AXIOM AUDIT declaration: DefiKernel.Typed.Evaluated.casesOn; module=DefiKernel.Typed.Transition; kind=definition; axioms=[]
info: DefiKernel/Typed/Verify.lean:7:0: AXIOM AUDIT declaration: DefiKernel.Typed.Evaluated.ctorIdx; module=DefiKernel.Typed.Transition; kind=definition; axioms=[]
info: DefiKernel/Typed/Verify.lean:7:0: AXIOM AUDIT declaration: DefiKernel.Typed.Evaluated.debitsOK; module=DefiKernel.Typed.Transition; kind=definition; axioms=[propext,
 Classical.choice,
 Quot.sound]
info: DefiKernel/Typed/Verify.lean:7:0: AXIOM AUDIT declaration: DefiKernel.Typed.Evaluated.declaredEnvReads; module=DefiKernel.Typed.Transition; kind=definition; axioms=[]
info: DefiKernel/Typed/Verify.lean:7:0: AXIOM AUDIT declaration: DefiKernel.Typed.Evaluated.declaredStateReads; module=DefiKernel.Typed.Transition; kind=definition; axioms=[]
info: DefiKernel/Typed/Verify.lean:7:0: AXIOM AUDIT declaration: DefiKernel.Typed.Evaluated.deltas; module=DefiKernel.Typed.Transition; kind=definition; axioms=[]
info: DefiKernel/Typed/Verify.lean:7:0: AXIOM AUDIT declaration: DefiKernel.Typed.Evaluated.domainOK; module=DefiKernel.Typed.Transition; kind=definition; axioms=[propext,
 Classical.choice,
 Quot.sound]
info: DefiKernel/Typed/Verify.lean:7:0: AXIOM AUDIT declaration: DefiKernel.Typed.Evaluated.effect; module=DefiKernel.Typed.Transition; kind=definition; axioms=[propext,
 Classical.choice,
 Quot.sound]
info: DefiKernel/Typed/Verify.lean:7:0: AXIOM AUDIT declaration: DefiKernel.Typed.Evaluated.envReadsOK; module=DefiKernel.Typed.Transition; kind=definition; axioms=[propext]
info: DefiKernel/Typed/Verify.lean:7:0: AXIOM AUDIT declaration: DefiKernel.Typed.Evaluated.guard; module=DefiKernel.Typed.Transition; kind=definition; axioms=[]
info: DefiKernel/Typed/Verify.lean:7:0: AXIOM AUDIT declaration: DefiKernel.Typed.Evaluated.noConfusion; module=DefiKernel.Typed.Transition; kind=definition; axioms=[]
info: DefiKernel/Typed/Verify.lean:7:0: AXIOM AUDIT declaration: DefiKernel.Typed.Evaluated.noConfusionType; module=DefiKernel.Typed.Transition; kind=definition; axioms=[]
info: DefiKernel/Typed/Verify.lean:7:0: AXIOM AUDIT declaration: DefiKernel.Typed.Evaluated.recOn; module=DefiKernel.Typed.Transition; kind=definition; axioms=[]
info: DefiKernel/Typed/Verify.lean:7:0: AXIOM AUDIT declaration: DefiKernel.Typed.Evaluated.requiredEnvReads; module=DefiKernel.Typed.Transition; kind=definition; axioms=[]
info: DefiKernel/Typed/Verify.lean:7:0: AXIOM AUDIT declaration: DefiKernel.Typed.Evaluated.requiredStateReads; module=DefiKernel.Typed.Transition; kind=definition; axioms=[]
info: DefiKernel/Typed/Verify.lean:7:0: AXIOM AUDIT declaration: DefiKernel.Typed.Evaluated.stateReadsOK; module=DefiKernel.Typed.Transition; kind=definition; axioms=[propext]
info: DefiKernel/Typed/Verify.lean:7:0: AXIOM AUDIT declaration: DefiKernel.Typed.Evaluated.supplies; module=DefiKernel.Typed.Transition; kind=definition; axioms=[]
info: DefiKernel/Typed/Verify.lean:7:0: AXIOM AUDIT declaration: DefiKernel.Typed.Evaluated.suppliesOK; module=DefiKernel.Typed.Transition; kind=definition; axioms=[propext,
 Classical.choice,
 Quot.sound]
info: DefiKernel/Typed/Verify.lean:7:0: AXIOM AUDIT declaration: DefiKernel.Typed.Evaluated.supply; module=DefiKernel.Typed.Transition; kind=definition; axioms=[propext,
 Classical.choice,
 Quot.sound]
info: DefiKernel/Typed/Verify.lean:7:0: AXIOM AUDIT declaration: DefiKernel.Typed.Evaluated.writes; module=DefiKernel.Typed.Transition; kind=definition; axioms=[]
info: DefiKernel/Typed/Verify.lean:7:0: AXIOM AUDIT declaration: DefiKernel.Typed.Evaluated.writesOK; module=DefiKernel.Typed.Transition; kind=definition; axioms=[propext,
 Classical.choice,
 Quot.sound]
info: DefiKernel/Typed/Verify.lean:7:0: AXIOM AUDIT declaration: DefiKernel.Typed.Examples.Call; module=DefiKernel.Typed.Examples; kind=definition; axioms=[]
info: DefiKernel/Typed/Verify.lean:7:0: AXIOM AUDIT declaration: DefiKernel.Typed.Examples.E; module=DefiKernel.Typed.Examples; kind=definition; axioms=[]
info: DefiKernel/Typed/Verify.lean:7:0: AXIOM AUDIT declaration: DefiKernel.Typed.Examples.Ledger; module=DefiKernel.Typed.Examples; kind=definition; axioms=[propext,
 Quot.sound]
info: DefiKernel/Typed/Verify.lean:7:0: AXIOM AUDIT declaration: DefiKernel.Typed.Examples.Op; module=DefiKernel.Typed.Examples; kind=definition; axioms=[]
info: DefiKernel/Typed/Verify.lean:7:0: AXIOM AUDIT declaration: DefiKernel.Typed.Examples.Result; module=DefiKernel.Typed.Examples; kind=definition; axioms=[propext,
 Quot.sound]
info: DefiKernel/Typed/Verify.lean:7:0: AXIOM AUDIT declaration: DefiKernel.Typed.Examples.Store; module=DefiKernel.Typed.Examples; kind=definition; axioms=[]
info: DefiKernel/Typed/Verify.lean:7:0: AXIOM AUDIT declaration: DefiKernel.Typed.Examples.adminContext; module=DefiKernel.Typed.Examples; kind=definition; axioms=[]
info: DefiKernel/Typed/Verify.lean:7:0: AXIOM AUDIT declaration: DefiKernel.Typed.Examples.aliceContext; module=DefiKernel.Typed.Examples; kind=definition; axioms=[]
info: DefiKernel/Typed/Verify.lean:7:0: AXIOM AUDIT declaration: DefiKernel.Typed.Examples.allCapabilityIds; module=DefiKernel.Typed.Examples; kind=definition; axioms=[]
info: DefiKernel/Typed/Verify.lean:7:0: AXIOM AUDIT declaration: DefiKernel.Typed.Examples.allCells; module=DefiKernel.Typed.Examples; kind=definition; axioms=[]
info: DefiKernel/Typed/Verify.lean:7:0: AXIOM AUDIT declaration: DefiKernel.Typed.Examples.allGuards; module=DefiKernel.Typed.Examples; kind=definition; axioms=[]
info: DefiKernel/Typed/Verify.lean:7:0: AXIOM AUDIT declaration: DefiKernel.Typed.Examples.authorityConfig; module=DefiKernel.Typed.Examples; kind=definition; axioms=[propext,
 Quot.sound]
info: DefiKernel/Typed/Verify.lean:7:0: AXIOM AUDIT declaration: DefiKernel.Typed.Examples.bobContext; module=DefiKernel.Typed.Examples; kind=definition; axioms=[]
info: DefiKernel/Typed/Verify.lean:7:0: AXIOM AUDIT declaration: DefiKernel.Typed.Examples.borrow; module=DefiKernel.Typed.Examples; kind=definition; axioms=[propext,
 Quot.sound]
info: DefiKernel/Typed/Verify.lean:7:0: AXIOM AUDIT declaration: DefiKernel.Typed.Examples.borrowGuard; module=DefiKernel.Typed.Examples; kind=definition; axioms=[propext,
 Quot.sound]
info: DefiKernel/Typed/Verify.lean:7:0: AXIOM AUDIT declaration: DefiKernel.Typed.Examples.borrowId; module=DefiKernel.Typed.Examples; kind=definition; axioms=[]
info: DefiKernel/Typed/Verify.lean:7:0: AXIOM AUDIT declaration: DefiKernel.Typed.Examples.borrowRequest; module=DefiKernel.Typed.Examples; kind=definition; axioms=[]
info: DefiKernel/Typed/Verify.lean:7:0: AXIOM AUDIT declaration: DefiKernel.Typed.Examples.collateralPrice; module=DefiKernel.Typed.Examples; kind=definition; axioms=[]
info: DefiKernel/Typed/Verify.lean:7:0: AXIOM AUDIT declaration: DefiKernel.Typed.Examples.collateralValue; module=DefiKernel.Typed.Examples; kind=definition; axioms=[]
info: DefiKernel/Typed/Verify.lean:7:0: AXIOM AUDIT declaration: DefiKernel.Typed.Examples.debtValue; module=DefiKernel.Typed.Examples; kind=definition; axioms=[propext,
 Quot.sound]
info: DefiKernel/Typed/Verify.lean:7:0: AXIOM AUDIT declaration: DefiKernel.Typed.Examples.deposit; module=DefiKernel.Typed.Examples; kind=definition; axioms=[propext,
 Quot.sound]
info: DefiKernel/Typed/Verify.lean:7:0: AXIOM AUDIT declaration: DefiKernel.Typed.Examples.depositId; module=DefiKernel.Typed.Examples; kind=definition; axioms=[]
info: DefiKernel/Typed/Verify.lean:7:0: AXIOM AUDIT declaration: DefiKernel.Typed.Examples.depositRequest; module=DefiKernel.Typed.Examples; kind=definition; axioms=[]
info: DefiKernel/Typed/Verify.lean:7:0: AXIOM AUDIT declaration: DefiKernel.Typed.Examples.domainAdmin; module=DefiKernel.Typed.Examples; kind=definition; axioms=[]
info: DefiKernel/Typed/Verify.lean:7:0: AXIOM AUDIT declaration: DefiKernel.Typed.Examples.fresh; module=DefiKernel.Typed.Examples; kind=definition; axioms=[propext,
 Quot.sound]
info: DefiKernel/Typed/Verify.lean:7:0: AXIOM AUDIT declaration: DefiKernel.Typed.Examples.grant; module=DefiKernel.Typed.Examples; kind=definition; axioms=[]
info: DefiKernel/Typed/Verify.lean:7:0: AXIOM AUDIT declaration: DefiKernel.Typed.Examples.grants; module=DefiKernel.Typed.Examples; kind=definition; axioms=[]
info: DefiKernel/Typed/Verify.lean:7:0: AXIOM AUDIT declaration: DefiKernel.Typed.Examples.initial; module=DefiKernel.Typed.Examples; kind=definition; axioms=[propext,
 Quot.sound]
info: DefiKernel/Typed/Verify.lean:7:0: AXIOM AUDIT declaration: DefiKernel.Typed.Examples.instDecidableEqAsset; module=DefiKernel.Typed.Examples; kind=definition; axioms=[]
info: DefiKernel/Typed/Verify.lean:7:0: AXIOM AUDIT declaration: DefiKernel.Typed.Examples.instDecidableEqDomain; module=DefiKernel.Typed.Examples; kind=definition; axioms=[]
info: DefiKernel/Typed/Verify.lean:7:0: AXIOM AUDIT declaration: DefiKernel.Typed.Examples.instDecidableEqParty; module=DefiKernel.Typed.Examples; kind=definition; axioms=[]
info: DefiKernel/Typed/Verify.lean:7:0: AXIOM AUDIT declaration: DefiKernel.Typed.Examples.instDecidableEqReferenceFailure; module=DefiKernel.Typed.Examples; kind=definition; axioms=[]
info: DefiKernel/Typed/Verify.lean:7:0: AXIOM AUDIT declaration: DefiKernel.Typed.Examples.instFintypeAsset; module=DefiKernel.Typed.Examples; kind=definition; axioms=[propext,
 Classical.choice,
 Quot.sound]
info: DefiKernel/Typed/Verify.lean:7:0: AXIOM AUDIT declaration: DefiKernel.Typed.Examples.instFintypeDomain; module=DefiKernel.Typed.Examples; kind=definition; axioms=[propext,
 Classical.choice,
 Quot.sound]
info: DefiKernel/Typed/Verify.lean:7:0: AXIOM AUDIT declaration: DefiKernel.Typed.Examples.instFintypeParty; module=DefiKernel.Typed.Examples; kind=definition; axioms=[propext,
 Classical.choice,
 Quot.sound]
info: DefiKernel/Typed/Verify.lean:7:0: AXIOM AUDIT declaration: DefiKernel.Typed.Examples.instReprAsset; module=DefiKernel.Typed.Examples; kind=definition; axioms=[]
info: DefiKernel/Typed/Verify.lean:7:0: AXIOM AUDIT declaration: DefiKernel.Typed.Examples.instReprDomain; module=DefiKernel.Typed.Examples; kind=definition; axioms=[]
info: DefiKernel/Typed/Verify.lean:7:0: AXIOM AUDIT declaration: DefiKernel.Typed.Examples.instReprParty; module=DefiKernel.Typed.Examples; kind=definition; axioms=[]
info: DefiKernel/Typed/Verify.lean:7:0: AXIOM AUDIT declaration: DefiKernel.Typed.Examples.instReprReferenceFailure; module=DefiKernel.Typed.Examples; kind=definition; axioms=[]
info: DefiKernel/Typed/Verify.lean:7:0: AXIOM AUDIT declaration: DefiKernel.Typed.Examples.issueGrants; module=DefiKernel.Typed.Examples; kind=definition; axioms=[propext,
 Quot.sound]
info: DefiKernel/Typed/Verify.lean:7:0: AXIOM AUDIT declaration: DefiKernel.Typed.Examples.mintedDebt; module=DefiKernel.Typed.Examples; kind=definition; axioms=[propext,
 Quot.sound]
info: DefiKernel/Typed/Verify.lean:7:0: AXIOM AUDIT declaration: DefiKernel.Typed.Examples.mintedShares; module=DefiKernel.Typed.Examples; kind=definition; axioms=[propext,
 Quot.sound]
info: DefiKernel/Typed/Verify.lean:7:0: AXIOM AUDIT declaration: DefiKernel.Typed.Examples.negate; module=DefiKernel.Typed.Examples; kind=definition; axioms=[]
info: DefiKernel/Typed/Verify.lean:7:0: AXIOM AUDIT declaration: DefiKernel.Typed.Examples.nonnegative; module=DefiKernel.Typed.Examples; kind=definition; axioms=[propext,
 Quot.sound]
info: DefiKernel/Typed/Verify.lean:7:0: AXIOM AUDIT declaration: DefiKernel.Typed.Examples.observe; module=DefiKernel.Typed.Examples; kind=definition; axioms=[propext,
 Quot.sound]
info: DefiKernel/Typed/Verify.lean:7:0: AXIOM AUDIT declaration: DefiKernel.Typed.Examples.oracle; module=DefiKernel.Typed.Examples; kind=definition; axioms=[]
info: DefiKernel/Typed/Verify.lean:7:0: AXIOM AUDIT declaration: DefiKernel.Typed.Examples.packedRef; module=DefiKernel.Typed.Examples; kind=definition; axioms=[]
info: DefiKernel/Typed/Verify.lean:7:0: AXIOM AUDIT declaration: DefiKernel.Typed.Examples.priceKey; module=DefiKernel.Typed.Examples; kind=definition; axioms=[]
info: DefiKernel/Typed/Verify.lean:7:0: AXIOM AUDIT declaration: DefiKernel.Typed.Examples.provisioned; module=DefiKernel.Typed.Examples; kind=definition; axioms=[propext,
 Quot.sound]
info: DefiKernel/Typed/Verify.lean:7:0: AXIOM AUDIT declaration: DefiKernel.Typed.Examples.redeemedUsd; module=DefiKernel.Typed.Examples; kind=definition; axioms=[propext,
 Quot.sound]
info: DefiKernel/Typed/Verify.lean:7:0: AXIOM AUDIT declaration: DefiKernel.Typed.Examples.ref; module=DefiKernel.Typed.Examples; kind=definition; axioms=[]
info: DefiKernel/Typed/Verify.lean:7:0: AXIOM AUDIT declaration: DefiKernel.Typed.Examples.registry; module=DefiKernel.Typed.Examples; kind=definition; axioms=[propext,
 Quot.sound]
info: DefiKernel/Typed/Verify.lean:7:0: AXIOM AUDIT declaration: DefiKernel.Typed.Examples.run; module=DefiKernel.Typed.Examples; kind=definition; axioms=[propext,
 Classical.choice,
 Quot.sound]
info: DefiKernel/Typed/Verify.lean:7:0: AXIOM AUDIT declaration: DefiKernel.Typed.Examples.runContext; module=DefiKernel.Typed.Examples; kind=definition; axioms=[propext,
 Classical.choice,
 Quot.sound]
info: DefiKernel/Typed/Verify.lean:7:0: AXIOM AUDIT declaration: DefiKernel.Typed.Examples.runOracle; module=DefiKernel.Typed.Examples; kind=definition; axioms=[propext,
 Classical.choice,
 Quot.sound]
info: DefiKernel/Typed/Verify.lean:7:0: AXIOM AUDIT declaration: DefiKernel.Typed.Examples.runRevoked; module=DefiKernel.Typed.Examples; kind=definition; axioms=[propext,
 Classical.choice,
 Quot.sound]
info: DefiKernel/Typed/Verify.lean:7:0: AXIOM AUDIT declaration: DefiKernel.Typed.Examples.runWith; module=DefiKernel.Typed.Examples; kind=definition; axioms=[propext,
 Classical.choice,
 Quot.sound]
info: DefiKernel/Typed/Verify.lean:7:0: AXIOM AUDIT declaration: DefiKernel.Typed.Examples.shareQuantity; module=DefiKernel.Typed.Examples; kind=definition; axioms=[]
info: DefiKernel/Typed/Verify.lean:7:0: AXIOM AUDIT declaration: DefiKernel.Typed.Examples.shareSignature; module=DefiKernel.Typed.Examples; kind=definition; axioms=[]
info: DefiKernel/Typed/Verify.lean:7:0: AXIOM AUDIT declaration: DefiKernel.Typed.Examples.transfer; module=DefiKernel.Typed.Examples; kind=definition; axioms=[propext,
 Quot.sound]
info: DefiKernel/Typed/Verify.lean:7:0: AXIOM AUDIT declaration: DefiKernel.Typed.Examples.transferId; module=DefiKernel.Typed.Examples; kind=definition; axioms=[]
info: DefiKernel/Typed/Verify.lean:7:0: AXIOM AUDIT declaration: DefiKernel.Typed.Examples.transferRequest; module=DefiKernel.Typed.Examples; kind=definition; axioms=[]
info: DefiKernel/Typed/Verify.lean:7:0: AXIOM AUDIT declaration: DefiKernel.Typed.Examples.usdQuantity; module=DefiKernel.Typed.Examples; kind=definition; axioms=[]
info: DefiKernel/Typed/Verify.lean:7:0: AXIOM AUDIT declaration: DefiKernel.Typed.Examples.usdSignature; module=DefiKernel.Typed.Examples; kind=definition; axioms=[]
info: DefiKernel/Typed/Verify.lean:7:0: AXIOM AUDIT declaration: DefiKernel.Typed.Examples.withdraw; module=DefiKernel.Typed.Examples; kind=definition; axioms=[propext,
 Quot.sound]
info: DefiKernel/Typed/Verify.lean:7:0: AXIOM AUDIT declaration: DefiKernel.Typed.Examples.withdrawId; module=DefiKernel.Typed.Examples; kind=definition; axioms=[]
info: DefiKernel/Typed/Verify.lean:7:0: AXIOM AUDIT declaration: DefiKernel.Typed.Examples.withdrawRequest; module=DefiKernel.Typed.Examples; kind=definition; axioms=[]
info: DefiKernel/Typed/Verify.lean:7:0: AXIOM AUDIT declaration: DefiKernel.Typed.ExecutionResult._sizeOf_1; module=DefiKernel.Typed.Transition; kind=definition; axioms=[propext,
 Quot.sound]
info: DefiKernel/Typed/Verify.lean:7:0: AXIOM AUDIT declaration: DefiKernel.Typed.ExecutionResult._sizeOf_inst; module=DefiKernel.Typed.Transition; kind=definition; axioms=[propext,
 Quot.sound]
info: DefiKernel/Typed/Verify.lean:7:0: AXIOM AUDIT declaration: DefiKernel.Typed.ExecutionResult.capabilities; module=DefiKernel.Typed.Transition; kind=definition; axioms=[propext,
 Quot.sound]
info: DefiKernel/Typed/Verify.lean:7:0: AXIOM AUDIT declaration: DefiKernel.Typed.ExecutionResult.casesOn; module=DefiKernel.Typed.Transition; kind=definition; axioms=[propext,
 Quot.sound]
info: DefiKernel/Typed/Verify.lean:7:0: AXIOM AUDIT declaration: DefiKernel.Typed.ExecutionResult.ctorIdx; module=DefiKernel.Typed.Transition; kind=definition; axioms=[propext,
 Quot.sound]
info: DefiKernel/Typed/Verify.lean:7:0: AXIOM AUDIT declaration: DefiKernel.Typed.ExecutionResult.noConfusion; module=DefiKernel.Typed.Transition; kind=definition; axioms=[propext,
 Quot.sound]
info: DefiKernel/Typed/Verify.lean:7:0: AXIOM AUDIT declaration: DefiKernel.Typed.ExecutionResult.noConfusionType; module=DefiKernel.Typed.Transition; kind=definition; axioms=[propext,
 Quot.sound]
info: DefiKernel/Typed/Verify.lean:7:0: AXIOM AUDIT declaration: DefiKernel.Typed.ExecutionResult.recOn; module=DefiKernel.Typed.Transition; kind=definition; axioms=[propext,
 Quot.sound]
info: DefiKernel/Typed/Verify.lean:7:0: AXIOM AUDIT declaration: DefiKernel.Typed.ExecutionResult.state; module=DefiKernel.Typed.Transition; kind=definition; axioms=[propext,
 Quot.sound]
info: DefiKernel/Typed/Verify.lean:7:0: AXIOM AUDIT declaration: DefiKernel.Typed.Expr._sizeOf_1; module=DefiKernel.Typed.Expr; kind=definition; axioms=[]
info: DefiKernel/Typed/Verify.lean:7:0: AXIOM AUDIT declaration: DefiKernel.Typed.Expr._sizeOf_inst; module=DefiKernel.Typed.Expr; kind=definition; axioms=[]
info: DefiKernel/Typed/Verify.lean:7:0: AXIOM AUDIT declaration: DefiKernel.Typed.Expr.below; module=DefiKernel.Typed.Expr; kind=definition; axioms=[]
info: DefiKernel/Typed/Verify.lean:7:0: AXIOM AUDIT declaration: DefiKernel.Typed.Expr.brecOn; module=DefiKernel.Typed.Expr; kind=definition; axioms=[]
info: DefiKernel/Typed/Verify.lean:7:0: AXIOM AUDIT declaration: DefiKernel.Typed.Expr.casesOn; module=DefiKernel.Typed.Expr; kind=definition; axioms=[]
info: DefiKernel/Typed/Verify.lean:7:0: AXIOM AUDIT declaration: DefiKernel.Typed.Expr.ctorElim; module=DefiKernel.Typed.Expr; kind=definition; axioms=[]
info: DefiKernel/Typed/Verify.lean:7:0: AXIOM AUDIT declaration: DefiKernel.Typed.Expr.ctorElimType; module=DefiKernel.Typed.Expr; kind=definition; axioms=[]
info: DefiKernel/Typed/Verify.lean:7:0: AXIOM AUDIT declaration: DefiKernel.Typed.Expr.ctorIdx; module=DefiKernel.Typed.Expr; kind=definition; axioms=[]
info: DefiKernel/Typed/Verify.lean:7:0: AXIOM AUDIT declaration: DefiKernel.Typed.Expr.envReads; module=DefiKernel.Typed.Expr; kind=definition; axioms=[]
info: DefiKernel/Typed/Verify.lean:7:0: AXIOM AUDIT declaration: DefiKernel.Typed.Expr.eval; module=DefiKernel.Typed.Expr; kind=definition; axioms=[propext,
 Classical.choice,
 Quot.sound]
info: DefiKernel/Typed/Verify.lean:7:0: AXIOM AUDIT declaration: DefiKernel.Typed.Expr.noConfusion; module=DefiKernel.Typed.Expr; kind=definition; axioms=[]
info: DefiKernel/Typed/Verify.lean:7:0: AXIOM AUDIT declaration: DefiKernel.Typed.Expr.noConfusionType; module=DefiKernel.Typed.Expr; kind=definition; axioms=[]
info: DefiKernel/Typed/Verify.lean:7:0: AXIOM AUDIT declaration: DefiKernel.Typed.Expr.recOn; module=DefiKernel.Typed.Expr; kind=definition; axioms=[]
info: DefiKernel/Typed/Verify.lean:7:0: AXIOM AUDIT declaration: DefiKernel.Typed.Expr.resolveStateReads; module=DefiKernel.Typed.Expr; kind=definition; axioms=[propext]
info: DefiKernel/Typed/Verify.lean:7:0: AXIOM AUDIT declaration: DefiKernel.Typed.Expr.stateReads; module=DefiKernel.Typed.Expr; kind=definition; axioms=[]
info: DefiKernel/Typed/Verify.lean:7:0: AXIOM AUDIT declaration: DefiKernel.Typed.ExprTests.Context; module=DefiKernel.Typed.ExprTests; kind=definition; axioms=[propext,
 Quot.sound]
info: DefiKernel/Typed/Verify.lean:7:0: AXIOM AUDIT declaration: DefiKernel.Typed.ExprTests.E; module=DefiKernel.Typed.ExprTests; kind=definition; axioms=[]
info: DefiKernel/Typed/Verify.lean:7:0: AXIOM AUDIT declaration: DefiKernel.Typed.ExprTests.argumentValue; module=DefiKernel.Typed.ExprTests; kind=definition; axioms=[propext]
info: DefiKernel/Typed/Verify.lean:7:0: AXIOM AUDIT declaration: DefiKernel.Typed.ExprTests.badParty; module=DefiKernel.Typed.ExprTests; kind=definition; axioms=[]
info: DefiKernel/Typed/Verify.lean:7:0: AXIOM AUDIT declaration: DefiKernel.Typed.ExprTests.changedContext; module=DefiKernel.Typed.ExprTests; kind=definition; axioms=[propext,
 Quot.sound]
info: DefiKernel/Typed/Verify.lean:7:0: AXIOM AUDIT declaration: DefiKernel.Typed.ExprTests.changedState; module=DefiKernel.Typed.ExprTests; kind=definition; axioms=[propext,
 Quot.sound]
info: DefiKernel/Typed/Verify.lean:7:0: AXIOM AUDIT declaration: DefiKernel.Typed.ExprTests.checks; module=DefiKernel.Typed.ExprTests; kind=definition; axioms=[propext,
 Classical.choice,
 Quot.sound]
info: DefiKernel/Typed/Verify.lean:7:0: AXIOM AUDIT declaration: DefiKernel.Typed.ExprTests.context; module=DefiKernel.Typed.ExprTests; kind=definition; axioms=[propext,
 Quot.sound]
info: DefiKernel/Typed/Verify.lean:7:0: AXIOM AUDIT declaration: DefiKernel.Typed.ExprTests.debtValued; module=DefiKernel.Typed.ExprTests; kind=definition; axioms=[propext,
 Quot.sound]
info: DefiKernel/Typed/Verify.lean:7:0: AXIOM AUDIT declaration: DefiKernel.Typed.ExprTests.environment; module=DefiKernel.Typed.ExprTests; kind=definition; axioms=[propext,
 Quot.sound]
info: DefiKernel/Typed/Verify.lean:7:0: AXIOM AUDIT declaration: DefiKernel.Typed.ExprTests.freshness; module=DefiKernel.Typed.ExprTests; kind=definition; axioms=[propext,
 Quot.sound]
info: DefiKernel/Typed/Verify.lean:7:0: AXIOM AUDIT declaration: DefiKernel.Typed.ExprTests.initialState; module=DefiKernel.Typed.ExprTests; kind=definition; axioms=[propext,
 Quot.sound]
info: DefiKernel/Typed/Verify.lean:7:0: AXIOM AUDIT declaration: DefiKernel.Typed.ExprTests.instDecidableEqTestAsset; module=DefiKernel.Typed.ExprTests; kind=definition; axioms=[]
info: DefiKernel/Typed/Verify.lean:7:0: AXIOM AUDIT declaration: DefiKernel.Typed.ExprTests.instFintypeTestAsset; module=DefiKernel.Typed.ExprTests; kind=definition; axioms=[propext,
 Classical.choice,
 Quot.sound]
info: DefiKernel/Typed/Verify.lean:7:0: AXIOM AUDIT declaration: DefiKernel.Typed.ExprTests.instReprTestAsset; module=DefiKernel.Typed.ExprTests; kind=definition; axioms=[]
info: DefiKernel/Typed/Verify.lean:7:0: AXIOM AUDIT declaration: DefiKernel.Typed.ExprTests.ledgerRead; module=DefiKernel.Typed.ExprTests; kind=definition; axioms=[]
info: DefiKernel/Typed/Verify.lean:7:0: AXIOM AUDIT declaration: DefiKernel.Typed.ExprTests.missingContext; module=DefiKernel.Typed.ExprTests; kind=definition; axioms=[propext,
 Quot.sound]
info: DefiKernel/Typed/Verify.lean:7:0: AXIOM AUDIT declaration: DefiKernel.Typed.ExprTests.otherKey; module=DefiKernel.Typed.ExprTests; kind=definition; axioms=[]
info: DefiKernel/Typed/Verify.lean:7:0: AXIOM AUDIT declaration: DefiKernel.Typed.ExprTests.priceKey; module=DefiKernel.Typed.ExprTests; kind=definition; axioms=[]
info: DefiKernel/Typed/Verify.lean:7:0: AXIOM AUDIT declaration: DefiKernel.Typed.ExprTests.priced; module=DefiKernel.Typed.ExprTests; kind=definition; axioms=[propext,
 Quot.sound]
info: DefiKernel/Typed/Verify.lean:7:0: AXIOM AUDIT declaration: DefiKernel.Typed.ExprTests.shares; module=DefiKernel.Typed.ExprTests; kind=definition; axioms=[propext,
 Quot.sound]
info: DefiKernel/Typed/Verify.lean:7:0: AXIOM AUDIT declaration: DefiKernel.Typed.ExprTests.usdCell; module=DefiKernel.Typed.ExprTests; kind=definition; axioms=[]
info: DefiKernel/Typed/Verify.lean:7:0: AXIOM AUDIT declaration: DefiKernel.Typed.ExprTests.validParty; module=DefiKernel.Typed.ExprTests; kind=definition; axioms=[]
info: DefiKernel/Typed/Verify.lean:7:0: AXIOM AUDIT declaration: DefiKernel.Typed.ExprTests.withInactiveRead; module=DefiKernel.Typed.ExprTests; kind=definition; axioms=[]
info: DefiKernel/Typed/Verify.lean:7:0: AXIOM AUDIT declaration: DefiKernel.Typed.ExprTests.withInactiveStateRead; module=DefiKernel.Typed.ExprTests; kind=definition; axioms=[]
info: DefiKernel/Typed/Verify.lean:7:0: AXIOM AUDIT declaration: DefiKernel.Typed.ExprTests.wrongUnitContext; module=DefiKernel.Typed.ExprTests; kind=definition; axioms=[propext,
 Quot.sound]
info: DefiKernel/Typed/Verify.lean:7:0: AXIOM AUDIT declaration: DefiKernel.Typed.Grant._sizeOf_1; module=DefiKernel.Typed.Authority; kind=definition; axioms=[]
info: DefiKernel/Typed/Verify.lean:7:0: AXIOM AUDIT declaration: DefiKernel.Typed.Grant._sizeOf_inst; module=DefiKernel.Typed.Authority; kind=definition; axioms=[]
info: DefiKernel/Typed/Verify.lean:7:0: AXIOM AUDIT declaration: DefiKernel.Typed.Grant.casesOn; module=DefiKernel.Typed.Authority; kind=definition; axioms=[]
info: DefiKernel/Typed/Verify.lean:7:0: AXIOM AUDIT declaration: DefiKernel.Typed.Grant.ctorIdx; module=DefiKernel.Typed.Authority; kind=definition; axioms=[]
info: DefiKernel/Typed/Verify.lean:7:0: AXIOM AUDIT declaration: DefiKernel.Typed.Grant.domain; module=DefiKernel.Typed.Authority; kind=definition; axioms=[]
info: DefiKernel/Typed/Verify.lean:7:0: AXIOM AUDIT declaration: DefiKernel.Typed.Grant.holder; module=DefiKernel.Typed.Authority; kind=definition; axioms=[]
info: DefiKernel/Typed/Verify.lean:7:0: AXIOM AUDIT declaration: DefiKernel.Typed.Grant.noConfusion; module=DefiKernel.Typed.Authority; kind=definition; axioms=[]
info: DefiKernel/Typed/Verify.lean:7:0: AXIOM AUDIT declaration: DefiKernel.Typed.Grant.noConfusionType; module=DefiKernel.Typed.Authority; kind=definition; axioms=[]
info: DefiKernel/Typed/Verify.lean:7:0: AXIOM AUDIT declaration: DefiKernel.Typed.Grant.operation; module=DefiKernel.Typed.Authority; kind=definition; axioms=[]
info: DefiKernel/Typed/Verify.lean:7:0: AXIOM AUDIT declaration: DefiKernel.Typed.Grant.recOn; module=DefiKernel.Typed.Authority; kind=definition; axioms=[]
info: DefiKernel/Typed/Verify.lean:7:0: AXIOM AUDIT declaration: DefiKernel.Typed.Grant.right; module=DefiKernel.Typed.Authority; kind=definition; axioms=[]
info: DefiKernel/Typed/Verify.lean:7:0: AXIOM AUDIT declaration: DefiKernel.Typed.InvocationContext._sizeOf_1; module=DefiKernel.Typed.Types; kind=definition; axioms=[]
info: DefiKernel/Typed/Verify.lean:7:0: AXIOM AUDIT declaration: DefiKernel.Typed.InvocationContext._sizeOf_inst; module=DefiKernel.Typed.Types; kind=definition; axioms=[]
info: DefiKernel/Typed/Verify.lean:7:0: AXIOM AUDIT declaration: DefiKernel.Typed.InvocationContext.casesOn; module=DefiKernel.Typed.Types; kind=definition; axioms=[]
info: DefiKernel/Typed/Verify.lean:7:0: AXIOM AUDIT declaration: DefiKernel.Typed.InvocationContext.ctorIdx; module=DefiKernel.Typed.Types; kind=definition; axioms=[]
info: DefiKernel/Typed/Verify.lean:7:0: AXIOM AUDIT declaration: DefiKernel.Typed.InvocationContext.domain; module=DefiKernel.Typed.Types; kind=definition; axioms=[]
info: DefiKernel/Typed/Verify.lean:7:0: AXIOM AUDIT declaration: DefiKernel.Typed.InvocationContext.noConfusion; module=DefiKernel.Typed.Types; kind=definition; axioms=[]
info: DefiKernel/Typed/Verify.lean:7:0: AXIOM AUDIT declaration: DefiKernel.Typed.InvocationContext.noConfusionType; module=DefiKernel.Typed.Types; kind=definition; axioms=[]
info: DefiKernel/Typed/Verify.lean:7:0: AXIOM AUDIT declaration: DefiKernel.Typed.InvocationContext.principal; module=DefiKernel.Typed.Types; kind=definition; axioms=[]
info: DefiKernel/Typed/Verify.lean:7:0: AXIOM AUDIT declaration: DefiKernel.Typed.InvocationContext.recOn; module=DefiKernel.Typed.Types; kind=definition; axioms=[]
info: DefiKernel/Typed/Verify.lean:7:0: AXIOM AUDIT declaration: DefiKernel.Typed.NumericUnit._sizeOf_1; module=DefiKernel.Typed.Types; kind=definition; axioms=[]
info: DefiKernel/Typed/Verify.lean:7:0: AXIOM AUDIT declaration: DefiKernel.Typed.NumericUnit._sizeOf_inst; module=DefiKernel.Typed.Types; kind=definition; axioms=[]
info: DefiKernel/Typed/Verify.lean:7:0: AXIOM AUDIT declaration: DefiKernel.Typed.NumericUnit.casesOn; module=DefiKernel.Typed.Types; kind=definition; axioms=[]
info: DefiKernel/Typed/Verify.lean:7:0: AXIOM AUDIT declaration: DefiKernel.Typed.NumericUnit.ctorElim; module=DefiKernel.Typed.Types; kind=definition; axioms=[]
info: DefiKernel/Typed/Verify.lean:7:0: AXIOM AUDIT declaration: DefiKernel.Typed.NumericUnit.ctorElimType; module=DefiKernel.Typed.Types; kind=definition; axioms=[]
info: DefiKernel/Typed/Verify.lean:7:0: AXIOM AUDIT declaration: DefiKernel.Typed.NumericUnit.ctorIdx; module=DefiKernel.Typed.Types; kind=definition; axioms=[]
info: DefiKernel/Typed/Verify.lean:7:0: AXIOM AUDIT declaration: DefiKernel.Typed.NumericUnit.noConfusion; module=DefiKernel.Typed.Types; kind=definition; axioms=[]
info: DefiKernel/Typed/Verify.lean:7:0: AXIOM AUDIT declaration: DefiKernel.Typed.NumericUnit.noConfusionType; module=DefiKernel.Typed.Types; kind=definition; axioms=[]
info: DefiKernel/Typed/Verify.lean:7:0: AXIOM AUDIT declaration: DefiKernel.Typed.NumericUnit.recOn; module=DefiKernel.Typed.Types; kind=definition; axioms=[]
info: DefiKernel/Typed/Verify.lean:7:0: AXIOM AUDIT declaration: DefiKernel.Typed.NumericUnit.toUnit; module=DefiKernel.Typed.Types; kind=definition; axioms=[]
info: DefiKernel/Typed/Verify.lean:7:0: AXIOM AUDIT declaration: DefiKernel.Typed.Observation._sizeOf_1; module=DefiKernel.Typed.Types; kind=definition; axioms=[]
info: DefiKernel/Typed/Verify.lean:7:0: AXIOM AUDIT declaration: DefiKernel.Typed.Observation._sizeOf_inst; module=DefiKernel.Typed.Types; kind=definition; axioms=[]
info: DefiKernel/Typed/Verify.lean:7:0: AXIOM AUDIT declaration: DefiKernel.Typed.Observation.casesOn; module=DefiKernel.Typed.Types; kind=definition; axioms=[]
info: DefiKernel/Typed/Verify.lean:7:0: AXIOM AUDIT declaration: DefiKernel.Typed.Observation.ctorIdx; module=DefiKernel.Typed.Types; kind=definition; axioms=[]
info: DefiKernel/Typed/Verify.lean:7:0: AXIOM AUDIT declaration: DefiKernel.Typed.Observation.noConfusion; module=DefiKernel.Typed.Types; kind=definition; axioms=[]
info: DefiKernel/Typed/Verify.lean:7:0: AXIOM AUDIT declaration: DefiKernel.Typed.Observation.noConfusionType; module=DefiKernel.Typed.Types; kind=definition; axioms=[]
info: DefiKernel/Typed/Verify.lean:7:0: AXIOM AUDIT declaration: DefiKernel.Typed.Observation.recOn; module=DefiKernel.Typed.Types; kind=definition; axioms=[]
info: DefiKernel/Typed/Verify.lean:7:0: AXIOM AUDIT declaration: DefiKernel.Typed.Observation.timestamp; module=DefiKernel.Typed.Types; kind=definition; axioms=[]
info: DefiKernel/Typed/Verify.lean:7:0: AXIOM AUDIT declaration: DefiKernel.Typed.Observation.value; module=DefiKernel.Typed.Types; kind=definition; axioms=[]
info: DefiKernel/Typed/Verify.lean:7:0: AXIOM AUDIT declaration: DefiKernel.Typed.ObservationId._sizeOf_1; module=DefiKernel.Typed.Types; kind=definition; axioms=[]
info: DefiKernel/Typed/Verify.lean:7:0: AXIOM AUDIT declaration: DefiKernel.Typed.ObservationId._sizeOf_inst; module=DefiKernel.Typed.Types; kind=definition; axioms=[]
info: DefiKernel/Typed/Verify.lean:7:0: AXIOM AUDIT declaration: DefiKernel.Typed.ObservationId.casesOn; module=DefiKernel.Typed.Types; kind=definition; axioms=[]
info: DefiKernel/Typed/Verify.lean:7:0: AXIOM AUDIT declaration: DefiKernel.Typed.ObservationId.ctorIdx; module=DefiKernel.Typed.Types; kind=definition; axioms=[]
info: DefiKernel/Typed/Verify.lean:7:0: AXIOM AUDIT declaration: DefiKernel.Typed.ObservationId.noConfusion; module=DefiKernel.Typed.Types; kind=definition; axioms=[]
info: DefiKernel/Typed/Verify.lean:7:0: AXIOM AUDIT declaration: DefiKernel.Typed.ObservationId.noConfusionType; module=DefiKernel.Typed.Types; kind=definition; axioms=[]
info: DefiKernel/Typed/Verify.lean:7:0: AXIOM AUDIT declaration: DefiKernel.Typed.ObservationId.recOn; module=DefiKernel.Typed.Types; kind=definition; axioms=[]
info: DefiKernel/Typed/Verify.lean:7:0: AXIOM AUDIT declaration: DefiKernel.Typed.ObservationId.value; module=DefiKernel.Typed.Types; kind=definition; axioms=[]
info: DefiKernel/Typed/Verify.lean:7:0: AXIOM AUDIT declaration: DefiKernel.Typed.ObservationKey._sizeOf_1; module=DefiKernel.Typed.Types; kind=definition; axioms=[]
info: DefiKernel/Typed/Verify.lean:7:0: AXIOM AUDIT declaration: DefiKernel.Typed.ObservationKey._sizeOf_inst; module=DefiKernel.Typed.Types; kind=definition; axioms=[]
info: DefiKernel/Typed/Verify.lean:7:0: AXIOM AUDIT declaration: DefiKernel.Typed.ObservationKey.casesOn; module=DefiKernel.Typed.Types; kind=definition; axioms=[]
info: DefiKernel/Typed/Verify.lean:7:0: AXIOM AUDIT declaration: DefiKernel.Typed.ObservationKey.ctorIdx; module=DefiKernel.Typed.Types; kind=definition; axioms=[]
info: DefiKernel/Typed/Verify.lean:7:0: AXIOM AUDIT declaration: DefiKernel.Typed.ObservationKey.domain; module=DefiKernel.Typed.Types; kind=definition; axioms=[]
info: DefiKernel/Typed/Verify.lean:7:0: AXIOM AUDIT declaration: DefiKernel.Typed.ObservationKey.id; module=DefiKernel.Typed.Types; kind=definition; axioms=[]
info: DefiKernel/Typed/Verify.lean:7:0: AXIOM AUDIT declaration: DefiKernel.Typed.ObservationKey.noConfusion; module=DefiKernel.Typed.Types; kind=definition; axioms=[]
info: DefiKernel/Typed/Verify.lean:7:0: AXIOM AUDIT declaration: DefiKernel.Typed.ObservationKey.noConfusionType; module=DefiKernel.Typed.Types; kind=definition; axioms=[]
info: DefiKernel/Typed/Verify.lean:7:0: AXIOM AUDIT declaration: DefiKernel.Typed.ObservationKey.recOn; module=DefiKernel.Typed.Types; kind=definition; axioms=[]
info: DefiKernel/Typed/Verify.lean:7:0: AXIOM AUDIT declaration: DefiKernel.Typed.ObservationRef._sizeOf_1; module=DefiKernel.Typed.Types; kind=definition; axioms=[]
info: DefiKernel/Typed/Verify.lean:7:0: AXIOM AUDIT declaration: DefiKernel.Typed.ObservationRef._sizeOf_inst; module=DefiKernel.Typed.Types; kind=definition; axioms=[]
info: DefiKernel/Typed/Verify.lean:7:0: AXIOM AUDIT declaration: DefiKernel.Typed.ObservationRef.casesOn; module=DefiKernel.Typed.Types; kind=definition; axioms=[]
info: DefiKernel/Typed/Verify.lean:7:0: AXIOM AUDIT declaration: DefiKernel.Typed.ObservationRef.ctorIdx; module=DefiKernel.Typed.Types; kind=definition; axioms=[]
info: DefiKernel/Typed/Verify.lean:7:0: AXIOM AUDIT declaration: DefiKernel.Typed.ObservationRef.key; module=DefiKernel.Typed.Types; kind=definition; axioms=[]
info: DefiKernel/Typed/Verify.lean:7:0: AXIOM AUDIT declaration: DefiKernel.Typed.ObservationRef.noConfusion; module=DefiKernel.Typed.Types; kind=definition; axioms=[]
info: DefiKernel/Typed/Verify.lean:7:0: AXIOM AUDIT declaration: DefiKernel.Typed.ObservationRef.noConfusionType; module=DefiKernel.Typed.Types; kind=definition; axioms=[]
info: DefiKernel/Typed/Verify.lean:7:0: AXIOM AUDIT declaration: DefiKernel.Typed.ObservationRef.recOn; module=DefiKernel.Typed.Types; kind=definition; axioms=[]
info: DefiKernel/Typed/Verify.lean:7:0: AXIOM AUDIT declaration: DefiKernel.Typed.OperationId._sizeOf_1; module=DefiKernel.Typed.Types; kind=definition; axioms=[]
info: DefiKernel/Typed/Verify.lean:7:0: AXIOM AUDIT declaration: DefiKernel.Typed.OperationId._sizeOf_inst; module=DefiKernel.Typed.Types; kind=definition; axioms=[]
info: DefiKernel/Typed/Verify.lean:7:0: AXIOM AUDIT declaration: DefiKernel.Typed.OperationId.casesOn; module=DefiKernel.Typed.Types; kind=definition; axioms=[]
info: DefiKernel/Typed/Verify.lean:7:0: AXIOM AUDIT declaration: DefiKernel.Typed.OperationId.ctorIdx; module=DefiKernel.Typed.Types; kind=definition; axioms=[]
info: DefiKernel/Typed/Verify.lean:7:0: AXIOM AUDIT declaration: DefiKernel.Typed.OperationId.noConfusion; module=DefiKernel.Typed.Types; kind=definition; axioms=[]
info: DefiKernel/Typed/Verify.lean:7:0: AXIOM AUDIT declaration: DefiKernel.Typed.OperationId.noConfusionType; module=DefiKernel.Typed.Types; kind=definition; axioms=[]
info: DefiKernel/Typed/Verify.lean:7:0: AXIOM AUDIT declaration: DefiKernel.Typed.OperationId.recOn; module=DefiKernel.Typed.Types; kind=definition; axioms=[]
info: DefiKernel/Typed/Verify.lean:7:0: AXIOM AUDIT declaration: DefiKernel.Typed.OperationId.value; module=DefiKernel.Typed.Types; kind=definition; axioms=[]
info: DefiKernel/Typed/Verify.lean:7:0: AXIOM AUDIT declaration: DefiKernel.Typed.PartyRef._sizeOf_1; module=DefiKernel.Typed.Types; kind=definition; axioms=[]
info: DefiKernel/Typed/Verify.lean:7:0: AXIOM AUDIT declaration: DefiKernel.Typed.PartyRef._sizeOf_inst; module=DefiKernel.Typed.Types; kind=definition; axioms=[]
info: DefiKernel/Typed/Verify.lean:7:0: AXIOM AUDIT declaration: DefiKernel.Typed.PartyRef.casesOn; module=DefiKernel.Typed.Types; kind=definition; axioms=[]
info: DefiKernel/Typed/Verify.lean:7:0: AXIOM AUDIT declaration: DefiKernel.Typed.PartyRef.ctorElim; module=DefiKernel.Typed.Types; kind=definition; axioms=[]
info: DefiKernel/Typed/Verify.lean:7:0: AXIOM AUDIT declaration: DefiKernel.Typed.PartyRef.ctorElimType; module=DefiKernel.Typed.Types; kind=definition; axioms=[]
info: DefiKernel/Typed/Verify.lean:7:0: AXIOM AUDIT declaration: DefiKernel.Typed.PartyRef.ctorIdx; module=DefiKernel.Typed.Types; kind=definition; axioms=[]
info: DefiKernel/Typed/Verify.lean:7:0: AXIOM AUDIT declaration: DefiKernel.Typed.PartyRef.noConfusion; module=DefiKernel.Typed.Types; kind=definition; axioms=[]
info: DefiKernel/Typed/Verify.lean:7:0: AXIOM AUDIT declaration: DefiKernel.Typed.PartyRef.noConfusionType; module=DefiKernel.Typed.Types; kind=definition; axioms=[]
info: DefiKernel/Typed/Verify.lean:7:0: AXIOM AUDIT declaration: DefiKernel.Typed.PartyRef.recOn; module=DefiKernel.Typed.Types; kind=definition; axioms=[]
info: DefiKernel/Typed/Verify.lean:7:0: AXIOM AUDIT declaration: DefiKernel.Typed.PartyRef.resolve; module=DefiKernel.Typed.Types; kind=definition; axioms=[propext]
info: DefiKernel/Typed/Verify.lean:7:0: AXIOM AUDIT declaration: DefiKernel.Typed.Quantity._sizeOf_1; module=DefiKernel.Typed.Types; kind=definition; axioms=[propext,
 Quot.sound]
info: DefiKernel/Typed/Verify.lean:7:0: AXIOM AUDIT declaration: DefiKernel.Typed.Quantity._sizeOf_inst; module=DefiKernel.Typed.Types; kind=definition; axioms=[propext,
 Quot.sound]
info: DefiKernel/Typed/Verify.lean:7:0: AXIOM AUDIT declaration: DefiKernel.Typed.Quantity.amount; module=DefiKernel.Typed.Types; kind=definition; axioms=[propext,
 Quot.sound]
info: DefiKernel/Typed/Verify.lean:7:0: AXIOM AUDIT declaration: DefiKernel.Typed.Quantity.casesOn; module=DefiKernel.Typed.Types; kind=definition; axioms=[propext,
 Quot.sound]
info: DefiKernel/Typed/Verify.lean:7:0: AXIOM AUDIT declaration: DefiKernel.Typed.Quantity.ctorIdx; module=DefiKernel.Typed.Types; kind=definition; axioms=[propext,
 Quot.sound]
info: DefiKernel/Typed/Verify.lean:7:0: AXIOM AUDIT declaration: DefiKernel.Typed.Quantity.noConfusion; module=DefiKernel.Typed.Types; kind=definition; axioms=[propext,
 Quot.sound]
info: DefiKernel/Typed/Verify.lean:7:0: AXIOM AUDIT declaration: DefiKernel.Typed.Quantity.noConfusionType; module=DefiKernel.Typed.Types; kind=definition; axioms=[propext,
 Quot.sound]
info: DefiKernel/Typed/Verify.lean:7:0: AXIOM AUDIT declaration: DefiKernel.Typed.Quantity.recOn; module=DefiKernel.Typed.Types; kind=definition; axioms=[propext,
 Quot.sound]
info: DefiKernel/Typed/Verify.lean:7:0: AXIOM AUDIT declaration: DefiKernel.Typed.Refusal._sizeOf_1; module=DefiKernel.Typed.Transition; kind=definition; axioms=[]
info: DefiKernel/Typed/Verify.lean:7:0: AXIOM AUDIT declaration: DefiKernel.Typed.Refusal._sizeOf_inst; module=DefiKernel.Typed.Transition; kind=definition; axioms=[]
info: DefiKernel/Typed/Verify.lean:7:0: AXIOM AUDIT declaration: DefiKernel.Typed.Refusal.casesOn; module=DefiKernel.Typed.Transition; kind=definition; axioms=[]
info: DefiKernel/Typed/Verify.lean:7:0: AXIOM AUDIT declaration: DefiKernel.Typed.Refusal.ctorElim; module=DefiKernel.Typed.Transition; kind=definition; axioms=[]
info: DefiKernel/Typed/Verify.lean:7:0: AXIOM AUDIT declaration: DefiKernel.Typed.Refusal.ctorElimType; module=DefiKernel.Typed.Transition; kind=definition; axioms=[]
info: DefiKernel/Typed/Verify.lean:7:0: AXIOM AUDIT declaration: DefiKernel.Typed.Refusal.ctorIdx; module=DefiKernel.Typed.Transition; kind=definition; axioms=[]
info: DefiKernel/Typed/Verify.lean:7:0: AXIOM AUDIT declaration: DefiKernel.Typed.Refusal.noConfusion; module=DefiKernel.Typed.Transition; kind=definition; axioms=[]
info: DefiKernel/Typed/Verify.lean:7:0: AXIOM AUDIT declaration: DefiKernel.Typed.Refusal.noConfusionType; module=DefiKernel.Typed.Transition; kind=definition; axioms=[]
info: DefiKernel/Typed/Verify.lean:7:0: AXIOM AUDIT declaration: DefiKernel.Typed.Refusal.recOn; module=DefiKernel.Typed.Transition; kind=definition; axioms=[]
info: DefiKernel/Typed/Verify.lean:7:0: AXIOM AUDIT declaration: DefiKernel.Typed.Request._sizeOf_1; module=DefiKernel.Typed.Transition; kind=definition; axioms=[]
info: DefiKernel/Typed/Verify.lean:7:0: AXIOM AUDIT declaration: DefiKernel.Typed.Request._sizeOf_inst; module=DefiKernel.Typed.Transition; kind=definition; axioms=[]
info: DefiKernel/Typed/Verify.lean:7:0: AXIOM AUDIT declaration: DefiKernel.Typed.Request.arguments; module=DefiKernel.Typed.Transition; kind=definition; axioms=[]
info: DefiKernel/Typed/Verify.lean:7:0: AXIOM AUDIT declaration: DefiKernel.Typed.Request.capabilityIds; module=DefiKernel.Typed.Transition; kind=definition; axioms=[]
info: DefiKernel/Typed/Verify.lean:7:0: AXIOM AUDIT declaration: DefiKernel.Typed.Request.casesOn; module=DefiKernel.Typed.Transition; kind=definition; axioms=[]
info: DefiKernel/Typed/Verify.lean:7:0: AXIOM AUDIT declaration: DefiKernel.Typed.Request.claimedActor; module=DefiKernel.Typed.Transition; kind=definition; axioms=[]
info: DefiKernel/Typed/Verify.lean:7:0: AXIOM AUDIT declaration: DefiKernel.Typed.Request.ctorIdx; module=DefiKernel.Typed.Transition; kind=definition; axioms=[]
info: DefiKernel/Typed/Verify.lean:7:0: AXIOM AUDIT declaration: DefiKernel.Typed.Request.noConfusion; module=DefiKernel.Typed.Transition; kind=definition; axioms=[]
info: DefiKernel/Typed/Verify.lean:7:0: AXIOM AUDIT declaration: DefiKernel.Typed.Request.noConfusionType; module=DefiKernel.Typed.Transition; kind=definition; axioms=[]
info: DefiKernel/Typed/Verify.lean:7:0: AXIOM AUDIT declaration: DefiKernel.Typed.Request.operation; module=DefiKernel.Typed.Transition; kind=definition; axioms=[]
info: DefiKernel/Typed/Verify.lean:7:0: AXIOM AUDIT declaration: DefiKernel.Typed.Request.parties; module=DefiKernel.Typed.Transition; kind=definition; axioms=[]
info: DefiKernel/Typed/Verify.lean:7:0: AXIOM AUDIT declaration: DefiKernel.Typed.Request.recOn; module=DefiKernel.Typed.Transition; kind=definition; axioms=[]
info: DefiKernel/Typed/Verify.lean:7:0: AXIOM AUDIT declaration: DefiKernel.Typed.Right._sizeOf_1; module=DefiKernel.Typed.Authority; kind=definition; axioms=[]
info: DefiKernel/Typed/Verify.lean:7:0: AXIOM AUDIT declaration: DefiKernel.Typed.Right._sizeOf_inst; module=DefiKernel.Typed.Authority; kind=definition; axioms=[]
info: DefiKernel/Typed/Verify.lean:7:0: AXIOM AUDIT declaration: DefiKernel.Typed.Right.casesOn; module=DefiKernel.Typed.Authority; kind=definition; axioms=[]
info: DefiKernel/Typed/Verify.lean:7:0: AXIOM AUDIT declaration: DefiKernel.Typed.Right.ctorElim; module=DefiKernel.Typed.Authority; kind=definition; axioms=[]
info: DefiKernel/Typed/Verify.lean:7:0: AXIOM AUDIT declaration: DefiKernel.Typed.Right.ctorElimType; module=DefiKernel.Typed.Authority; kind=definition; axioms=[]
info: DefiKernel/Typed/Verify.lean:7:0: AXIOM AUDIT declaration: DefiKernel.Typed.Right.ctorIdx; module=DefiKernel.Typed.Authority; kind=definition; axioms=[]
info: DefiKernel/Typed/Verify.lean:7:0: AXIOM AUDIT declaration: DefiKernel.Typed.Right.inDomain; module=DefiKernel.Typed.Authority; kind=definition; axioms=[]
info: DefiKernel/Typed/Verify.lean:7:0: AXIOM AUDIT declaration: DefiKernel.Typed.Right.noConfusion; module=DefiKernel.Typed.Authority; kind=definition; axioms=[]
info: DefiKernel/Typed/Verify.lean:7:0: AXIOM AUDIT declaration: DefiKernel.Typed.Right.noConfusionType; module=DefiKernel.Typed.Authority; kind=definition; axioms=[]
info: DefiKernel/Typed/Verify.lean:7:0: AXIOM AUDIT declaration: DefiKernel.Typed.Right.recOn; module=DefiKernel.Typed.Authority; kind=definition; axioms=[]
info: DefiKernel/Typed/Verify.lean:7:0: AXIOM AUDIT declaration: DefiKernel.Typed.State._sizeOf_1; module=DefiKernel.Typed.Types; kind=definition; axioms=[propext,
 Quot.sound]
info: DefiKernel/Typed/Verify.lean:7:0: AXIOM AUDIT declaration: DefiKernel.Typed.State._sizeOf_inst; module=DefiKernel.Typed.Types; kind=definition; axioms=[propext,
 Quot.sound]
info: DefiKernel/Typed/Verify.lean:7:0: AXIOM AUDIT declaration: DefiKernel.Typed.State.balance; module=DefiKernel.Typed.Types; kind=definition; axioms=[propext,
 Quot.sound]
info: DefiKernel/Typed/Verify.lean:7:0: AXIOM AUDIT declaration: DefiKernel.Typed.State.casesOn; module=DefiKernel.Typed.Types; kind=definition; axioms=[propext,
 Quot.sound]
info: DefiKernel/Typed/Verify.lean:7:0: AXIOM AUDIT declaration: DefiKernel.Typed.State.ctorIdx; module=DefiKernel.Typed.Types; kind=definition; axioms=[propext,
 Quot.sound]
info: DefiKernel/Typed/Verify.lean:7:0: AXIOM AUDIT declaration: DefiKernel.Typed.State.noConfusion; module=DefiKernel.Typed.Types; kind=definition; axioms=[propext,
 Quot.sound]
info: DefiKernel/Typed/Verify.lean:7:0: AXIOM AUDIT declaration: DefiKernel.Typed.State.noConfusionType; module=DefiKernel.Typed.Types; kind=definition; axioms=[propext,
 Quot.sound]
info: DefiKernel/Typed/Verify.lean:7:0: AXIOM AUDIT declaration: DefiKernel.Typed.State.recOn; module=DefiKernel.Typed.Types; kind=definition; axioms=[propext,
 Quot.sound]
info: DefiKernel/Typed/Verify.lean:7:0: AXIOM AUDIT declaration: DefiKernel.Typed.SupplyDelta._sizeOf_1; module=DefiKernel.Typed.Transition; kind=definition; axioms=[]
info: DefiKernel/Typed/Verify.lean:7:0: AXIOM AUDIT declaration: DefiKernel.Typed.SupplyDelta._sizeOf_inst; module=DefiKernel.Typed.Transition; kind=definition; axioms=[]
info: DefiKernel/Typed/Verify.lean:7:0: AXIOM AUDIT declaration: DefiKernel.Typed.SupplyDelta.amount; module=DefiKernel.Typed.Transition; kind=definition; axioms=[]
info: DefiKernel/Typed/Verify.lean:7:0: AXIOM AUDIT declaration: DefiKernel.Typed.SupplyDelta.asset; module=DefiKernel.Typed.Transition; kind=definition; axioms=[]
info: DefiKernel/Typed/Verify.lean:7:0: AXIOM AUDIT declaration: DefiKernel.Typed.SupplyDelta.casesOn; module=DefiKernel.Typed.Transition; kind=definition; axioms=[]
info: DefiKernel/Typed/Verify.lean:7:0: AXIOM AUDIT declaration: DefiKernel.Typed.SupplyDelta.ctorIdx; module=DefiKernel.Typed.Transition; kind=definition; axioms=[]
info: DefiKernel/Typed/Verify.lean:7:0: AXIOM AUDIT declaration: DefiKernel.Typed.SupplyDelta.domain; module=DefiKernel.Typed.Transition; kind=definition; axioms=[]
info: DefiKernel/Typed/Verify.lean:7:0: AXIOM AUDIT declaration: DefiKernel.Typed.SupplyDelta.noConfusion; module=DefiKernel.Typed.Transition; kind=definition; axioms=[]
info: DefiKernel/Typed/Verify.lean:7:0: AXIOM AUDIT declaration: DefiKernel.Typed.SupplyDelta.noConfusionType; module=DefiKernel.Typed.Transition; kind=definition; axioms=[]
info: DefiKernel/Typed/Verify.lean:7:0: AXIOM AUDIT declaration: DefiKernel.Typed.SupplyDelta.recOn; module=DefiKernel.Typed.Transition; kind=definition; axioms=[]
info: DefiKernel/Typed/Verify.lean:7:0: AXIOM AUDIT declaration: DefiKernel.Typed.Template._sizeOf_1; module=DefiKernel.Typed.Transition; kind=definition; axioms=[]
info: DefiKernel/Typed/Verify.lean:7:0: AXIOM AUDIT declaration: DefiKernel.Typed.Template._sizeOf_inst; module=DefiKernel.Typed.Transition; kind=definition; axioms=[]
info: DefiKernel/Typed/Verify.lean:7:0: AXIOM AUDIT declaration: DefiKernel.Typed.Template.casesOn; module=DefiKernel.Typed.Transition; kind=definition; axioms=[]
info: DefiKernel/Typed/Verify.lean:7:0: AXIOM AUDIT declaration: DefiKernel.Typed.Template.ctorIdx; module=DefiKernel.Typed.Transition; kind=definition; axioms=[]
info: DefiKernel/Typed/Verify.lean:7:0: AXIOM AUDIT declaration: DefiKernel.Typed.Template.deltas; module=DefiKernel.Typed.Transition; kind=definition; axioms=[]
info: DefiKernel/Typed/Verify.lean:7:0: AXIOM AUDIT declaration: DefiKernel.Typed.Template.domain; module=DefiKernel.Typed.Transition; kind=definition; axioms=[]
info: DefiKernel/Typed/Verify.lean:7:0: AXIOM AUDIT declaration: DefiKernel.Typed.Template.envReads; module=DefiKernel.Typed.Transition; kind=definition; axioms=[]
info: DefiKernel/Typed/Verify.lean:7:0: AXIOM AUDIT declaration: DefiKernel.Typed.Template.evaluate; module=DefiKernel.Typed.Transition; kind=definition; axioms=[propext,
 Classical.choice,
 Quot.sound]
info: DefiKernel/Typed/Verify.lean:7:0: AXIOM AUDIT declaration: DefiKernel.Typed.Template.guard; module=DefiKernel.Typed.Transition; kind=definition; axioms=[]
info: DefiKernel/Typed/Verify.lean:7:0: AXIOM AUDIT declaration: DefiKernel.Typed.Template.noConfusion; module=DefiKernel.Typed.Transition; kind=definition; axioms=[]
info: DefiKernel/Typed/Verify.lean:7:0: AXIOM AUDIT declaration: DefiKernel.Typed.Template.noConfusionType; module=DefiKernel.Typed.Transition; kind=definition; axioms=[]
info: DefiKernel/Typed/Verify.lean:7:0: AXIOM AUDIT declaration: DefiKernel.Typed.Template.partyArity; module=DefiKernel.Typed.Transition; kind=definition; axioms=[]
info: DefiKernel/Typed/Verify.lean:7:0: AXIOM AUDIT declaration: DefiKernel.Typed.Template.recOn; module=DefiKernel.Typed.Transition; kind=definition; axioms=[]
info: DefiKernel/Typed/Verify.lean:7:0: AXIOM AUDIT declaration: DefiKernel.Typed.Template.requiredEnvReads; module=DefiKernel.Typed.Transition; kind=definition; axioms=[]
info: DefiKernel/Typed/Verify.lean:7:0: AXIOM AUDIT declaration: DefiKernel.Typed.Template.requiredStateReads; module=DefiKernel.Typed.Transition; kind=definition; axioms=[]
info: DefiKernel/Typed/Verify.lean:7:0: AXIOM AUDIT declaration: DefiKernel.Typed.Template.signature; module=DefiKernel.Typed.Transition; kind=definition; axioms=[]
info: DefiKernel/Typed/Verify.lean:7:0: AXIOM AUDIT declaration: DefiKernel.Typed.Template.stateReads; module=DefiKernel.Typed.Transition; kind=definition; axioms=[]
info: DefiKernel/Typed/Verify.lean:7:0: AXIOM AUDIT declaration: DefiKernel.Typed.Template.supplyDeltas; module=DefiKernel.Typed.Transition; kind=definition; axioms=[]
info: DefiKernel/Typed/Verify.lean:7:0: AXIOM AUDIT declaration: DefiKernel.Typed.Template.writes; module=DefiKernel.Typed.Transition; kind=definition; axioms=[]
info: DefiKernel/Typed/Verify.lean:7:0: AXIOM AUDIT declaration: DefiKernel.Typed.TransitionTests.C; module=DefiKernel.Typed.TransitionTests; kind=definition; axioms=[]
info: DefiKernel/Typed/Verify.lean:7:0: AXIOM AUDIT declaration: DefiKernel.Typed.TransitionTests.R; module=DefiKernel.Typed.TransitionTests; kind=definition; axioms=[]
info: DefiKernel/Typed/Verify.lean:7:0: AXIOM AUDIT declaration: DefiKernel.Typed.TransitionTests.Result; module=DefiKernel.Typed.TransitionTests; kind=definition; axioms=[propext,
 Quot.sound]
info: DefiKernel/Typed/Verify.lean:7:0: AXIOM AUDIT declaration: DefiKernel.Typed.TransitionTests.S; module=DefiKernel.Typed.TransitionTests; kind=definition; axioms=[propext,
 Quot.sound]
info: DefiKernel/Typed/Verify.lean:7:0: AXIOM AUDIT declaration: DefiKernel.Typed.TransitionTests.T; module=DefiKernel.Typed.TransitionTests; kind=definition; axioms=[]
info: DefiKernel/Typed/Verify.lean:7:0: AXIOM AUDIT declaration: DefiKernel.Typed.TransitionTests.accepted; module=DefiKernel.Typed.TransitionTests; kind=definition; axioms=[propext,
 Quot.sound]
info: DefiKernel/Typed/Verify.lean:7:0: AXIOM AUDIT declaration: DefiKernel.Typed.TransitionTests.alice; module=DefiKernel.Typed.TransitionTests; kind=definition; axioms=[]
info: DefiKernel/Typed/Verify.lean:7:0: AXIOM AUDIT declaration: DefiKernel.Typed.TransitionTests.allBalances; module=DefiKernel.Typed.TransitionTests; kind=definition; axioms=[propext,
 Quot.sound]
info: DefiKernel/Typed/Verify.lean:7:0: AXIOM AUDIT declaration: DefiKernel.Typed.TransitionTests.bob; module=DefiKernel.Typed.TransitionTests; kind=definition; axioms=[]
info: DefiKernel/Typed/Verify.lean:7:0: AXIOM AUDIT declaration: DefiKernel.Typed.TransitionTests.capabilities; module=DefiKernel.Typed.TransitionTests; kind=definition; axioms=[]
info: DefiKernel/Typed/Verify.lean:7:0: AXIOM AUDIT declaration: DefiKernel.Typed.TransitionTests.checks; module=DefiKernel.Typed.TransitionTests; kind=definition; axioms=[propext,
 Classical.choice,
 Quot.sound]
info: DefiKernel/Typed/Verify.lean:7:0: AXIOM AUDIT declaration: DefiKernel.Typed.TransitionTests.clockRead; module=DefiKernel.Typed.TransitionTests; kind=definition; axioms=[propext,
 Quot.sound]
info: DefiKernel/Typed/Verify.lean:7:0: AXIOM AUDIT declaration: DefiKernel.Typed.TransitionTests.context; module=DefiKernel.Typed.TransitionTests; kind=definition; axioms=[]
info: DefiKernel/Typed/Verify.lean:7:0: AXIOM AUDIT declaration: DefiKernel.Typed.TransitionTests.effectRead; module=DefiKernel.Typed.TransitionTests; kind=definition; axioms=[propext,
 Quot.sound]
info: DefiKernel/Typed/Verify.lean:7:0: AXIOM AUDIT declaration: DefiKernel.Typed.TransitionTests.environment; module=DefiKernel.Typed.TransitionTests; kind=definition; axioms=[propext,
 Quot.sound]
info: DefiKernel/Typed/Verify.lean:7:0: AXIOM AUDIT declaration: DefiKernel.Typed.TransitionTests.foreignNetZero; module=DefiKernel.Typed.TransitionTests; kind=definition; axioms=[propext,
 Quot.sound]
info: DefiKernel/Typed/Verify.lean:7:0: AXIOM AUDIT declaration: DefiKernel.Typed.TransitionTests.foreignObserved; module=DefiKernel.Typed.TransitionTests; kind=definition; axioms=[propext,
 Quot.sound]
info: DefiKernel/Typed/Verify.lean:7:0: AXIOM AUDIT declaration: DefiKernel.Typed.TransitionTests.foreignRead; module=DefiKernel.Typed.TransitionTests; kind=definition; axioms=[propext,
 Quot.sound]
info: DefiKernel/Typed/Verify.lean:7:0: AXIOM AUDIT declaration: DefiKernel.Typed.TransitionTests.guardRead; module=DefiKernel.Typed.TransitionTests; kind=definition; axioms=[propext,
 Quot.sound]
info: DefiKernel/Typed/Verify.lean:7:0: AXIOM AUDIT declaration: DefiKernel.Typed.TransitionTests.inactiveRead; module=DefiKernel.Typed.TransitionTests; kind=definition; axioms=[propext,
 Quot.sound]
info: DefiKernel/Typed/Verify.lean:7:0: AXIOM AUDIT declaration: DefiKernel.Typed.TransitionTests.key; module=DefiKernel.Typed.TransitionTests; kind=definition; axioms=[]
info: DefiKernel/Typed/Verify.lean:7:0: AXIOM AUDIT declaration: DefiKernel.Typed.TransitionTests.mint; module=DefiKernel.Typed.TransitionTests; kind=definition; axioms=[propext,
 Quot.sound]
info: DefiKernel/Typed/Verify.lean:7:0: AXIOM AUDIT declaration: DefiKernel.Typed.TransitionTests.mintExact; module=DefiKernel.Typed.TransitionTests; kind=definition; axioms=[propext,
 Classical.choice,
 Quot.sound]
info: DefiKernel/Typed/Verify.lean:7:0: AXIOM AUDIT declaration: DefiKernel.Typed.TransitionTests.observed; module=DefiKernel.Typed.TransitionTests; kind=definition; axioms=[propext,
 Quot.sound]
info: DefiKernel/Typed/Verify.lean:7:0: AXIOM AUDIT declaration: DefiKernel.Typed.TransitionTests.positiveProvisioning; module=DefiKernel.Typed.TransitionTests; kind=definition; axioms=[propext,
 Quot.sound]
info: DefiKernel/Typed/Verify.lean:7:0: AXIOM AUDIT declaration: DefiKernel.Typed.TransitionTests.refused; module=DefiKernel.Typed.TransitionTests; kind=definition; axioms=[propext,
 Quot.sound]
info: DefiKernel/Typed/Verify.lean:7:0: AXIOM AUDIT declaration: DefiKernel.Typed.TransitionTests.registry; module=DefiKernel.Typed.TransitionTests; kind=definition; axioms=[]
info: DefiKernel/Typed/Verify.lean:7:0: AXIOM AUDIT declaration: DefiKernel.Typed.TransitionTests.repeated; module=DefiKernel.Typed.TransitionTests; kind=definition; axioms=[propext,
 Quot.sound]
info: DefiKernel/Typed/Verify.lean:7:0: AXIOM AUDIT declaration: DefiKernel.Typed.TransitionTests.repeatedSupply; module=DefiKernel.Typed.TransitionTests; kind=definition; axioms=[propext,
 Quot.sound]
info: DefiKernel/Typed/Verify.lean:7:0: AXIOM AUDIT declaration: DefiKernel.Typed.TransitionTests.request; module=DefiKernel.Typed.TransitionTests; kind=definition; axioms=[]
info: DefiKernel/Typed/Verify.lean:7:0: AXIOM AUDIT declaration: DefiKernel.Typed.TransitionTests.revoked; module=DefiKernel.Typed.TransitionTests; kind=definition; axioms=[propext,
 Quot.sound]
info: DefiKernel/Typed/Verify.lean:7:0: AXIOM AUDIT declaration: DefiKernel.Typed.TransitionTests.revokedExact; module=DefiKernel.Typed.TransitionTests; kind=definition; axioms=[propext,
 Quot.sound]
info: DefiKernel/Typed/Verify.lean:7:0: AXIOM AUDIT declaration: DefiKernel.Typed.TransitionTests.run; module=DefiKernel.Typed.TransitionTests; kind=definition; axioms=[propext,
 Classical.choice,
 Quot.sound]
info: DefiKernel/Typed/Verify.lean:7:0: AXIOM AUDIT declaration: DefiKernel.Typed.TransitionTests.runWith; module=DefiKernel.Typed.TransitionTests; kind=definition; axioms=[propext,
 Classical.choice,
 Quot.sound]
info: DefiKernel/Typed/Verify.lean:7:0: AXIOM AUDIT declaration: DefiKernel.Typed.TransitionTests.state; module=DefiKernel.Typed.TransitionTests; kind=definition; axioms=[propext,
 Quot.sound]
info: DefiKernel/Typed/Verify.lean:7:0: AXIOM AUDIT declaration: DefiKernel.Typed.TransitionTests.supplyOnlyRead; module=DefiKernel.Typed.TransitionTests; kind=definition; axioms=[propext,
 Quot.sound]
info: DefiKernel/Typed/Verify.lean:7:0: AXIOM AUDIT declaration: DefiKernel.Typed.TransitionTests.supplyRead; module=DefiKernel.Typed.TransitionTests; kind=definition; axioms=[propext,
 Quot.sound]
info: DefiKernel/Typed/Verify.lean:7:0: AXIOM AUDIT declaration: DefiKernel.Typed.TransitionTests.transfer; module=DefiKernel.Typed.TransitionTests; kind=definition; axioms=[propext,
 Quot.sound]
info: DefiKernel/Typed/Verify.lean:7:0: AXIOM AUDIT declaration: DefiKernel.Typed.TransitionTests.transferExact; module=DefiKernel.Typed.TransitionTests; kind=definition; axioms=[propext,
 Quot.sound]
info: DefiKernel/Typed/Verify.lean:7:0: AXIOM AUDIT declaration: DefiKernel.Typed.UnaryOp._sizeOf_1; module=DefiKernel.Typed.Expr; kind=definition; axioms=[]
info: DefiKernel/Typed/Verify.lean:7:0: AXIOM AUDIT declaration: DefiKernel.Typed.UnaryOp._sizeOf_inst; module=DefiKernel.Typed.Expr; kind=definition; axioms=[]
info: DefiKernel/Typed/Verify.lean:7:0: AXIOM AUDIT declaration: DefiKernel.Typed.UnaryOp.casesOn; module=DefiKernel.Typed.Expr; kind=definition; axioms=[]
info: DefiKernel/Typed/Verify.lean:7:0: AXIOM AUDIT declaration: DefiKernel.Typed.UnaryOp.ctorElim; module=DefiKernel.Typed.Expr; kind=definition; axioms=[]
info: DefiKernel/Typed/Verify.lean:7:0: AXIOM AUDIT declaration: DefiKernel.Typed.UnaryOp.ctorElimType; module=DefiKernel.Typed.Expr; kind=definition; axioms=[]
info: DefiKernel/Typed/Verify.lean:7:0: AXIOM AUDIT declaration: DefiKernel.Typed.UnaryOp.ctorIdx; module=DefiKernel.Typed.Expr; kind=definition; axioms=[]
info: DefiKernel/Typed/Verify.lean:7:0: AXIOM AUDIT declaration: DefiKernel.Typed.UnaryOp.eval; module=DefiKernel.Typed.Expr; kind=definition; axioms=[]
info: DefiKernel/Typed/Verify.lean:7:0: AXIOM AUDIT declaration: DefiKernel.Typed.UnaryOp.noConfusion; module=DefiKernel.Typed.Expr; kind=definition; axioms=[]
info: DefiKernel/Typed/Verify.lean:7:0: AXIOM AUDIT declaration: DefiKernel.Typed.UnaryOp.noConfusionType; module=DefiKernel.Typed.Expr; kind=definition; axioms=[]
info: DefiKernel/Typed/Verify.lean:7:0: AXIOM AUDIT declaration: DefiKernel.Typed.UnaryOp.recOn; module=DefiKernel.Typed.Expr; kind=definition; axioms=[]
info: DefiKernel/Typed/Verify.lean:7:0: AXIOM AUDIT declaration: DefiKernel.Typed.Unit._sizeOf_1; module=DefiKernel.Typed.Types; kind=definition; axioms=[]
info: DefiKernel/Typed/Verify.lean:7:0: AXIOM AUDIT declaration: DefiKernel.Typed.Unit._sizeOf_inst; module=DefiKernel.Typed.Types; kind=definition; axioms=[]
info: DefiKernel/Typed/Verify.lean:7:0: AXIOM AUDIT declaration: DefiKernel.Typed.Unit.casesOn; module=DefiKernel.Typed.Types; kind=definition; axioms=[]
info: DefiKernel/Typed/Verify.lean:7:0: AXIOM AUDIT declaration: DefiKernel.Typed.Unit.ctorElim; module=DefiKernel.Typed.Types; kind=definition; axioms=[]
info: DefiKernel/Typed/Verify.lean:7:0: AXIOM AUDIT declaration: DefiKernel.Typed.Unit.ctorElimType; module=DefiKernel.Typed.Types; kind=definition; axioms=[]
info: DefiKernel/Typed/Verify.lean:7:0: AXIOM AUDIT declaration: DefiKernel.Typed.Unit.ctorIdx; module=DefiKernel.Typed.Types; kind=definition; axioms=[]
info: DefiKernel/Typed/Verify.lean:7:0: AXIOM AUDIT declaration: DefiKernel.Typed.Unit.noConfusion; module=DefiKernel.Typed.Types; kind=definition; axioms=[]
info: DefiKernel/Typed/Verify.lean:7:0: AXIOM AUDIT declaration: DefiKernel.Typed.Unit.noConfusionType; module=DefiKernel.Typed.Types; kind=definition; axioms=[]
info: DefiKernel/Typed/Verify.lean:7:0: AXIOM AUDIT declaration: DefiKernel.Typed.Unit.recOn; module=DefiKernel.Typed.Types; kind=definition; axioms=[]
info: DefiKernel/Typed/Verify.lean:7:0: AXIOM AUDIT declaration: DefiKernel.Typed.Value.match_1; module=DefiKernel.Typed.Types; kind=definition; axioms=[]
info: DefiKernel/Typed/Verify.lean:7:0: AXIOM AUDIT declaration: DefiKernel.Typed.Var._sizeOf_1; module=DefiKernel.Typed.Expr; kind=definition; axioms=[]
info: DefiKernel/Typed/Verify.lean:7:0: AXIOM AUDIT declaration: DefiKernel.Typed.Var._sizeOf_inst; module=DefiKernel.Typed.Expr; kind=definition; axioms=[]
info: DefiKernel/Typed/Verify.lean:7:0: AXIOM AUDIT declaration: DefiKernel.Typed.Var.below; module=DefiKernel.Typed.Expr; kind=definition; axioms=[]
info: DefiKernel/Typed/Verify.lean:7:0: AXIOM AUDIT declaration: DefiKernel.Typed.Var.brecOn; module=DefiKernel.Typed.Expr; kind=definition; axioms=[]
info: DefiKernel/Typed/Verify.lean:7:0: AXIOM AUDIT declaration: DefiKernel.Typed.Var.casesOn; module=DefiKernel.Typed.Expr; kind=definition; axioms=[]
info: DefiKernel/Typed/Verify.lean:7:0: AXIOM AUDIT declaration: DefiKernel.Typed.Var.ctorElim; module=DefiKernel.Typed.Expr; kind=definition; axioms=[]
info: DefiKernel/Typed/Verify.lean:7:0: AXIOM AUDIT declaration: DefiKernel.Typed.Var.ctorElimType; module=DefiKernel.Typed.Expr; kind=definition; axioms=[]
info: DefiKernel/Typed/Verify.lean:7:0: AXIOM AUDIT declaration: DefiKernel.Typed.Var.ctorIdx; module=DefiKernel.Typed.Expr; kind=definition; axioms=[]
info: DefiKernel/Typed/Verify.lean:7:0: AXIOM AUDIT declaration: DefiKernel.Typed.Var.noConfusion; module=DefiKernel.Typed.Expr; kind=definition; axioms=[]
info: DefiKernel/Typed/Verify.lean:7:0: AXIOM AUDIT declaration: DefiKernel.Typed.Var.noConfusionType; module=DefiKernel.Typed.Expr; kind=definition; axioms=[]
info: DefiKernel/Typed/Verify.lean:7:0: AXIOM AUDIT declaration: DefiKernel.Typed.Var.recOn; module=DefiKernel.Typed.Expr; kind=definition; axioms=[]
info: DefiKernel/Typed/Verify.lean:7:0: AXIOM AUDIT declaration: DefiKernel.Typed.execute.match_1; module=DefiKernel.Typed.Transition; kind=definition; axioms=[]
info: DefiKernel/Typed/Verify.lean:7:0: AXIOM AUDIT declaration: DefiKernel.Typed.instDecidableEqCapability.decEq; module=DefiKernel.Typed.Authority; kind=definition; axioms=[]
info: DefiKernel/Typed/Verify.lean:7:0: AXIOM AUDIT declaration: DefiKernel.Typed.instDecidableEqCapabilityId.decEq; module=DefiKernel.Typed.Types; kind=definition; axioms=[]
info: DefiKernel/Typed/Verify.lean:7:0: AXIOM AUDIT declaration: DefiKernel.Typed.instDecidableEqCapabilityStore.decEq; module=DefiKernel.Typed.Authority; kind=definition; axioms=[]
info: DefiKernel/Typed/Verify.lean:7:0: AXIOM AUDIT declaration: DefiKernel.Typed.instDecidableEqCellRef.decEq; module=DefiKernel.Typed.Types; kind=definition; axioms=[]
info: DefiKernel/Typed/Verify.lean:7:0: AXIOM AUDIT declaration: DefiKernel.Typed.instDecidableEqClaimId.decEq; module=DefiKernel.Typed.Types; kind=definition; axioms=[]
info: DefiKernel/Typed/Verify.lean:7:0: AXIOM AUDIT declaration: DefiKernel.Typed.instDecidableEqEnvRead.decEq; module=DefiKernel.Typed.Expr; kind=definition; axioms=[]
info: DefiKernel/Typed/Verify.lean:7:0: AXIOM AUDIT declaration: DefiKernel.Typed.instDecidableEqGrant.decEq; module=DefiKernel.Typed.Authority; kind=definition; axioms=[]
info: DefiKernel/Typed/Verify.lean:7:0: AXIOM AUDIT declaration: DefiKernel.Typed.instDecidableEqInvocationContext.decEq; module=DefiKernel.Typed.Types; kind=definition; axioms=[]
info: DefiKernel/Typed/Verify.lean:7:0: AXIOM AUDIT declaration: DefiKernel.Typed.instDecidableEqNumericUnit.decEq; module=DefiKernel.Typed.Types; kind=definition; axioms=[]
info: DefiKernel/Typed/Verify.lean:7:0: AXIOM AUDIT declaration: DefiKernel.Typed.instDecidableEqObservationId.decEq; module=DefiKernel.Typed.Types; kind=definition; axioms=[]
info: DefiKernel/Typed/Verify.lean:7:0: AXIOM AUDIT declaration: DefiKernel.Typed.instDecidableEqObservationKey.decEq; module=DefiKernel.Typed.Types; kind=definition; axioms=[]
info: DefiKernel/Typed/Verify.lean:7:0: AXIOM AUDIT declaration: DefiKernel.Typed.instDecidableEqObservationRef.decEq; module=DefiKernel.Typed.Types; kind=definition; axioms=[]
info: DefiKernel/Typed/Verify.lean:7:0: AXIOM AUDIT declaration: DefiKernel.Typed.instDecidableEqOperationId.decEq; module=DefiKernel.Typed.Types; kind=definition; axioms=[]
info: DefiKernel/Typed/Verify.lean:7:0: AXIOM AUDIT declaration: DefiKernel.Typed.instDecidableEqPartyRef.decEq; module=DefiKernel.Typed.Types; kind=definition; axioms=[]
info: DefiKernel/Typed/Verify.lean:7:0: AXIOM AUDIT declaration: DefiKernel.Typed.instDecidableEqRefusal.decEq; module=DefiKernel.Typed.Transition; kind=definition; axioms=[]
info: DefiKernel/Typed/Verify.lean:7:0: AXIOM AUDIT declaration: DefiKernel.Typed.instDecidableEqRight.decEq; module=DefiKernel.Typed.Authority; kind=definition; axioms=[]
info: DefiKernel/Typed/Verify.lean:7:0: AXIOM AUDIT declaration: DefiKernel.Typed.instDecidableEqUnit.decEq; module=DefiKernel.Typed.Types; kind=definition; axioms=[]
info: DefiKernel/Typed/Verify.lean:7:0: AXIOM AUDIT declaration: DefiKernel.Typed.instReprAuthorityFailure.repr; module=DefiKernel.Typed.Authority; kind=definition; axioms=[]
info: DefiKernel/Typed/Verify.lean:7:0: AXIOM AUDIT declaration: DefiKernel.Typed.instReprCapability.repr; module=DefiKernel.Typed.Authority; kind=definition; axioms=[propext]
info: DefiKernel/Typed/Verify.lean:7:0: AXIOM AUDIT declaration: DefiKernel.Typed.instReprCapabilityId.repr; module=DefiKernel.Typed.Types; kind=definition; axioms=[]
info: DefiKernel/Typed/Verify.lean:7:0: AXIOM AUDIT declaration: DefiKernel.Typed.instReprCapabilityStore.repr; module=DefiKernel.Typed.Authority; kind=definition; axioms=[propext]
info: DefiKernel/Typed/Verify.lean:7:0: AXIOM AUDIT declaration: DefiKernel.Typed.instReprCellRef.repr; module=DefiKernel.Typed.Types; kind=definition; axioms=[]
info: DefiKernel/Typed/Verify.lean:7:0: AXIOM AUDIT declaration: DefiKernel.Typed.instReprClaimId.repr; module=DefiKernel.Typed.Types; kind=definition; axioms=[]
info: DefiKernel/Typed/Verify.lean:7:0: AXIOM AUDIT declaration: DefiKernel.Typed.instReprEnvRead.repr; module=DefiKernel.Typed.Expr; kind=definition; axioms=[]
info: DefiKernel/Typed/Verify.lean:7:0: AXIOM AUDIT declaration: DefiKernel.Typed.instReprEvalFailure.repr; module=DefiKernel.Typed.Types; kind=definition; axioms=[]
info: DefiKernel/Typed/Verify.lean:7:0: AXIOM AUDIT declaration: DefiKernel.Typed.instReprGrant.repr; module=DefiKernel.Typed.Authority; kind=definition; axioms=[propext]
info: DefiKernel/Typed/Verify.lean:7:0: AXIOM AUDIT declaration: DefiKernel.Typed.instReprInvocationContext.repr; module=DefiKernel.Typed.Types; kind=definition; axioms=[]
info: DefiKernel/Typed/Verify.lean:7:0: AXIOM AUDIT declaration: DefiKernel.Typed.instReprNumericUnit.repr; module=DefiKernel.Typed.Types; kind=definition; axioms=[]
info: DefiKernel/Typed/Verify.lean:7:0: AXIOM AUDIT declaration: DefiKernel.Typed.instReprObservationId.repr; module=DefiKernel.Typed.Types; kind=definition; axioms=[]
info: DefiKernel/Typed/Verify.lean:7:0: AXIOM AUDIT declaration: DefiKernel.Typed.instReprObservationKey.repr; module=DefiKernel.Typed.Types; kind=definition; axioms=[]
info: DefiKernel/Typed/Verify.lean:7:0: AXIOM AUDIT declaration: DefiKernel.Typed.instReprObservationRef.repr; module=DefiKernel.Typed.Types; kind=definition; axioms=[]
info: DefiKernel/Typed/Verify.lean:7:0: AXIOM AUDIT declaration: DefiKernel.Typed.instReprOperationId.repr; module=DefiKernel.Typed.Types; kind=definition; axioms=[]
info: DefiKernel/Typed/Verify.lean:7:0: AXIOM AUDIT declaration: DefiKernel.Typed.instReprPartyRef.repr; module=DefiKernel.Typed.Types; kind=definition; axioms=[]
info: DefiKernel/Typed/Verify.lean:7:0: AXIOM AUDIT declaration: DefiKernel.Typed.instReprRefusal.repr; module=DefiKernel.Typed.Transition; kind=definition; axioms=[]
info: DefiKernel/Typed/Verify.lean:7:0: AXIOM AUDIT declaration: DefiKernel.Typed.instReprRight.repr; module=DefiKernel.Typed.Authority; kind=definition; axioms=[propext]
info: DefiKernel/Typed/Verify.lean:7:0: AXIOM AUDIT declaration: DefiKernel.Typed.instReprUnit.repr; module=DefiKernel.Typed.Types; kind=definition; axioms=[]
info: DefiKernel/Typed/Verify.lean:7:0: AXIOM AUDIT declaration: DefiKernel.Typed.numericRat.match_1; module=DefiKernel.Typed.Types; kind=definition; axioms=[]
info: DefiKernel/Typed/Verify.lean:7:0: AXIOM AUDIT declaration: DefiKernel.Typed.readObservation.match_1; module=DefiKernel.Typed.Expr; kind=definition; axioms=[]
info: DefiKernel/Typed/Verify.lean:7:0: AXIOM AUDIT declaration: DefiKernel.Typed.revokeCapability.match_1; module=DefiKernel.Typed.Authority; kind=definition; axioms=[]
info: DefiKernel/Typed/Verify.lean:7:0: AXIOM AUDIT declaration: _private.DefiKernel.Typed.Transition.0.Except.map.match_1.splitter; module=DefiKernel.Typed.Transition; kind=definition; axioms=[]
info: DefiKernel/Typed/Verify.lean:7:0: AXIOM AUDIT declaration: DefiKernel.Typed.Acceptance.preservesCapabilities._sparseCasesOn_1; module=DefiKernel.Typed.Acceptance; kind=definition; axioms=[propext]
info: DefiKernel/Typed/Verify.lean:7:0: AXIOM AUDIT declaration: DefiKernel.Typed.Acceptance.preservesCapabilities.match_1; module=DefiKernel.Typed.Acceptance; kind=definition; axioms=[propext,
 Quot.sound]
info: DefiKernel/Typed/Verify.lean:7:0: AXIOM AUDIT declaration: DefiKernel.Typed.Acceptance.refused.match_1; module=DefiKernel.Typed.Acceptance; kind=definition; axioms=[propext,
 Quot.sound]
info: DefiKernel/Typed/Verify.lean:7:0: AXIOM AUDIT declaration: DefiKernel.Typed.Acceptance.runReissued.match_1; module=DefiKernel.Typed.Acceptance; kind=definition; axioms=[]
info: DefiKernel/Typed/Verify.lean:7:0: AXIOM AUDIT declaration: DefiKernel.Typed.Args.brecOn.go; module=DefiKernel.Typed.Expr; kind=definition; axioms=[]
info: DefiKernel/Typed/Verify.lean:7:0: AXIOM AUDIT declaration: DefiKernel.Typed.Args.check._f; module=DefiKernel.Typed.Expr; kind=definition; axioms=[propext]
info: DefiKernel/Typed/Verify.lean:7:0: AXIOM AUDIT declaration: DefiKernel.Typed.Args.check._sparseCasesOn_1; module=DefiKernel.Typed.Expr; kind=definition; axioms=[propext]
info: DefiKernel/Typed/Verify.lean:7:0: AXIOM AUDIT declaration: DefiKernel.Typed.Args.check._sparseCasesOn_2; module=DefiKernel.Typed.Expr; kind=definition; axioms=[propext]
info: DefiKernel/Typed/Verify.lean:7:0: AXIOM AUDIT declaration: DefiKernel.Typed.Args.check._sunfold; module=DefiKernel.Typed.Expr; kind=definition; axioms=[propext]
info: DefiKernel/Typed/Verify.lean:7:0: AXIOM AUDIT declaration: DefiKernel.Typed.Args.check._unsafe_rec; module=DefiKernel.Typed.Expr; kind=definition; axioms=[propext]
info: DefiKernel/Typed/Verify.lean:7:0: AXIOM AUDIT declaration: DefiKernel.Typed.Args.check.match_1; module=DefiKernel.Typed.Expr; kind=definition; axioms=[propext]
info: DefiKernel/Typed/Verify.lean:7:0: AXIOM AUDIT declaration: DefiKernel.Typed.Args.cons.elim; module=DefiKernel.Typed.Expr; kind=definition; axioms=[]
info: DefiKernel/Typed/Verify.lean:7:0: AXIOM AUDIT declaration: DefiKernel.Typed.Args.cons.noConfusion; module=DefiKernel.Typed.Expr; kind=definition; axioms=[]
info: DefiKernel/Typed/Verify.lean:7:0: AXIOM AUDIT declaration: DefiKernel.Typed.Args.get._f; module=DefiKernel.Typed.Expr; kind=definition; axioms=[]
info: DefiKernel/Typed/Verify.lean:7:0: AXIOM AUDIT declaration: DefiKernel.Typed.Args.get._sunfold; module=DefiKernel.Typed.Expr; kind=definition; axioms=[]
info: DefiKernel/Typed/Verify.lean:7:0: AXIOM AUDIT declaration: DefiKernel.Typed.Args.get._unsafe_rec; module=DefiKernel.Typed.Expr; kind=definition; axioms=[]
info: DefiKernel/Typed/Verify.lean:7:0: AXIOM AUDIT declaration: DefiKernel.Typed.Args.get.match_1; module=DefiKernel.Typed.Expr; kind=definition; axioms=[]
info: DefiKernel/Typed/Verify.lean:7:0: AXIOM AUDIT declaration: DefiKernel.Typed.Args.nil.elim; module=DefiKernel.Typed.Expr; kind=definition; axioms=[]
info: DefiKernel/Typed/Verify.lean:7:0: AXIOM AUDIT declaration: DefiKernel.Typed.AuthorityConfig.mk._flat_ctor; module=DefiKernel.Typed.Authority; kind=definition; axioms=[]
info: DefiKernel/Typed/Verify.lean:7:0: AXIOM AUDIT declaration: DefiKernel.Typed.AuthorityConfig.mk.noConfusion; module=DefiKernel.Typed.Authority; kind=definition; axioms=[]
info: DefiKernel/Typed/Verify.lean:7:0: AXIOM AUDIT declaration: DefiKernel.Typed.AuthorityFailure.operationDomain.elim; module=DefiKernel.Typed.Authority; kind=definition; axioms=[]
info: DefiKernel/Typed/Verify.lean:7:0: AXIOM AUDIT declaration: DefiKernel.Typed.AuthorityFailure.resourceDomain.elim; module=DefiKernel.Typed.Authority; kind=definition; axioms=[]
info: DefiKernel/Typed/Verify.lean:7:0: AXIOM AUDIT declaration: DefiKernel.Typed.AuthorityFailure.unauthorizedAdmin.elim; module=DefiKernel.Typed.Authority; kind=definition; axioms=[]
info: DefiKernel/Typed/Verify.lean:7:0: AXIOM AUDIT declaration: DefiKernel.Typed.AuthorityFailure.unknownCapability.elim; module=DefiKernel.Typed.Authority; kind=definition; axioms=[]
info: DefiKernel/Typed/Verify.lean:7:0: AXIOM AUDIT declaration: DefiKernel.Typed.AuthorityTests.issueMore.match_1; module=DefiKernel.Typed.AuthorityTests; kind=definition; axioms=[]
info: DefiKernel/Typed/Verify.lean:7:0: AXIOM AUDIT declaration: DefiKernel.Typed.AuthorityTests.issueUse.match_1; module=DefiKernel.Typed.AuthorityTests; kind=definition; axioms=[]
info: DefiKernel/Typed/Verify.lean:7:0: AXIOM AUDIT declaration: DefiKernel.Typed.AuthorityTests.store.match_1; module=DefiKernel.Typed.AuthorityTests; kind=definition; axioms=[]
info: DefiKernel/Typed/Verify.lean:7:0: AXIOM AUDIT declaration: DefiKernel.Typed.BinaryOp.add.elim; module=DefiKernel.Typed.Expr; kind=definition; axioms=[]
info: DefiKernel/Typed/Verify.lean:7:0: AXIOM AUDIT declaration: DefiKernel.Typed.BinaryOp.add.noConfusion; module=DefiKernel.Typed.Expr; kind=definition; axioms=[]
info: DefiKernel/Typed/Verify.lean:7:0: AXIOM AUDIT declaration: DefiKernel.Typed.BinaryOp.and.elim; module=DefiKernel.Typed.Expr; kind=definition; axioms=[]
info: DefiKernel/Typed/Verify.lean:7:0: AXIOM AUDIT declaration: DefiKernel.Typed.BinaryOp.convert.elim; module=DefiKernel.Typed.Expr; kind=definition; axioms=[]
info: DefiKernel/Typed/Verify.lean:7:0: AXIOM AUDIT declaration: DefiKernel.Typed.BinaryOp.convert.noConfusion; module=DefiKernel.Typed.Expr; kind=definition; axioms=[]
info: DefiKernel/Typed/Verify.lean:7:0: AXIOM AUDIT declaration: DefiKernel.Typed.BinaryOp.divide.elim; module=DefiKernel.Typed.Expr; kind=definition; axioms=[]
info: DefiKernel/Typed/Verify.lean:7:0: AXIOM AUDIT declaration: DefiKernel.Typed.BinaryOp.divide.noConfusion; module=DefiKernel.Typed.Expr; kind=definition; axioms=[]
info: DefiKernel/Typed/Verify.lean:7:0: AXIOM AUDIT declaration: DefiKernel.Typed.BinaryOp.eq.elim; module=DefiKernel.Typed.Expr; kind=definition; axioms=[]
info: DefiKernel/Typed/Verify.lean:7:0: AXIOM AUDIT declaration: DefiKernel.Typed.BinaryOp.eq.noConfusion; module=DefiKernel.Typed.Expr; kind=definition; axioms=[]
info: DefiKernel/Typed/Verify.lean:7:0: AXIOM AUDIT declaration: DefiKernel.Typed.BinaryOp.eval.match_1; module=DefiKernel.Typed.Expr; kind=definition; axioms=[]
info: DefiKernel/Typed/Verify.lean:7:0: AXIOM AUDIT declaration: DefiKernel.Typed.BinaryOp.le.elim; module=DefiKernel.Typed.Expr; kind=definition; axioms=[]
info: DefiKernel/Typed/Verify.lean:7:0: AXIOM AUDIT declaration: DefiKernel.Typed.BinaryOp.le.noConfusion; module=DefiKernel.Typed.Expr; kind=definition; axioms=[]
info: DefiKernel/Typed/Verify.lean:7:0: AXIOM AUDIT declaration: DefiKernel.Typed.BinaryOp.lt.elim; module=DefiKernel.Typed.Expr; kind=definition; axioms=[]
info: DefiKernel/Typed/Verify.lean:7:0: AXIOM AUDIT declaration: DefiKernel.Typed.BinaryOp.lt.noConfusion; module=DefiKernel.Typed.Expr; kind=definition; axioms=[]
info: DefiKernel/Typed/Verify.lean:7:0: AXIOM AUDIT declaration: DefiKernel.Typed.BinaryOp.or.elim; module=DefiKernel.Typed.Expr; kind=definition; axioms=[]
info: DefiKernel/Typed/Verify.lean:7:0: AXIOM AUDIT declaration: DefiKernel.Typed.BinaryOp.ratio.elim; module=DefiKernel.Typed.Expr; kind=definition; axioms=[]
info: DefiKernel/Typed/Verify.lean:7:0: AXIOM AUDIT declaration: DefiKernel.Typed.BinaryOp.ratio.noConfusion; module=DefiKernel.Typed.Expr; kind=definition; axioms=[]
info: DefiKernel/Typed/Verify.lean:7:0: AXIOM AUDIT declaration: DefiKernel.Typed.BinaryOp.scale.elim; module=DefiKernel.Typed.Expr; kind=definition; axioms=[]
info: DefiKernel/Typed/Verify.lean:7:0: AXIOM AUDIT declaration: DefiKernel.Typed.BinaryOp.scale.noConfusion; module=DefiKernel.Typed.Expr; kind=definition; axioms=[]
info: DefiKernel/Typed/Verify.lean:7:0: AXIOM AUDIT declaration: DefiKernel.Typed.BinaryOp.sub.elim; module=DefiKernel.Typed.Expr; kind=definition; axioms=[]
info: DefiKernel/Typed/Verify.lean:7:0: AXIOM AUDIT declaration: DefiKernel.Typed.BinaryOp.sub.noConfusion; module=DefiKernel.Typed.Expr; kind=definition; axioms=[]
info: DefiKernel/Typed/Verify.lean:7:0: AXIOM AUDIT declaration: DefiKernel.Typed.BinaryOp.unconvert.elim; module=DefiKernel.Typed.Expr; kind=definition; axioms=[]
info: DefiKernel/Typed/Verify.lean:7:0: AXIOM AUDIT declaration: DefiKernel.Typed.BinaryOp.unconvert.noConfusion; module=DefiKernel.Typed.Expr; kind=definition; axioms=[]
info: DefiKernel/Typed/Verify.lean:7:0: AXIOM AUDIT declaration: DefiKernel.Typed.Capability.mk._flat_ctor; module=DefiKernel.Typed.Authority; kind=definition; axioms=[]
info: DefiKernel/Typed/Verify.lean:7:0: AXIOM AUDIT declaration: DefiKernel.Typed.Capability.mk.noConfusion; module=DefiKernel.Typed.Authority; kind=definition; axioms=[]
info: DefiKernel/Typed/Verify.lean:7:0: AXIOM AUDIT declaration: DefiKernel.Typed.CapabilityId.mk._flat_ctor; module=DefiKernel.Typed.Types; kind=definition; axioms=[]
info: DefiKernel/Typed/Verify.lean:7:0: AXIOM AUDIT declaration: DefiKernel.Typed.CapabilityId.mk.noConfusion; module=DefiKernel.Typed.Types; kind=definition; axioms=[]
info: DefiKernel/Typed/Verify.lean:7:0: AXIOM AUDIT declaration: DefiKernel.Typed.CapabilityStore.mk._flat_ctor; module=DefiKernel.Typed.Authority; kind=definition; axioms=[]
info: DefiKernel/Typed/Verify.lean:7:0: AXIOM AUDIT declaration: DefiKernel.Typed.CapabilityStore.mk.noConfusion; module=DefiKernel.Typed.Authority; kind=definition; axioms=[]
info: DefiKernel/Typed/Verify.lean:7:0: AXIOM AUDIT declaration: DefiKernel.Typed.CellDelta.mk._flat_ctor; module=DefiKernel.Typed.Transition; kind=definition; axioms=[]
info: DefiKernel/Typed/Verify.lean:7:0: AXIOM AUDIT declaration: DefiKernel.Typed.CellDelta.mk.noConfusion; module=DefiKernel.Typed.Transition; kind=definition; axioms=[]
info: DefiKernel/Typed/Verify.lean:7:0: AXIOM AUDIT declaration: DefiKernel.Typed.CellRef.mk._flat_ctor; module=DefiKernel.Typed.Types; kind=definition; axioms=[]
info: DefiKernel/Typed/Verify.lean:7:0: AXIOM AUDIT declaration: DefiKernel.Typed.CellRef.mk.noConfusion; module=DefiKernel.Typed.Types; kind=definition; axioms=[]
info: DefiKernel/Typed/Verify.lean:7:0: AXIOM AUDIT declaration: DefiKernel.Typed.ClaimId.mk._flat_ctor; module=DefiKernel.Typed.Types; kind=definition; axioms=[]
info: DefiKernel/Typed/Verify.lean:7:0: AXIOM AUDIT declaration: DefiKernel.Typed.ClaimId.mk.noConfusion; module=DefiKernel.Typed.Types; kind=definition; axioms=[]
info: DefiKernel/Typed/Verify.lean:7:0: AXIOM AUDIT declaration: DefiKernel.Typed.EnvRead.currentTime.elim; module=DefiKernel.Typed.Expr; kind=definition; axioms=[]
info: DefiKernel/Typed/Verify.lean:7:0: AXIOM AUDIT declaration: DefiKernel.Typed.EnvRead.observation.elim; module=DefiKernel.Typed.Expr; kind=definition; axioms=[]
info: DefiKernel/Typed/Verify.lean:7:0: AXIOM AUDIT declaration: DefiKernel.Typed.EnvRead.observation.noConfusion; module=DefiKernel.Typed.Expr; kind=definition; axioms=[]
info: DefiKernel/Typed/Verify.lean:7:0: AXIOM AUDIT declaration: DefiKernel.Typed.EvalContext.mk._flat_ctor; module=DefiKernel.Typed.Expr; kind=definition; axioms=[propext,
 Quot.sound]
info: DefiKernel/Typed/Verify.lean:7:0: AXIOM AUDIT declaration: DefiKernel.Typed.EvalContext.mk.noConfusion; module=DefiKernel.Typed.Expr; kind=definition; axioms=[propext,
 Quot.sound]
info: DefiKernel/Typed/Verify.lean:7:0: AXIOM AUDIT declaration: DefiKernel.Typed.EvalFailure.argumentCount.elim; module=DefiKernel.Typed.Types; kind=definition; axioms=[]
info: DefiKernel/Typed/Verify.lean:7:0: AXIOM AUDIT declaration: DefiKernel.Typed.EvalFailure.argumentUnit.elim; module=DefiKernel.Typed.Types; kind=definition; axioms=[]
info: DefiKernel/Typed/Verify.lean:7:0: AXIOM AUDIT declaration: DefiKernel.Typed.EvalFailure.divisionByZero.elim; module=DefiKernel.Typed.Types; kind=definition; axioms=[]
info: DefiKernel/Typed/Verify.lean:7:0: AXIOM AUDIT declaration: DefiKernel.Typed.EvalFailure.missingObservation.elim; module=DefiKernel.Typed.Types; kind=definition; axioms=[]
info: DefiKernel/Typed/Verify.lean:7:0: AXIOM AUDIT declaration: DefiKernel.Typed.EvalFailure.observationUnit.elim; module=DefiKernel.Typed.Types; kind=definition; axioms=[]
info: DefiKernel/Typed/Verify.lean:7:0: AXIOM AUDIT declaration: DefiKernel.Typed.EvalFailure.partyArgument.elim; module=DefiKernel.Typed.Types; kind=definition; axioms=[]
info: DefiKernel/Typed/Verify.lean:7:0: AXIOM AUDIT declaration: DefiKernel.Typed.Evaluated.mk._flat_ctor; module=DefiKernel.Typed.Transition; kind=definition; axioms=[]
info: DefiKernel/Typed/Verify.lean:7:0: AXIOM AUDIT declaration: DefiKernel.Typed.Evaluated.mk.noConfusion; module=DefiKernel.Typed.Transition; kind=definition; axioms=[]
info: DefiKernel/Typed/Verify.lean:7:0: AXIOM AUDIT declaration: DefiKernel.Typed.Examples.Asset._sizeOf_1; module=DefiKernel.Typed.Examples; kind=definition; axioms=[]
info: DefiKernel/Typed/Verify.lean:7:0: AXIOM AUDIT declaration: DefiKernel.Typed.Examples.Asset._sizeOf_inst; module=DefiKernel.Typed.Examples; kind=definition; axioms=[]
info: DefiKernel/Typed/Verify.lean:7:0: AXIOM AUDIT declaration: DefiKernel.Typed.Examples.Asset.casesOn; module=DefiKernel.Typed.Examples; kind=definition; axioms=[]
info: DefiKernel/Typed/Verify.lean:7:0: AXIOM AUDIT declaration: DefiKernel.Typed.Examples.Asset.ctorElim; module=DefiKernel.Typed.Examples; kind=definition; axioms=[]
info: DefiKernel/Typed/Verify.lean:7:0: AXIOM AUDIT declaration: DefiKernel.Typed.Examples.Asset.ctorElimType; module=DefiKernel.Typed.Examples; kind=definition; axioms=[]
info: DefiKernel/Typed/Verify.lean:7:0: AXIOM AUDIT declaration: DefiKernel.Typed.Examples.Asset.ctorIdx; module=DefiKernel.Typed.Examples; kind=definition; axioms=[]
info: DefiKernel/Typed/Verify.lean:7:0: AXIOM AUDIT declaration: DefiKernel.Typed.Examples.Asset.noConfusion; module=DefiKernel.Typed.Examples; kind=definition; axioms=[]
info: DefiKernel/Typed/Verify.lean:7:0: AXIOM AUDIT declaration: DefiKernel.Typed.Examples.Asset.noConfusionType; module=DefiKernel.Typed.Examples; kind=definition; axioms=[]
info: DefiKernel/Typed/Verify.lean:7:0: AXIOM AUDIT declaration: DefiKernel.Typed.Examples.Asset.ofNat; module=DefiKernel.Typed.Examples; kind=definition; axioms=[]
info: DefiKernel/Typed/Verify.lean:7:0: AXIOM AUDIT declaration: DefiKernel.Typed.Examples.Asset.recOn; module=DefiKernel.Typed.Examples; kind=definition; axioms=[]
info: DefiKernel/Typed/Verify.lean:7:0: AXIOM AUDIT declaration: DefiKernel.Typed.Examples.Asset.toCtorIdx; module=DefiKernel.Typed.Examples; kind=definition; axioms=[]
info: DefiKernel/Typed/Verify.lean:7:0: AXIOM AUDIT declaration: DefiKernel.Typed.Examples.Domain._sizeOf_1; module=DefiKernel.Typed.Examples; kind=definition; axioms=[]
info: DefiKernel/Typed/Verify.lean:7:0: AXIOM AUDIT declaration: DefiKernel.Typed.Examples.Domain._sizeOf_inst; module=DefiKernel.Typed.Examples; kind=definition; axioms=[]
info: DefiKernel/Typed/Verify.lean:7:0: AXIOM AUDIT declaration: DefiKernel.Typed.Examples.Domain.casesOn; module=DefiKernel.Typed.Examples; kind=definition; axioms=[]
info: DefiKernel/Typed/Verify.lean:7:0: AXIOM AUDIT declaration: DefiKernel.Typed.Examples.Domain.ctorElim; module=DefiKernel.Typed.Examples; kind=definition; axioms=[]
info: DefiKernel/Typed/Verify.lean:7:0: AXIOM AUDIT declaration: DefiKernel.Typed.Examples.Domain.ctorElimType; module=DefiKernel.Typed.Examples; kind=definition; axioms=[]
info: DefiKernel/Typed/Verify.lean:7:0: AXIOM AUDIT declaration: DefiKernel.Typed.Examples.Domain.ctorIdx; module=DefiKernel.Typed.Examples; kind=definition; axioms=[]
info: DefiKernel/Typed/Verify.lean:7:0: AXIOM AUDIT declaration: DefiKernel.Typed.Examples.Domain.noConfusion; module=DefiKernel.Typed.Examples; kind=definition; axioms=[]
info: DefiKernel/Typed/Verify.lean:7:0: AXIOM AUDIT declaration: DefiKernel.Typed.Examples.Domain.noConfusionType; module=DefiKernel.Typed.Examples; kind=definition; axioms=[]
info: DefiKernel/Typed/Verify.lean:7:0: AXIOM AUDIT declaration: DefiKernel.Typed.Examples.Domain.ofNat; module=DefiKernel.Typed.Examples; kind=definition; axioms=[]
info: DefiKernel/Typed/Verify.lean:7:0: AXIOM AUDIT declaration: DefiKernel.Typed.Examples.Domain.recOn; module=DefiKernel.Typed.Examples; kind=definition; axioms=[]
info: DefiKernel/Typed/Verify.lean:7:0: AXIOM AUDIT declaration: DefiKernel.Typed.Examples.Domain.toCtorIdx; module=DefiKernel.Typed.Examples; kind=definition; axioms=[]
info: DefiKernel/Typed/Verify.lean:7:0: AXIOM AUDIT declaration: DefiKernel.Typed.Examples.Party._sizeOf_1; module=DefiKernel.Typed.Examples; kind=definition; axioms=[]
info: DefiKernel/Typed/Verify.lean:7:0: AXIOM AUDIT declaration: DefiKernel.Typed.Examples.Party._sizeOf_inst; module=DefiKernel.Typed.Examples; kind=definition; axioms=[]
info: DefiKernel/Typed/Verify.lean:7:0: AXIOM AUDIT declaration: DefiKernel.Typed.Examples.Party.casesOn; module=DefiKernel.Typed.Examples; kind=definition; axioms=[]
info: DefiKernel/Typed/Verify.lean:7:0: AXIOM AUDIT declaration: DefiKernel.Typed.Examples.Party.ctorElim; module=DefiKernel.Typed.Examples; kind=definition; axioms=[]
info: DefiKernel/Typed/Verify.lean:7:0: AXIOM AUDIT declaration: DefiKernel.Typed.Examples.Party.ctorElimType; module=DefiKernel.Typed.Examples; kind=definition; axioms=[]
info: DefiKernel/Typed/Verify.lean:7:0: AXIOM AUDIT declaration: DefiKernel.Typed.Examples.Party.ctorIdx; module=DefiKernel.Typed.Examples; kind=definition; axioms=[]
info: DefiKernel/Typed/Verify.lean:7:0: AXIOM AUDIT declaration: DefiKernel.Typed.Examples.Party.noConfusion; module=DefiKernel.Typed.Examples; kind=definition; axioms=[]
info: DefiKernel/Typed/Verify.lean:7:0: AXIOM AUDIT declaration: DefiKernel.Typed.Examples.Party.noConfusionType; module=DefiKernel.Typed.Examples; kind=definition; axioms=[]
info: DefiKernel/Typed/Verify.lean:7:0: AXIOM AUDIT declaration: DefiKernel.Typed.Examples.Party.ofNat; module=DefiKernel.Typed.Examples; kind=definition; axioms=[]
info: DefiKernel/Typed/Verify.lean:7:0: AXIOM AUDIT declaration: DefiKernel.Typed.Examples.Party.recOn; module=DefiKernel.Typed.Examples; kind=definition; axioms=[]
info: DefiKernel/Typed/Verify.lean:7:0: AXIOM AUDIT declaration: DefiKernel.Typed.Examples.Party.toCtorIdx; module=DefiKernel.Typed.Examples; kind=definition; axioms=[]
info: DefiKernel/Typed/Verify.lean:7:0: AXIOM AUDIT declaration: DefiKernel.Typed.Examples.ReferenceFailure._sizeOf_1; module=DefiKernel.Typed.Examples; kind=definition; axioms=[]
info: DefiKernel/Typed/Verify.lean:7:0: AXIOM AUDIT declaration: DefiKernel.Typed.Examples.ReferenceFailure._sizeOf_inst; module=DefiKernel.Typed.Examples; kind=definition; axioms=[]
info: DefiKernel/Typed/Verify.lean:7:0: AXIOM AUDIT declaration: DefiKernel.Typed.Examples.ReferenceFailure.casesOn; module=DefiKernel.Typed.Examples; kind=definition; axioms=[]
info: DefiKernel/Typed/Verify.lean:7:0: AXIOM AUDIT declaration: DefiKernel.Typed.Examples.ReferenceFailure.ctorElim; module=DefiKernel.Typed.Examples; kind=definition; axioms=[]
info: DefiKernel/Typed/Verify.lean:7:0: AXIOM AUDIT declaration: DefiKernel.Typed.Examples.ReferenceFailure.ctorElimType; module=DefiKernel.Typed.Examples; kind=definition; axioms=[]
info: DefiKernel/Typed/Verify.lean:7:0: AXIOM AUDIT declaration: DefiKernel.Typed.Examples.ReferenceFailure.ctorIdx; module=DefiKernel.Typed.Examples; kind=definition; axioms=[]
info: DefiKernel/Typed/Verify.lean:7:0: AXIOM AUDIT declaration: DefiKernel.Typed.Examples.ReferenceFailure.noConfusion; module=DefiKernel.Typed.Examples; kind=definition; axioms=[]
info: DefiKernel/Typed/Verify.lean:7:0: AXIOM AUDIT declaration: DefiKernel.Typed.Examples.ReferenceFailure.noConfusionType; module=DefiKernel.Typed.Examples; kind=definition; axioms=[]
info: DefiKernel/Typed/Verify.lean:7:0: AXIOM AUDIT declaration: DefiKernel.Typed.Examples.ReferenceFailure.recOn; module=DefiKernel.Typed.Examples; kind=definition; axioms=[]
info: DefiKernel/Typed/Verify.lean:7:0: AXIOM AUDIT declaration: DefiKernel.Typed.Examples.allGuards._f; module=DefiKernel.Typed.Examples; kind=definition; axioms=[]
info: DefiKernel/Typed/Verify.lean:7:0: AXIOM AUDIT declaration: DefiKernel.Typed.Examples.allGuards._sunfold; module=DefiKernel.Typed.Examples; kind=definition; axioms=[]
info: DefiKernel/Typed/Verify.lean:7:0: AXIOM AUDIT declaration: DefiKernel.Typed.Examples.allGuards._unsafe_rec; module=DefiKernel.Typed.Examples; kind=definition; axioms=[]
info: DefiKernel/Typed/Verify.lean:7:0: AXIOM AUDIT declaration: DefiKernel.Typed.Examples.allGuards.match_1; module=DefiKernel.Typed.Examples; kind=definition; axioms=[]
info: DefiKernel/Typed/Verify.lean:7:0: AXIOM AUDIT declaration: DefiKernel.Typed.Examples.initial._sparseCasesOn_1; module=DefiKernel.Typed.Examples; kind=definition; axioms=[propext]
info: DefiKernel/Typed/Verify.lean:7:0: AXIOM AUDIT declaration: DefiKernel.Typed.Examples.initial._sparseCasesOn_2; module=DefiKernel.Typed.Examples; kind=definition; axioms=[propext]
info: DefiKernel/Typed/Verify.lean:7:0: AXIOM AUDIT declaration: DefiKernel.Typed.Examples.initial._sparseCasesOn_3; module=DefiKernel.Typed.Examples; kind=definition; axioms=[propext]
info: DefiKernel/Typed/Verify.lean:7:0: AXIOM AUDIT declaration: DefiKernel.Typed.Examples.initial.match_1; module=DefiKernel.Typed.Examples; kind=definition; axioms=[propext]
info: DefiKernel/Typed/Verify.lean:7:0: AXIOM AUDIT declaration: DefiKernel.Typed.Examples.instDecidableEqReferenceFailure.decEq; module=DefiKernel.Typed.Examples; kind=definition; axioms=[]
info: DefiKernel/Typed/Verify.lean:7:0: AXIOM AUDIT declaration: DefiKernel.Typed.Examples.instReprAsset.repr; module=DefiKernel.Typed.Examples; kind=definition; axioms=[]
info: DefiKernel/Typed/Verify.lean:7:0: AXIOM AUDIT declaration: DefiKernel.Typed.Examples.instReprDomain.repr; module=DefiKernel.Typed.Examples; kind=definition; axioms=[]
info: DefiKernel/Typed/Verify.lean:7:0: AXIOM AUDIT declaration: DefiKernel.Typed.Examples.instReprParty.repr; module=DefiKernel.Typed.Examples; kind=definition; axioms=[]
info: DefiKernel/Typed/Verify.lean:7:0: AXIOM AUDIT declaration: DefiKernel.Typed.Examples.instReprReferenceFailure.repr; module=DefiKernel.Typed.Examples; kind=definition; axioms=[]
info: DefiKernel/Typed/Verify.lean:7:0: AXIOM AUDIT declaration: DefiKernel.Typed.Examples.issueGrants._f; module=DefiKernel.Typed.Examples; kind=definition; axioms=[propext,
 Quot.sound]
info: DefiKernel/Typed/Verify.lean:7:0: AXIOM AUDIT declaration: DefiKernel.Typed.Examples.issueGrants._sunfold; module=DefiKernel.Typed.Examples; kind=definition; axioms=[propext,
 Quot.sound]
info: DefiKernel/Typed/Verify.lean:7:0: AXIOM AUDIT declaration: DefiKernel.Typed.Examples.issueGrants._unsafe_rec; module=DefiKernel.Typed.Examples; kind=definition; axioms=[propext,
 Quot.sound]
info: DefiKernel/Typed/Verify.lean:7:0: AXIOM AUDIT declaration: DefiKernel.Typed.Examples.issueGrants.match_1; module=DefiKernel.Typed.Examples; kind=definition; axioms=[]
info: DefiKernel/Typed/Verify.lean:7:0: AXIOM AUDIT declaration: DefiKernel.Typed.Examples.issueGrants.match_3; module=DefiKernel.Typed.Examples; kind=definition; axioms=[]
info: DefiKernel/Typed/Verify.lean:7:0: AXIOM AUDIT declaration: DefiKernel.Typed.Examples.registry.match_1; module=DefiKernel.Typed.Examples; kind=definition; axioms=[]
info: DefiKernel/Typed/Verify.lean:7:0: AXIOM AUDIT declaration: DefiKernel.Typed.ExecutionResult.mk._flat_ctor; module=DefiKernel.Typed.Transition; kind=definition; axioms=[propext,
 Quot.sound]
info: DefiKernel/Typed/Verify.lean:7:0: AXIOM AUDIT declaration: DefiKernel.Typed.ExecutionResult.mk.noConfusion; module=DefiKernel.Typed.Transition; kind=definition; axioms=[propext,
 Quot.sound]
info: DefiKernel/Typed/Verify.lean:7:0: AXIOM AUDIT declaration: DefiKernel.Typed.Expr.arg.elim; module=DefiKernel.Typed.Expr; kind=definition; axioms=[]
info: DefiKernel/Typed/Verify.lean:7:0: AXIOM AUDIT declaration: DefiKernel.Typed.Expr.arg.noConfusion; module=DefiKernel.Typed.Expr; kind=definition; axioms=[]
info: DefiKernel/Typed/Verify.lean:7:0: AXIOM AUDIT declaration: DefiKernel.Typed.Expr.balance.elim; module=DefiKernel.Typed.Expr; kind=definition; axioms=[]
info: DefiKernel/Typed/Verify.lean:7:0: AXIOM AUDIT declaration: DefiKernel.Typed.Expr.balance.noConfusion; module=DefiKernel.Typed.Expr; kind=definition; axioms=[]
info: DefiKernel/Typed/Verify.lean:7:0: AXIOM AUDIT declaration: DefiKernel.Typed.Expr.binary.elim; module=DefiKernel.Typed.Expr; kind=definition; axioms=[]
info: DefiKernel/Typed/Verify.lean:7:0: AXIOM AUDIT declaration: DefiKernel.Typed.Expr.binary.noConfusion; module=DefiKernel.Typed.Expr; kind=definition; axioms=[]
info: DefiKernel/Typed/Verify.lean:7:0: AXIOM AUDIT declaration: DefiKernel.Typed.Expr.brecOn.go; module=DefiKernel.Typed.Expr; kind=definition; axioms=[]
info: DefiKernel/Typed/Verify.lean:7:0: AXIOM AUDIT declaration: DefiKernel.Typed.Expr.envReads._f; module=DefiKernel.Typed.Expr; kind=definition; axioms=[]
info: DefiKernel/Typed/Verify.lean:7:0: AXIOM AUDIT declaration: DefiKernel.Typed.Expr.envReads._sunfold; module=DefiKernel.Typed.Expr; kind=definition; axioms=[]
info: DefiKernel/Typed/Verify.lean:7:0: AXIOM AUDIT declaration: DefiKernel.Typed.Expr.envReads._unsafe_rec; module=DefiKernel.Typed.Expr; kind=definition; axioms=[]
info: DefiKernel/Typed/Verify.lean:7:0: AXIOM AUDIT declaration: DefiKernel.Typed.Expr.envReads.match_1; module=DefiKernel.Typed.Expr; kind=definition; axioms=[]
info: DefiKernel/Typed/Verify.lean:7:0: AXIOM AUDIT declaration: DefiKernel.Typed.Expr.eval._f; module=DefiKernel.Typed.Expr; kind=definition; axioms=[propext,
 Classical.choice,
 Quot.sound]
info: DefiKernel/Typed/Verify.lean:7:0: AXIOM AUDIT declaration: DefiKernel.Typed.Expr.eval._sunfold; module=DefiKernel.Typed.Expr; kind=definition; axioms=[propext,
 Classical.choice,
 Quot.sound]
info: DefiKernel/Typed/Verify.lean:7:0: AXIOM AUDIT declaration: DefiKernel.Typed.Expr.eval._unsafe_rec; module=DefiKernel.Typed.Expr; kind=definition; axioms=[propext,
 Classical.choice,
 Quot.sound]
info: DefiKernel/Typed/Verify.lean:7:0: AXIOM AUDIT declaration: DefiKernel.Typed.Expr.eval.match_1; module=DefiKernel.Typed.Expr; kind=definition; axioms=[]
info: DefiKernel/Typed/Verify.lean:7:0: AXIOM AUDIT declaration: DefiKernel.Typed.Expr.ite.elim; module=DefiKernel.Typed.Expr; kind=definition; axioms=[]
info: DefiKernel/Typed/Verify.lean:7:0: AXIOM AUDIT declaration: DefiKernel.Typed.Expr.ite.noConfusion; module=DefiKernel.Typed.Expr; kind=definition; axioms=[]
info: DefiKernel/Typed/Verify.lean:7:0: AXIOM AUDIT declaration: DefiKernel.Typed.Expr.lit.elim; module=DefiKernel.Typed.Expr; kind=definition; axioms=[]
info: DefiKernel/Typed/Verify.lean:7:0: AXIOM AUDIT declaration: DefiKernel.Typed.Expr.lit.noConfusion; module=DefiKernel.Typed.Expr; kind=definition; axioms=[]
info: DefiKernel/Typed/Verify.lean:7:0: AXIOM AUDIT declaration: DefiKernel.Typed.Expr.now.elim; module=DefiKernel.Typed.Expr; kind=definition; axioms=[]
info: DefiKernel/Typed/Verify.lean:7:0: AXIOM AUDIT declaration: DefiKernel.Typed.Expr.observe.elim; module=DefiKernel.Typed.Expr; kind=definition; axioms=[]
info: DefiKernel/Typed/Verify.lean:7:0: AXIOM AUDIT declaration: DefiKernel.Typed.Expr.observe.noConfusion; module=DefiKernel.Typed.Expr; kind=definition; axioms=[]
info: DefiKernel/Typed/Verify.lean:7:0: AXIOM AUDIT declaration: DefiKernel.Typed.Expr.stateReads._f; module=DefiKernel.Typed.Expr; kind=definition; axioms=[]
info: DefiKernel/Typed/Verify.lean:7:0: AXIOM AUDIT declaration: DefiKernel.Typed.Expr.stateReads._sunfold; module=DefiKernel.Typed.Expr; kind=definition; axioms=[]
info: DefiKernel/Typed/Verify.lean:7:0: AXIOM AUDIT declaration: DefiKernel.Typed.Expr.stateReads._unsafe_rec; module=DefiKernel.Typed.Expr; kind=definition; axioms=[]
info: DefiKernel/Typed/Verify.lean:7:0: AXIOM AUDIT declaration: DefiKernel.Typed.Expr.stateReads.match_1; module=DefiKernel.Typed.Expr; kind=definition; axioms=[]
info: DefiKernel/Typed/Verify.lean:7:0: AXIOM AUDIT declaration: DefiKernel.Typed.Expr.timestamp.elim; module=DefiKernel.Typed.Expr; kind=definition; axioms=[]
info: DefiKernel/Typed/Verify.lean:7:0: AXIOM AUDIT declaration: DefiKernel.Typed.Expr.timestamp.noConfusion; module=DefiKernel.Typed.Expr; kind=definition; axioms=[]
info: DefiKernel/Typed/Verify.lean:7:0: AXIOM AUDIT declaration: DefiKernel.Typed.Expr.unary.elim; module=DefiKernel.Typed.Expr; kind=definition; axioms=[]
info: DefiKernel/Typed/Verify.lean:7:0: AXIOM AUDIT declaration: DefiKernel.Typed.Expr.unary.noConfusion; module=DefiKernel.Typed.Expr; kind=definition; axioms=[]
info: DefiKernel/Typed/Verify.lean:7:0: AXIOM AUDIT declaration: DefiKernel.Typed.ExprTests.TestAsset._sizeOf_1; module=DefiKernel.Typed.ExprTests; kind=definition; axioms=[]
info: DefiKernel/Typed/Verify.lean:7:0: AXIOM AUDIT declaration: DefiKernel.Typed.ExprTests.TestAsset._sizeOf_inst; module=DefiKernel.Typed.ExprTests; kind=definition; axioms=[]
info: DefiKernel/Typed/Verify.lean:7:0: AXIOM AUDIT declaration: DefiKernel.Typed.ExprTests.TestAsset.casesOn; module=DefiKernel.Typed.ExprTests; kind=definition; axioms=[]
info: DefiKernel/Typed/Verify.lean:7:0: AXIOM AUDIT declaration: DefiKernel.Typed.ExprTests.TestAsset.ctorElim; module=DefiKernel.Typed.ExprTests; kind=definition; axioms=[]
info: DefiKernel/Typed/Verify.lean:7:0: AXIOM AUDIT declaration: DefiKernel.Typed.ExprTests.TestAsset.ctorElimType; module=DefiKernel.Typed.ExprTests; kind=definition; axioms=[]
info: DefiKernel/Typed/Verify.lean:7:0: AXIOM AUDIT declaration: DefiKernel.Typed.ExprTests.TestAsset.ctorIdx; module=DefiKernel.Typed.ExprTests; kind=definition; axioms=[]
info: DefiKernel/Typed/Verify.lean:7:0: AXIOM AUDIT declaration: DefiKernel.Typed.ExprTests.TestAsset.noConfusion; module=DefiKernel.Typed.ExprTests; kind=definition; axioms=[]
info: DefiKernel/Typed/Verify.lean:7:0: AXIOM AUDIT declaration: DefiKernel.Typed.ExprTests.TestAsset.noConfusionType; module=DefiKernel.Typed.ExprTests; kind=definition; axioms=[]
info: DefiKernel/Typed/Verify.lean:7:0: AXIOM AUDIT declaration: DefiKernel.Typed.ExprTests.TestAsset.ofNat; module=DefiKernel.Typed.ExprTests; kind=definition; axioms=[]
info: DefiKernel/Typed/Verify.lean:7:0: AXIOM AUDIT declaration: DefiKernel.Typed.ExprTests.TestAsset.recOn; module=DefiKernel.Typed.ExprTests; kind=definition; axioms=[]
info: DefiKernel/Typed/Verify.lean:7:0: AXIOM AUDIT declaration: DefiKernel.Typed.ExprTests.TestAsset.toCtorIdx; module=DefiKernel.Typed.ExprTests; kind=definition; axioms=[]
info: DefiKernel/Typed/Verify.lean:7:0: AXIOM AUDIT declaration: DefiKernel.Typed.ExprTests.instReprTestAsset.repr; module=DefiKernel.Typed.ExprTests; kind=definition; axioms=[]
info: DefiKernel/Typed/Verify.lean:7:0: AXIOM AUDIT declaration: DefiKernel.Typed.Grant.mk._flat_ctor; module=DefiKernel.Typed.Authority; kind=definition; axioms=[]
info: DefiKernel/Typed/Verify.lean:7:0: AXIOM AUDIT declaration: DefiKernel.Typed.Grant.mk.noConfusion; module=DefiKernel.Typed.Authority; kind=definition; axioms=[]
info: DefiKernel/Typed/Verify.lean:7:0: AXIOM AUDIT declaration: DefiKernel.Typed.InvocationContext.mk._flat_ctor; module=DefiKernel.Typed.Types; kind=definition; axioms=[]
info: DefiKernel/Typed/Verify.lean:7:0: AXIOM AUDIT declaration: DefiKernel.Typed.InvocationContext.mk.noConfusion; module=DefiKernel.Typed.Types; kind=definition; axioms=[]
info: DefiKernel/Typed/Verify.lean:7:0: AXIOM AUDIT declaration: DefiKernel.Typed.NumericUnit.amount.elim; module=DefiKernel.Typed.Types; kind=definition; axioms=[]
info: DefiKernel/Typed/Verify.lean:7:0: AXIOM AUDIT declaration: DefiKernel.Typed.NumericUnit.amount.noConfusion; module=DefiKernel.Typed.Types; kind=definition; axioms=[]
info: DefiKernel/Typed/Verify.lean:7:0: AXIOM AUDIT declaration: DefiKernel.Typed.NumericUnit.price.elim; module=DefiKernel.Typed.Types; kind=definition; axioms=[]
info: DefiKernel/Typed/Verify.lean:7:0: AXIOM AUDIT declaration: DefiKernel.Typed.NumericUnit.price.noConfusion; module=DefiKernel.Typed.Types; kind=definition; axioms=[]
info: DefiKernel/Typed/Verify.lean:7:0: AXIOM AUDIT declaration: DefiKernel.Typed.NumericUnit.scalar.elim; module=DefiKernel.Typed.Types; kind=definition; axioms=[]
info: DefiKernel/Typed/Verify.lean:7:0: AXIOM AUDIT declaration: DefiKernel.Typed.Observation.mk._flat_ctor; module=DefiKernel.Typed.Types; kind=definition; axioms=[]
info: DefiKernel/Typed/Verify.lean:7:0: AXIOM AUDIT declaration: DefiKernel.Typed.Observation.mk.noConfusion; module=DefiKernel.Typed.Types; kind=definition; axioms=[]
info: DefiKernel/Typed/Verify.lean:7:0: AXIOM AUDIT declaration: DefiKernel.Typed.ObservationId.mk._flat_ctor; module=DefiKernel.Typed.Types; kind=definition; axioms=[]
info: DefiKernel/Typed/Verify.lean:7:0: AXIOM AUDIT declaration: DefiKernel.Typed.ObservationId.mk.noConfusion; module=DefiKernel.Typed.Types; kind=definition; axioms=[]
info: DefiKernel/Typed/Verify.lean:7:0: AXIOM AUDIT declaration: DefiKernel.Typed.ObservationKey.mk._flat_ctor; module=DefiKernel.Typed.Types; kind=definition; axioms=[]
info: DefiKernel/Typed/Verify.lean:7:0: AXIOM AUDIT declaration: DefiKernel.Typed.ObservationKey.mk.noConfusion; module=DefiKernel.Typed.Types; kind=definition; axioms=[]
info: DefiKernel/Typed/Verify.lean:7:0: AXIOM AUDIT declaration: DefiKernel.Typed.ObservationRef.mk._flat_ctor; module=DefiKernel.Typed.Types; kind=definition; axioms=[]
info: DefiKernel/Typed/Verify.lean:7:0: AXIOM AUDIT declaration: DefiKernel.Typed.ObservationRef.mk.noConfusion; module=DefiKernel.Typed.Types; kind=definition; axioms=[]
info: DefiKernel/Typed/Verify.lean:7:0: AXIOM AUDIT declaration: DefiKernel.Typed.OperationId.mk._flat_ctor; module=DefiKernel.Typed.Types; kind=definition; axioms=[]
info: DefiKernel/Typed/Verify.lean:7:0: AXIOM AUDIT declaration: DefiKernel.Typed.OperationId.mk.noConfusion; module=DefiKernel.Typed.Types; kind=definition; axioms=[]
info: DefiKernel/Typed/Verify.lean:7:0: AXIOM AUDIT declaration: DefiKernel.Typed.PartyRef.argument.elim; module=DefiKernel.Typed.Types; kind=definition; axioms=[]
info: DefiKernel/Typed/Verify.lean:7:0: AXIOM AUDIT declaration: DefiKernel.Typed.PartyRef.argument.noConfusion; module=DefiKernel.Typed.Types; kind=definition; axioms=[]
info: DefiKernel/Typed/Verify.lean:7:0: AXIOM AUDIT declaration: DefiKernel.Typed.PartyRef.caller.elim; module=DefiKernel.Typed.Types; kind=definition; axioms=[]
info: DefiKernel/Typed/Verify.lean:7:0: AXIOM AUDIT declaration: DefiKernel.Typed.PartyRef.literal.elim; module=DefiKernel.Typed.Types; kind=definition; axioms=[]
info: DefiKernel/Typed/Verify.lean:7:0: AXIOM AUDIT declaration: DefiKernel.Typed.PartyRef.literal.noConfusion; module=DefiKernel.Typed.Types; kind=definition; axioms=[]
info: DefiKernel/Typed/Verify.lean:7:0: AXIOM AUDIT declaration: DefiKernel.Typed.PartyRef.resolve.match_1; module=DefiKernel.Typed.Types; kind=definition; axioms=[]
info: DefiKernel/Typed/Verify.lean:7:0: AXIOM AUDIT declaration: DefiKernel.Typed.Quantity.mk._flat_ctor; module=DefiKernel.Typed.Types; kind=definition; axioms=[propext,
 Quot.sound]
info: DefiKernel/Typed/Verify.lean:7:0: AXIOM AUDIT declaration: DefiKernel.Typed.Quantity.mk.noConfusion; module=DefiKernel.Typed.Types; kind=definition; axioms=[propext,
 Quot.sound]
info: DefiKernel/Typed/Verify.lean:7:0: AXIOM AUDIT declaration: DefiKernel.Typed.Refusal.accounting.elim; module=DefiKernel.Typed.Transition; kind=definition; axioms=[]
info: DefiKernel/Typed/Verify.lean:7:0: AXIOM AUDIT declaration: DefiKernel.Typed.Refusal.actorMismatch.elim; module=DefiKernel.Typed.Transition; kind=definition; axioms=[]
info: DefiKernel/Typed/Verify.lean:7:0: AXIOM AUDIT declaration: DefiKernel.Typed.Refusal.crossDomain.elim; module=DefiKernel.Typed.Transition; kind=definition; axioms=[]
info: DefiKernel/Typed/Verify.lean:7:0: AXIOM AUDIT declaration: DefiKernel.Typed.Refusal.domainMismatch.elim; module=DefiKernel.Typed.Transition; kind=definition; axioms=[]
info: DefiKernel/Typed/Verify.lean:7:0: AXIOM AUDIT declaration: DefiKernel.Typed.Refusal.envReadFootprint.elim; module=DefiKernel.Typed.Transition; kind=definition; axioms=[]
info: DefiKernel/Typed/Verify.lean:7:0: AXIOM AUDIT declaration: DefiKernel.Typed.Refusal.evaluation.elim; module=DefiKernel.Typed.Transition; kind=definition; axioms=[]
info: DefiKernel/Typed/Verify.lean:7:0: AXIOM AUDIT declaration: DefiKernel.Typed.Refusal.evaluation.noConfusion; module=DefiKernel.Typed.Transition; kind=definition; axioms=[]
info: DefiKernel/Typed/Verify.lean:7:0: AXIOM AUDIT declaration: DefiKernel.Typed.Refusal.guard.elim; module=DefiKernel.Typed.Transition; kind=definition; axioms=[]
info: DefiKernel/Typed/Verify.lean:7:0: AXIOM AUDIT declaration: DefiKernel.Typed.Refusal.insufficientFunds.elim; module=DefiKernel.Typed.Transition; kind=definition; axioms=[]
info: DefiKernel/Typed/Verify.lean:7:0: AXIOM AUDIT declaration: DefiKernel.Typed.Refusal.partyArity.elim; module=DefiKernel.Typed.Transition; kind=definition; axioms=[]
info: DefiKernel/Typed/Verify.lean:7:0: AXIOM AUDIT declaration: DefiKernel.Typed.Refusal.stateReadFootprint.elim; module=DefiKernel.Typed.Transition; kind=definition; axioms=[]
info: DefiKernel/Typed/Verify.lean:7:0: AXIOM AUDIT declaration: DefiKernel.Typed.Refusal.unauthorizedDebit.elim; module=DefiKernel.Typed.Transition; kind=definition; axioms=[]
info: DefiKernel/Typed/Verify.lean:7:0: AXIOM AUDIT declaration: DefiKernel.Typed.Refusal.unauthorizedInvoke.elim; module=DefiKernel.Typed.Transition; kind=definition; axioms=[]
info: DefiKernel/Typed/Verify.lean:7:0: AXIOM AUDIT declaration: DefiKernel.Typed.Refusal.unauthorizedSupply.elim; module=DefiKernel.Typed.Transition; kind=definition; axioms=[]
info: DefiKernel/Typed/Verify.lean:7:0: AXIOM AUDIT declaration: DefiKernel.Typed.Refusal.unknownOperation.elim; module=DefiKernel.Typed.Transition; kind=definition; axioms=[]
info: DefiKernel/Typed/Verify.lean:7:0: AXIOM AUDIT declaration: DefiKernel.Typed.Refusal.writeFootprint.elim; module=DefiKernel.Typed.Transition; kind=definition; axioms=[]
info: DefiKernel/Typed/Verify.lean:7:0: AXIOM AUDIT declaration: DefiKernel.Typed.Request.claimedActor._default; module=DefiKernel.Typed.Transition; kind=definition; axioms=[]
info: DefiKernel/Typed/Verify.lean:7:0: AXIOM AUDIT declaration: DefiKernel.Typed.Request.mk._flat_ctor; module=DefiKernel.Typed.Transition; kind=definition; axioms=[]
info: DefiKernel/Typed/Verify.lean:7:0: AXIOM AUDIT declaration: DefiKernel.Typed.Request.mk.noConfusion; module=DefiKernel.Typed.Transition; kind=definition; axioms=[]
info: DefiKernel/Typed/Verify.lean:7:0: AXIOM AUDIT declaration: DefiKernel.Typed.Right.changeSupply.elim; module=DefiKernel.Typed.Authority; kind=definition; axioms=[]
info: DefiKernel/Typed/Verify.lean:7:0: AXIOM AUDIT declaration: DefiKernel.Typed.Right.changeSupply.noConfusion; module=DefiKernel.Typed.Authority; kind=definition; axioms=[]
info: DefiKernel/Typed/Verify.lean:7:0: AXIOM AUDIT declaration: DefiKernel.Typed.Right.debit.elim; module=DefiKernel.Typed.Authority; kind=definition; axioms=[]
info: DefiKernel/Typed/Verify.lean:7:0: AXIOM AUDIT declaration: DefiKernel.Typed.Right.debit.noConfusion; module=DefiKernel.Typed.Authority; kind=definition; axioms=[]
info: DefiKernel/Typed/Verify.lean:7:0: AXIOM AUDIT declaration: DefiKernel.Typed.Right.invoke.elim; module=DefiKernel.Typed.Authority; kind=definition; axioms=[]
info: DefiKernel/Typed/Verify.lean:7:0: AXIOM AUDIT declaration: DefiKernel.Typed.State.mk._flat_ctor; module=DefiKernel.Typed.Types; kind=definition; axioms=[propext,
 Quot.sound]
info: DefiKernel/Typed/Verify.lean:7:0: AXIOM AUDIT declaration: DefiKernel.Typed.State.mk.noConfusion; module=DefiKernel.Typed.Types; kind=definition; axioms=[propext,
 Quot.sound]
info: DefiKernel/Typed/Verify.lean:7:0: AXIOM AUDIT declaration: DefiKernel.Typed.SupplyDelta.mk._flat_ctor; module=DefiKernel.Typed.Transition; kind=definition; axioms=[]
info: DefiKernel/Typed/Verify.lean:7:0: AXIOM AUDIT declaration: DefiKernel.Typed.SupplyDelta.mk.noConfusion; module=DefiKernel.Typed.Transition; kind=definition; axioms=[]
info: DefiKernel/Typed/Verify.lean:7:0: AXIOM AUDIT declaration: DefiKernel.Typed.Template.mk._flat_ctor; module=DefiKernel.Typed.Transition; kind=definition; axioms=[]
info: DefiKernel/Typed/Verify.lean:7:0: AXIOM AUDIT declaration: DefiKernel.Typed.Template.mk.noConfusion; module=DefiKernel.Typed.Transition; kind=definition; axioms=[]
info: DefiKernel/Typed/Verify.lean:7:0: AXIOM AUDIT declaration: DefiKernel.Typed.TransitionTests.accepted.match_1; module=DefiKernel.Typed.TransitionTests; kind=definition; axioms=[propext,
 Quot.sound]
info: DefiKernel/Typed/Verify.lean:7:0: AXIOM AUDIT declaration: DefiKernel.Typed.TransitionTests.capabilities.match_1; module=DefiKernel.Typed.TransitionTests; kind=definition; axioms=[]
info: DefiKernel/Typed/Verify.lean:7:0: AXIOM AUDIT declaration: DefiKernel.Typed.TransitionTests.refused.match_1; module=DefiKernel.Typed.TransitionTests; kind=definition; axioms=[propext,
 Quot.sound]
info: DefiKernel/Typed/Verify.lean:7:0: AXIOM AUDIT declaration: DefiKernel.Typed.TransitionTests.revoked.match_1; module=DefiKernel.Typed.TransitionTests; kind=definition; axioms=[]
info: DefiKernel/Typed/Verify.lean:7:0: AXIOM AUDIT declaration: DefiKernel.Typed.UnaryOp.eval.match_1; module=DefiKernel.Typed.Expr; kind=definition; axioms=[]
info: DefiKernel/Typed/Verify.lean:7:0: AXIOM AUDIT declaration: DefiKernel.Typed.UnaryOp.neg.elim; module=DefiKernel.Typed.Expr; kind=definition; axioms=[]
info: DefiKernel/Typed/Verify.lean:7:0: AXIOM AUDIT declaration: DefiKernel.Typed.UnaryOp.neg.noConfusion; module=DefiKernel.Typed.Expr; kind=definition; axioms=[]
info: DefiKernel/Typed/Verify.lean:7:0: AXIOM AUDIT declaration: DefiKernel.Typed.UnaryOp.not.elim; module=DefiKernel.Typed.Expr; kind=definition; axioms=[]
info: DefiKernel/Typed/Verify.lean:7:0: AXIOM AUDIT declaration: DefiKernel.Typed.Unit.amount.elim; module=DefiKernel.Typed.Types; kind=definition; axioms=[]
info: DefiKernel/Typed/Verify.lean:7:0: AXIOM AUDIT declaration: DefiKernel.Typed.Unit.amount.noConfusion; module=DefiKernel.Typed.Types; kind=definition; axioms=[]
info: DefiKernel/Typed/Verify.lean:7:0: AXIOM AUDIT declaration: DefiKernel.Typed.Unit.bool.elim; module=DefiKernel.Typed.Types; kind=definition; axioms=[]
info: DefiKernel/Typed/Verify.lean:7:0: AXIOM AUDIT declaration: DefiKernel.Typed.Unit.price.elim; module=DefiKernel.Typed.Types; kind=definition; axioms=[]
info: DefiKernel/Typed/Verify.lean:7:0: AXIOM AUDIT declaration: DefiKernel.Typed.Unit.price.noConfusion; module=DefiKernel.Typed.Types; kind=definition; axioms=[]
info: DefiKernel/Typed/Verify.lean:7:0: AXIOM AUDIT declaration: DefiKernel.Typed.Unit.scalar.elim; module=DefiKernel.Typed.Types; kind=definition; axioms=[]
info: DefiKernel/Typed/Verify.lean:7:0: AXIOM AUDIT declaration: DefiKernel.Typed.Var.brecOn.go; module=DefiKernel.Typed.Expr; kind=definition; axioms=[]
info: DefiKernel/Typed/Verify.lean:7:0: AXIOM AUDIT declaration: DefiKernel.Typed.Var.here.elim; module=DefiKernel.Typed.Expr; kind=definition; axioms=[]
info: DefiKernel/Typed/Verify.lean:7:0: AXIOM AUDIT declaration: DefiKernel.Typed.Var.here.noConfusion; module=DefiKernel.Typed.Expr; kind=definition; axioms=[]
info: DefiKernel/Typed/Verify.lean:7:0: AXIOM AUDIT declaration: DefiKernel.Typed.Var.there.elim; module=DefiKernel.Typed.Expr; kind=definition; axioms=[]
info: DefiKernel/Typed/Verify.lean:7:0: AXIOM AUDIT declaration: DefiKernel.Typed.Var.there.noConfusion; module=DefiKernel.Typed.Expr; kind=definition; axioms=[]
info: DefiKernel/Typed/Verify.lean:7:0: AXIOM AUDIT declaration: DefiKernel.Typed.instDecidableEqCapability.decEq.match_1; module=DefiKernel.Typed.Authority; kind=definition; axioms=[]
info: DefiKernel/Typed/Verify.lean:7:0: AXIOM AUDIT declaration: DefiKernel.Typed.instDecidableEqCapabilityId.decEq.match_1; module=DefiKernel.Typed.Types; kind=definition; axioms=[]
info: DefiKernel/Typed/Verify.lean:7:0: AXIOM AUDIT declaration: DefiKernel.Typed.instDecidableEqCapabilityStore.decEq.match_1; module=DefiKernel.Typed.Authority; kind=definition; axioms=[]
info: DefiKernel/Typed/Verify.lean:7:0: AXIOM AUDIT declaration: DefiKernel.Typed.instDecidableEqCellRef.decEq.match_1; module=DefiKernel.Typed.Types; kind=definition; axioms=[]
info: DefiKernel/Typed/Verify.lean:7:0: AXIOM AUDIT declaration: DefiKernel.Typed.instDecidableEqClaimId.decEq.match_1; module=DefiKernel.Typed.Types; kind=definition; axioms=[]
info: DefiKernel/Typed/Verify.lean:7:0: AXIOM AUDIT declaration: DefiKernel.Typed.instDecidableEqEnvRead.decEq.match_1; module=DefiKernel.Typed.Expr; kind=definition; axioms=[]
info: DefiKernel/Typed/Verify.lean:7:0: AXIOM AUDIT declaration: DefiKernel.Typed.instDecidableEqGrant.decEq.match_1; module=DefiKernel.Typed.Authority; kind=definition; axioms=[]
info: DefiKernel/Typed/Verify.lean:7:0: AXIOM AUDIT declaration: DefiKernel.Typed.instDecidableEqInvocationContext.decEq.match_1; module=DefiKernel.Typed.Types; kind=definition; axioms=[]
info: DefiKernel/Typed/Verify.lean:7:0: AXIOM AUDIT declaration: DefiKernel.Typed.instDecidableEqNumericUnit.decEq.match_1; module=DefiKernel.Typed.Types; kind=definition; axioms=[]
info: DefiKernel/Typed/Verify.lean:7:0: AXIOM AUDIT declaration: DefiKernel.Typed.instDecidableEqObservationId.decEq.match_1; module=DefiKernel.Typed.Types; kind=definition; axioms=[]
info: DefiKernel/Typed/Verify.lean:7:0: AXIOM AUDIT declaration: DefiKernel.Typed.instDecidableEqObservationKey.decEq.match_1; module=DefiKernel.Typed.Types; kind=definition; axioms=[]
info: DefiKernel/Typed/Verify.lean:7:0: AXIOM AUDIT declaration: DefiKernel.Typed.instDecidableEqObservationRef.decEq.match_1; module=DefiKernel.Typed.Types; kind=definition; axioms=[]
info: DefiKernel/Typed/Verify.lean:7:0: AXIOM AUDIT declaration: DefiKernel.Typed.instDecidableEqOperationId.decEq.match_1; module=DefiKernel.Typed.Types; kind=definition; axioms=[]
info: DefiKernel/Typed/Verify.lean:7:0: AXIOM AUDIT declaration: DefiKernel.Typed.instDecidableEqPartyRef.decEq.match_1; module=DefiKernel.Typed.Types; kind=definition; axioms=[]
info: DefiKernel/Typed/Verify.lean:7:0: AXIOM AUDIT declaration: DefiKernel.Typed.instDecidableEqRefusal.decEq.match_1; module=DefiKernel.Typed.Transition; kind=definition; axioms=[]
info: DefiKernel/Typed/Verify.lean:7:0: AXIOM AUDIT declaration: DefiKernel.Typed.instDecidableEqRight.decEq.match_1; module=DefiKernel.Typed.Authority; kind=definition; axioms=[]
info: DefiKernel/Typed/Verify.lean:7:0: AXIOM AUDIT declaration: DefiKernel.Typed.instDecidableEqUnit.decEq.match_1; module=DefiKernel.Typed.Types; kind=definition; axioms=[]
info: DefiKernel/Typed/Verify.lean:7:0: AXIOM AUDIT declaration: DefiKernel.Typed.instReprAuthorityFailure.repr.match_1; module=DefiKernel.Typed.Authority; kind=definition; axioms=[]
info: DefiKernel/Typed/Verify.lean:7:0: AXIOM AUDIT declaration: DefiKernel.Typed.instReprEnvRead.repr.match_1; module=DefiKernel.Typed.Expr; kind=definition; axioms=[]
info: DefiKernel/Typed/Verify.lean:7:0: AXIOM AUDIT declaration: DefiKernel.Typed.instReprEvalFailure.repr.match_1; module=DefiKernel.Typed.Types; kind=definition; axioms=[]
info: DefiKernel/Typed/Verify.lean:7:0: AXIOM AUDIT declaration: DefiKernel.Typed.instReprNumericUnit.repr.match_1; module=DefiKernel.Typed.Types; kind=definition; axioms=[]
info: DefiKernel/Typed/Verify.lean:7:0: AXIOM AUDIT declaration: DefiKernel.Typed.instReprPartyRef.repr.match_1; module=DefiKernel.Typed.Types; kind=definition; axioms=[]
info: DefiKernel/Typed/Verify.lean:7:0: AXIOM AUDIT declaration: DefiKernel.Typed.instReprRefusal.repr.match_1; module=DefiKernel.Typed.Transition; kind=definition; axioms=[]
info: DefiKernel/Typed/Verify.lean:7:0: AXIOM AUDIT declaration: DefiKernel.Typed.instReprRight.repr.match_1; module=DefiKernel.Typed.Authority; kind=definition; axioms=[]
info: DefiKernel/Typed/Verify.lean:7:0: AXIOM AUDIT declaration: DefiKernel.Typed.instReprUnit.repr.match_1; module=DefiKernel.Typed.Types; kind=definition; axioms=[]
info: DefiKernel/Typed/Verify.lean:7:0: AXIOM AUDIT declaration: _private.DefiKernel.Typed.Authority.0.DefiKernel.Typed.revokeCapability.match_1.splitter; module=DefiKernel.Typed.Authority; kind=definition; axioms=[]
info: DefiKernel/Typed/Verify.lean:7:0: AXIOM AUDIT declaration: _private.DefiKernel.Typed.Expr.0.DefiKernel.Typed.readObservation.match_1.splitter; module=DefiKernel.Typed.Expr; kind=definition; axioms=[]
info: DefiKernel/Typed/Verify.lean:7:0: AXIOM AUDIT declaration: DefiKernel.Typed.Examples.Asset.collateral.elim; module=DefiKernel.Typed.Examples; kind=definition; axioms=[]
info: DefiKernel/Typed/Verify.lean:7:0: AXIOM AUDIT declaration: DefiKernel.Typed.Examples.Asset.debt.elim; module=DefiKernel.Typed.Examples; kind=definition; axioms=[]
info: DefiKernel/Typed/Verify.lean:7:0: AXIOM AUDIT declaration: DefiKernel.Typed.Examples.Asset.share.elim; module=DefiKernel.Typed.Examples; kind=definition; axioms=[]
info: DefiKernel/Typed/Verify.lean:7:0: AXIOM AUDIT declaration: DefiKernel.Typed.Examples.Asset.usd.elim; module=DefiKernel.Typed.Examples; kind=definition; axioms=[]
info: DefiKernel/Typed/Verify.lean:7:0: AXIOM AUDIT declaration: DefiKernel.Typed.Examples.Domain.main.elim; module=DefiKernel.Typed.Examples; kind=definition; axioms=[]
info: DefiKernel/Typed/Verify.lean:7:0: AXIOM AUDIT declaration: DefiKernel.Typed.Examples.Domain.other.elim; module=DefiKernel.Typed.Examples; kind=definition; axioms=[]
info: DefiKernel/Typed/Verify.lean:7:0: AXIOM AUDIT declaration: DefiKernel.Typed.Examples.Party.alice.elim; module=DefiKernel.Typed.Examples; kind=definition; axioms=[]
info: DefiKernel/Typed/Verify.lean:7:0: AXIOM AUDIT declaration: DefiKernel.Typed.Examples.Party.bob.elim; module=DefiKernel.Typed.Examples; kind=definition; axioms=[]
info: DefiKernel/Typed/Verify.lean:7:0: AXIOM AUDIT declaration: DefiKernel.Typed.Examples.Party.pool.elim; module=DefiKernel.Typed.Examples; kind=definition; axioms=[]
info: DefiKernel/Typed/Verify.lean:7:0: AXIOM AUDIT declaration: DefiKernel.Typed.Examples.Party.vault.elim; module=DefiKernel.Typed.Examples; kind=definition; axioms=[]
info: DefiKernel/Typed/Verify.lean:7:0: AXIOM AUDIT declaration: DefiKernel.Typed.Examples.ReferenceFailure.authority.elim; module=DefiKernel.Typed.Examples; kind=definition; axioms=[]
info: DefiKernel/Typed/Verify.lean:7:0: AXIOM AUDIT declaration: DefiKernel.Typed.Examples.ReferenceFailure.authority.noConfusion; module=DefiKernel.Typed.Examples; kind=definition; axioms=[]
info: DefiKernel/Typed/Verify.lean:7:0: AXIOM AUDIT declaration: DefiKernel.Typed.Examples.ReferenceFailure.execution.elim; module=DefiKernel.Typed.Examples; kind=definition; axioms=[]
info: DefiKernel/Typed/Verify.lean:7:0: AXIOM AUDIT declaration: DefiKernel.Typed.Examples.ReferenceFailure.execution.noConfusion; module=DefiKernel.Typed.Examples; kind=definition; axioms=[]
info: DefiKernel/Typed/Verify.lean:7:0: AXIOM AUDIT declaration: DefiKernel.Typed.Examples.instDecidableEqReferenceFailure.decEq.match_1; module=DefiKernel.Typed.Examples; kind=definition; axioms=[]
info: DefiKernel/Typed/Verify.lean:7:0: AXIOM AUDIT declaration: DefiKernel.Typed.Examples.instReprAsset.repr.match_1; module=DefiKernel.Typed.Examples; kind=definition; axioms=[]
info: DefiKernel/Typed/Verify.lean:7:0: AXIOM AUDIT declaration: DefiKernel.Typed.Examples.instReprDomain.repr.match_1; module=DefiKernel.Typed.Examples; kind=definition; axioms=[]
info: DefiKernel/Typed/Verify.lean:7:0: AXIOM AUDIT declaration: DefiKernel.Typed.Examples.instReprParty.repr.match_1; module=DefiKernel.Typed.Examples; kind=definition; axioms=[]
info: DefiKernel/Typed/Verify.lean:7:0: AXIOM AUDIT declaration: DefiKernel.Typed.Examples.instReprReferenceFailure.repr.match_1; module=DefiKernel.Typed.Examples; kind=definition; axioms=[]
info: DefiKernel/Typed/Verify.lean:7:0: AXIOM AUDIT declaration: DefiKernel.Typed.ExprTests.TestAsset.collateral.elim; module=DefiKernel.Typed.ExprTests; kind=definition; axioms=[]
info: DefiKernel/Typed/Verify.lean:7:0: AXIOM AUDIT declaration: DefiKernel.Typed.ExprTests.TestAsset.debt.elim; module=DefiKernel.Typed.ExprTests; kind=definition; axioms=[]
info: DefiKernel/Typed/Verify.lean:7:0: AXIOM AUDIT declaration: DefiKernel.Typed.ExprTests.TestAsset.share.elim; module=DefiKernel.Typed.ExprTests; kind=definition; axioms=[]
info: DefiKernel/Typed/Verify.lean:7:0: AXIOM AUDIT declaration: DefiKernel.Typed.ExprTests.TestAsset.usd.elim; module=DefiKernel.Typed.ExprTests; kind=definition; axioms=[]
info: DefiKernel/Typed/Verify.lean:7:0: AXIOM AUDIT declaration: DefiKernel.Typed.ExprTests.instReprTestAsset.repr.match_1; module=DefiKernel.Typed.ExprTests; kind=definition; axioms=[]
info: DefiKernel/Typed/Verify.lean:7:0: AXIOM AUDIT declaration: _private.DefiKernel.Typed.Expr.0.DefiKernel.Typed.Expr.envReads.match_1.splitter; module=DefiKernel.Typed.Expr; kind=definition; axioms=[]
info: DefiKernel/Typed/Verify.lean:7:0: AXIOM AUDIT declaration: _private.DefiKernel.Typed.Expr.0.DefiKernel.Typed.Expr.eval.match_1.splitter; module=DefiKernel.Typed.Expr; kind=definition; axioms=[]
info: DefiKernel/Typed/Verify.lean:7:0: AXIOM AUDIT declaration: _private.DefiKernel.Typed.Expr.0.DefiKernel.Typed.Expr.stateReads.match_1.splitter; module=DefiKernel.Typed.Expr; kind=definition; axioms=[]
info: DefiKernel/Typed/Verify.lean:7:0: AXIOM AUDIT declaration: _private.DefiKernel.Typed.Expr.0.DefiKernel.Typed.instReprEnvRead.repr.match_1.splitter; module=DefiKernel.Typed.Expr; kind=definition; axioms=[]
info: DefiKernel/Typed/Verify.lean:7:0: AXIOM AUDIT declaration: _private.DefiKernel.Typed.ExprTests.0.DefiKernel.Typed.BinaryOp.eval.match_1.splitter; module=DefiKernel.Typed.ExprTests; kind=definition; axioms=[]
info: DefiKernel/Typed/Verify.lean:7:0: AXIOM AUDIT DECLARATIONS PASSED: 978/978 supplemental declarations; forbidden=0
info: DefiKernel/Typed/Verify.lean:7:0: AXIOM AUDIT PASSED: 524/524 theorems; forbidden=0
✔ [1004/1005] Built DefiKernel (839ms)
Build completed successfully (1005 jobs).
