AXIOM AUDIT scope: imported module prefix DefiKernel.Typed; modules=[DefiKernel.Typed.Types,
 DefiKernel.Typed.Expr,
 DefiKernel.Typed.ExprTests,
 DefiKernel.Typed.Authority,
 DefiKernel.Typed.AuthorityTests]
AXIOM AUDIT theorem: DefiKernel.Typed.authority_checks_pass; module=DefiKernel.Typed.AuthorityTests; axioms=[propext]
AXIOM AUDIT theorem: DefiKernel.Typed.authorizesId_iff; module=DefiKernel.Typed.Authority; axioms=[propext, Quot.sound]
AXIOM AUDIT theorem: DefiKernel.Typed.hasAuthority_duplicate; module=DefiKernel.Typed.Authority; axioms=[propext]
AXIOM AUDIT theorem: DefiKernel.Typed.hasAuthority_iff; module=DefiKernel.Typed.Authority; axioms=[propext, Quot.sound]
AXIOM AUDIT theorem: DefiKernel.Typed.issueCapability_admin; module=DefiKernel.Typed.Authority; axioms=[propext]
AXIOM AUDIT theorem: DefiKernel.Typed.issueCapability_fresh; module=DefiKernel.Typed.Authority; axioms=[propext]
AXIOM AUDIT theorem: DefiKernel.Typed.issueCapability_keeps_revoked; module=DefiKernel.Typed.Authority; axioms=[propext,
 Quot.sound]
AXIOM AUDIT theorem: DefiKernel.Typed.issueCapability_ne_existing; module=DefiKernel.Typed.Authority; axioms=[propext]
AXIOM AUDIT theorem: DefiKernel.Typed.issueCapability_ok_iff; module=DefiKernel.Typed.Authority; axioms=[propext]
AXIOM AUDIT theorem: DefiKernel.Typed.issueCapability_preserves_other; module=DefiKernel.Typed.Authority; axioms=[propext,
 Quot.sound]
AXIOM AUDIT theorem: DefiKernel.Typed.lookup_nextId; module=DefiKernel.Typed.Authority; axioms=[propext]
AXIOM AUDIT theorem: DefiKernel.Typed.numericRat_numericValue; module=DefiKernel.Typed.Types; axioms=[]
AXIOM AUDIT theorem: DefiKernel.Typed.numericValue_numericRat; module=DefiKernel.Typed.Types; axioms=[]
AXIOM AUDIT theorem: DefiKernel.Typed.readBalance_congr; module=DefiKernel.Typed.Expr; axioms=[propext, Quot.sound]
AXIOM AUDIT theorem: DefiKernel.Typed.revokeCapability_admin; module=DefiKernel.Typed.Authority; axioms=[propext,
 Quot.sound]
AXIOM AUDIT theorem: DefiKernel.Typed.revokeCapability_cannot_use; module=DefiKernel.Typed.Authority; axioms=[propext,
 Quot.sound]
AXIOM AUDIT theorem: DefiKernel.Typed.revokeCapability_ok_iff; module=DefiKernel.Typed.Authority; axioms=[propext,
 Quot.sound]
AXIOM AUDIT theorem: DefiKernel.Typed.revokeCapability_preserves_other; module=DefiKernel.Typed.Authority; axioms=[propext,
 Quot.sound]
AXIOM AUDIT theorem: DefiKernel.Typed.revokeCapability_tombstone; module=DefiKernel.Typed.Authority; axioms=[propext,
 Quot.sound]
AXIOM AUDIT theorem: DefiKernel.Typed.AuthorityFailure.ofNat_ctorIdx; module=DefiKernel.Typed.Authority; axioms=[]
AXIOM AUDIT theorem: DefiKernel.Typed.EvalFailure.ofNat_ctorIdx; module=DefiKernel.Typed.Types; axioms=[]
AXIOM AUDIT theorem: DefiKernel.Typed.Expr.eval_congr; module=DefiKernel.Typed.Expr; axioms=[propext,
 Classical.choice,
 Quot.sound]
AXIOM AUDIT theorem: DefiKernel.Typed.Expr.eval_congr_of_resolved; module=DefiKernel.Typed.Expr; axioms=[propext,
 Classical.choice,
 Quot.sound]
AXIOM AUDIT theorem: DefiKernel.Typed.ExprTests.inverse_price_exact; module=DefiKernel.Typed.ExprTests; axioms=[propext,
 Classical.choice,
 Quot.sound]
AXIOM AUDIT theorem: DefiKernel.Typed.ExprTests.price_conversion_exact; module=DefiKernel.Typed.ExprTests; axioms=[propext,
 Classical.choice,
 Quot.sound]
AXIOM AUDIT theorem: DefiKernel.Typed.ExprTests.unrelated_balance_preserved; module=DefiKernel.Typed.ExprTests; axioms=[propext,
 Classical.choice,
 Quot.sound]
AXIOM AUDIT theorem: DefiKernel.Typed.ExprTests.zero_division_refused; module=DefiKernel.Typed.ExprTests; axioms=[propext,
 Classical.choice,
 Quot.sound]
AXIOM AUDIT theorem: DefiKernel.Typed.Quantity.nonneg; module=DefiKernel.Typed.Types; axioms=[propext, Quot.sound]
AXIOM AUDIT theorem: DefiKernel.Typed.State.nonneg; module=DefiKernel.Typed.Types; axioms=[propext, Quot.sound]
AXIOM AUDIT theorem: DefiKernel.Typed.authorizesId.congr_simp; module=DefiKernel.Typed.Authority; axioms=[propext,
 Quot.sound]
AXIOM AUDIT theorem: DefiKernel.Typed.authorizesId.eq_1; module=DefiKernel.Typed.Authority; axioms=[propext]
AXIOM AUDIT theorem: DefiKernel.Typed.hasAuthority.eq_1; module=DefiKernel.Typed.Authority; axioms=[propext]
AXIOM AUDIT theorem: DefiKernel.Typed.instDecidableEqAuthorityFailure._proof_1; module=DefiKernel.Typed.Authority; axioms=[]
AXIOM AUDIT theorem: DefiKernel.Typed.instDecidableEqAuthorityFailure._proof_2; module=DefiKernel.Typed.Authority; axioms=[]
AXIOM AUDIT theorem: DefiKernel.Typed.instDecidableEqEvalFailure._proof_1; module=DefiKernel.Typed.Types; axioms=[]
AXIOM AUDIT theorem: DefiKernel.Typed.instDecidableEqEvalFailure._proof_2; module=DefiKernel.Typed.Types; axioms=[]
AXIOM AUDIT theorem: DefiKernel.Typed.instDecidableEqValue._proof_1; module=DefiKernel.Typed.Types; axioms=[]
AXIOM AUDIT theorem: DefiKernel.Typed.instDecidableEqValue._proof_2; module=DefiKernel.Typed.Types; axioms=[]
AXIOM AUDIT theorem: DefiKernel.Typed.instDecidableEqValue._proof_3; module=DefiKernel.Typed.Types; axioms=[]
AXIOM AUDIT theorem: DefiKernel.Typed.instDecidableEqValue._proof_4; module=DefiKernel.Typed.Types; axioms=[]
AXIOM AUDIT theorem: DefiKernel.Typed.instDecidableEqValue._proof_5; module=DefiKernel.Typed.Types; axioms=[]
AXIOM AUDIT theorem: DefiKernel.Typed.isDomainAdmin.congr_simp; module=DefiKernel.Typed.Authority; axioms=[Quot.sound]
AXIOM AUDIT theorem: DefiKernel.Typed.isDomainAdmin.eq_1; module=DefiKernel.Typed.Authority; axioms=[]
AXIOM AUDIT theorem: DefiKernel.Typed.issueCapability_preserves_other._proof_1_5; module=DefiKernel.Typed.Authority; axioms=[propext,
 Quot.sound]
AXIOM AUDIT theorem: DefiKernel.Typed.issueCapability_preserves_other._proof_1_6; module=DefiKernel.Typed.Authority; axioms=[propext,
 Quot.sound]
AXIOM AUDIT theorem: DefiKernel.Typed.issueCapability_preserves_other._proof_1_7; module=DefiKernel.Typed.Authority; axioms=[propext,
 Quot.sound]
AXIOM AUDIT theorem: DefiKernel.Typed.readBalance.eq_1; module=DefiKernel.Typed.Expr; axioms=[propext, Quot.sound]
AXIOM AUDIT theorem: DefiKernel.Typed.readObservation.eq_1; module=DefiKernel.Typed.Expr; axioms=[]
AXIOM AUDIT theorem: DefiKernel.Typed.revokeCapability_tombstone._proof_1_1; module=DefiKernel.Typed.Authority; axioms=[propext,
 Quot.sound]
AXIOM AUDIT theorem: DefiKernel.Typed.Args.brecOn.eq; module=DefiKernel.Typed.Expr; axioms=[]
AXIOM AUDIT theorem: DefiKernel.Typed.Args.cons.inj; module=DefiKernel.Typed.Expr; axioms=[]
AXIOM AUDIT theorem: DefiKernel.Typed.Args.cons.injEq; module=DefiKernel.Typed.Expr; axioms=[propext]
AXIOM AUDIT theorem: DefiKernel.Typed.Args.cons.sizeOf_spec; module=DefiKernel.Typed.Expr; axioms=[]
AXIOM AUDIT theorem: DefiKernel.Typed.Args.nil.sizeOf_spec; module=DefiKernel.Typed.Expr; axioms=[]
AXIOM AUDIT theorem: DefiKernel.Typed.AuthorityConfig.mk.inj; module=DefiKernel.Typed.Authority; axioms=[]
AXIOM AUDIT theorem: DefiKernel.Typed.AuthorityConfig.mk.injEq; module=DefiKernel.Typed.Authority; axioms=[propext]
AXIOM AUDIT theorem: DefiKernel.Typed.AuthorityConfig.mk.sizeOf_spec; module=DefiKernel.Typed.Authority; axioms=[]
AXIOM AUDIT theorem: DefiKernel.Typed.AuthorityFailure.operationDomain.sizeOf_spec; module=DefiKernel.Typed.Authority; axioms=[]
AXIOM AUDIT theorem: DefiKernel.Typed.AuthorityFailure.resourceDomain.sizeOf_spec; module=DefiKernel.Typed.Authority; axioms=[]
AXIOM AUDIT theorem: DefiKernel.Typed.AuthorityFailure.unauthorizedAdmin.sizeOf_spec; module=DefiKernel.Typed.Authority; axioms=[]
AXIOM AUDIT theorem: DefiKernel.Typed.AuthorityFailure.unknownCapability.sizeOf_spec; module=DefiKernel.Typed.Authority; axioms=[]
AXIOM AUDIT theorem: DefiKernel.Typed.AuthorityTests.config._proof_1; module=DefiKernel.Typed.AuthorityTests; axioms=[propext]
AXIOM AUDIT theorem: DefiKernel.Typed.AuthorityTests.config._proof_2; module=DefiKernel.Typed.AuthorityTests; axioms=[propext]
AXIOM AUDIT theorem: DefiKernel.Typed.BinaryOp.add.sizeOf_spec; module=DefiKernel.Typed.Expr; axioms=[]
AXIOM AUDIT theorem: DefiKernel.Typed.BinaryOp.and.sizeOf_spec; module=DefiKernel.Typed.Expr; axioms=[]
AXIOM AUDIT theorem: DefiKernel.Typed.BinaryOp.convert.sizeOf_spec; module=DefiKernel.Typed.Expr; axioms=[]
AXIOM AUDIT theorem: DefiKernel.Typed.BinaryOp.divide.sizeOf_spec; module=DefiKernel.Typed.Expr; axioms=[]
AXIOM AUDIT theorem: DefiKernel.Typed.BinaryOp.eq.sizeOf_spec; module=DefiKernel.Typed.Expr; axioms=[]
AXIOM AUDIT theorem: DefiKernel.Typed.BinaryOp.eval.eq_1; module=DefiKernel.Typed.ExprTests; axioms=[propext,
 Classical.choice,
 Quot.sound]
AXIOM AUDIT theorem: DefiKernel.Typed.BinaryOp.eval.eq_10; module=DefiKernel.Typed.ExprTests; axioms=[propext,
 Classical.choice,
 Quot.sound]
AXIOM AUDIT theorem: DefiKernel.Typed.BinaryOp.eval.eq_11; module=DefiKernel.Typed.ExprTests; axioms=[propext,
 Classical.choice,
 Quot.sound]
AXIOM AUDIT theorem: DefiKernel.Typed.BinaryOp.eval.eq_12; module=DefiKernel.Typed.ExprTests; axioms=[propext,
 Classical.choice,
 Quot.sound]
AXIOM AUDIT theorem: DefiKernel.Typed.BinaryOp.eval.eq_2; module=DefiKernel.Typed.ExprTests; axioms=[propext,
 Classical.choice,
 Quot.sound]
AXIOM AUDIT theorem: DefiKernel.Typed.BinaryOp.eval.eq_3; module=DefiKernel.Typed.ExprTests; axioms=[propext,
 Classical.choice,
 Quot.sound]
AXIOM AUDIT theorem: DefiKernel.Typed.BinaryOp.eval.eq_4; module=DefiKernel.Typed.ExprTests; axioms=[propext,
 Classical.choice,
 Quot.sound]
AXIOM AUDIT theorem: DefiKernel.Typed.BinaryOp.eval.eq_5; module=DefiKernel.Typed.ExprTests; axioms=[propext,
 Classical.choice,
 Quot.sound]
AXIOM AUDIT theorem: DefiKernel.Typed.BinaryOp.eval.eq_6; module=DefiKernel.Typed.ExprTests; axioms=[propext,
 Classical.choice,
 Quot.sound]
AXIOM AUDIT theorem: DefiKernel.Typed.BinaryOp.eval.eq_7; module=DefiKernel.Typed.ExprTests; axioms=[propext,
 Classical.choice,
 Quot.sound]
AXIOM AUDIT theorem: DefiKernel.Typed.BinaryOp.eval.eq_8; module=DefiKernel.Typed.ExprTests; axioms=[propext,
 Classical.choice,
 Quot.sound]
AXIOM AUDIT theorem: DefiKernel.Typed.BinaryOp.eval.eq_9; module=DefiKernel.Typed.ExprTests; axioms=[propext,
 Classical.choice,
 Quot.sound]
AXIOM AUDIT theorem: DefiKernel.Typed.BinaryOp.le.sizeOf_spec; module=DefiKernel.Typed.Expr; axioms=[]
AXIOM AUDIT theorem: DefiKernel.Typed.BinaryOp.lt.sizeOf_spec; module=DefiKernel.Typed.Expr; axioms=[]
AXIOM AUDIT theorem: DefiKernel.Typed.BinaryOp.or.sizeOf_spec; module=DefiKernel.Typed.Expr; axioms=[]
AXIOM AUDIT theorem: DefiKernel.Typed.BinaryOp.ratio.sizeOf_spec; module=DefiKernel.Typed.Expr; axioms=[]
AXIOM AUDIT theorem: DefiKernel.Typed.BinaryOp.scale.sizeOf_spec; module=DefiKernel.Typed.Expr; axioms=[]
AXIOM AUDIT theorem: DefiKernel.Typed.BinaryOp.sub.sizeOf_spec; module=DefiKernel.Typed.Expr; axioms=[]
AXIOM AUDIT theorem: DefiKernel.Typed.BinaryOp.unconvert.sizeOf_spec; module=DefiKernel.Typed.Expr; axioms=[]
AXIOM AUDIT theorem: DefiKernel.Typed.Capability.mk.inj; module=DefiKernel.Typed.Authority; axioms=[]
AXIOM AUDIT theorem: DefiKernel.Typed.Capability.mk.injEq; module=DefiKernel.Typed.Authority; axioms=[propext]
AXIOM AUDIT theorem: DefiKernel.Typed.Capability.mk.sizeOf_spec; module=DefiKernel.Typed.Authority; axioms=[]
AXIOM AUDIT theorem: DefiKernel.Typed.CapabilityId.mk.inj; module=DefiKernel.Typed.Types; axioms=[]
AXIOM AUDIT theorem: DefiKernel.Typed.CapabilityId.mk.injEq; module=DefiKernel.Typed.Types; axioms=[propext]
AXIOM AUDIT theorem: DefiKernel.Typed.CapabilityId.mk.sizeOf_spec; module=DefiKernel.Typed.Types; axioms=[]
AXIOM AUDIT theorem: DefiKernel.Typed.CapabilityStore.lookup.eq_1; module=DefiKernel.Typed.Authority; axioms=[propext]
AXIOM AUDIT theorem: DefiKernel.Typed.CapabilityStore.mk.inj; module=DefiKernel.Typed.Authority; axioms=[]
AXIOM AUDIT theorem: DefiKernel.Typed.CapabilityStore.mk.injEq; module=DefiKernel.Typed.Authority; axioms=[propext]
AXIOM AUDIT theorem: DefiKernel.Typed.CapabilityStore.mk.sizeOf_spec; module=DefiKernel.Typed.Authority; axioms=[]
AXIOM AUDIT theorem: DefiKernel.Typed.CapabilityStore.nextId.eq_1; module=DefiKernel.Typed.Authority; axioms=[]
AXIOM AUDIT theorem: DefiKernel.Typed.CellRef.mk.inj; module=DefiKernel.Typed.Types; axioms=[]
AXIOM AUDIT theorem: DefiKernel.Typed.CellRef.mk.injEq; module=DefiKernel.Typed.Types; axioms=[propext]
AXIOM AUDIT theorem: DefiKernel.Typed.CellRef.mk.sizeOf_spec; module=DefiKernel.Typed.Types; axioms=[]
AXIOM AUDIT theorem: DefiKernel.Typed.ClaimId.mk.inj; module=DefiKernel.Typed.Types; axioms=[]
AXIOM AUDIT theorem: DefiKernel.Typed.ClaimId.mk.injEq; module=DefiKernel.Typed.Types; axioms=[propext]
AXIOM AUDIT theorem: DefiKernel.Typed.ClaimId.mk.sizeOf_spec; module=DefiKernel.Typed.Types; axioms=[]
AXIOM AUDIT theorem: DefiKernel.Typed.EnvRead.Agree.eq_1; module=DefiKernel.Typed.Expr; axioms=[propext, Quot.sound]
AXIOM AUDIT theorem: DefiKernel.Typed.EnvRead.Agree.eq_2; module=DefiKernel.Typed.Expr; axioms=[propext, Quot.sound]
AXIOM AUDIT theorem: DefiKernel.Typed.EnvRead.currentTime.sizeOf_spec; module=DefiKernel.Typed.Expr; axioms=[]
AXIOM AUDIT theorem: DefiKernel.Typed.EnvRead.observation.inj; module=DefiKernel.Typed.Expr; axioms=[]
AXIOM AUDIT theorem: DefiKernel.Typed.EnvRead.observation.injEq; module=DefiKernel.Typed.Expr; axioms=[propext]
AXIOM AUDIT theorem: DefiKernel.Typed.EnvRead.observation.sizeOf_spec; module=DefiKernel.Typed.Expr; axioms=[]
AXIOM AUDIT theorem: DefiKernel.Typed.EvalContext.mk.inj; module=DefiKernel.Typed.Expr; axioms=[propext, Quot.sound]
AXIOM AUDIT theorem: DefiKernel.Typed.EvalContext.mk.injEq; module=DefiKernel.Typed.Expr; axioms=[propext, Quot.sound]
AXIOM AUDIT theorem: DefiKernel.Typed.EvalContext.mk.sizeOf_spec; module=DefiKernel.Typed.Expr; axioms=[propext,
 Quot.sound]
AXIOM AUDIT theorem: DefiKernel.Typed.EvalFailure.argumentCount.sizeOf_spec; module=DefiKernel.Typed.Types; axioms=[]
AXIOM AUDIT theorem: DefiKernel.Typed.EvalFailure.argumentUnit.sizeOf_spec; module=DefiKernel.Typed.Types; axioms=[]
AXIOM AUDIT theorem: DefiKernel.Typed.EvalFailure.divisionByZero.sizeOf_spec; module=DefiKernel.Typed.Types; axioms=[]
AXIOM AUDIT theorem: DefiKernel.Typed.EvalFailure.missingObservation.sizeOf_spec; module=DefiKernel.Typed.Types; axioms=[]
AXIOM AUDIT theorem: DefiKernel.Typed.EvalFailure.observationUnit.sizeOf_spec; module=DefiKernel.Typed.Types; axioms=[]
AXIOM AUDIT theorem: DefiKernel.Typed.EvalFailure.partyArgument.sizeOf_spec; module=DefiKernel.Typed.Types; axioms=[]
AXIOM AUDIT theorem: DefiKernel.Typed.Expr.arg.inj; module=DefiKernel.Typed.Expr; axioms=[]
AXIOM AUDIT theorem: DefiKernel.Typed.Expr.arg.injEq; module=DefiKernel.Typed.Expr; axioms=[propext]
AXIOM AUDIT theorem: DefiKernel.Typed.Expr.arg.sizeOf_spec; module=DefiKernel.Typed.Expr; axioms=[]
AXIOM AUDIT theorem: DefiKernel.Typed.Expr.balance.inj; module=DefiKernel.Typed.Expr; axioms=[]
AXIOM AUDIT theorem: DefiKernel.Typed.Expr.balance.injEq; module=DefiKernel.Typed.Expr; axioms=[propext]
AXIOM AUDIT theorem: DefiKernel.Typed.Expr.balance.sizeOf_spec; module=DefiKernel.Typed.Expr; axioms=[]
AXIOM AUDIT theorem: DefiKernel.Typed.Expr.binary.inj; module=DefiKernel.Typed.Expr; axioms=[]
AXIOM AUDIT theorem: DefiKernel.Typed.Expr.binary.injEq; module=DefiKernel.Typed.Expr; axioms=[propext]
AXIOM AUDIT theorem: DefiKernel.Typed.Expr.binary.sizeOf_spec; module=DefiKernel.Typed.Expr; axioms=[]
AXIOM AUDIT theorem: DefiKernel.Typed.Expr.brecOn.eq; module=DefiKernel.Typed.Expr; axioms=[]
AXIOM AUDIT theorem: DefiKernel.Typed.Expr.envReads.eq_1; module=DefiKernel.Typed.Expr; axioms=[]
AXIOM AUDIT theorem: DefiKernel.Typed.Expr.envReads.eq_2; module=DefiKernel.Typed.Expr; axioms=[]
AXIOM AUDIT theorem: DefiKernel.Typed.Expr.envReads.eq_3; module=DefiKernel.Typed.Expr; axioms=[]
AXIOM AUDIT theorem: DefiKernel.Typed.Expr.envReads.eq_4; module=DefiKernel.Typed.Expr; axioms=[]
AXIOM AUDIT theorem: DefiKernel.Typed.Expr.envReads.eq_5; module=DefiKernel.Typed.Expr; axioms=[]
AXIOM AUDIT theorem: DefiKernel.Typed.Expr.envReads.eq_6; module=DefiKernel.Typed.Expr; axioms=[]
AXIOM AUDIT theorem: DefiKernel.Typed.Expr.envReads.eq_7; module=DefiKernel.Typed.Expr; axioms=[]
AXIOM AUDIT theorem: DefiKernel.Typed.Expr.envReads.eq_8; module=DefiKernel.Typed.Expr; axioms=[]
AXIOM AUDIT theorem: DefiKernel.Typed.Expr.envReads.eq_9; module=DefiKernel.Typed.Expr; axioms=[]
AXIOM AUDIT theorem: DefiKernel.Typed.Expr.envReads.eq_def; module=DefiKernel.Typed.Expr; axioms=[]
AXIOM AUDIT theorem: DefiKernel.Typed.Expr.eval.eq_1; module=DefiKernel.Typed.Expr; axioms=[propext,
 Classical.choice,
 Quot.sound]
AXIOM AUDIT theorem: DefiKernel.Typed.Expr.eval.eq_2; module=DefiKernel.Typed.Expr; axioms=[propext,
 Classical.choice,
 Quot.sound]
AXIOM AUDIT theorem: DefiKernel.Typed.Expr.eval.eq_3; module=DefiKernel.Typed.Expr; axioms=[propext,
 Classical.choice,
 Quot.sound]
AXIOM AUDIT theorem: DefiKernel.Typed.Expr.eval.eq_4; module=DefiKernel.Typed.Expr; axioms=[propext,
 Classical.choice,
 Quot.sound]
AXIOM AUDIT theorem: DefiKernel.Typed.Expr.eval.eq_5; module=DefiKernel.Typed.Expr; axioms=[propext,
 Classical.choice,
 Quot.sound]
AXIOM AUDIT theorem: DefiKernel.Typed.Expr.eval.eq_6; module=DefiKernel.Typed.Expr; axioms=[propext,
 Classical.choice,
 Quot.sound]
AXIOM AUDIT theorem: DefiKernel.Typed.Expr.eval.eq_7; module=DefiKernel.Typed.Expr; axioms=[propext,
 Classical.choice,
 Quot.sound]
AXIOM AUDIT theorem: DefiKernel.Typed.Expr.eval.eq_8; module=DefiKernel.Typed.Expr; axioms=[propext,
 Classical.choice,
 Quot.sound]
AXIOM AUDIT theorem: DefiKernel.Typed.Expr.eval.eq_9; module=DefiKernel.Typed.Expr; axioms=[propext,
 Classical.choice,
 Quot.sound]
AXIOM AUDIT theorem: DefiKernel.Typed.Expr.eval.eq_def; module=DefiKernel.Typed.Expr; axioms=[propext,
 Classical.choice,
 Quot.sound]
AXIOM AUDIT theorem: DefiKernel.Typed.Expr.ite.inj; module=DefiKernel.Typed.Expr; axioms=[]
AXIOM AUDIT theorem: DefiKernel.Typed.Expr.ite.injEq; module=DefiKernel.Typed.Expr; axioms=[propext]
AXIOM AUDIT theorem: DefiKernel.Typed.Expr.ite.sizeOf_spec; module=DefiKernel.Typed.Expr; axioms=[]
AXIOM AUDIT theorem: DefiKernel.Typed.Expr.lit.inj; module=DefiKernel.Typed.Expr; axioms=[]
AXIOM AUDIT theorem: DefiKernel.Typed.Expr.lit.injEq; module=DefiKernel.Typed.Expr; axioms=[propext]
AXIOM AUDIT theorem: DefiKernel.Typed.Expr.lit.sizeOf_spec; module=DefiKernel.Typed.Expr; axioms=[]
AXIOM AUDIT theorem: DefiKernel.Typed.Expr.now.sizeOf_spec; module=DefiKernel.Typed.Expr; axioms=[]
AXIOM AUDIT theorem: DefiKernel.Typed.Expr.observe.inj; module=DefiKernel.Typed.Expr; axioms=[]
AXIOM AUDIT theorem: DefiKernel.Typed.Expr.observe.injEq; module=DefiKernel.Typed.Expr; axioms=[propext]
AXIOM AUDIT theorem: DefiKernel.Typed.Expr.observe.sizeOf_spec; module=DefiKernel.Typed.Expr; axioms=[]
AXIOM AUDIT theorem: DefiKernel.Typed.Expr.stateReads.eq_1; module=DefiKernel.Typed.Expr; axioms=[]
AXIOM AUDIT theorem: DefiKernel.Typed.Expr.stateReads.eq_2; module=DefiKernel.Typed.Expr; axioms=[]
AXIOM AUDIT theorem: DefiKernel.Typed.Expr.stateReads.eq_3; module=DefiKernel.Typed.Expr; axioms=[]
AXIOM AUDIT theorem: DefiKernel.Typed.Expr.stateReads.eq_4; module=DefiKernel.Typed.Expr; axioms=[]
AXIOM AUDIT theorem: DefiKernel.Typed.Expr.stateReads.eq_5; module=DefiKernel.Typed.Expr; axioms=[]
AXIOM AUDIT theorem: DefiKernel.Typed.Expr.stateReads.eq_6; module=DefiKernel.Typed.Expr; axioms=[]
AXIOM AUDIT theorem: DefiKernel.Typed.Expr.stateReads.eq_7; module=DefiKernel.Typed.Expr; axioms=[]
AXIOM AUDIT theorem: DefiKernel.Typed.Expr.stateReads.eq_8; module=DefiKernel.Typed.Expr; axioms=[]
AXIOM AUDIT theorem: DefiKernel.Typed.Expr.stateReads.eq_9; module=DefiKernel.Typed.Expr; axioms=[]
AXIOM AUDIT theorem: DefiKernel.Typed.Expr.stateReads.eq_def; module=DefiKernel.Typed.Expr; axioms=[]
AXIOM AUDIT theorem: DefiKernel.Typed.Expr.timestamp.inj; module=DefiKernel.Typed.Expr; axioms=[]
AXIOM AUDIT theorem: DefiKernel.Typed.Expr.timestamp.injEq; module=DefiKernel.Typed.Expr; axioms=[propext]
AXIOM AUDIT theorem: DefiKernel.Typed.Expr.timestamp.sizeOf_spec; module=DefiKernel.Typed.Expr; axioms=[]
AXIOM AUDIT theorem: DefiKernel.Typed.Expr.unary.inj; module=DefiKernel.Typed.Expr; axioms=[]
AXIOM AUDIT theorem: DefiKernel.Typed.Expr.unary.injEq; module=DefiKernel.Typed.Expr; axioms=[propext]
AXIOM AUDIT theorem: DefiKernel.Typed.Expr.unary.sizeOf_spec; module=DefiKernel.Typed.Expr; axioms=[]
AXIOM AUDIT theorem: DefiKernel.Typed.ExprTests.TestAsset.ofNat_ctorIdx; module=DefiKernel.Typed.ExprTests; axioms=[]
AXIOM AUDIT theorem: DefiKernel.Typed.ExprTests.changedState._proof_1; module=DefiKernel.Typed.ExprTests; axioms=[propext,
 Quot.sound]
AXIOM AUDIT theorem: DefiKernel.Typed.ExprTests.checks._proof_1; module=DefiKernel.Typed.ExprTests; axioms=[]
AXIOM AUDIT theorem: DefiKernel.Typed.ExprTests.context.eq_1; module=DefiKernel.Typed.ExprTests; axioms=[propext,
 Quot.sound]
AXIOM AUDIT theorem: DefiKernel.Typed.ExprTests.environment.eq_1; module=DefiKernel.Typed.ExprTests; axioms=[propext,
 Quot.sound]
AXIOM AUDIT theorem: DefiKernel.Typed.ExprTests.initialState._proof_1; module=DefiKernel.Typed.ExprTests; axioms=[propext,
 Quot.sound]
AXIOM AUDIT theorem: DefiKernel.Typed.ExprTests.instDecidableEqTestAsset._proof_1; module=DefiKernel.Typed.ExprTests; axioms=[]
AXIOM AUDIT theorem: DefiKernel.Typed.ExprTests.instDecidableEqTestAsset._proof_2; module=DefiKernel.Typed.ExprTests; axioms=[]
AXIOM AUDIT theorem: DefiKernel.Typed.ExprTests.instFintypeTestAsset._proof_1; module=DefiKernel.Typed.ExprTests; axioms=[propext,
 Classical.choice,
 Quot.sound]
AXIOM AUDIT theorem: DefiKernel.Typed.ExprTests.ledgerRead.eq_1; module=DefiKernel.Typed.ExprTests; axioms=[]
AXIOM AUDIT theorem: DefiKernel.Typed.ExprTests.priced.eq_1; module=DefiKernel.Typed.ExprTests; axioms=[propext,
 Quot.sound]
AXIOM AUDIT theorem: DefiKernel.Typed.ExprTests.shares.eq_1; module=DefiKernel.Typed.ExprTests; axioms=[propext,
 Quot.sound]
AXIOM AUDIT theorem: DefiKernel.Typed.ExprTests.unrelated_balance_preserved._simp_1_2; module=DefiKernel.Typed.ExprTests; axioms=[propext]
AXIOM AUDIT theorem: DefiKernel.Typed.Grant.mk.inj; module=DefiKernel.Typed.Authority; axioms=[]
AXIOM AUDIT theorem: DefiKernel.Typed.Grant.mk.injEq; module=DefiKernel.Typed.Authority; axioms=[propext]
AXIOM AUDIT theorem: DefiKernel.Typed.Grant.mk.sizeOf_spec; module=DefiKernel.Typed.Authority; axioms=[]
AXIOM AUDIT theorem: DefiKernel.Typed.InvocationContext.mk.inj; module=DefiKernel.Typed.Types; axioms=[]
AXIOM AUDIT theorem: DefiKernel.Typed.InvocationContext.mk.injEq; module=DefiKernel.Typed.Types; axioms=[propext]
AXIOM AUDIT theorem: DefiKernel.Typed.InvocationContext.mk.sizeOf_spec; module=DefiKernel.Typed.Types; axioms=[]
AXIOM AUDIT theorem: DefiKernel.Typed.NumericUnit.amount.inj; module=DefiKernel.Typed.Types; axioms=[]
AXIOM AUDIT theorem: DefiKernel.Typed.NumericUnit.amount.injEq; module=DefiKernel.Typed.Types; axioms=[propext]
AXIOM AUDIT theorem: DefiKernel.Typed.NumericUnit.amount.sizeOf_spec; module=DefiKernel.Typed.Types; axioms=[]
AXIOM AUDIT theorem: DefiKernel.Typed.NumericUnit.price.inj; module=DefiKernel.Typed.Types; axioms=[]
AXIOM AUDIT theorem: DefiKernel.Typed.NumericUnit.price.injEq; module=DefiKernel.Typed.Types; axioms=[propext]
AXIOM AUDIT theorem: DefiKernel.Typed.NumericUnit.price.sizeOf_spec; module=DefiKernel.Typed.Types; axioms=[]
AXIOM AUDIT theorem: DefiKernel.Typed.NumericUnit.scalar.sizeOf_spec; module=DefiKernel.Typed.Types; axioms=[]
AXIOM AUDIT theorem: DefiKernel.Typed.Observation.mk.inj; module=DefiKernel.Typed.Types; axioms=[]
AXIOM AUDIT theorem: DefiKernel.Typed.Observation.mk.injEq; module=DefiKernel.Typed.Types; axioms=[propext]
AXIOM AUDIT theorem: DefiKernel.Typed.Observation.mk.sizeOf_spec; module=DefiKernel.Typed.Types; axioms=[]
AXIOM AUDIT theorem: DefiKernel.Typed.ObservationId.mk.inj; module=DefiKernel.Typed.Types; axioms=[]
AXIOM AUDIT theorem: DefiKernel.Typed.ObservationId.mk.injEq; module=DefiKernel.Typed.Types; axioms=[propext]
AXIOM AUDIT theorem: DefiKernel.Typed.ObservationId.mk.sizeOf_spec; module=DefiKernel.Typed.Types; axioms=[]
AXIOM AUDIT theorem: DefiKernel.Typed.ObservationKey.mk.inj; module=DefiKernel.Typed.Types; axioms=[]
AXIOM AUDIT theorem: DefiKernel.Typed.ObservationKey.mk.injEq; module=DefiKernel.Typed.Types; axioms=[propext]
AXIOM AUDIT theorem: DefiKernel.Typed.ObservationKey.mk.sizeOf_spec; module=DefiKernel.Typed.Types; axioms=[]
AXIOM AUDIT theorem: DefiKernel.Typed.ObservationRef.mk.inj; module=DefiKernel.Typed.Types; axioms=[]
AXIOM AUDIT theorem: DefiKernel.Typed.ObservationRef.mk.injEq; module=DefiKernel.Typed.Types; axioms=[propext]
AXIOM AUDIT theorem: DefiKernel.Typed.ObservationRef.mk.sizeOf_spec; module=DefiKernel.Typed.Types; axioms=[]
AXIOM AUDIT theorem: DefiKernel.Typed.OperationId.mk.inj; module=DefiKernel.Typed.Types; axioms=[]
AXIOM AUDIT theorem: DefiKernel.Typed.OperationId.mk.injEq; module=DefiKernel.Typed.Types; axioms=[propext]
AXIOM AUDIT theorem: DefiKernel.Typed.OperationId.mk.sizeOf_spec; module=DefiKernel.Typed.Types; axioms=[]
AXIOM AUDIT theorem: DefiKernel.Typed.PartyRef.argument.inj; module=DefiKernel.Typed.Types; axioms=[]
AXIOM AUDIT theorem: DefiKernel.Typed.PartyRef.argument.injEq; module=DefiKernel.Typed.Types; axioms=[propext]
AXIOM AUDIT theorem: DefiKernel.Typed.PartyRef.argument.sizeOf_spec; module=DefiKernel.Typed.Types; axioms=[]
AXIOM AUDIT theorem: DefiKernel.Typed.PartyRef.caller.sizeOf_spec; module=DefiKernel.Typed.Types; axioms=[]
AXIOM AUDIT theorem: DefiKernel.Typed.PartyRef.literal.inj; module=DefiKernel.Typed.Types; axioms=[]
AXIOM AUDIT theorem: DefiKernel.Typed.PartyRef.literal.injEq; module=DefiKernel.Typed.Types; axioms=[propext]
AXIOM AUDIT theorem: DefiKernel.Typed.PartyRef.literal.sizeOf_spec; module=DefiKernel.Typed.Types; axioms=[]
AXIOM AUDIT theorem: DefiKernel.Typed.Quantity.mk.inj; module=DefiKernel.Typed.Types; axioms=[propext, Quot.sound]
AXIOM AUDIT theorem: DefiKernel.Typed.Quantity.mk.injEq; module=DefiKernel.Typed.Types; axioms=[propext, Quot.sound]
AXIOM AUDIT theorem: DefiKernel.Typed.Quantity.mk.sizeOf_spec; module=DefiKernel.Typed.Types; axioms=[propext,
 Quot.sound]
AXIOM AUDIT theorem: DefiKernel.Typed.Right.changeSupply.inj; module=DefiKernel.Typed.Authority; axioms=[]
AXIOM AUDIT theorem: DefiKernel.Typed.Right.changeSupply.injEq; module=DefiKernel.Typed.Authority; axioms=[propext]
AXIOM AUDIT theorem: DefiKernel.Typed.Right.changeSupply.sizeOf_spec; module=DefiKernel.Typed.Authority; axioms=[]
AXIOM AUDIT theorem: DefiKernel.Typed.Right.debit.inj; module=DefiKernel.Typed.Authority; axioms=[]
AXIOM AUDIT theorem: DefiKernel.Typed.Right.debit.injEq; module=DefiKernel.Typed.Authority; axioms=[propext]
AXIOM AUDIT theorem: DefiKernel.Typed.Right.debit.sizeOf_spec; module=DefiKernel.Typed.Authority; axioms=[]
AXIOM AUDIT theorem: DefiKernel.Typed.Right.inDomain.congr_simp; module=DefiKernel.Typed.Authority; axioms=[Quot.sound]
AXIOM AUDIT theorem: DefiKernel.Typed.Right.invoke.sizeOf_spec; module=DefiKernel.Typed.Authority; axioms=[]
AXIOM AUDIT theorem: DefiKernel.Typed.State.mk.inj; module=DefiKernel.Typed.Types; axioms=[propext, Quot.sound]
AXIOM AUDIT theorem: DefiKernel.Typed.State.mk.injEq; module=DefiKernel.Typed.Types; axioms=[propext, Quot.sound]
AXIOM AUDIT theorem: DefiKernel.Typed.State.mk.sizeOf_spec; module=DefiKernel.Typed.Types; axioms=[propext, Quot.sound]
AXIOM AUDIT theorem: DefiKernel.Typed.UnaryOp.neg.sizeOf_spec; module=DefiKernel.Typed.Expr; axioms=[]
AXIOM AUDIT theorem: DefiKernel.Typed.UnaryOp.not.sizeOf_spec; module=DefiKernel.Typed.Expr; axioms=[]
AXIOM AUDIT theorem: DefiKernel.Typed.Unit.amount.inj; module=DefiKernel.Typed.Types; axioms=[]
AXIOM AUDIT theorem: DefiKernel.Typed.Unit.amount.injEq; module=DefiKernel.Typed.Types; axioms=[propext]
AXIOM AUDIT theorem: DefiKernel.Typed.Unit.amount.sizeOf_spec; module=DefiKernel.Typed.Types; axioms=[]
AXIOM AUDIT theorem: DefiKernel.Typed.Unit.bool.sizeOf_spec; module=DefiKernel.Typed.Types; axioms=[]
AXIOM AUDIT theorem: DefiKernel.Typed.Unit.price.inj; module=DefiKernel.Typed.Types; axioms=[]
AXIOM AUDIT theorem: DefiKernel.Typed.Unit.price.injEq; module=DefiKernel.Typed.Types; axioms=[propext]
AXIOM AUDIT theorem: DefiKernel.Typed.Unit.price.sizeOf_spec; module=DefiKernel.Typed.Types; axioms=[]
AXIOM AUDIT theorem: DefiKernel.Typed.Unit.scalar.sizeOf_spec; module=DefiKernel.Typed.Types; axioms=[]
AXIOM AUDIT theorem: DefiKernel.Typed.Var.brecOn.eq; module=DefiKernel.Typed.Expr; axioms=[]
AXIOM AUDIT theorem: DefiKernel.Typed.Var.here.sizeOf_spec; module=DefiKernel.Typed.Expr; axioms=[]
AXIOM AUDIT theorem: DefiKernel.Typed.Var.there.inj; module=DefiKernel.Typed.Expr; axioms=[]
AXIOM AUDIT theorem: DefiKernel.Typed.Var.there.injEq; module=DefiKernel.Typed.Expr; axioms=[propext]
AXIOM AUDIT theorem: DefiKernel.Typed.Var.there.sizeOf_spec; module=DefiKernel.Typed.Expr; axioms=[]
AXIOM AUDIT theorem: DefiKernel.Typed.instDecidableEqCapability.decEq._proof_1; module=DefiKernel.Typed.Authority; axioms=[]
AXIOM AUDIT theorem: DefiKernel.Typed.instDecidableEqCapability.decEq._proof_2; module=DefiKernel.Typed.Authority; axioms=[]
AXIOM AUDIT theorem: DefiKernel.Typed.instDecidableEqCapability.decEq._proof_3; module=DefiKernel.Typed.Authority; axioms=[]
AXIOM AUDIT theorem: DefiKernel.Typed.instDecidableEqCapabilityId.decEq._proof_1; module=DefiKernel.Typed.Types; axioms=[]
AXIOM AUDIT theorem: DefiKernel.Typed.instDecidableEqCapabilityId.decEq._proof_2; module=DefiKernel.Typed.Types; axioms=[]
AXIOM AUDIT theorem: DefiKernel.Typed.instDecidableEqCapabilityStore.decEq._proof_1; module=DefiKernel.Typed.Authority; axioms=[]
AXIOM AUDIT theorem: DefiKernel.Typed.instDecidableEqCapabilityStore.decEq._proof_2; module=DefiKernel.Typed.Authority; axioms=[]
AXIOM AUDIT theorem: DefiKernel.Typed.instDecidableEqCellRef.decEq._proof_1; module=DefiKernel.Typed.Types; axioms=[]
AXIOM AUDIT theorem: DefiKernel.Typed.instDecidableEqCellRef.decEq._proof_2; module=DefiKernel.Typed.Types; axioms=[]
AXIOM AUDIT theorem: DefiKernel.Typed.instDecidableEqCellRef.decEq._proof_3; module=DefiKernel.Typed.Types; axioms=[]
AXIOM AUDIT theorem: DefiKernel.Typed.instDecidableEqClaimId.decEq._proof_1; module=DefiKernel.Typed.Types; axioms=[]
AXIOM AUDIT theorem: DefiKernel.Typed.instDecidableEqClaimId.decEq._proof_2; module=DefiKernel.Typed.Types; axioms=[]
AXIOM AUDIT theorem: DefiKernel.Typed.instDecidableEqEnvRead.decEq._proof_1; module=DefiKernel.Typed.Expr; axioms=[]
AXIOM AUDIT theorem: DefiKernel.Typed.instDecidableEqEnvRead.decEq._proof_2; module=DefiKernel.Typed.Expr; axioms=[]
AXIOM AUDIT theorem: DefiKernel.Typed.instDecidableEqEnvRead.decEq._proof_3; module=DefiKernel.Typed.Expr; axioms=[]
AXIOM AUDIT theorem: DefiKernel.Typed.instDecidableEqEnvRead.decEq._proof_4; module=DefiKernel.Typed.Expr; axioms=[]
AXIOM AUDIT theorem: DefiKernel.Typed.instDecidableEqEnvRead.decEq._proof_5; module=DefiKernel.Typed.Expr; axioms=[]
AXIOM AUDIT theorem: DefiKernel.Typed.instDecidableEqGrant.decEq._proof_1; module=DefiKernel.Typed.Authority; axioms=[]
AXIOM AUDIT theorem: DefiKernel.Typed.instDecidableEqGrant.decEq._proof_2; module=DefiKernel.Typed.Authority; axioms=[]
AXIOM AUDIT theorem: DefiKernel.Typed.instDecidableEqGrant.decEq._proof_3; module=DefiKernel.Typed.Authority; axioms=[]
AXIOM AUDIT theorem: DefiKernel.Typed.instDecidableEqGrant.decEq._proof_4; module=DefiKernel.Typed.Authority; axioms=[]
AXIOM AUDIT theorem: DefiKernel.Typed.instDecidableEqGrant.decEq._proof_5; module=DefiKernel.Typed.Authority; axioms=[]
AXIOM AUDIT theorem: DefiKernel.Typed.instDecidableEqInvocationContext.decEq._proof_1; module=DefiKernel.Typed.Types; axioms=[]
AXIOM AUDIT theorem: DefiKernel.Typed.instDecidableEqInvocationContext.decEq._proof_2; module=DefiKernel.Typed.Types; axioms=[]
AXIOM AUDIT theorem: DefiKernel.Typed.instDecidableEqInvocationContext.decEq._proof_3; module=DefiKernel.Typed.Types; axioms=[]
AXIOM AUDIT theorem: DefiKernel.Typed.instDecidableEqNumericUnit.decEq._proof_1; module=DefiKernel.Typed.Types; axioms=[]
AXIOM AUDIT theorem: DefiKernel.Typed.instDecidableEqNumericUnit.decEq._proof_10; module=DefiKernel.Typed.Types; axioms=[]
AXIOM AUDIT theorem: DefiKernel.Typed.instDecidableEqNumericUnit.decEq._proof_11; module=DefiKernel.Typed.Types; axioms=[]
AXIOM AUDIT theorem: DefiKernel.Typed.instDecidableEqNumericUnit.decEq._proof_12; module=DefiKernel.Typed.Types; axioms=[]
AXIOM AUDIT theorem: DefiKernel.Typed.instDecidableEqNumericUnit.decEq._proof_2; module=DefiKernel.Typed.Types; axioms=[]
AXIOM AUDIT theorem: DefiKernel.Typed.instDecidableEqNumericUnit.decEq._proof_3; module=DefiKernel.Typed.Types; axioms=[]
AXIOM AUDIT theorem: DefiKernel.Typed.instDecidableEqNumericUnit.decEq._proof_4; module=DefiKernel.Typed.Types; axioms=[]
AXIOM AUDIT theorem: DefiKernel.Typed.instDecidableEqNumericUnit.decEq._proof_5; module=DefiKernel.Typed.Types; axioms=[]
AXIOM AUDIT theorem: DefiKernel.Typed.instDecidableEqNumericUnit.decEq._proof_6; module=DefiKernel.Typed.Types; axioms=[]
AXIOM AUDIT theorem: DefiKernel.Typed.instDecidableEqNumericUnit.decEq._proof_7; module=DefiKernel.Typed.Types; axioms=[]
AXIOM AUDIT theorem: DefiKernel.Typed.instDecidableEqNumericUnit.decEq._proof_8; module=DefiKernel.Typed.Types; axioms=[]
AXIOM AUDIT theorem: DefiKernel.Typed.instDecidableEqNumericUnit.decEq._proof_9; module=DefiKernel.Typed.Types; axioms=[]
AXIOM AUDIT theorem: DefiKernel.Typed.instDecidableEqObservationId.decEq._proof_1; module=DefiKernel.Typed.Types; axioms=[]
AXIOM AUDIT theorem: DefiKernel.Typed.instDecidableEqObservationId.decEq._proof_2; module=DefiKernel.Typed.Types; axioms=[]
AXIOM AUDIT theorem: DefiKernel.Typed.instDecidableEqObservationKey.decEq._proof_1; module=DefiKernel.Typed.Types; axioms=[]
AXIOM AUDIT theorem: DefiKernel.Typed.instDecidableEqObservationKey.decEq._proof_2; module=DefiKernel.Typed.Types; axioms=[]
AXIOM AUDIT theorem: DefiKernel.Typed.instDecidableEqObservationKey.decEq._proof_3; module=DefiKernel.Typed.Types; axioms=[]
AXIOM AUDIT theorem: DefiKernel.Typed.instDecidableEqObservationRef.decEq._proof_1; module=DefiKernel.Typed.Types; axioms=[]
AXIOM AUDIT theorem: DefiKernel.Typed.instDecidableEqObservationRef.decEq._proof_2; module=DefiKernel.Typed.Types; axioms=[]
AXIOM AUDIT theorem: DefiKernel.Typed.instDecidableEqOperationId.decEq._proof_1; module=DefiKernel.Typed.Types; axioms=[]
AXIOM AUDIT theorem: DefiKernel.Typed.instDecidableEqOperationId.decEq._proof_2; module=DefiKernel.Typed.Types; axioms=[]
AXIOM AUDIT theorem: DefiKernel.Typed.instDecidableEqPartyRef.decEq._proof_1; module=DefiKernel.Typed.Types; axioms=[]
AXIOM AUDIT theorem: DefiKernel.Typed.instDecidableEqPartyRef.decEq._proof_10; module=DefiKernel.Typed.Types; axioms=[]
AXIOM AUDIT theorem: DefiKernel.Typed.instDecidableEqPartyRef.decEq._proof_11; module=DefiKernel.Typed.Types; axioms=[]
AXIOM AUDIT theorem: DefiKernel.Typed.instDecidableEqPartyRef.decEq._proof_2; module=DefiKernel.Typed.Types; axioms=[]
AXIOM AUDIT theorem: DefiKernel.Typed.instDecidableEqPartyRef.decEq._proof_3; module=DefiKernel.Typed.Types; axioms=[]
AXIOM AUDIT theorem: DefiKernel.Typed.instDecidableEqPartyRef.decEq._proof_4; module=DefiKernel.Typed.Types; axioms=[]
AXIOM AUDIT theorem: DefiKernel.Typed.instDecidableEqPartyRef.decEq._proof_5; module=DefiKernel.Typed.Types; axioms=[]
AXIOM AUDIT theorem: DefiKernel.Typed.instDecidableEqPartyRef.decEq._proof_6; module=DefiKernel.Typed.Types; axioms=[]
AXIOM AUDIT theorem: DefiKernel.Typed.instDecidableEqPartyRef.decEq._proof_7; module=DefiKernel.Typed.Types; axioms=[]
AXIOM AUDIT theorem: DefiKernel.Typed.instDecidableEqPartyRef.decEq._proof_8; module=DefiKernel.Typed.Types; axioms=[]
AXIOM AUDIT theorem: DefiKernel.Typed.instDecidableEqPartyRef.decEq._proof_9; module=DefiKernel.Typed.Types; axioms=[]
AXIOM AUDIT theorem: DefiKernel.Typed.instDecidableEqRight.decEq._proof_1; module=DefiKernel.Typed.Authority; axioms=[]
AXIOM AUDIT theorem: DefiKernel.Typed.instDecidableEqRight.decEq._proof_10; module=DefiKernel.Typed.Authority; axioms=[]
AXIOM AUDIT theorem: DefiKernel.Typed.instDecidableEqRight.decEq._proof_11; module=DefiKernel.Typed.Authority; axioms=[]
AXIOM AUDIT theorem: DefiKernel.Typed.instDecidableEqRight.decEq._proof_12; module=DefiKernel.Typed.Authority; axioms=[]
AXIOM AUDIT theorem: DefiKernel.Typed.instDecidableEqRight.decEq._proof_2; module=DefiKernel.Typed.Authority; axioms=[]
AXIOM AUDIT theorem: DefiKernel.Typed.instDecidableEqRight.decEq._proof_3; module=DefiKernel.Typed.Authority; axioms=[]
AXIOM AUDIT theorem: DefiKernel.Typed.instDecidableEqRight.decEq._proof_4; module=DefiKernel.Typed.Authority; axioms=[]
AXIOM AUDIT theorem: DefiKernel.Typed.instDecidableEqRight.decEq._proof_5; module=DefiKernel.Typed.Authority; axioms=[]
AXIOM AUDIT theorem: DefiKernel.Typed.instDecidableEqRight.decEq._proof_6; module=DefiKernel.Typed.Authority; axioms=[]
AXIOM AUDIT theorem: DefiKernel.Typed.instDecidableEqRight.decEq._proof_7; module=DefiKernel.Typed.Authority; axioms=[]
AXIOM AUDIT theorem: DefiKernel.Typed.instDecidableEqRight.decEq._proof_8; module=DefiKernel.Typed.Authority; axioms=[]
AXIOM AUDIT theorem: DefiKernel.Typed.instDecidableEqRight.decEq._proof_9; module=DefiKernel.Typed.Authority; axioms=[]
AXIOM AUDIT theorem: DefiKernel.Typed.instDecidableEqUnit.decEq._proof_1; module=DefiKernel.Typed.Types; axioms=[]
AXIOM AUDIT theorem: DefiKernel.Typed.instDecidableEqUnit.decEq._proof_10; module=DefiKernel.Typed.Types; axioms=[]
AXIOM AUDIT theorem: DefiKernel.Typed.instDecidableEqUnit.decEq._proof_11; module=DefiKernel.Typed.Types; axioms=[]
AXIOM AUDIT theorem: DefiKernel.Typed.instDecidableEqUnit.decEq._proof_12; module=DefiKernel.Typed.Types; axioms=[]
AXIOM AUDIT theorem: DefiKernel.Typed.instDecidableEqUnit.decEq._proof_13; module=DefiKernel.Typed.Types; axioms=[]
AXIOM AUDIT theorem: DefiKernel.Typed.instDecidableEqUnit.decEq._proof_14; module=DefiKernel.Typed.Types; axioms=[]
AXIOM AUDIT theorem: DefiKernel.Typed.instDecidableEqUnit.decEq._proof_15; module=DefiKernel.Typed.Types; axioms=[]
AXIOM AUDIT theorem: DefiKernel.Typed.instDecidableEqUnit.decEq._proof_16; module=DefiKernel.Typed.Types; axioms=[]
AXIOM AUDIT theorem: DefiKernel.Typed.instDecidableEqUnit.decEq._proof_17; module=DefiKernel.Typed.Types; axioms=[]
AXIOM AUDIT theorem: DefiKernel.Typed.instDecidableEqUnit.decEq._proof_18; module=DefiKernel.Typed.Types; axioms=[]
AXIOM AUDIT theorem: DefiKernel.Typed.instDecidableEqUnit.decEq._proof_19; module=DefiKernel.Typed.Types; axioms=[]
AXIOM AUDIT theorem: DefiKernel.Typed.instDecidableEqUnit.decEq._proof_2; module=DefiKernel.Typed.Types; axioms=[]
AXIOM AUDIT theorem: DefiKernel.Typed.instDecidableEqUnit.decEq._proof_3; module=DefiKernel.Typed.Types; axioms=[]
AXIOM AUDIT theorem: DefiKernel.Typed.instDecidableEqUnit.decEq._proof_4; module=DefiKernel.Typed.Types; axioms=[]
AXIOM AUDIT theorem: DefiKernel.Typed.instDecidableEqUnit.decEq._proof_5; module=DefiKernel.Typed.Types; axioms=[]
AXIOM AUDIT theorem: DefiKernel.Typed.instDecidableEqUnit.decEq._proof_6; module=DefiKernel.Typed.Types; axioms=[]
AXIOM AUDIT theorem: DefiKernel.Typed.instDecidableEqUnit.decEq._proof_7; module=DefiKernel.Typed.Types; axioms=[]
AXIOM AUDIT theorem: DefiKernel.Typed.instDecidableEqUnit.decEq._proof_8; module=DefiKernel.Typed.Types; axioms=[]
AXIOM AUDIT theorem: DefiKernel.Typed.instDecidableEqUnit.decEq._proof_9; module=DefiKernel.Typed.Types; axioms=[]
AXIOM AUDIT theorem: _private.DefiKernel.Typed.Authority.0.DefiKernel.Typed.revokeCapability.match_1.eq_1; module=DefiKernel.Typed.Authority; axioms=[]
AXIOM AUDIT theorem: _private.DefiKernel.Typed.Authority.0.DefiKernel.Typed.revokeCapability.match_1.eq_2; module=DefiKernel.Typed.Authority; axioms=[]
AXIOM AUDIT theorem: _private.DefiKernel.Typed.Expr.0.DefiKernel.Typed.readObservation.match_1.eq_1; module=DefiKernel.Typed.Expr; axioms=[]
AXIOM AUDIT theorem: _private.DefiKernel.Typed.Expr.0.DefiKernel.Typed.readObservation.match_1.eq_2; module=DefiKernel.Typed.Expr; axioms=[]
AXIOM AUDIT theorem: DefiKernel.Typed.ExprTests.TestAsset.collateral.sizeOf_spec; module=DefiKernel.Typed.ExprTests; axioms=[]
AXIOM AUDIT theorem: DefiKernel.Typed.ExprTests.TestAsset.debt.sizeOf_spec; module=DefiKernel.Typed.ExprTests; axioms=[]
AXIOM AUDIT theorem: DefiKernel.Typed.ExprTests.TestAsset.share.sizeOf_spec; module=DefiKernel.Typed.ExprTests; axioms=[]
AXIOM AUDIT theorem: DefiKernel.Typed.ExprTests.TestAsset.usd.sizeOf_spec; module=DefiKernel.Typed.ExprTests; axioms=[]
AXIOM AUDIT theorem: _private.DefiKernel.Typed.Expr.0.DefiKernel.Typed.Expr.envReads.match_1.eq_1; module=DefiKernel.Typed.Expr; axioms=[]
AXIOM AUDIT theorem: _private.DefiKernel.Typed.Expr.0.DefiKernel.Typed.Expr.envReads.match_1.eq_2; module=DefiKernel.Typed.Expr; axioms=[]
AXIOM AUDIT theorem: _private.DefiKernel.Typed.Expr.0.DefiKernel.Typed.Expr.envReads.match_1.eq_3; module=DefiKernel.Typed.Expr; axioms=[]
AXIOM AUDIT theorem: _private.DefiKernel.Typed.Expr.0.DefiKernel.Typed.Expr.envReads.match_1.eq_4; module=DefiKernel.Typed.Expr; axioms=[]
AXIOM AUDIT theorem: _private.DefiKernel.Typed.Expr.0.DefiKernel.Typed.Expr.envReads.match_1.eq_5; module=DefiKernel.Typed.Expr; axioms=[]
AXIOM AUDIT theorem: _private.DefiKernel.Typed.Expr.0.DefiKernel.Typed.Expr.envReads.match_1.eq_6; module=DefiKernel.Typed.Expr; axioms=[]
AXIOM AUDIT theorem: _private.DefiKernel.Typed.Expr.0.DefiKernel.Typed.Expr.envReads.match_1.eq_7; module=DefiKernel.Typed.Expr; axioms=[]
AXIOM AUDIT theorem: _private.DefiKernel.Typed.Expr.0.DefiKernel.Typed.Expr.envReads.match_1.eq_8; module=DefiKernel.Typed.Expr; axioms=[]
AXIOM AUDIT theorem: _private.DefiKernel.Typed.Expr.0.DefiKernel.Typed.Expr.envReads.match_1.eq_9; module=DefiKernel.Typed.Expr; axioms=[]
AXIOM AUDIT theorem: _private.DefiKernel.Typed.Expr.0.DefiKernel.Typed.Expr.eval.match_1.eq_1; module=DefiKernel.Typed.Expr; axioms=[]
AXIOM AUDIT theorem: _private.DefiKernel.Typed.Expr.0.DefiKernel.Typed.Expr.eval.match_1.eq_2; module=DefiKernel.Typed.Expr; axioms=[]
AXIOM AUDIT theorem: _private.DefiKernel.Typed.Expr.0.DefiKernel.Typed.Expr.eval.match_1.eq_3; module=DefiKernel.Typed.Expr; axioms=[]
AXIOM AUDIT theorem: _private.DefiKernel.Typed.Expr.0.DefiKernel.Typed.Expr.eval.match_1.eq_4; module=DefiKernel.Typed.Expr; axioms=[]
AXIOM AUDIT theorem: _private.DefiKernel.Typed.Expr.0.DefiKernel.Typed.Expr.eval.match_1.eq_5; module=DefiKernel.Typed.Expr; axioms=[]
AXIOM AUDIT theorem: _private.DefiKernel.Typed.Expr.0.DefiKernel.Typed.Expr.eval.match_1.eq_6; module=DefiKernel.Typed.Expr; axioms=[]
AXIOM AUDIT theorem: _private.DefiKernel.Typed.Expr.0.DefiKernel.Typed.Expr.eval.match_1.eq_7; module=DefiKernel.Typed.Expr; axioms=[]
AXIOM AUDIT theorem: _private.DefiKernel.Typed.Expr.0.DefiKernel.Typed.Expr.eval.match_1.eq_8; module=DefiKernel.Typed.Expr; axioms=[]
AXIOM AUDIT theorem: _private.DefiKernel.Typed.Expr.0.DefiKernel.Typed.Expr.eval.match_1.eq_9; module=DefiKernel.Typed.Expr; axioms=[]
AXIOM AUDIT theorem: _private.DefiKernel.Typed.Expr.0.DefiKernel.Typed.Expr.stateReads.match_1.eq_1; module=DefiKernel.Typed.Expr; axioms=[]
AXIOM AUDIT theorem: _private.DefiKernel.Typed.Expr.0.DefiKernel.Typed.Expr.stateReads.match_1.eq_2; module=DefiKernel.Typed.Expr; axioms=[]
AXIOM AUDIT theorem: _private.DefiKernel.Typed.Expr.0.DefiKernel.Typed.Expr.stateReads.match_1.eq_3; module=DefiKernel.Typed.Expr; axioms=[]
AXIOM AUDIT theorem: _private.DefiKernel.Typed.Expr.0.DefiKernel.Typed.Expr.stateReads.match_1.eq_4; module=DefiKernel.Typed.Expr; axioms=[]
AXIOM AUDIT theorem: _private.DefiKernel.Typed.Expr.0.DefiKernel.Typed.Expr.stateReads.match_1.eq_5; module=DefiKernel.Typed.Expr; axioms=[]
AXIOM AUDIT theorem: _private.DefiKernel.Typed.Expr.0.DefiKernel.Typed.Expr.stateReads.match_1.eq_6; module=DefiKernel.Typed.Expr; axioms=[]
AXIOM AUDIT theorem: _private.DefiKernel.Typed.Expr.0.DefiKernel.Typed.Expr.stateReads.match_1.eq_7; module=DefiKernel.Typed.Expr; axioms=[]
AXIOM AUDIT theorem: _private.DefiKernel.Typed.Expr.0.DefiKernel.Typed.Expr.stateReads.match_1.eq_8; module=DefiKernel.Typed.Expr; axioms=[]
AXIOM AUDIT theorem: _private.DefiKernel.Typed.Expr.0.DefiKernel.Typed.Expr.stateReads.match_1.eq_9; module=DefiKernel.Typed.Expr; axioms=[]
AXIOM AUDIT theorem: _private.DefiKernel.Typed.Expr.0.DefiKernel.Typed.instReprEnvRead.repr.match_1.eq_1; module=DefiKernel.Typed.Expr; axioms=[]
AXIOM AUDIT theorem: _private.DefiKernel.Typed.Expr.0.DefiKernel.Typed.instReprEnvRead.repr.match_1.eq_2; module=DefiKernel.Typed.Expr; axioms=[]
AXIOM AUDIT theorem: _private.DefiKernel.Typed.ExprTests.0.DefiKernel.Typed.BinaryOp.eval.match_1.eq_1; module=DefiKernel.Typed.ExprTests; axioms=[]
AXIOM AUDIT theorem: _private.DefiKernel.Typed.ExprTests.0.DefiKernel.Typed.BinaryOp.eval.match_1.eq_10; module=DefiKernel.Typed.ExprTests; axioms=[]
AXIOM AUDIT theorem: _private.DefiKernel.Typed.ExprTests.0.DefiKernel.Typed.BinaryOp.eval.match_1.eq_11; module=DefiKernel.Typed.ExprTests; axioms=[]
AXIOM AUDIT theorem: _private.DefiKernel.Typed.ExprTests.0.DefiKernel.Typed.BinaryOp.eval.match_1.eq_12; module=DefiKernel.Typed.ExprTests; axioms=[]
AXIOM AUDIT theorem: _private.DefiKernel.Typed.ExprTests.0.DefiKernel.Typed.BinaryOp.eval.match_1.eq_2; module=DefiKernel.Typed.ExprTests; axioms=[]
AXIOM AUDIT theorem: _private.DefiKernel.Typed.ExprTests.0.DefiKernel.Typed.BinaryOp.eval.match_1.eq_3; module=DefiKernel.Typed.ExprTests; axioms=[]
AXIOM AUDIT theorem: _private.DefiKernel.Typed.ExprTests.0.DefiKernel.Typed.BinaryOp.eval.match_1.eq_4; module=DefiKernel.Typed.ExprTests; axioms=[]
AXIOM AUDIT theorem: _private.DefiKernel.Typed.ExprTests.0.DefiKernel.Typed.BinaryOp.eval.match_1.eq_5; module=DefiKernel.Typed.ExprTests; axioms=[]
AXIOM AUDIT theorem: _private.DefiKernel.Typed.ExprTests.0.DefiKernel.Typed.BinaryOp.eval.match_1.eq_6; module=DefiKernel.Typed.ExprTests; axioms=[]
AXIOM AUDIT theorem: _private.DefiKernel.Typed.ExprTests.0.DefiKernel.Typed.BinaryOp.eval.match_1.eq_7; module=DefiKernel.Typed.ExprTests; axioms=[]
AXIOM AUDIT theorem: _private.DefiKernel.Typed.ExprTests.0.DefiKernel.Typed.BinaryOp.eval.match_1.eq_8; module=DefiKernel.Typed.ExprTests; axioms=[]
AXIOM AUDIT theorem: _private.DefiKernel.Typed.ExprTests.0.DefiKernel.Typed.BinaryOp.eval.match_1.eq_9; module=DefiKernel.Typed.ExprTests; axioms=[]
AXIOM AUDIT declaration: DefiKernel.Typed.Cell; module=DefiKernel.Typed.Types; kind=definition; axioms=[]
AXIOM AUDIT declaration: DefiKernel.Typed.Environment; module=DefiKernel.Typed.Types; kind=definition; axioms=[]
AXIOM AUDIT declaration: DefiKernel.Typed.PackedCellRef; module=DefiKernel.Typed.Expr; kind=definition; axioms=[]
AXIOM AUDIT declaration: DefiKernel.Typed.PackedValue; module=DefiKernel.Typed.Types; kind=definition; axioms=[]
AXIOM AUDIT declaration: DefiKernel.Typed.Value; module=DefiKernel.Typed.Types; kind=definition; axioms=[]
AXIOM AUDIT declaration: DefiKernel.Typed.authorizesId; module=DefiKernel.Typed.Authority; kind=definition; axioms=[propext]
AXIOM AUDIT declaration: DefiKernel.Typed.hasAuthority; module=DefiKernel.Typed.Authority; kind=definition; axioms=[propext]
AXIOM AUDIT declaration: DefiKernel.Typed.instDecidableEqAuthorityFailure; module=DefiKernel.Typed.Authority; kind=definition; axioms=[]
AXIOM AUDIT declaration: DefiKernel.Typed.instDecidableEqCapability; module=DefiKernel.Typed.Authority; kind=definition; axioms=[]
AXIOM AUDIT declaration: DefiKernel.Typed.instDecidableEqCapabilityId; module=DefiKernel.Typed.Types; kind=definition; axioms=[]
AXIOM AUDIT declaration: DefiKernel.Typed.instDecidableEqCapabilityStore; module=DefiKernel.Typed.Authority; kind=definition; axioms=[]
AXIOM AUDIT declaration: DefiKernel.Typed.instDecidableEqCellRef; module=DefiKernel.Typed.Types; kind=definition; axioms=[]
AXIOM AUDIT declaration: DefiKernel.Typed.instDecidableEqClaimId; module=DefiKernel.Typed.Types; kind=definition; axioms=[]
AXIOM AUDIT declaration: DefiKernel.Typed.instDecidableEqEnvRead; module=DefiKernel.Typed.Expr; kind=definition; axioms=[]
AXIOM AUDIT declaration: DefiKernel.Typed.instDecidableEqEvalFailure; module=DefiKernel.Typed.Types; kind=definition; axioms=[]
AXIOM AUDIT declaration: DefiKernel.Typed.instDecidableEqGrant; module=DefiKernel.Typed.Authority; kind=definition; axioms=[]
AXIOM AUDIT declaration: DefiKernel.Typed.instDecidableEqInvocationContext; module=DefiKernel.Typed.Types; kind=definition; axioms=[]
AXIOM AUDIT declaration: DefiKernel.Typed.instDecidableEqNumericUnit; module=DefiKernel.Typed.Types; kind=definition; axioms=[]
AXIOM AUDIT declaration: DefiKernel.Typed.instDecidableEqObservationId; module=DefiKernel.Typed.Types; kind=definition; axioms=[]
AXIOM AUDIT declaration: DefiKernel.Typed.instDecidableEqObservationKey; module=DefiKernel.Typed.Types; kind=definition; axioms=[]
AXIOM AUDIT declaration: DefiKernel.Typed.instDecidableEqObservationRef; module=DefiKernel.Typed.Types; kind=definition; axioms=[]
AXIOM AUDIT declaration: DefiKernel.Typed.instDecidableEqOperationId; module=DefiKernel.Typed.Types; kind=definition; axioms=[]
AXIOM AUDIT declaration: DefiKernel.Typed.instDecidableEqPartyRef; module=DefiKernel.Typed.Types; kind=definition; axioms=[]
AXIOM AUDIT declaration: DefiKernel.Typed.instDecidableEqRight; module=DefiKernel.Typed.Authority; kind=definition; axioms=[]
AXIOM AUDIT declaration: DefiKernel.Typed.instDecidableEqUnit; module=DefiKernel.Typed.Types; kind=definition; axioms=[]
AXIOM AUDIT declaration: DefiKernel.Typed.instDecidableEqValue; module=DefiKernel.Typed.Types; kind=definition; axioms=[]
AXIOM AUDIT declaration: DefiKernel.Typed.instReprAuthorityFailure; module=DefiKernel.Typed.Authority; kind=definition; axioms=[]
AXIOM AUDIT declaration: DefiKernel.Typed.instReprCapability; module=DefiKernel.Typed.Authority; kind=definition; axioms=[propext]
AXIOM AUDIT declaration: DefiKernel.Typed.instReprCapabilityId; module=DefiKernel.Typed.Types; kind=definition; axioms=[]
AXIOM AUDIT declaration: DefiKernel.Typed.instReprCapabilityStore; module=DefiKernel.Typed.Authority; kind=definition; axioms=[propext]
AXIOM AUDIT declaration: DefiKernel.Typed.instReprCellRef; module=DefiKernel.Typed.Types; kind=definition; axioms=[]
AXIOM AUDIT declaration: DefiKernel.Typed.instReprClaimId; module=DefiKernel.Typed.Types; kind=definition; axioms=[]
AXIOM AUDIT declaration: DefiKernel.Typed.instReprEnvRead; module=DefiKernel.Typed.Expr; kind=definition; axioms=[]
AXIOM AUDIT declaration: DefiKernel.Typed.instReprEvalFailure; module=DefiKernel.Typed.Types; kind=definition; axioms=[]
AXIOM AUDIT declaration: DefiKernel.Typed.instReprGrant; module=DefiKernel.Typed.Authority; kind=definition; axioms=[propext]
AXIOM AUDIT declaration: DefiKernel.Typed.instReprInvocationContext; module=DefiKernel.Typed.Types; kind=definition; axioms=[]
AXIOM AUDIT declaration: DefiKernel.Typed.instReprNumericUnit; module=DefiKernel.Typed.Types; kind=definition; axioms=[]
AXIOM AUDIT declaration: DefiKernel.Typed.instReprObservationId; module=DefiKernel.Typed.Types; kind=definition; axioms=[]
AXIOM AUDIT declaration: DefiKernel.Typed.instReprObservationKey; module=DefiKernel.Typed.Types; kind=definition; axioms=[]
AXIOM AUDIT declaration: DefiKernel.Typed.instReprObservationRef; module=DefiKernel.Typed.Types; kind=definition; axioms=[]
AXIOM AUDIT declaration: DefiKernel.Typed.instReprOperationId; module=DefiKernel.Typed.Types; kind=definition; axioms=[]
AXIOM AUDIT declaration: DefiKernel.Typed.instReprPartyRef; module=DefiKernel.Typed.Types; kind=definition; axioms=[]
AXIOM AUDIT declaration: DefiKernel.Typed.instReprRight; module=DefiKernel.Typed.Authority; kind=definition; axioms=[propext]
AXIOM AUDIT declaration: DefiKernel.Typed.instReprUnit; module=DefiKernel.Typed.Types; kind=definition; axioms=[]
AXIOM AUDIT declaration: DefiKernel.Typed.instReprValue; module=DefiKernel.Typed.Types; kind=definition; axioms=[propext]
AXIOM AUDIT declaration: DefiKernel.Typed.isDomainAdmin; module=DefiKernel.Typed.Authority; kind=definition; axioms=[]
AXIOM AUDIT declaration: DefiKernel.Typed.issueCapability; module=DefiKernel.Typed.Authority; kind=definition; axioms=[]
AXIOM AUDIT declaration: DefiKernel.Typed.numericRat; module=DefiKernel.Typed.Types; kind=definition; axioms=[]
AXIOM AUDIT declaration: DefiKernel.Typed.numericValue; module=DefiKernel.Typed.Types; kind=definition; axioms=[]
AXIOM AUDIT declaration: DefiKernel.Typed.readBalance; module=DefiKernel.Typed.Expr; kind=definition; axioms=[propext,
 Quot.sound]
AXIOM AUDIT declaration: DefiKernel.Typed.readObservation; module=DefiKernel.Typed.Expr; kind=definition; axioms=[]
AXIOM AUDIT declaration: DefiKernel.Typed.revokeCapability; module=DefiKernel.Typed.Authority; kind=definition; axioms=[propext]
AXIOM AUDIT declaration: DefiKernel.Typed.total; module=DefiKernel.Typed.Types; kind=definition; axioms=[propext,
 Classical.choice,
 Quot.sound]
AXIOM AUDIT declaration: DefiKernel.Typed.Args._sizeOf_1; module=DefiKernel.Typed.Expr; kind=definition; axioms=[]
AXIOM AUDIT declaration: DefiKernel.Typed.Args._sizeOf_inst; module=DefiKernel.Typed.Expr; kind=definition; axioms=[]
AXIOM AUDIT declaration: DefiKernel.Typed.Args.below; module=DefiKernel.Typed.Expr; kind=definition; axioms=[]
AXIOM AUDIT declaration: DefiKernel.Typed.Args.brecOn; module=DefiKernel.Typed.Expr; kind=definition; axioms=[]
AXIOM AUDIT declaration: DefiKernel.Typed.Args.casesOn; module=DefiKernel.Typed.Expr; kind=definition; axioms=[]
AXIOM AUDIT declaration: DefiKernel.Typed.Args.check; module=DefiKernel.Typed.Expr; kind=definition; axioms=[propext]
AXIOM AUDIT declaration: DefiKernel.Typed.Args.ctorElim; module=DefiKernel.Typed.Expr; kind=definition; axioms=[]
AXIOM AUDIT declaration: DefiKernel.Typed.Args.ctorElimType; module=DefiKernel.Typed.Expr; kind=definition; axioms=[]
AXIOM AUDIT declaration: DefiKernel.Typed.Args.ctorIdx; module=DefiKernel.Typed.Expr; kind=definition; axioms=[]
AXIOM AUDIT declaration: DefiKernel.Typed.Args.get; module=DefiKernel.Typed.Expr; kind=definition; axioms=[]
AXIOM AUDIT declaration: DefiKernel.Typed.Args.noConfusion; module=DefiKernel.Typed.Expr; kind=definition; axioms=[]
AXIOM AUDIT declaration: DefiKernel.Typed.Args.noConfusionType; module=DefiKernel.Typed.Expr; kind=definition; axioms=[]
AXIOM AUDIT declaration: DefiKernel.Typed.Args.recOn; module=DefiKernel.Typed.Expr; kind=definition; axioms=[]
AXIOM AUDIT declaration: DefiKernel.Typed.AuthorityConfig._sizeOf_1; module=DefiKernel.Typed.Authority; kind=definition; axioms=[]
AXIOM AUDIT declaration: DefiKernel.Typed.AuthorityConfig._sizeOf_inst; module=DefiKernel.Typed.Authority; kind=definition; axioms=[]
AXIOM AUDIT declaration: DefiKernel.Typed.AuthorityConfig.casesOn; module=DefiKernel.Typed.Authority; kind=definition; axioms=[]
AXIOM AUDIT declaration: DefiKernel.Typed.AuthorityConfig.ctorIdx; module=DefiKernel.Typed.Authority; kind=definition; axioms=[]
AXIOM AUDIT declaration: DefiKernel.Typed.AuthorityConfig.domainAdmin; module=DefiKernel.Typed.Authority; kind=definition; axioms=[]
AXIOM AUDIT declaration: DefiKernel.Typed.AuthorityConfig.noConfusion; module=DefiKernel.Typed.Authority; kind=definition; axioms=[]
AXIOM AUDIT declaration: DefiKernel.Typed.AuthorityConfig.noConfusionType; module=DefiKernel.Typed.Authority; kind=definition; axioms=[]
AXIOM AUDIT declaration: DefiKernel.Typed.AuthorityConfig.operationDomain; module=DefiKernel.Typed.Authority; kind=definition; axioms=[]
AXIOM AUDIT declaration: DefiKernel.Typed.AuthorityConfig.recOn; module=DefiKernel.Typed.Authority; kind=definition; axioms=[]
AXIOM AUDIT declaration: DefiKernel.Typed.AuthorityFailure._sizeOf_1; module=DefiKernel.Typed.Authority; kind=definition; axioms=[]
AXIOM AUDIT declaration: DefiKernel.Typed.AuthorityFailure._sizeOf_inst; module=DefiKernel.Typed.Authority; kind=definition; axioms=[]
AXIOM AUDIT declaration: DefiKernel.Typed.AuthorityFailure.casesOn; module=DefiKernel.Typed.Authority; kind=definition; axioms=[]
AXIOM AUDIT declaration: DefiKernel.Typed.AuthorityFailure.ctorElim; module=DefiKernel.Typed.Authority; kind=definition; axioms=[]
AXIOM AUDIT declaration: DefiKernel.Typed.AuthorityFailure.ctorElimType; module=DefiKernel.Typed.Authority; kind=definition; axioms=[]
AXIOM AUDIT declaration: DefiKernel.Typed.AuthorityFailure.ctorIdx; module=DefiKernel.Typed.Authority; kind=definition; axioms=[]
AXIOM AUDIT declaration: DefiKernel.Typed.AuthorityFailure.noConfusion; module=DefiKernel.Typed.Authority; kind=definition; axioms=[]
AXIOM AUDIT declaration: DefiKernel.Typed.AuthorityFailure.noConfusionType; module=DefiKernel.Typed.Authority; kind=definition; axioms=[]
AXIOM AUDIT declaration: DefiKernel.Typed.AuthorityFailure.ofNat; module=DefiKernel.Typed.Authority; kind=definition; axioms=[]
AXIOM AUDIT declaration: DefiKernel.Typed.AuthorityFailure.recOn; module=DefiKernel.Typed.Authority; kind=definition; axioms=[]
AXIOM AUDIT declaration: DefiKernel.Typed.AuthorityFailure.toCtorIdx; module=DefiKernel.Typed.Authority; kind=definition; axioms=[]
AXIOM AUDIT declaration: DefiKernel.Typed.AuthorityTests.A; module=DefiKernel.Typed.AuthorityTests; kind=definition; axioms=[]
AXIOM AUDIT declaration: DefiKernel.Typed.AuthorityTests.D; module=DefiKernel.Typed.AuthorityTests; kind=definition; axioms=[]
AXIOM AUDIT declaration: DefiKernel.Typed.AuthorityTests.P; module=DefiKernel.Typed.AuthorityTests; kind=definition; axioms=[]
AXIOM AUDIT declaration: DefiKernel.Typed.AuthorityTests.admin; module=DefiKernel.Typed.AuthorityTests; kind=definition; axioms=[propext]
AXIOM AUDIT declaration: DefiKernel.Typed.AuthorityTests.afterReissue; module=DefiKernel.Typed.AuthorityTests; kind=definition; axioms=[propext]
AXIOM AUDIT declaration: DefiKernel.Typed.AuthorityTests.afterRevoke; module=DefiKernel.Typed.AuthorityTests; kind=definition; axioms=[propext]
AXIOM AUDIT declaration: DefiKernel.Typed.AuthorityTests.checks; module=DefiKernel.Typed.AuthorityTests; kind=definition; axioms=[propext]
AXIOM AUDIT declaration: DefiKernel.Typed.AuthorityTests.config; module=DefiKernel.Typed.AuthorityTests; kind=definition; axioms=[propext]
AXIOM AUDIT declaration: DefiKernel.Typed.AuthorityTests.debit; module=DefiKernel.Typed.AuthorityTests; kind=definition; axioms=[propext]
AXIOM AUDIT declaration: DefiKernel.Typed.AuthorityTests.empty; module=DefiKernel.Typed.AuthorityTests; kind=definition; axioms=[]
AXIOM AUDIT declaration: DefiKernel.Typed.AuthorityTests.foreignAdmin; module=DefiKernel.Typed.AuthorityTests; kind=definition; axioms=[propext]
AXIOM AUDIT declaration: DefiKernel.Typed.AuthorityTests.foreignIssue; module=DefiKernel.Typed.AuthorityTests; kind=definition; axioms=[propext]
AXIOM AUDIT declaration: DefiKernel.Typed.AuthorityTests.full; module=DefiKernel.Typed.AuthorityTests; kind=definition; axioms=[propext]
AXIOM AUDIT declaration: DefiKernel.Typed.AuthorityTests.grant; module=DefiKernel.Typed.AuthorityTests; kind=definition; axioms=[propext]
AXIOM AUDIT declaration: DefiKernel.Typed.AuthorityTests.holder; module=DefiKernel.Typed.AuthorityTests; kind=definition; axioms=[propext]
AXIOM AUDIT declaration: DefiKernel.Typed.AuthorityTests.issueMore; module=DefiKernel.Typed.AuthorityTests; kind=definition; axioms=[propext]
AXIOM AUDIT declaration: DefiKernel.Typed.AuthorityTests.issueUse; module=DefiKernel.Typed.AuthorityTests; kind=definition; axioms=[propext]
AXIOM AUDIT declaration: DefiKernel.Typed.AuthorityTests.issued; module=DefiKernel.Typed.AuthorityTests; kind=definition; axioms=[propext]
AXIOM AUDIT declaration: DefiKernel.Typed.AuthorityTests.reissued; module=DefiKernel.Typed.AuthorityTests; kind=definition; axioms=[propext]
AXIOM AUDIT declaration: DefiKernel.Typed.AuthorityTests.revoked; module=DefiKernel.Typed.AuthorityTests; kind=definition; axioms=[propext]
AXIOM AUDIT declaration: DefiKernel.Typed.AuthorityTests.sameRequest; module=DefiKernel.Typed.AuthorityTests; kind=definition; axioms=[propext]
AXIOM AUDIT declaration: DefiKernel.Typed.AuthorityTests.store; module=DefiKernel.Typed.AuthorityTests; kind=definition; axioms=[propext]
AXIOM AUDIT declaration: DefiKernel.Typed.AuthorityTests.supply; module=DefiKernel.Typed.AuthorityTests; kind=definition; axioms=[propext]
AXIOM AUDIT declaration: DefiKernel.Typed.AuthorityTests.wrongOperationIssue; module=DefiKernel.Typed.AuthorityTests; kind=definition; axioms=[propext]
AXIOM AUDIT declaration: DefiKernel.Typed.BinaryOp._sizeOf_1; module=DefiKernel.Typed.Expr; kind=definition; axioms=[]
AXIOM AUDIT declaration: DefiKernel.Typed.BinaryOp._sizeOf_inst; module=DefiKernel.Typed.Expr; kind=definition; axioms=[]
AXIOM AUDIT declaration: DefiKernel.Typed.BinaryOp.casesOn; module=DefiKernel.Typed.Expr; kind=definition; axioms=[]
AXIOM AUDIT declaration: DefiKernel.Typed.BinaryOp.ctorElim; module=DefiKernel.Typed.Expr; kind=definition; axioms=[]
AXIOM AUDIT declaration: DefiKernel.Typed.BinaryOp.ctorElimType; module=DefiKernel.Typed.Expr; kind=definition; axioms=[]
AXIOM AUDIT declaration: DefiKernel.Typed.BinaryOp.ctorIdx; module=DefiKernel.Typed.Expr; kind=definition; axioms=[]
AXIOM AUDIT declaration: DefiKernel.Typed.BinaryOp.eval; module=DefiKernel.Typed.Expr; kind=definition; axioms=[propext,
 Classical.choice,
 Quot.sound]
AXIOM AUDIT declaration: DefiKernel.Typed.BinaryOp.noConfusion; module=DefiKernel.Typed.Expr; kind=definition; axioms=[]
AXIOM AUDIT declaration: DefiKernel.Typed.BinaryOp.noConfusionType; module=DefiKernel.Typed.Expr; kind=definition; axioms=[]
AXIOM AUDIT declaration: DefiKernel.Typed.BinaryOp.recOn; module=DefiKernel.Typed.Expr; kind=definition; axioms=[]
AXIOM AUDIT declaration: DefiKernel.Typed.Capability._sizeOf_1; module=DefiKernel.Typed.Authority; kind=definition; axioms=[]
AXIOM AUDIT declaration: DefiKernel.Typed.Capability._sizeOf_inst; module=DefiKernel.Typed.Authority; kind=definition; axioms=[]
AXIOM AUDIT declaration: DefiKernel.Typed.Capability.casesOn; module=DefiKernel.Typed.Authority; kind=definition; axioms=[]
AXIOM AUDIT declaration: DefiKernel.Typed.Capability.ctorIdx; module=DefiKernel.Typed.Authority; kind=definition; axioms=[]
AXIOM AUDIT declaration: DefiKernel.Typed.Capability.live; module=DefiKernel.Typed.Authority; kind=definition; axioms=[]
AXIOM AUDIT declaration: DefiKernel.Typed.Capability.noConfusion; module=DefiKernel.Typed.Authority; kind=definition; axioms=[]
AXIOM AUDIT declaration: DefiKernel.Typed.Capability.noConfusionType; module=DefiKernel.Typed.Authority; kind=definition; axioms=[]
AXIOM AUDIT declaration: DefiKernel.Typed.Capability.recOn; module=DefiKernel.Typed.Authority; kind=definition; axioms=[]
AXIOM AUDIT declaration: DefiKernel.Typed.Capability.toGrant; module=DefiKernel.Typed.Authority; kind=definition; axioms=[]
AXIOM AUDIT declaration: DefiKernel.Typed.CapabilityId._sizeOf_1; module=DefiKernel.Typed.Types; kind=definition; axioms=[]
AXIOM AUDIT declaration: DefiKernel.Typed.CapabilityId._sizeOf_inst; module=DefiKernel.Typed.Types; kind=definition; axioms=[]
AXIOM AUDIT declaration: DefiKernel.Typed.CapabilityId.casesOn; module=DefiKernel.Typed.Types; kind=definition; axioms=[]
AXIOM AUDIT declaration: DefiKernel.Typed.CapabilityId.ctorIdx; module=DefiKernel.Typed.Types; kind=definition; axioms=[]
AXIOM AUDIT declaration: DefiKernel.Typed.CapabilityId.noConfusion; module=DefiKernel.Typed.Types; kind=definition; axioms=[]
AXIOM AUDIT declaration: DefiKernel.Typed.CapabilityId.noConfusionType; module=DefiKernel.Typed.Types; kind=definition; axioms=[]
AXIOM AUDIT declaration: DefiKernel.Typed.CapabilityId.recOn; module=DefiKernel.Typed.Types; kind=definition; axioms=[]
AXIOM AUDIT declaration: DefiKernel.Typed.CapabilityId.value; module=DefiKernel.Typed.Types; kind=definition; axioms=[]
AXIOM AUDIT declaration: DefiKernel.Typed.CapabilityStore._sizeOf_1; module=DefiKernel.Typed.Authority; kind=definition; axioms=[]
AXIOM AUDIT declaration: DefiKernel.Typed.CapabilityStore._sizeOf_inst; module=DefiKernel.Typed.Authority; kind=definition; axioms=[]
AXIOM AUDIT declaration: DefiKernel.Typed.CapabilityStore.casesOn; module=DefiKernel.Typed.Authority; kind=definition; axioms=[]
AXIOM AUDIT declaration: DefiKernel.Typed.CapabilityStore.ctorIdx; module=DefiKernel.Typed.Authority; kind=definition; axioms=[]
AXIOM AUDIT declaration: DefiKernel.Typed.CapabilityStore.empty; module=DefiKernel.Typed.Authority; kind=definition; axioms=[]
AXIOM AUDIT declaration: DefiKernel.Typed.CapabilityStore.entries; module=DefiKernel.Typed.Authority; kind=definition; axioms=[]
AXIOM AUDIT declaration: DefiKernel.Typed.CapabilityStore.lookup; module=DefiKernel.Typed.Authority; kind=definition; axioms=[propext]
AXIOM AUDIT declaration: DefiKernel.Typed.CapabilityStore.nextId; module=DefiKernel.Typed.Authority; kind=definition; axioms=[]
AXIOM AUDIT declaration: DefiKernel.Typed.CapabilityStore.noConfusion; module=DefiKernel.Typed.Authority; kind=definition; axioms=[]
AXIOM AUDIT declaration: DefiKernel.Typed.CapabilityStore.noConfusionType; module=DefiKernel.Typed.Authority; kind=definition; axioms=[]
AXIOM AUDIT declaration: DefiKernel.Typed.CapabilityStore.recOn; module=DefiKernel.Typed.Authority; kind=definition; axioms=[]
AXIOM AUDIT declaration: DefiKernel.Typed.CellRef._sizeOf_1; module=DefiKernel.Typed.Types; kind=definition; axioms=[]
AXIOM AUDIT declaration: DefiKernel.Typed.CellRef._sizeOf_inst; module=DefiKernel.Typed.Types; kind=definition; axioms=[]
AXIOM AUDIT declaration: DefiKernel.Typed.CellRef.casesOn; module=DefiKernel.Typed.Types; kind=definition; axioms=[]
AXIOM AUDIT declaration: DefiKernel.Typed.CellRef.ctorIdx; module=DefiKernel.Typed.Types; kind=definition; axioms=[]
AXIOM AUDIT declaration: DefiKernel.Typed.CellRef.domain; module=DefiKernel.Typed.Types; kind=definition; axioms=[]
AXIOM AUDIT declaration: DefiKernel.Typed.CellRef.noConfusion; module=DefiKernel.Typed.Types; kind=definition; axioms=[]
AXIOM AUDIT declaration: DefiKernel.Typed.CellRef.noConfusionType; module=DefiKernel.Typed.Types; kind=definition; axioms=[]
AXIOM AUDIT declaration: DefiKernel.Typed.CellRef.owner; module=DefiKernel.Typed.Types; kind=definition; axioms=[]
AXIOM AUDIT declaration: DefiKernel.Typed.CellRef.recOn; module=DefiKernel.Typed.Types; kind=definition; axioms=[]
AXIOM AUDIT declaration: DefiKernel.Typed.CellRef.resolve; module=DefiKernel.Typed.Types; kind=definition; axioms=[propext]
AXIOM AUDIT declaration: DefiKernel.Typed.ClaimId._sizeOf_1; module=DefiKernel.Typed.Types; kind=definition; axioms=[]
AXIOM AUDIT declaration: DefiKernel.Typed.ClaimId._sizeOf_inst; module=DefiKernel.Typed.Types; kind=definition; axioms=[]
AXIOM AUDIT declaration: DefiKernel.Typed.ClaimId.casesOn; module=DefiKernel.Typed.Types; kind=definition; axioms=[]
AXIOM AUDIT declaration: DefiKernel.Typed.ClaimId.ctorIdx; module=DefiKernel.Typed.Types; kind=definition; axioms=[]
AXIOM AUDIT declaration: DefiKernel.Typed.ClaimId.noConfusion; module=DefiKernel.Typed.Types; kind=definition; axioms=[]
AXIOM AUDIT declaration: DefiKernel.Typed.ClaimId.noConfusionType; module=DefiKernel.Typed.Types; kind=definition; axioms=[]
AXIOM AUDIT declaration: DefiKernel.Typed.ClaimId.recOn; module=DefiKernel.Typed.Types; kind=definition; axioms=[]
AXIOM AUDIT declaration: DefiKernel.Typed.ClaimId.value; module=DefiKernel.Typed.Types; kind=definition; axioms=[]
AXIOM AUDIT declaration: DefiKernel.Typed.EnvRead.Agree; module=DefiKernel.Typed.Expr; kind=definition; axioms=[propext,
 Quot.sound]
AXIOM AUDIT declaration: DefiKernel.Typed.EnvRead._sizeOf_1; module=DefiKernel.Typed.Expr; kind=definition; axioms=[]
AXIOM AUDIT declaration: DefiKernel.Typed.EnvRead._sizeOf_inst; module=DefiKernel.Typed.Expr; kind=definition; axioms=[]
AXIOM AUDIT declaration: DefiKernel.Typed.EnvRead.casesOn; module=DefiKernel.Typed.Expr; kind=definition; axioms=[]
AXIOM AUDIT declaration: DefiKernel.Typed.EnvRead.ctorElim; module=DefiKernel.Typed.Expr; kind=definition; axioms=[]
AXIOM AUDIT declaration: DefiKernel.Typed.EnvRead.ctorElimType; module=DefiKernel.Typed.Expr; kind=definition; axioms=[]
AXIOM AUDIT declaration: DefiKernel.Typed.EnvRead.ctorIdx; module=DefiKernel.Typed.Expr; kind=definition; axioms=[]
AXIOM AUDIT declaration: DefiKernel.Typed.EnvRead.noConfusion; module=DefiKernel.Typed.Expr; kind=definition; axioms=[]
AXIOM AUDIT declaration: DefiKernel.Typed.EnvRead.noConfusionType; module=DefiKernel.Typed.Expr; kind=definition; axioms=[]
AXIOM AUDIT declaration: DefiKernel.Typed.EnvRead.recOn; module=DefiKernel.Typed.Expr; kind=definition; axioms=[]
AXIOM AUDIT declaration: DefiKernel.Typed.EvalContext._sizeOf_1; module=DefiKernel.Typed.Expr; kind=definition; axioms=[propext,
 Quot.sound]
AXIOM AUDIT declaration: DefiKernel.Typed.EvalContext._sizeOf_inst; module=DefiKernel.Typed.Expr; kind=definition; axioms=[propext,
 Quot.sound]
AXIOM AUDIT declaration: DefiKernel.Typed.EvalContext.args; module=DefiKernel.Typed.Expr; kind=definition; axioms=[propext,
 Quot.sound]
AXIOM AUDIT declaration: DefiKernel.Typed.EvalContext.caller; module=DefiKernel.Typed.Expr; kind=definition; axioms=[propext,
 Quot.sound]
AXIOM AUDIT declaration: DefiKernel.Typed.EvalContext.casesOn; module=DefiKernel.Typed.Expr; kind=definition; axioms=[propext,
 Quot.sound]
AXIOM AUDIT declaration: DefiKernel.Typed.EvalContext.ctorIdx; module=DefiKernel.Typed.Expr; kind=definition; axioms=[propext,
 Quot.sound]
AXIOM AUDIT declaration: DefiKernel.Typed.EvalContext.env; module=DefiKernel.Typed.Expr; kind=definition; axioms=[propext,
 Quot.sound]
AXIOM AUDIT declaration: DefiKernel.Typed.EvalContext.noConfusion; module=DefiKernel.Typed.Expr; kind=definition; axioms=[propext,
 Quot.sound]
AXIOM AUDIT declaration: DefiKernel.Typed.EvalContext.noConfusionType; module=DefiKernel.Typed.Expr; kind=definition; axioms=[propext,
 Quot.sound]
AXIOM AUDIT declaration: DefiKernel.Typed.EvalContext.now; module=DefiKernel.Typed.Expr; kind=definition; axioms=[propext,
 Quot.sound]
AXIOM AUDIT declaration: DefiKernel.Typed.EvalContext.parties; module=DefiKernel.Typed.Expr; kind=definition; axioms=[propext,
 Quot.sound]
AXIOM AUDIT declaration: DefiKernel.Typed.EvalContext.recOn; module=DefiKernel.Typed.Expr; kind=definition; axioms=[propext,
 Quot.sound]
AXIOM AUDIT declaration: DefiKernel.Typed.EvalContext.state; module=DefiKernel.Typed.Expr; kind=definition; axioms=[propext,
 Quot.sound]
AXIOM AUDIT declaration: DefiKernel.Typed.EvalFailure._sizeOf_1; module=DefiKernel.Typed.Types; kind=definition; axioms=[]
AXIOM AUDIT declaration: DefiKernel.Typed.EvalFailure._sizeOf_inst; module=DefiKernel.Typed.Types; kind=definition; axioms=[]
AXIOM AUDIT declaration: DefiKernel.Typed.EvalFailure.casesOn; module=DefiKernel.Typed.Types; kind=definition; axioms=[]
AXIOM AUDIT declaration: DefiKernel.Typed.EvalFailure.ctorElim; module=DefiKernel.Typed.Types; kind=definition; axioms=[]
AXIOM AUDIT declaration: DefiKernel.Typed.EvalFailure.ctorElimType; module=DefiKernel.Typed.Types; kind=definition; axioms=[]
AXIOM AUDIT declaration: DefiKernel.Typed.EvalFailure.ctorIdx; module=DefiKernel.Typed.Types; kind=definition; axioms=[]
AXIOM AUDIT declaration: DefiKernel.Typed.EvalFailure.noConfusion; module=DefiKernel.Typed.Types; kind=definition; axioms=[]
AXIOM AUDIT declaration: DefiKernel.Typed.EvalFailure.noConfusionType; module=DefiKernel.Typed.Types; kind=definition; axioms=[]
AXIOM AUDIT declaration: DefiKernel.Typed.EvalFailure.ofNat; module=DefiKernel.Typed.Types; kind=definition; axioms=[]
AXIOM AUDIT declaration: DefiKernel.Typed.EvalFailure.recOn; module=DefiKernel.Typed.Types; kind=definition; axioms=[]
AXIOM AUDIT declaration: DefiKernel.Typed.EvalFailure.toCtorIdx; module=DefiKernel.Typed.Types; kind=definition; axioms=[]
AXIOM AUDIT declaration: DefiKernel.Typed.Expr._sizeOf_1; module=DefiKernel.Typed.Expr; kind=definition; axioms=[]
AXIOM AUDIT declaration: DefiKernel.Typed.Expr._sizeOf_inst; module=DefiKernel.Typed.Expr; kind=definition; axioms=[]
AXIOM AUDIT declaration: DefiKernel.Typed.Expr.below; module=DefiKernel.Typed.Expr; kind=definition; axioms=[]
AXIOM AUDIT declaration: DefiKernel.Typed.Expr.brecOn; module=DefiKernel.Typed.Expr; kind=definition; axioms=[]
AXIOM AUDIT declaration: DefiKernel.Typed.Expr.casesOn; module=DefiKernel.Typed.Expr; kind=definition; axioms=[]
AXIOM AUDIT declaration: DefiKernel.Typed.Expr.ctorElim; module=DefiKernel.Typed.Expr; kind=definition; axioms=[]
AXIOM AUDIT declaration: DefiKernel.Typed.Expr.ctorElimType; module=DefiKernel.Typed.Expr; kind=definition; axioms=[]
AXIOM AUDIT declaration: DefiKernel.Typed.Expr.ctorIdx; module=DefiKernel.Typed.Expr; kind=definition; axioms=[]
AXIOM AUDIT declaration: DefiKernel.Typed.Expr.envReads; module=DefiKernel.Typed.Expr; kind=definition; axioms=[]
AXIOM AUDIT declaration: DefiKernel.Typed.Expr.eval; module=DefiKernel.Typed.Expr; kind=definition; axioms=[propext,
 Classical.choice,
 Quot.sound]
AXIOM AUDIT declaration: DefiKernel.Typed.Expr.noConfusion; module=DefiKernel.Typed.Expr; kind=definition; axioms=[]
AXIOM AUDIT declaration: DefiKernel.Typed.Expr.noConfusionType; module=DefiKernel.Typed.Expr; kind=definition; axioms=[]
AXIOM AUDIT declaration: DefiKernel.Typed.Expr.recOn; module=DefiKernel.Typed.Expr; kind=definition; axioms=[]
AXIOM AUDIT declaration: DefiKernel.Typed.Expr.resolveStateReads; module=DefiKernel.Typed.Expr; kind=definition; axioms=[propext]
AXIOM AUDIT declaration: DefiKernel.Typed.Expr.stateReads; module=DefiKernel.Typed.Expr; kind=definition; axioms=[]
AXIOM AUDIT declaration: DefiKernel.Typed.ExprTests.Context; module=DefiKernel.Typed.ExprTests; kind=definition; axioms=[propext,
 Quot.sound]
AXIOM AUDIT declaration: DefiKernel.Typed.ExprTests.E; module=DefiKernel.Typed.ExprTests; kind=definition; axioms=[]
AXIOM AUDIT declaration: DefiKernel.Typed.ExprTests.argumentValue; module=DefiKernel.Typed.ExprTests; kind=definition; axioms=[propext]
AXIOM AUDIT declaration: DefiKernel.Typed.ExprTests.badParty; module=DefiKernel.Typed.ExprTests; kind=definition; axioms=[]
AXIOM AUDIT declaration: DefiKernel.Typed.ExprTests.changedContext; module=DefiKernel.Typed.ExprTests; kind=definition; axioms=[propext,
 Quot.sound]
AXIOM AUDIT declaration: DefiKernel.Typed.ExprTests.changedState; module=DefiKernel.Typed.ExprTests; kind=definition; axioms=[propext,
 Quot.sound]
AXIOM AUDIT declaration: DefiKernel.Typed.ExprTests.checks; module=DefiKernel.Typed.ExprTests; kind=definition; axioms=[propext,
 Classical.choice,
 Quot.sound]
AXIOM AUDIT declaration: DefiKernel.Typed.ExprTests.context; module=DefiKernel.Typed.ExprTests; kind=definition; axioms=[propext,
 Quot.sound]
AXIOM AUDIT declaration: DefiKernel.Typed.ExprTests.debtValued; module=DefiKernel.Typed.ExprTests; kind=definition; axioms=[propext,
 Quot.sound]
AXIOM AUDIT declaration: DefiKernel.Typed.ExprTests.environment; module=DefiKernel.Typed.ExprTests; kind=definition; axioms=[propext,
 Quot.sound]
AXIOM AUDIT declaration: DefiKernel.Typed.ExprTests.freshness; module=DefiKernel.Typed.ExprTests; kind=definition; axioms=[propext,
 Quot.sound]
AXIOM AUDIT declaration: DefiKernel.Typed.ExprTests.initialState; module=DefiKernel.Typed.ExprTests; kind=definition; axioms=[propext,
 Quot.sound]
AXIOM AUDIT declaration: DefiKernel.Typed.ExprTests.instDecidableEqTestAsset; module=DefiKernel.Typed.ExprTests; kind=definition; axioms=[]
AXIOM AUDIT declaration: DefiKernel.Typed.ExprTests.instFintypeTestAsset; module=DefiKernel.Typed.ExprTests; kind=definition; axioms=[propext,
 Classical.choice,
 Quot.sound]
AXIOM AUDIT declaration: DefiKernel.Typed.ExprTests.instReprTestAsset; module=DefiKernel.Typed.ExprTests; kind=definition; axioms=[]
AXIOM AUDIT declaration: DefiKernel.Typed.ExprTests.ledgerRead; module=DefiKernel.Typed.ExprTests; kind=definition; axioms=[]
AXIOM AUDIT declaration: DefiKernel.Typed.ExprTests.missingContext; module=DefiKernel.Typed.ExprTests; kind=definition; axioms=[propext,
 Quot.sound]
AXIOM AUDIT declaration: DefiKernel.Typed.ExprTests.otherKey; module=DefiKernel.Typed.ExprTests; kind=definition; axioms=[]
AXIOM AUDIT declaration: DefiKernel.Typed.ExprTests.priceKey; module=DefiKernel.Typed.ExprTests; kind=definition; axioms=[]
AXIOM AUDIT declaration: DefiKernel.Typed.ExprTests.priced; module=DefiKernel.Typed.ExprTests; kind=definition; axioms=[propext,
 Quot.sound]
AXIOM AUDIT declaration: DefiKernel.Typed.ExprTests.shares; module=DefiKernel.Typed.ExprTests; kind=definition; axioms=[propext,
 Quot.sound]
AXIOM AUDIT declaration: DefiKernel.Typed.ExprTests.usdCell; module=DefiKernel.Typed.ExprTests; kind=definition; axioms=[]
AXIOM AUDIT declaration: DefiKernel.Typed.ExprTests.validParty; module=DefiKernel.Typed.ExprTests; kind=definition; axioms=[]
AXIOM AUDIT declaration: DefiKernel.Typed.ExprTests.withInactiveRead; module=DefiKernel.Typed.ExprTests; kind=definition; axioms=[]
AXIOM AUDIT declaration: DefiKernel.Typed.ExprTests.withInactiveStateRead; module=DefiKernel.Typed.ExprTests; kind=definition; axioms=[]
AXIOM AUDIT declaration: DefiKernel.Typed.ExprTests.wrongUnitContext; module=DefiKernel.Typed.ExprTests; kind=definition; axioms=[propext,
 Quot.sound]
AXIOM AUDIT declaration: DefiKernel.Typed.Grant._sizeOf_1; module=DefiKernel.Typed.Authority; kind=definition; axioms=[]
AXIOM AUDIT declaration: DefiKernel.Typed.Grant._sizeOf_inst; module=DefiKernel.Typed.Authority; kind=definition; axioms=[]
AXIOM AUDIT declaration: DefiKernel.Typed.Grant.casesOn; module=DefiKernel.Typed.Authority; kind=definition; axioms=[]
AXIOM AUDIT declaration: DefiKernel.Typed.Grant.ctorIdx; module=DefiKernel.Typed.Authority; kind=definition; axioms=[]
AXIOM AUDIT declaration: DefiKernel.Typed.Grant.domain; module=DefiKernel.Typed.Authority; kind=definition; axioms=[]
AXIOM AUDIT declaration: DefiKernel.Typed.Grant.holder; module=DefiKernel.Typed.Authority; kind=definition; axioms=[]
AXIOM AUDIT declaration: DefiKernel.Typed.Grant.noConfusion; module=DefiKernel.Typed.Authority; kind=definition; axioms=[]
AXIOM AUDIT declaration: DefiKernel.Typed.Grant.noConfusionType; module=DefiKernel.Typed.Authority; kind=definition; axioms=[]
AXIOM AUDIT declaration: DefiKernel.Typed.Grant.operation; module=DefiKernel.Typed.Authority; kind=definition; axioms=[]
AXIOM AUDIT declaration: DefiKernel.Typed.Grant.recOn; module=DefiKernel.Typed.Authority; kind=definition; axioms=[]
AXIOM AUDIT declaration: DefiKernel.Typed.Grant.right; module=DefiKernel.Typed.Authority; kind=definition; axioms=[]
AXIOM AUDIT declaration: DefiKernel.Typed.InvocationContext._sizeOf_1; module=DefiKernel.Typed.Types; kind=definition; axioms=[]
AXIOM AUDIT declaration: DefiKernel.Typed.InvocationContext._sizeOf_inst; module=DefiKernel.Typed.Types; kind=definition; axioms=[]
AXIOM AUDIT declaration: DefiKernel.Typed.InvocationContext.casesOn; module=DefiKernel.Typed.Types; kind=definition; axioms=[]
AXIOM AUDIT declaration: DefiKernel.Typed.InvocationContext.ctorIdx; module=DefiKernel.Typed.Types; kind=definition; axioms=[]
AXIOM AUDIT declaration: DefiKernel.Typed.InvocationContext.domain; module=DefiKernel.Typed.Types; kind=definition; axioms=[]
AXIOM AUDIT declaration: DefiKernel.Typed.InvocationContext.noConfusion; module=DefiKernel.Typed.Types; kind=definition; axioms=[]
AXIOM AUDIT declaration: DefiKernel.Typed.InvocationContext.noConfusionType; module=DefiKernel.Typed.Types; kind=definition; axioms=[]
AXIOM AUDIT declaration: DefiKernel.Typed.InvocationContext.principal; module=DefiKernel.Typed.Types; kind=definition; axioms=[]
AXIOM AUDIT declaration: DefiKernel.Typed.InvocationContext.recOn; module=DefiKernel.Typed.Types; kind=definition; axioms=[]
AXIOM AUDIT declaration: DefiKernel.Typed.NumericUnit._sizeOf_1; module=DefiKernel.Typed.Types; kind=definition; axioms=[]
AXIOM AUDIT declaration: DefiKernel.Typed.NumericUnit._sizeOf_inst; module=DefiKernel.Typed.Types; kind=definition; axioms=[]
AXIOM AUDIT declaration: DefiKernel.Typed.NumericUnit.casesOn; module=DefiKernel.Typed.Types; kind=definition; axioms=[]
AXIOM AUDIT declaration: DefiKernel.Typed.NumericUnit.ctorElim; module=DefiKernel.Typed.Types; kind=definition; axioms=[]
AXIOM AUDIT declaration: DefiKernel.Typed.NumericUnit.ctorElimType; module=DefiKernel.Typed.Types; kind=definition; axioms=[]
AXIOM AUDIT declaration: DefiKernel.Typed.NumericUnit.ctorIdx; module=DefiKernel.Typed.Types; kind=definition; axioms=[]
AXIOM AUDIT declaration: DefiKernel.Typed.NumericUnit.noConfusion; module=DefiKernel.Typed.Types; kind=definition; axioms=[]
AXIOM AUDIT declaration: DefiKernel.Typed.NumericUnit.noConfusionType; module=DefiKernel.Typed.Types; kind=definition; axioms=[]
AXIOM AUDIT declaration: DefiKernel.Typed.NumericUnit.recOn; module=DefiKernel.Typed.Types; kind=definition; axioms=[]
AXIOM AUDIT declaration: DefiKernel.Typed.NumericUnit.toUnit; module=DefiKernel.Typed.Types; kind=definition; axioms=[]
AXIOM AUDIT declaration: DefiKernel.Typed.Observation._sizeOf_1; module=DefiKernel.Typed.Types; kind=definition; axioms=[]
AXIOM AUDIT declaration: DefiKernel.Typed.Observation._sizeOf_inst; module=DefiKernel.Typed.Types; kind=definition; axioms=[]
AXIOM AUDIT declaration: DefiKernel.Typed.Observation.casesOn; module=DefiKernel.Typed.Types; kind=definition; axioms=[]
AXIOM AUDIT declaration: DefiKernel.Typed.Observation.ctorIdx; module=DefiKernel.Typed.Types; kind=definition; axioms=[]
AXIOM AUDIT declaration: DefiKernel.Typed.Observation.noConfusion; module=DefiKernel.Typed.Types; kind=definition; axioms=[]
AXIOM AUDIT declaration: DefiKernel.Typed.Observation.noConfusionType; module=DefiKernel.Typed.Types; kind=definition; axioms=[]
AXIOM AUDIT declaration: DefiKernel.Typed.Observation.recOn; module=DefiKernel.Typed.Types; kind=definition; axioms=[]
AXIOM AUDIT declaration: DefiKernel.Typed.Observation.timestamp; module=DefiKernel.Typed.Types; kind=definition; axioms=[]
AXIOM AUDIT declaration: DefiKernel.Typed.Observation.value; module=DefiKernel.Typed.Types; kind=definition; axioms=[]
AXIOM AUDIT declaration: DefiKernel.Typed.ObservationId._sizeOf_1; module=DefiKernel.Typed.Types; kind=definition; axioms=[]
AXIOM AUDIT declaration: DefiKernel.Typed.ObservationId._sizeOf_inst; module=DefiKernel.Typed.Types; kind=definition; axioms=[]
AXIOM AUDIT declaration: DefiKernel.Typed.ObservationId.casesOn; module=DefiKernel.Typed.Types; kind=definition; axioms=[]
AXIOM AUDIT declaration: DefiKernel.Typed.ObservationId.ctorIdx; module=DefiKernel.Typed.Types; kind=definition; axioms=[]
AXIOM AUDIT declaration: DefiKernel.Typed.ObservationId.noConfusion; module=DefiKernel.Typed.Types; kind=definition; axioms=[]
AXIOM AUDIT declaration: DefiKernel.Typed.ObservationId.noConfusionType; module=DefiKernel.Typed.Types; kind=definition; axioms=[]
AXIOM AUDIT declaration: DefiKernel.Typed.ObservationId.recOn; module=DefiKernel.Typed.Types; kind=definition; axioms=[]
AXIOM AUDIT declaration: DefiKernel.Typed.ObservationId.value; module=DefiKernel.Typed.Types; kind=definition; axioms=[]
AXIOM AUDIT declaration: DefiKernel.Typed.ObservationKey._sizeOf_1; module=DefiKernel.Typed.Types; kind=definition; axioms=[]
AXIOM AUDIT declaration: DefiKernel.Typed.ObservationKey._sizeOf_inst; module=DefiKernel.Typed.Types; kind=definition; axioms=[]
AXIOM AUDIT declaration: DefiKernel.Typed.ObservationKey.casesOn; module=DefiKernel.Typed.Types; kind=definition; axioms=[]
AXIOM AUDIT declaration: DefiKernel.Typed.ObservationKey.ctorIdx; module=DefiKernel.Typed.Types; kind=definition; axioms=[]
AXIOM AUDIT declaration: DefiKernel.Typed.ObservationKey.domain; module=DefiKernel.Typed.Types; kind=definition; axioms=[]
AXIOM AUDIT declaration: DefiKernel.Typed.ObservationKey.id; module=DefiKernel.Typed.Types; kind=definition; axioms=[]
AXIOM AUDIT declaration: DefiKernel.Typed.ObservationKey.noConfusion; module=DefiKernel.Typed.Types; kind=definition; axioms=[]
AXIOM AUDIT declaration: DefiKernel.Typed.ObservationKey.noConfusionType; module=DefiKernel.Typed.Types; kind=definition; axioms=[]
AXIOM AUDIT declaration: DefiKernel.Typed.ObservationKey.recOn; module=DefiKernel.Typed.Types; kind=definition; axioms=[]
AXIOM AUDIT declaration: DefiKernel.Typed.ObservationRef._sizeOf_1; module=DefiKernel.Typed.Types; kind=definition; axioms=[]
AXIOM AUDIT declaration: DefiKernel.Typed.ObservationRef._sizeOf_inst; module=DefiKernel.Typed.Types; kind=definition; axioms=[]
AXIOM AUDIT declaration: DefiKernel.Typed.ObservationRef.casesOn; module=DefiKernel.Typed.Types; kind=definition; axioms=[]
AXIOM AUDIT declaration: DefiKernel.Typed.ObservationRef.ctorIdx; module=DefiKernel.Typed.Types; kind=definition; axioms=[]
AXIOM AUDIT declaration: DefiKernel.Typed.ObservationRef.key; module=DefiKernel.Typed.Types; kind=definition; axioms=[]
AXIOM AUDIT declaration: DefiKernel.Typed.ObservationRef.noConfusion; module=DefiKernel.Typed.Types; kind=definition; axioms=[]
AXIOM AUDIT declaration: DefiKernel.Typed.ObservationRef.noConfusionType; module=DefiKernel.Typed.Types; kind=definition; axioms=[]
AXIOM AUDIT declaration: DefiKernel.Typed.ObservationRef.recOn; module=DefiKernel.Typed.Types; kind=definition; axioms=[]
AXIOM AUDIT declaration: DefiKernel.Typed.OperationId._sizeOf_1; module=DefiKernel.Typed.Types; kind=definition; axioms=[]
AXIOM AUDIT declaration: DefiKernel.Typed.OperationId._sizeOf_inst; module=DefiKernel.Typed.Types; kind=definition; axioms=[]
AXIOM AUDIT declaration: DefiKernel.Typed.OperationId.casesOn; module=DefiKernel.Typed.Types; kind=definition; axioms=[]
AXIOM AUDIT declaration: DefiKernel.Typed.OperationId.ctorIdx; module=DefiKernel.Typed.Types; kind=definition; axioms=[]
AXIOM AUDIT declaration: DefiKernel.Typed.OperationId.noConfusion; module=DefiKernel.Typed.Types; kind=definition; axioms=[]
AXIOM AUDIT declaration: DefiKernel.Typed.OperationId.noConfusionType; module=DefiKernel.Typed.Types; kind=definition; axioms=[]
AXIOM AUDIT declaration: DefiKernel.Typed.OperationId.recOn; module=DefiKernel.Typed.Types; kind=definition; axioms=[]
AXIOM AUDIT declaration: DefiKernel.Typed.OperationId.value; module=DefiKernel.Typed.Types; kind=definition; axioms=[]
AXIOM AUDIT declaration: DefiKernel.Typed.PartyRef._sizeOf_1; module=DefiKernel.Typed.Types; kind=definition; axioms=[]
AXIOM AUDIT declaration: DefiKernel.Typed.PartyRef._sizeOf_inst; module=DefiKernel.Typed.Types; kind=definition; axioms=[]
AXIOM AUDIT declaration: DefiKernel.Typed.PartyRef.casesOn; module=DefiKernel.Typed.Types; kind=definition; axioms=[]
AXIOM AUDIT declaration: DefiKernel.Typed.PartyRef.ctorElim; module=DefiKernel.Typed.Types; kind=definition; axioms=[]
AXIOM AUDIT declaration: DefiKernel.Typed.PartyRef.ctorElimType; module=DefiKernel.Typed.Types; kind=definition; axioms=[]
AXIOM AUDIT declaration: DefiKernel.Typed.PartyRef.ctorIdx; module=DefiKernel.Typed.Types; kind=definition; axioms=[]
AXIOM AUDIT declaration: DefiKernel.Typed.PartyRef.noConfusion; module=DefiKernel.Typed.Types; kind=definition; axioms=[]
AXIOM AUDIT declaration: DefiKernel.Typed.PartyRef.noConfusionType; module=DefiKernel.Typed.Types; kind=definition; axioms=[]
AXIOM AUDIT declaration: DefiKernel.Typed.PartyRef.recOn; module=DefiKernel.Typed.Types; kind=definition; axioms=[]
AXIOM AUDIT declaration: DefiKernel.Typed.PartyRef.resolve; module=DefiKernel.Typed.Types; kind=definition; axioms=[propext]
AXIOM AUDIT declaration: DefiKernel.Typed.Quantity._sizeOf_1; module=DefiKernel.Typed.Types; kind=definition; axioms=[propext,
 Quot.sound]
AXIOM AUDIT declaration: DefiKernel.Typed.Quantity._sizeOf_inst; module=DefiKernel.Typed.Types; kind=definition; axioms=[propext,
 Quot.sound]
AXIOM AUDIT declaration: DefiKernel.Typed.Quantity.amount; module=DefiKernel.Typed.Types; kind=definition; axioms=[propext,
 Quot.sound]
AXIOM AUDIT declaration: DefiKernel.Typed.Quantity.casesOn; module=DefiKernel.Typed.Types; kind=definition; axioms=[propext,
 Quot.sound]
AXIOM AUDIT declaration: DefiKernel.Typed.Quantity.ctorIdx; module=DefiKernel.Typed.Types; kind=definition; axioms=[propext,
 Quot.sound]
AXIOM AUDIT declaration: DefiKernel.Typed.Quantity.noConfusion; module=DefiKernel.Typed.Types; kind=definition; axioms=[propext,
 Quot.sound]
AXIOM AUDIT declaration: DefiKernel.Typed.Quantity.noConfusionType; module=DefiKernel.Typed.Types; kind=definition; axioms=[propext,
 Quot.sound]
AXIOM AUDIT declaration: DefiKernel.Typed.Quantity.recOn; module=DefiKernel.Typed.Types; kind=definition; axioms=[propext,
 Quot.sound]
AXIOM AUDIT declaration: DefiKernel.Typed.Right._sizeOf_1; module=DefiKernel.Typed.Authority; kind=definition; axioms=[]
AXIOM AUDIT declaration: DefiKernel.Typed.Right._sizeOf_inst; module=DefiKernel.Typed.Authority; kind=definition; axioms=[]
AXIOM AUDIT declaration: DefiKernel.Typed.Right.casesOn; module=DefiKernel.Typed.Authority; kind=definition; axioms=[]
AXIOM AUDIT declaration: DefiKernel.Typed.Right.ctorElim; module=DefiKernel.Typed.Authority; kind=definition; axioms=[]
AXIOM AUDIT declaration: DefiKernel.Typed.Right.ctorElimType; module=DefiKernel.Typed.Authority; kind=definition; axioms=[]
AXIOM AUDIT declaration: DefiKernel.Typed.Right.ctorIdx; module=DefiKernel.Typed.Authority; kind=definition; axioms=[]
AXIOM AUDIT declaration: DefiKernel.Typed.Right.inDomain; module=DefiKernel.Typed.Authority; kind=definition; axioms=[]
AXIOM AUDIT declaration: DefiKernel.Typed.Right.noConfusion; module=DefiKernel.Typed.Authority; kind=definition; axioms=[]
AXIOM AUDIT declaration: DefiKernel.Typed.Right.noConfusionType; module=DefiKernel.Typed.Authority; kind=definition; axioms=[]
AXIOM AUDIT declaration: DefiKernel.Typed.Right.recOn; module=DefiKernel.Typed.Authority; kind=definition; axioms=[]
AXIOM AUDIT declaration: DefiKernel.Typed.State._sizeOf_1; module=DefiKernel.Typed.Types; kind=definition; axioms=[propext,
 Quot.sound]
AXIOM AUDIT declaration: DefiKernel.Typed.State._sizeOf_inst; module=DefiKernel.Typed.Types; kind=definition; axioms=[propext,
 Quot.sound]
AXIOM AUDIT declaration: DefiKernel.Typed.State.balance; module=DefiKernel.Typed.Types; kind=definition; axioms=[propext,
 Quot.sound]
AXIOM AUDIT declaration: DefiKernel.Typed.State.casesOn; module=DefiKernel.Typed.Types; kind=definition; axioms=[propext,
 Quot.sound]
AXIOM AUDIT declaration: DefiKernel.Typed.State.ctorIdx; module=DefiKernel.Typed.Types; kind=definition; axioms=[propext,
 Quot.sound]
AXIOM AUDIT declaration: DefiKernel.Typed.State.noConfusion; module=DefiKernel.Typed.Types; kind=definition; axioms=[propext,
 Quot.sound]
AXIOM AUDIT declaration: DefiKernel.Typed.State.noConfusionType; module=DefiKernel.Typed.Types; kind=definition; axioms=[propext,
 Quot.sound]
AXIOM AUDIT declaration: DefiKernel.Typed.State.recOn; module=DefiKernel.Typed.Types; kind=definition; axioms=[propext,
 Quot.sound]
AXIOM AUDIT declaration: DefiKernel.Typed.UnaryOp._sizeOf_1; module=DefiKernel.Typed.Expr; kind=definition; axioms=[]
AXIOM AUDIT declaration: DefiKernel.Typed.UnaryOp._sizeOf_inst; module=DefiKernel.Typed.Expr; kind=definition; axioms=[]
AXIOM AUDIT declaration: DefiKernel.Typed.UnaryOp.casesOn; module=DefiKernel.Typed.Expr; kind=definition; axioms=[]
AXIOM AUDIT declaration: DefiKernel.Typed.UnaryOp.ctorElim; module=DefiKernel.Typed.Expr; kind=definition; axioms=[]
AXIOM AUDIT declaration: DefiKernel.Typed.UnaryOp.ctorElimType; module=DefiKernel.Typed.Expr; kind=definition; axioms=[]
AXIOM AUDIT declaration: DefiKernel.Typed.UnaryOp.ctorIdx; module=DefiKernel.Typed.Expr; kind=definition; axioms=[]
AXIOM AUDIT declaration: DefiKernel.Typed.UnaryOp.eval; module=DefiKernel.Typed.Expr; kind=definition; axioms=[]
AXIOM AUDIT declaration: DefiKernel.Typed.UnaryOp.noConfusion; module=DefiKernel.Typed.Expr; kind=definition; axioms=[]
AXIOM AUDIT declaration: DefiKernel.Typed.UnaryOp.noConfusionType; module=DefiKernel.Typed.Expr; kind=definition; axioms=[]
AXIOM AUDIT declaration: DefiKernel.Typed.UnaryOp.recOn; module=DefiKernel.Typed.Expr; kind=definition; axioms=[]
AXIOM AUDIT declaration: DefiKernel.Typed.Unit._sizeOf_1; module=DefiKernel.Typed.Types; kind=definition; axioms=[]
AXIOM AUDIT declaration: DefiKernel.Typed.Unit._sizeOf_inst; module=DefiKernel.Typed.Types; kind=definition; axioms=[]
AXIOM AUDIT declaration: DefiKernel.Typed.Unit.casesOn; module=DefiKernel.Typed.Types; kind=definition; axioms=[]
AXIOM AUDIT declaration: DefiKernel.Typed.Unit.ctorElim; module=DefiKernel.Typed.Types; kind=definition; axioms=[]
AXIOM AUDIT declaration: DefiKernel.Typed.Unit.ctorElimType; module=DefiKernel.Typed.Types; kind=definition; axioms=[]
AXIOM AUDIT declaration: DefiKernel.Typed.Unit.ctorIdx; module=DefiKernel.Typed.Types; kind=definition; axioms=[]
AXIOM AUDIT declaration: DefiKernel.Typed.Unit.noConfusion; module=DefiKernel.Typed.Types; kind=definition; axioms=[]
AXIOM AUDIT declaration: DefiKernel.Typed.Unit.noConfusionType; module=DefiKernel.Typed.Types; kind=definition; axioms=[]
AXIOM AUDIT declaration: DefiKernel.Typed.Unit.recOn; module=DefiKernel.Typed.Types; kind=definition; axioms=[]
AXIOM AUDIT declaration: DefiKernel.Typed.Value.match_1; module=DefiKernel.Typed.Types; kind=definition; axioms=[]
AXIOM AUDIT declaration: DefiKernel.Typed.Var._sizeOf_1; module=DefiKernel.Typed.Expr; kind=definition; axioms=[]
AXIOM AUDIT declaration: DefiKernel.Typed.Var._sizeOf_inst; module=DefiKernel.Typed.Expr; kind=definition; axioms=[]
AXIOM AUDIT declaration: DefiKernel.Typed.Var.below; module=DefiKernel.Typed.Expr; kind=definition; axioms=[]
AXIOM AUDIT declaration: DefiKernel.Typed.Var.brecOn; module=DefiKernel.Typed.Expr; kind=definition; axioms=[]
AXIOM AUDIT declaration: DefiKernel.Typed.Var.casesOn; module=DefiKernel.Typed.Expr; kind=definition; axioms=[]
AXIOM AUDIT declaration: DefiKernel.Typed.Var.ctorElim; module=DefiKernel.Typed.Expr; kind=definition; axioms=[]
AXIOM AUDIT declaration: DefiKernel.Typed.Var.ctorElimType; module=DefiKernel.Typed.Expr; kind=definition; axioms=[]
AXIOM AUDIT declaration: DefiKernel.Typed.Var.ctorIdx; module=DefiKernel.Typed.Expr; kind=definition; axioms=[]
AXIOM AUDIT declaration: DefiKernel.Typed.Var.noConfusion; module=DefiKernel.Typed.Expr; kind=definition; axioms=[]
AXIOM AUDIT declaration: DefiKernel.Typed.Var.noConfusionType; module=DefiKernel.Typed.Expr; kind=definition; axioms=[]
AXIOM AUDIT declaration: DefiKernel.Typed.Var.recOn; module=DefiKernel.Typed.Expr; kind=definition; axioms=[]
AXIOM AUDIT declaration: DefiKernel.Typed.instDecidableEqCapability.decEq; module=DefiKernel.Typed.Authority; kind=definition; axioms=[]
AXIOM AUDIT declaration: DefiKernel.Typed.instDecidableEqCapabilityId.decEq; module=DefiKernel.Typed.Types; kind=definition; axioms=[]
AXIOM AUDIT declaration: DefiKernel.Typed.instDecidableEqCapabilityStore.decEq; module=DefiKernel.Typed.Authority; kind=definition; axioms=[]
AXIOM AUDIT declaration: DefiKernel.Typed.instDecidableEqCellRef.decEq; module=DefiKernel.Typed.Types; kind=definition; axioms=[]
AXIOM AUDIT declaration: DefiKernel.Typed.instDecidableEqClaimId.decEq; module=DefiKernel.Typed.Types; kind=definition; axioms=[]
AXIOM AUDIT declaration: DefiKernel.Typed.instDecidableEqEnvRead.decEq; module=DefiKernel.Typed.Expr; kind=definition; axioms=[]
AXIOM AUDIT declaration: DefiKernel.Typed.instDecidableEqGrant.decEq; module=DefiKernel.Typed.Authority; kind=definition; axioms=[]
AXIOM AUDIT declaration: DefiKernel.Typed.instDecidableEqInvocationContext.decEq; module=DefiKernel.Typed.Types; kind=definition; axioms=[]
AXIOM AUDIT declaration: DefiKernel.Typed.instDecidableEqNumericUnit.decEq; module=DefiKernel.Typed.Types; kind=definition; axioms=[]
AXIOM AUDIT declaration: DefiKernel.Typed.instDecidableEqObservationId.decEq; module=DefiKernel.Typed.Types; kind=definition; axioms=[]
AXIOM AUDIT declaration: DefiKernel.Typed.instDecidableEqObservationKey.decEq; module=DefiKernel.Typed.Types; kind=definition; axioms=[]
AXIOM AUDIT declaration: DefiKernel.Typed.instDecidableEqObservationRef.decEq; module=DefiKernel.Typed.Types; kind=definition; axioms=[]
AXIOM AUDIT declaration: DefiKernel.Typed.instDecidableEqOperationId.decEq; module=DefiKernel.Typed.Types; kind=definition; axioms=[]
AXIOM AUDIT declaration: DefiKernel.Typed.instDecidableEqPartyRef.decEq; module=DefiKernel.Typed.Types; kind=definition; axioms=[]
AXIOM AUDIT declaration: DefiKernel.Typed.instDecidableEqRight.decEq; module=DefiKernel.Typed.Authority; kind=definition; axioms=[]
AXIOM AUDIT declaration: DefiKernel.Typed.instDecidableEqUnit.decEq; module=DefiKernel.Typed.Types; kind=definition; axioms=[]
AXIOM AUDIT declaration: DefiKernel.Typed.instReprAuthorityFailure.repr; module=DefiKernel.Typed.Authority; kind=definition; axioms=[]
AXIOM AUDIT declaration: DefiKernel.Typed.instReprCapability.repr; module=DefiKernel.Typed.Authority; kind=definition; axioms=[propext]
AXIOM AUDIT declaration: DefiKernel.Typed.instReprCapabilityId.repr; module=DefiKernel.Typed.Types; kind=definition; axioms=[]
AXIOM AUDIT declaration: DefiKernel.Typed.instReprCapabilityStore.repr; module=DefiKernel.Typed.Authority; kind=definition; axioms=[propext]
AXIOM AUDIT declaration: DefiKernel.Typed.instReprCellRef.repr; module=DefiKernel.Typed.Types; kind=definition; axioms=[]
AXIOM AUDIT declaration: DefiKernel.Typed.instReprClaimId.repr; module=DefiKernel.Typed.Types; kind=definition; axioms=[]
AXIOM AUDIT declaration: DefiKernel.Typed.instReprEnvRead.repr; module=DefiKernel.Typed.Expr; kind=definition; axioms=[]
AXIOM AUDIT declaration: DefiKernel.Typed.instReprEvalFailure.repr; module=DefiKernel.Typed.Types; kind=definition; axioms=[]
AXIOM AUDIT declaration: DefiKernel.Typed.instReprGrant.repr; module=DefiKernel.Typed.Authority; kind=definition; axioms=[propext]
AXIOM AUDIT declaration: DefiKernel.Typed.instReprInvocationContext.repr; module=DefiKernel.Typed.Types; kind=definition; axioms=[]
AXIOM AUDIT declaration: DefiKernel.Typed.instReprNumericUnit.repr; module=DefiKernel.Typed.Types; kind=definition; axioms=[]
AXIOM AUDIT declaration: DefiKernel.Typed.instReprObservationId.repr; module=DefiKernel.Typed.Types; kind=definition; axioms=[]
AXIOM AUDIT declaration: DefiKernel.Typed.instReprObservationKey.repr; module=DefiKernel.Typed.Types; kind=definition; axioms=[]
AXIOM AUDIT declaration: DefiKernel.Typed.instReprObservationRef.repr; module=DefiKernel.Typed.Types; kind=definition; axioms=[]
AXIOM AUDIT declaration: DefiKernel.Typed.instReprOperationId.repr; module=DefiKernel.Typed.Types; kind=definition; axioms=[]
AXIOM AUDIT declaration: DefiKernel.Typed.instReprPartyRef.repr; module=DefiKernel.Typed.Types; kind=definition; axioms=[]
AXIOM AUDIT declaration: DefiKernel.Typed.instReprRight.repr; module=DefiKernel.Typed.Authority; kind=definition; axioms=[propext]
AXIOM AUDIT declaration: DefiKernel.Typed.instReprUnit.repr; module=DefiKernel.Typed.Types; kind=definition; axioms=[]
AXIOM AUDIT declaration: DefiKernel.Typed.numericRat.match_1; module=DefiKernel.Typed.Types; kind=definition; axioms=[]
AXIOM AUDIT declaration: DefiKernel.Typed.readObservation.match_1; module=DefiKernel.Typed.Expr; kind=definition; axioms=[]
AXIOM AUDIT declaration: DefiKernel.Typed.revokeCapability.match_1; module=DefiKernel.Typed.Authority; kind=definition; axioms=[]
AXIOM AUDIT declaration: DefiKernel.Typed.Args.brecOn.go; module=DefiKernel.Typed.Expr; kind=definition; axioms=[]
AXIOM AUDIT declaration: DefiKernel.Typed.Args.check._f; module=DefiKernel.Typed.Expr; kind=definition; axioms=[propext]
AXIOM AUDIT declaration: DefiKernel.Typed.Args.check._sparseCasesOn_1; module=DefiKernel.Typed.Expr; kind=definition; axioms=[propext]
AXIOM AUDIT declaration: DefiKernel.Typed.Args.check._sparseCasesOn_2; module=DefiKernel.Typed.Expr; kind=definition; axioms=[propext]
AXIOM AUDIT declaration: DefiKernel.Typed.Args.check._sunfold; module=DefiKernel.Typed.Expr; kind=definition; axioms=[propext]
AXIOM AUDIT declaration: DefiKernel.Typed.Args.check._unsafe_rec; module=DefiKernel.Typed.Expr; kind=definition; axioms=[propext]
AXIOM AUDIT declaration: DefiKernel.Typed.Args.check.match_1; module=DefiKernel.Typed.Expr; kind=definition; axioms=[propext]
AXIOM AUDIT declaration: DefiKernel.Typed.Args.cons.elim; module=DefiKernel.Typed.Expr; kind=definition; axioms=[]
AXIOM AUDIT declaration: DefiKernel.Typed.Args.cons.noConfusion; module=DefiKernel.Typed.Expr; kind=definition; axioms=[]
AXIOM AUDIT declaration: DefiKernel.Typed.Args.get._f; module=DefiKernel.Typed.Expr; kind=definition; axioms=[]
AXIOM AUDIT declaration: DefiKernel.Typed.Args.get._sunfold; module=DefiKernel.Typed.Expr; kind=definition; axioms=[]
AXIOM AUDIT declaration: DefiKernel.Typed.Args.get._unsafe_rec; module=DefiKernel.Typed.Expr; kind=definition; axioms=[]
AXIOM AUDIT declaration: DefiKernel.Typed.Args.get.match_1; module=DefiKernel.Typed.Expr; kind=definition; axioms=[]
AXIOM AUDIT declaration: DefiKernel.Typed.Args.nil.elim; module=DefiKernel.Typed.Expr; kind=definition; axioms=[]
AXIOM AUDIT declaration: DefiKernel.Typed.AuthorityConfig.mk._flat_ctor; module=DefiKernel.Typed.Authority; kind=definition; axioms=[]
AXIOM AUDIT declaration: DefiKernel.Typed.AuthorityConfig.mk.noConfusion; module=DefiKernel.Typed.Authority; kind=definition; axioms=[]
AXIOM AUDIT declaration: DefiKernel.Typed.AuthorityFailure.operationDomain.elim; module=DefiKernel.Typed.Authority; kind=definition; axioms=[]
AXIOM AUDIT declaration: DefiKernel.Typed.AuthorityFailure.resourceDomain.elim; module=DefiKernel.Typed.Authority; kind=definition; axioms=[]
AXIOM AUDIT declaration: DefiKernel.Typed.AuthorityFailure.unauthorizedAdmin.elim; module=DefiKernel.Typed.Authority; kind=definition; axioms=[]
AXIOM AUDIT declaration: DefiKernel.Typed.AuthorityFailure.unknownCapability.elim; module=DefiKernel.Typed.Authority; kind=definition; axioms=[]
AXIOM AUDIT declaration: DefiKernel.Typed.AuthorityTests.issueMore.match_1; module=DefiKernel.Typed.AuthorityTests; kind=definition; axioms=[]
AXIOM AUDIT declaration: DefiKernel.Typed.AuthorityTests.issueUse.match_1; module=DefiKernel.Typed.AuthorityTests; kind=definition; axioms=[]
AXIOM AUDIT declaration: DefiKernel.Typed.AuthorityTests.store.match_1; module=DefiKernel.Typed.AuthorityTests; kind=definition; axioms=[]
AXIOM AUDIT declaration: DefiKernel.Typed.BinaryOp.add.elim; module=DefiKernel.Typed.Expr; kind=definition; axioms=[]
AXIOM AUDIT declaration: DefiKernel.Typed.BinaryOp.add.noConfusion; module=DefiKernel.Typed.Expr; kind=definition; axioms=[]
AXIOM AUDIT declaration: DefiKernel.Typed.BinaryOp.and.elim; module=DefiKernel.Typed.Expr; kind=definition; axioms=[]
AXIOM AUDIT declaration: DefiKernel.Typed.BinaryOp.convert.elim; module=DefiKernel.Typed.Expr; kind=definition; axioms=[]
AXIOM AUDIT declaration: DefiKernel.Typed.BinaryOp.convert.noConfusion; module=DefiKernel.Typed.Expr; kind=definition; axioms=[]
AXIOM AUDIT declaration: DefiKernel.Typed.BinaryOp.divide.elim; module=DefiKernel.Typed.Expr; kind=definition; axioms=[]
AXIOM AUDIT declaration: DefiKernel.Typed.BinaryOp.divide.noConfusion; module=DefiKernel.Typed.Expr; kind=definition; axioms=[]
AXIOM AUDIT declaration: DefiKernel.Typed.BinaryOp.eq.elim; module=DefiKernel.Typed.Expr; kind=definition; axioms=[]
AXIOM AUDIT declaration: DefiKernel.Typed.BinaryOp.eq.noConfusion; module=DefiKernel.Typed.Expr; kind=definition; axioms=[]
AXIOM AUDIT declaration: DefiKernel.Typed.BinaryOp.eval.match_1; module=DefiKernel.Typed.Expr; kind=definition; axioms=[]
AXIOM AUDIT declaration: DefiKernel.Typed.BinaryOp.le.elim; module=DefiKernel.Typed.Expr; kind=definition; axioms=[]
AXIOM AUDIT declaration: DefiKernel.Typed.BinaryOp.le.noConfusion; module=DefiKernel.Typed.Expr; kind=definition; axioms=[]
AXIOM AUDIT declaration: DefiKernel.Typed.BinaryOp.lt.elim; module=DefiKernel.Typed.Expr; kind=definition; axioms=[]
AXIOM AUDIT declaration: DefiKernel.Typed.BinaryOp.lt.noConfusion; module=DefiKernel.Typed.Expr; kind=definition; axioms=[]
AXIOM AUDIT declaration: DefiKernel.Typed.BinaryOp.or.elim; module=DefiKernel.Typed.Expr; kind=definition; axioms=[]
AXIOM AUDIT declaration: DefiKernel.Typed.BinaryOp.ratio.elim; module=DefiKernel.Typed.Expr; kind=definition; axioms=[]
AXIOM AUDIT declaration: DefiKernel.Typed.BinaryOp.ratio.noConfusion; module=DefiKernel.Typed.Expr; kind=definition; axioms=[]
AXIOM AUDIT declaration: DefiKernel.Typed.BinaryOp.scale.elim; module=DefiKernel.Typed.Expr; kind=definition; axioms=[]
AXIOM AUDIT declaration: DefiKernel.Typed.BinaryOp.scale.noConfusion; module=DefiKernel.Typed.Expr; kind=definition; axioms=[]
AXIOM AUDIT declaration: DefiKernel.Typed.BinaryOp.sub.elim; module=DefiKernel.Typed.Expr; kind=definition; axioms=[]
AXIOM AUDIT declaration: DefiKernel.Typed.BinaryOp.sub.noConfusion; module=DefiKernel.Typed.Expr; kind=definition; axioms=[]
AXIOM AUDIT declaration: DefiKernel.Typed.BinaryOp.unconvert.elim; module=DefiKernel.Typed.Expr; kind=definition; axioms=[]
AXIOM AUDIT declaration: DefiKernel.Typed.BinaryOp.unconvert.noConfusion; module=DefiKernel.Typed.Expr; kind=definition; axioms=[]
AXIOM AUDIT declaration: DefiKernel.Typed.Capability.mk._flat_ctor; module=DefiKernel.Typed.Authority; kind=definition; axioms=[]
AXIOM AUDIT declaration: DefiKernel.Typed.Capability.mk.noConfusion; module=DefiKernel.Typed.Authority; kind=definition; axioms=[]
AXIOM AUDIT declaration: DefiKernel.Typed.CapabilityId.mk._flat_ctor; module=DefiKernel.Typed.Types; kind=definition; axioms=[]
AXIOM AUDIT declaration: DefiKernel.Typed.CapabilityId.mk.noConfusion; module=DefiKernel.Typed.Types; kind=definition; axioms=[]
AXIOM AUDIT declaration: DefiKernel.Typed.CapabilityStore.mk._flat_ctor; module=DefiKernel.Typed.Authority; kind=definition; axioms=[]
AXIOM AUDIT declaration: DefiKernel.Typed.CapabilityStore.mk.noConfusion; module=DefiKernel.Typed.Authority; kind=definition; axioms=[]
AXIOM AUDIT declaration: DefiKernel.Typed.CellRef.mk._flat_ctor; module=DefiKernel.Typed.Types; kind=definition; axioms=[]
AXIOM AUDIT declaration: DefiKernel.Typed.CellRef.mk.noConfusion; module=DefiKernel.Typed.Types; kind=definition; axioms=[]
AXIOM AUDIT declaration: DefiKernel.Typed.ClaimId.mk._flat_ctor; module=DefiKernel.Typed.Types; kind=definition; axioms=[]
AXIOM AUDIT declaration: DefiKernel.Typed.ClaimId.mk.noConfusion; module=DefiKernel.Typed.Types; kind=definition; axioms=[]
AXIOM AUDIT declaration: DefiKernel.Typed.EnvRead.currentTime.elim; module=DefiKernel.Typed.Expr; kind=definition; axioms=[]
AXIOM AUDIT declaration: DefiKernel.Typed.EnvRead.observation.elim; module=DefiKernel.Typed.Expr; kind=definition; axioms=[]
AXIOM AUDIT declaration: DefiKernel.Typed.EnvRead.observation.noConfusion; module=DefiKernel.Typed.Expr; kind=definition; axioms=[]
AXIOM AUDIT declaration: DefiKernel.Typed.EvalContext.mk._flat_ctor; module=DefiKernel.Typed.Expr; kind=definition; axioms=[propext,
 Quot.sound]
AXIOM AUDIT declaration: DefiKernel.Typed.EvalContext.mk.noConfusion; module=DefiKernel.Typed.Expr; kind=definition; axioms=[propext,
 Quot.sound]
AXIOM AUDIT declaration: DefiKernel.Typed.EvalFailure.argumentCount.elim; module=DefiKernel.Typed.Types; kind=definition; axioms=[]
AXIOM AUDIT declaration: DefiKernel.Typed.EvalFailure.argumentUnit.elim; module=DefiKernel.Typed.Types; kind=definition; axioms=[]
AXIOM AUDIT declaration: DefiKernel.Typed.EvalFailure.divisionByZero.elim; module=DefiKernel.Typed.Types; kind=definition; axioms=[]
AXIOM AUDIT declaration: DefiKernel.Typed.EvalFailure.missingObservation.elim; module=DefiKernel.Typed.Types; kind=definition; axioms=[]
AXIOM AUDIT declaration: DefiKernel.Typed.EvalFailure.observationUnit.elim; module=DefiKernel.Typed.Types; kind=definition; axioms=[]
AXIOM AUDIT declaration: DefiKernel.Typed.EvalFailure.partyArgument.elim; module=DefiKernel.Typed.Types; kind=definition; axioms=[]
AXIOM AUDIT declaration: DefiKernel.Typed.Expr.arg.elim; module=DefiKernel.Typed.Expr; kind=definition; axioms=[]
AXIOM AUDIT declaration: DefiKernel.Typed.Expr.arg.noConfusion; module=DefiKernel.Typed.Expr; kind=definition; axioms=[]
AXIOM AUDIT declaration: DefiKernel.Typed.Expr.balance.elim; module=DefiKernel.Typed.Expr; kind=definition; axioms=[]
AXIOM AUDIT declaration: DefiKernel.Typed.Expr.balance.noConfusion; module=DefiKernel.Typed.Expr; kind=definition; axioms=[]
AXIOM AUDIT declaration: DefiKernel.Typed.Expr.binary.elim; module=DefiKernel.Typed.Expr; kind=definition; axioms=[]
AXIOM AUDIT declaration: DefiKernel.Typed.Expr.binary.noConfusion; module=DefiKernel.Typed.Expr; kind=definition; axioms=[]
AXIOM AUDIT declaration: DefiKernel.Typed.Expr.brecOn.go; module=DefiKernel.Typed.Expr; kind=definition; axioms=[]
AXIOM AUDIT declaration: DefiKernel.Typed.Expr.envReads._f; module=DefiKernel.Typed.Expr; kind=definition; axioms=[]
AXIOM AUDIT declaration: DefiKernel.Typed.Expr.envReads._sunfold; module=DefiKernel.Typed.Expr; kind=definition; axioms=[]
AXIOM AUDIT declaration: DefiKernel.Typed.Expr.envReads._unsafe_rec; module=DefiKernel.Typed.Expr; kind=definition; axioms=[]
AXIOM AUDIT declaration: DefiKernel.Typed.Expr.envReads.match_1; module=DefiKernel.Typed.Expr; kind=definition; axioms=[]
AXIOM AUDIT declaration: DefiKernel.Typed.Expr.eval._f; module=DefiKernel.Typed.Expr; kind=definition; axioms=[propext,
 Classical.choice,
 Quot.sound]
AXIOM AUDIT declaration: DefiKernel.Typed.Expr.eval._sunfold; module=DefiKernel.Typed.Expr; kind=definition; axioms=[propext,
 Classical.choice,
 Quot.sound]
AXIOM AUDIT declaration: DefiKernel.Typed.Expr.eval._unsafe_rec; module=DefiKernel.Typed.Expr; kind=definition; axioms=[propext,
 Classical.choice,
 Quot.sound]
AXIOM AUDIT declaration: DefiKernel.Typed.Expr.eval.match_1; module=DefiKernel.Typed.Expr; kind=definition; axioms=[]
AXIOM AUDIT declaration: DefiKernel.Typed.Expr.ite.elim; module=DefiKernel.Typed.Expr; kind=definition; axioms=[]
AXIOM AUDIT declaration: DefiKernel.Typed.Expr.ite.noConfusion; module=DefiKernel.Typed.Expr; kind=definition; axioms=[]
AXIOM AUDIT declaration: DefiKernel.Typed.Expr.lit.elim; module=DefiKernel.Typed.Expr; kind=definition; axioms=[]
AXIOM AUDIT declaration: DefiKernel.Typed.Expr.lit.noConfusion; module=DefiKernel.Typed.Expr; kind=definition; axioms=[]
AXIOM AUDIT declaration: DefiKernel.Typed.Expr.now.elim; module=DefiKernel.Typed.Expr; kind=definition; axioms=[]
AXIOM AUDIT declaration: DefiKernel.Typed.Expr.observe.elim; module=DefiKernel.Typed.Expr; kind=definition; axioms=[]
AXIOM AUDIT declaration: DefiKernel.Typed.Expr.observe.noConfusion; module=DefiKernel.Typed.Expr; kind=definition; axioms=[]
AXIOM AUDIT declaration: DefiKernel.Typed.Expr.stateReads._f; module=DefiKernel.Typed.Expr; kind=definition; axioms=[]
AXIOM AUDIT declaration: DefiKernel.Typed.Expr.stateReads._sunfold; module=DefiKernel.Typed.Expr; kind=definition; axioms=[]
AXIOM AUDIT declaration: DefiKernel.Typed.Expr.stateReads._unsafe_rec; module=DefiKernel.Typed.Expr; kind=definition; axioms=[]
AXIOM AUDIT declaration: DefiKernel.Typed.Expr.stateReads.match_1; module=DefiKernel.Typed.Expr; kind=definition; axioms=[]
AXIOM AUDIT declaration: DefiKernel.Typed.Expr.timestamp.elim; module=DefiKernel.Typed.Expr; kind=definition; axioms=[]
AXIOM AUDIT declaration: DefiKernel.Typed.Expr.timestamp.noConfusion; module=DefiKernel.Typed.Expr; kind=definition; axioms=[]
AXIOM AUDIT declaration: DefiKernel.Typed.Expr.unary.elim; module=DefiKernel.Typed.Expr; kind=definition; axioms=[]
AXIOM AUDIT declaration: DefiKernel.Typed.Expr.unary.noConfusion; module=DefiKernel.Typed.Expr; kind=definition; axioms=[]
AXIOM AUDIT declaration: DefiKernel.Typed.ExprTests.TestAsset._sizeOf_1; module=DefiKernel.Typed.ExprTests; kind=definition; axioms=[]
AXIOM AUDIT declaration: DefiKernel.Typed.ExprTests.TestAsset._sizeOf_inst; module=DefiKernel.Typed.ExprTests; kind=definition; axioms=[]
AXIOM AUDIT declaration: DefiKernel.Typed.ExprTests.TestAsset.casesOn; module=DefiKernel.Typed.ExprTests; kind=definition; axioms=[]
AXIOM AUDIT declaration: DefiKernel.Typed.ExprTests.TestAsset.ctorElim; module=DefiKernel.Typed.ExprTests; kind=definition; axioms=[]
AXIOM AUDIT declaration: DefiKernel.Typed.ExprTests.TestAsset.ctorElimType; module=DefiKernel.Typed.ExprTests; kind=definition; axioms=[]
AXIOM AUDIT declaration: DefiKernel.Typed.ExprTests.TestAsset.ctorIdx; module=DefiKernel.Typed.ExprTests; kind=definition; axioms=[]
AXIOM AUDIT declaration: DefiKernel.Typed.ExprTests.TestAsset.noConfusion; module=DefiKernel.Typed.ExprTests; kind=definition; axioms=[]
AXIOM AUDIT declaration: DefiKernel.Typed.ExprTests.TestAsset.noConfusionType; module=DefiKernel.Typed.ExprTests; kind=definition; axioms=[]
AXIOM AUDIT declaration: DefiKernel.Typed.ExprTests.TestAsset.ofNat; module=DefiKernel.Typed.ExprTests; kind=definition; axioms=[]
AXIOM AUDIT declaration: DefiKernel.Typed.ExprTests.TestAsset.recOn; module=DefiKernel.Typed.ExprTests; kind=definition; axioms=[]
AXIOM AUDIT declaration: DefiKernel.Typed.ExprTests.TestAsset.toCtorIdx; module=DefiKernel.Typed.ExprTests; kind=definition; axioms=[]
AXIOM AUDIT declaration: DefiKernel.Typed.ExprTests.instReprTestAsset.repr; module=DefiKernel.Typed.ExprTests; kind=definition; axioms=[]
AXIOM AUDIT declaration: DefiKernel.Typed.Grant.mk._flat_ctor; module=DefiKernel.Typed.Authority; kind=definition; axioms=[]
AXIOM AUDIT declaration: DefiKernel.Typed.Grant.mk.noConfusion; module=DefiKernel.Typed.Authority; kind=definition; axioms=[]
AXIOM AUDIT declaration: DefiKernel.Typed.InvocationContext.mk._flat_ctor; module=DefiKernel.Typed.Types; kind=definition; axioms=[]
AXIOM AUDIT declaration: DefiKernel.Typed.InvocationContext.mk.noConfusion; module=DefiKernel.Typed.Types; kind=definition; axioms=[]
AXIOM AUDIT declaration: DefiKernel.Typed.NumericUnit.amount.elim; module=DefiKernel.Typed.Types; kind=definition; axioms=[]
AXIOM AUDIT declaration: DefiKernel.Typed.NumericUnit.amount.noConfusion; module=DefiKernel.Typed.Types; kind=definition; axioms=[]
AXIOM AUDIT declaration: DefiKernel.Typed.NumericUnit.price.elim; module=DefiKernel.Typed.Types; kind=definition; axioms=[]
AXIOM AUDIT declaration: DefiKernel.Typed.NumericUnit.price.noConfusion; module=DefiKernel.Typed.Types; kind=definition; axioms=[]
AXIOM AUDIT declaration: DefiKernel.Typed.NumericUnit.scalar.elim; module=DefiKernel.Typed.Types; kind=definition; axioms=[]
AXIOM AUDIT declaration: DefiKernel.Typed.Observation.mk._flat_ctor; module=DefiKernel.Typed.Types; kind=definition; axioms=[]
AXIOM AUDIT declaration: DefiKernel.Typed.Observation.mk.noConfusion; module=DefiKernel.Typed.Types; kind=definition; axioms=[]
AXIOM AUDIT declaration: DefiKernel.Typed.ObservationId.mk._flat_ctor; module=DefiKernel.Typed.Types; kind=definition; axioms=[]
AXIOM AUDIT declaration: DefiKernel.Typed.ObservationId.mk.noConfusion; module=DefiKernel.Typed.Types; kind=definition; axioms=[]
AXIOM AUDIT declaration: DefiKernel.Typed.ObservationKey.mk._flat_ctor; module=DefiKernel.Typed.Types; kind=definition; axioms=[]
AXIOM AUDIT declaration: DefiKernel.Typed.ObservationKey.mk.noConfusion; module=DefiKernel.Typed.Types; kind=definition; axioms=[]
AXIOM AUDIT declaration: DefiKernel.Typed.ObservationRef.mk._flat_ctor; module=DefiKernel.Typed.Types; kind=definition; axioms=[]
AXIOM AUDIT declaration: DefiKernel.Typed.ObservationRef.mk.noConfusion; module=DefiKernel.Typed.Types; kind=definition; axioms=[]
AXIOM AUDIT declaration: DefiKernel.Typed.OperationId.mk._flat_ctor; module=DefiKernel.Typed.Types; kind=definition; axioms=[]
AXIOM AUDIT declaration: DefiKernel.Typed.OperationId.mk.noConfusion; module=DefiKernel.Typed.Types; kind=definition; axioms=[]
AXIOM AUDIT declaration: DefiKernel.Typed.PartyRef.argument.elim; module=DefiKernel.Typed.Types; kind=definition; axioms=[]
AXIOM AUDIT declaration: DefiKernel.Typed.PartyRef.argument.noConfusion; module=DefiKernel.Typed.Types; kind=definition; axioms=[]
AXIOM AUDIT declaration: DefiKernel.Typed.PartyRef.caller.elim; module=DefiKernel.Typed.Types; kind=definition; axioms=[]
AXIOM AUDIT declaration: DefiKernel.Typed.PartyRef.literal.elim; module=DefiKernel.Typed.Types; kind=definition; axioms=[]
AXIOM AUDIT declaration: DefiKernel.Typed.PartyRef.literal.noConfusion; module=DefiKernel.Typed.Types; kind=definition; axioms=[]
AXIOM AUDIT declaration: DefiKernel.Typed.PartyRef.resolve.match_1; module=DefiKernel.Typed.Types; kind=definition; axioms=[]
AXIOM AUDIT declaration: DefiKernel.Typed.Quantity.mk._flat_ctor; module=DefiKernel.Typed.Types; kind=definition; axioms=[propext,
 Quot.sound]
AXIOM AUDIT declaration: DefiKernel.Typed.Quantity.mk.noConfusion; module=DefiKernel.Typed.Types; kind=definition; axioms=[propext,
 Quot.sound]
AXIOM AUDIT declaration: DefiKernel.Typed.Right.changeSupply.elim; module=DefiKernel.Typed.Authority; kind=definition; axioms=[]
AXIOM AUDIT declaration: DefiKernel.Typed.Right.changeSupply.noConfusion; module=DefiKernel.Typed.Authority; kind=definition; axioms=[]
AXIOM AUDIT declaration: DefiKernel.Typed.Right.debit.elim; module=DefiKernel.Typed.Authority; kind=definition; axioms=[]
AXIOM AUDIT declaration: DefiKernel.Typed.Right.debit.noConfusion; module=DefiKernel.Typed.Authority; kind=definition; axioms=[]
AXIOM AUDIT declaration: DefiKernel.Typed.Right.invoke.elim; module=DefiKernel.Typed.Authority; kind=definition; axioms=[]
AXIOM AUDIT declaration: DefiKernel.Typed.State.mk._flat_ctor; module=DefiKernel.Typed.Types; kind=definition; axioms=[propext,
 Quot.sound]
AXIOM AUDIT declaration: DefiKernel.Typed.State.mk.noConfusion; module=DefiKernel.Typed.Types; kind=definition; axioms=[propext,
 Quot.sound]
AXIOM AUDIT declaration: DefiKernel.Typed.UnaryOp.eval.match_1; module=DefiKernel.Typed.Expr; kind=definition; axioms=[]
AXIOM AUDIT declaration: DefiKernel.Typed.UnaryOp.neg.elim; module=DefiKernel.Typed.Expr; kind=definition; axioms=[]
AXIOM AUDIT declaration: DefiKernel.Typed.UnaryOp.neg.noConfusion; module=DefiKernel.Typed.Expr; kind=definition; axioms=[]
AXIOM AUDIT declaration: DefiKernel.Typed.UnaryOp.not.elim; module=DefiKernel.Typed.Expr; kind=definition; axioms=[]
AXIOM AUDIT declaration: DefiKernel.Typed.Unit.amount.elim; module=DefiKernel.Typed.Types; kind=definition; axioms=[]
AXIOM AUDIT declaration: DefiKernel.Typed.Unit.amount.noConfusion; module=DefiKernel.Typed.Types; kind=definition; axioms=[]
AXIOM AUDIT declaration: DefiKernel.Typed.Unit.bool.elim; module=DefiKernel.Typed.Types; kind=definition; axioms=[]
AXIOM AUDIT declaration: DefiKernel.Typed.Unit.price.elim; module=DefiKernel.Typed.Types; kind=definition; axioms=[]
AXIOM AUDIT declaration: DefiKernel.Typed.Unit.price.noConfusion; module=DefiKernel.Typed.Types; kind=definition; axioms=[]
AXIOM AUDIT declaration: DefiKernel.Typed.Unit.scalar.elim; module=DefiKernel.Typed.Types; kind=definition; axioms=[]
AXIOM AUDIT declaration: DefiKernel.Typed.Var.brecOn.go; module=DefiKernel.Typed.Expr; kind=definition; axioms=[]
AXIOM AUDIT declaration: DefiKernel.Typed.Var.here.elim; module=DefiKernel.Typed.Expr; kind=definition; axioms=[]
AXIOM AUDIT declaration: DefiKernel.Typed.Var.here.noConfusion; module=DefiKernel.Typed.Expr; kind=definition; axioms=[]
AXIOM AUDIT declaration: DefiKernel.Typed.Var.there.elim; module=DefiKernel.Typed.Expr; kind=definition; axioms=[]
AXIOM AUDIT declaration: DefiKernel.Typed.Var.there.noConfusion; module=DefiKernel.Typed.Expr; kind=definition; axioms=[]
AXIOM AUDIT declaration: DefiKernel.Typed.instDecidableEqCapability.decEq.match_1; module=DefiKernel.Typed.Authority; kind=definition; axioms=[]
AXIOM AUDIT declaration: DefiKernel.Typed.instDecidableEqCapabilityId.decEq.match_1; module=DefiKernel.Typed.Types; kind=definition; axioms=[]
AXIOM AUDIT declaration: DefiKernel.Typed.instDecidableEqCapabilityStore.decEq.match_1; module=DefiKernel.Typed.Authority; kind=definition; axioms=[]
AXIOM AUDIT declaration: DefiKernel.Typed.instDecidableEqCellRef.decEq.match_1; module=DefiKernel.Typed.Types; kind=definition; axioms=[]
AXIOM AUDIT declaration: DefiKernel.Typed.instDecidableEqClaimId.decEq.match_1; module=DefiKernel.Typed.Types; kind=definition; axioms=[]
AXIOM AUDIT declaration: DefiKernel.Typed.instDecidableEqEnvRead.decEq.match_1; module=DefiKernel.Typed.Expr; kind=definition; axioms=[]
AXIOM AUDIT declaration: DefiKernel.Typed.instDecidableEqGrant.decEq.match_1; module=DefiKernel.Typed.Authority; kind=definition; axioms=[]
AXIOM AUDIT declaration: DefiKernel.Typed.instDecidableEqInvocationContext.decEq.match_1; module=DefiKernel.Typed.Types; kind=definition; axioms=[]
AXIOM AUDIT declaration: DefiKernel.Typed.instDecidableEqNumericUnit.decEq.match_1; module=DefiKernel.Typed.Types; kind=definition; axioms=[]
AXIOM AUDIT declaration: DefiKernel.Typed.instDecidableEqObservationId.decEq.match_1; module=DefiKernel.Typed.Types; kind=definition; axioms=[]
AXIOM AUDIT declaration: DefiKernel.Typed.instDecidableEqObservationKey.decEq.match_1; module=DefiKernel.Typed.Types; kind=definition; axioms=[]
AXIOM AUDIT declaration: DefiKernel.Typed.instDecidableEqObservationRef.decEq.match_1; module=DefiKernel.Typed.Types; kind=definition; axioms=[]
AXIOM AUDIT declaration: DefiKernel.Typed.instDecidableEqOperationId.decEq.match_1; module=DefiKernel.Typed.Types; kind=definition; axioms=[]
AXIOM AUDIT declaration: DefiKernel.Typed.instDecidableEqPartyRef.decEq.match_1; module=DefiKernel.Typed.Types; kind=definition; axioms=[]
AXIOM AUDIT declaration: DefiKernel.Typed.instDecidableEqRight.decEq.match_1; module=DefiKernel.Typed.Authority; kind=definition; axioms=[]
AXIOM AUDIT declaration: DefiKernel.Typed.instDecidableEqUnit.decEq.match_1; module=DefiKernel.Typed.Types; kind=definition; axioms=[]
AXIOM AUDIT declaration: DefiKernel.Typed.instReprAuthorityFailure.repr.match_1; module=DefiKernel.Typed.Authority; kind=definition; axioms=[]
AXIOM AUDIT declaration: DefiKernel.Typed.instReprEnvRead.repr.match_1; module=DefiKernel.Typed.Expr; kind=definition; axioms=[]
AXIOM AUDIT declaration: DefiKernel.Typed.instReprEvalFailure.repr.match_1; module=DefiKernel.Typed.Types; kind=definition; axioms=[]
AXIOM AUDIT declaration: DefiKernel.Typed.instReprNumericUnit.repr.match_1; module=DefiKernel.Typed.Types; kind=definition; axioms=[]
AXIOM AUDIT declaration: DefiKernel.Typed.instReprPartyRef.repr.match_1; module=DefiKernel.Typed.Types; kind=definition; axioms=[]
AXIOM AUDIT declaration: DefiKernel.Typed.instReprRight.repr.match_1; module=DefiKernel.Typed.Authority; kind=definition; axioms=[]
AXIOM AUDIT declaration: DefiKernel.Typed.instReprUnit.repr.match_1; module=DefiKernel.Typed.Types; kind=definition; axioms=[]
AXIOM AUDIT declaration: _private.DefiKernel.Typed.Authority.0.DefiKernel.Typed.revokeCapability.match_1.splitter; module=DefiKernel.Typed.Authority; kind=definition; axioms=[]
AXIOM AUDIT declaration: _private.DefiKernel.Typed.Expr.0.DefiKernel.Typed.readObservation.match_1.splitter; module=DefiKernel.Typed.Expr; kind=definition; axioms=[]
AXIOM AUDIT declaration: DefiKernel.Typed.ExprTests.TestAsset.collateral.elim; module=DefiKernel.Typed.ExprTests; kind=definition; axioms=[]
AXIOM AUDIT declaration: DefiKernel.Typed.ExprTests.TestAsset.debt.elim; module=DefiKernel.Typed.ExprTests; kind=definition; axioms=[]
AXIOM AUDIT declaration: DefiKernel.Typed.ExprTests.TestAsset.share.elim; module=DefiKernel.Typed.ExprTests; kind=definition; axioms=[]
AXIOM AUDIT declaration: DefiKernel.Typed.ExprTests.TestAsset.usd.elim; module=DefiKernel.Typed.ExprTests; kind=definition; axioms=[]
AXIOM AUDIT declaration: DefiKernel.Typed.ExprTests.instReprTestAsset.repr.match_1; module=DefiKernel.Typed.ExprTests; kind=definition; axioms=[]
AXIOM AUDIT declaration: _private.DefiKernel.Typed.Expr.0.DefiKernel.Typed.Expr.envReads.match_1.splitter; module=DefiKernel.Typed.Expr; kind=definition; axioms=[]
AXIOM AUDIT declaration: _private.DefiKernel.Typed.Expr.0.DefiKernel.Typed.Expr.eval.match_1.splitter; module=DefiKernel.Typed.Expr; kind=definition; axioms=[]
AXIOM AUDIT declaration: _private.DefiKernel.Typed.Expr.0.DefiKernel.Typed.Expr.stateReads.match_1.splitter; module=DefiKernel.Typed.Expr; kind=definition; axioms=[]
AXIOM AUDIT declaration: _private.DefiKernel.Typed.Expr.0.DefiKernel.Typed.instReprEnvRead.repr.match_1.splitter; module=DefiKernel.Typed.Expr; kind=definition; axioms=[]
AXIOM AUDIT declaration: _private.DefiKernel.Typed.ExprTests.0.DefiKernel.Typed.BinaryOp.eval.match_1.splitter; module=DefiKernel.Typed.ExprTests; kind=definition; axioms=[]
AXIOM AUDIT DECLARATIONS PASSED: 610/610 supplemental declarations; forbidden=0
AXIOM AUDIT PASSED: 389/389 theorems; forbidden=0
