ℹ [899/929] Replayed DefiKernel.Typed.ExprTests
info: DefiKernel/Typed/ExprTests.lean:146:0: expr_exact_price_conversion: true
expr_explicit_debt_valuation: true
expr_inverse_price_conversion: true
expr_exact_fractional_conversion: true
expr_same_unit_addition: true
expr_scalar_scaling: true
expr_signed_negation: true
expr_safe_scalar_division: true
expr_zero_scalar_division_refused: true
expr_safe_ratio: true
expr_zero_ratio_refused: true
expr_zero_inverse_price_refused: true
expr_missing_observation_refused: true
expr_wrong_observation_unit_refused: true
expr_tracked_freshness: true
expr_stale_observation: true
expr_missing_timestamp_refused: true
expr_fresh_time_tracked: true
expr_timestamp_observation_tracked: true
expr_inactive_environment_branch_tracked: true
expr_inactive_state_branch_tracked: true
expr_inactive_missing_branch_not_evaluated: true
expr_boolean_and_is_eager: true
expr_boolean_or_is_eager: true
expr_successful_party_lookup: true
expr_failed_party_lookup_refused: true
expr_concrete_read_resolution: true
expr_footprint_party_lookup_refused: true
expr_checked_argument: true
expr_wrong_argument_unit_refused: true
expr_missing_argument_refused: true
expr_excess_argument_refused: true
expr_unrelated_balance_change: true
expr_read_change_observed: true
info: DefiKernel/Typed/ExprTests.lean:177:2: Application type mismatch: The argument
  Expr.lit 1
has type
  Expr Bool TestAsset Bool [] (Unit.amount TestAsset.debt)
but is expected to have type
  Expr Bool TestAsset Bool [] (NumericUnit.amount TestAsset.usd).toUnit
in the application
  Expr.binary (BinaryOp.add (NumericUnit.amount TestAsset.usd)) ledgerRead (Expr.lit 1)
info: DefiKernel/Typed/ExprTests.lean:176:0: Expr.binary (BinaryOp.add (NumericUnit.amount TestAsset.usd)) ledgerRead
  sorry : Expr Bool TestAsset Bool [] (Unit.amount TestAsset.usd)
info: DefiKernel/Typed/ExprTests.lean:181:2: Application type mismatch: The argument
  Expr.lit 2
has type
  Expr Bool TestAsset Bool [] (Unit.price TestAsset.usd TestAsset.collateral)
but is expected to have type
  Expr Bool TestAsset Bool [] (Unit.price TestAsset.collateral TestAsset.usd)
in the application
  Expr.binary (BinaryOp.convert TestAsset.collateral TestAsset.usd) (Expr.lit 1) (Expr.lit 2)
info: DefiKernel/Typed/ExprTests.lean:179:0: Expr.binary (BinaryOp.convert TestAsset.collateral TestAsset.usd) (Expr.lit 1)
  sorry : Expr Bool TestAsset Bool [] (Unit.amount TestAsset.usd)
info: DefiKernel/Typed/ExprTests.lean:183:28: Application type mismatch: The argument
  BinaryOp.scale (NumericUnit.amount TestAsset.debt)
has type
  BinaryOp TestAsset Unit.scalar (NumericUnit.amount TestAsset.debt).toUnit (NumericUnit.amount TestAsset.debt).toUnit
but is expected to have type
  BinaryOp TestAsset ?m.16 (Unit.amount TestAsset.debt) (Unit.amount TestAsset.usd)
in the application
  Expr.binary (BinaryOp.scale (NumericUnit.amount TestAsset.debt))
ℹ [901/929] Replayed DefiKernel.Typed.AuthorityTests
info: DefiKernel/Typed/AuthorityTests.lean:121:0: [("authority_issue_succeeds_with_id_zero", true), ("authority_unauthorized_issuer", true),
  ("authority_issuer_wrong_authenticated_domain", true), ("authority_unknown_operation_grant", true),
  ("authority_foreign_operation_grant", true), ("authority_foreign_debit_resource_grant", true),
  ("authority_foreign_supply_resource_grant", true), ("authority_invoke_live_holder", true),
  ("authority_debit_live_holder", true), ("authority_supply_live_holder", true), ("authority_wrong_holder", true),
  ("authority_wrong_authenticated_domain", true), ("authority_unknown_capability", true),
  ("authority_empty_capability_request", true), ("authority_wrong_operation", true),
  ("authority_wrong_debit_owner", true), ("authority_wrong_debit_asset", true), ("authority_wrong_supply_asset", true),
  ("authority_right_kind_mismatch", true), ("authority_duplicates_preserve_success", true),
  ("authority_duplicates_add_no_right", true), ("authority_unauthorized_revoker", true),
  ("authority_revoker_wrong_authenticated_domain", true), ("authority_unknown_revocation", true),
  ("authority_same_request_before_revoke", true), ("authority_revoke_accepted", true),
  ("authority_same_request_after_revoke", true), ("authority_revoke_keeps_invoke_sibling", true),
  ("authority_revoke_keeps_supply_sibling", true), ("authority_revoke_is_idempotent", true),
  ("authority_reissue_receives_fresh_id_three", true), ("authority_reissued_right_usable_by_new_id", true),
  ("authority_old_revoked_id_remains_unusable", true), ("authority_foreign_grant_positive_sibling", true),
  ("authority_foreign_grant_cannot_authorize_local_context", true),
  ("authority_other_operation_positive_sibling", true), ("authority_other_operation_cannot_authorize_original", true)]
info: DefiKernel/Typed/AuthorityTests.lean:122:0: 37
⚠ [923/929] Replayed DefiKernel.Typed.Transition
warning: DefiKernel/Typed/Transition.lean:237:20: `simp_all [throw, throwThe]` is a flexible tactic modifying `⊢`. Try `simp_all?` and use the suggested `simp_all only [...]`. Alternatively, use `suffices` to explicitly state the simplified form.

Note: This linter can be disabled with `set_option linter.flexible false`
info: DefiKernel/Typed/Transition.lean:237:20: Try this:
  [apply] simp_all only [or_false, Prod.forall, true_and]
info: DefiKernel/Typed/Transition.lean:242:6: `rename_i args`
modifies the current goal, which was modified by the flexible tactic `simp_all` on line 237!
warning: DefiKernel/Typed/Transition.lean:237:20: `simp_all [throw, throwThe]` is a flexible tactic modifying `⊢`. Try `simp_all?` and use the suggested `simp_all only [...]`. Alternatively, use `suffices` to explicitly state the simplified form.

Note: This linter can be disabled with `set_option linter.flexible false`
info: DefiKernel/Typed/Transition.lean:237:20: Try this:
  [apply] simp_all only [Option.some.injEq, false_or, Prod.forall]
info: DefiKernel/Typed/Transition.lean:242:6: `rename_i args`
modifies the current goal, which was modified by the flexible tactic `simp_all` on line 237!
ℹ [925/929] Replayed DefiKernel.Typed.Acceptance
info: DefiKernel/Typed/Acceptance.lean:255:0: reference_initial_all_cells: true
reference_provisioned_twelve_grants: true
reference_transfer_full_post: true
reference_deposit_full_post: true
reference_withdraw_full_post: true
reference_borrow_full_post: true
reference_collateral_boundary_accept: true
reference_fractional_deposit: true
reference_zero_transfer: true
reference_self_transfer: true
reference_zero_deposit: true
reference_zero_withdraw: true
reference_zero_borrow: true
reference_negative_transfer: true
reference_negative_deposit: true
reference_negative_withdraw: true
reference_negative_borrow: true
reference_transfer_capabilities_preserved: true
reference_deposit_capabilities_preserved: true
reference_withdraw_capabilities_preserved: true
reference_borrow_capabilities_preserved: true
reference_unknown_operation: true
reference_wrong_holder: true
reference_claimed_actor_mismatch: true
reference_claimed_actor_correct: true
reference_wrong_domain: true
reference_wrong_operation_capabilities: true
reference_unknown_capability: true
reference_missing_debit: true
reference_missing_share_supply: true
reference_missing_debt_supply: true
reference_duplicate_capabilities: true
reference_revoked_invocation: true
reference_live_repeat_same_request: true
reference_issue_use_revoke_same_request: true
reference_resource_revoked_same_request: true
reference_unrelated_revocation: true
reference_revocation_tombstone: true
reference_reissue_fresh_id: true
reference_reissued_new_id_works: true
reference_old_id_stays_revoked: true
reference_unauthorized_issue: true
reference_unauthorized_revoke: true
reference_oracle_age_boundary_accept: true
reference_oracle_stale: true
reference_oracle_zero: true
reference_oracle_negative: true
reference_oracle_positive_zero_exposure: true
reference_oracle_zero_independent: true
reference_oracle_negative_independent: true
reference_oracle_future: true
reference_oracle_wrong_feed: true
reference_oracle_missing: true
reference_oracle_wrong_dimension: true
reference_collateral_exceeded: true
reference_transfer_insufficient: true
reference_deposit_insufficient: true
reference_withdraw_insufficient: true
reference_pool_illiquid: true
reference_wrong_argument_dimension: true
reference_missing_argument: true
reference_missing_party: true
reference_missing_write: true
reference_missing_guard_state_read: true
reference_missing_guard_env_read: true
reference_declared_effect_read: true
reference_missing_effect_read: true
reference_unbalanced: true
reference_wrong_asset_accounting: true
reference_zero_divisor: true
⚠ [927/929] Built DefiKernel.Typed.TransitionTests (1.1s)
warning: DefiKernel/Typed/TransitionTests.lean:160:100: This line exceeds the 100 character limit, please shorten it!

Note: This linter can be disabled with `set_option linter.style.longLine false`
warning: DefiKernel/Typed/TransitionTests.lean:170:100: This line exceeds the 100 character limit, please shorten it!

Note: This linter can be disabled with `set_option linter.style.longLine false`
info: DefiKernel/Typed/TransitionTests.lean:242:0: transition_transfer_exact: true
transition_issue_all_rights: true
transition_unknown_operation: true
transition_claimed_actor_ok: true
transition_claimed_actor_wrong: true
transition_wrong_cap_holder: true
transition_context_domain: true
transition_party_arity: true
transition_argument_count: true
transition_invoke_required: true
transition_guard_false: true
transition_guard_read_ok: true
transition_guard_read_missing: true
transition_effect_read_ok: true
transition_effect_read_missing: true
transition_inactive_read_ok: true
transition_inactive_read_missing: true
transition_supply_read_ok: true
transition_supply_only_read_ok: true
transition_supply_only_read_missing: true
transition_observed_ok: true
transition_env_read_missing: true
transition_observation_missing: true
transition_foreign_state_read: true
transition_foreign_effect: true
transition_debit_required: true
transition_revoked_debit: true
transition_mint_ok: true
transition_supply_required: true
transition_insufficient_funds: true
transition_unbalanced: true
transition_mismatched_supply: true
transition_wrong_asset_accounting: true
transition_missing_write: true
transition_repeated_effects_sum: true
transition_repeated_supply_sum: true
transition_duplicate_cap_ids: true
transition_positive_provisioning: true
transition_revoked_tombstone_exact: true
transition_clock_read_ok: true
transition_now_read_missing: true
transition_timestamp_read_missing: true
transition_foreign_supply: true
transition_foreign_observation_ok: true
transition_foreign_netzero_ok: true
ℹ [928/929] Built DefiKernel.Typed.Audit (785ms)
info: DefiKernel/Typed/Audit.lean:14:0: expr_exact_price_conversion: true
expr_explicit_debt_valuation: true
expr_inverse_price_conversion: true
expr_exact_fractional_conversion: true
expr_same_unit_addition: true
expr_scalar_scaling: true
expr_signed_negation: true
expr_safe_scalar_division: true
expr_zero_scalar_division_refused: true
expr_safe_ratio: true
expr_zero_ratio_refused: true
expr_zero_inverse_price_refused: true
expr_missing_observation_refused: true
expr_wrong_observation_unit_refused: true
expr_tracked_freshness: true
expr_stale_observation: true
expr_missing_timestamp_refused: true
expr_fresh_time_tracked: true
expr_timestamp_observation_tracked: true
expr_inactive_environment_branch_tracked: true
expr_inactive_state_branch_tracked: true
expr_inactive_missing_branch_not_evaluated: true
expr_boolean_and_is_eager: true
expr_boolean_or_is_eager: true
expr_successful_party_lookup: true
expr_failed_party_lookup_refused: true
expr_concrete_read_resolution: true
expr_footprint_party_lookup_refused: true
expr_checked_argument: true
expr_wrong_argument_unit_refused: true
expr_missing_argument_refused: true
expr_excess_argument_refused: true
expr_unrelated_balance_change: true
expr_read_change_observed: true
authority_issue_succeeds_with_id_zero: true
authority_unauthorized_issuer: true
authority_issuer_wrong_authenticated_domain: true
authority_unknown_operation_grant: true
authority_foreign_operation_grant: true
authority_foreign_debit_resource_grant: true
authority_foreign_supply_resource_grant: true
authority_invoke_live_holder: true
authority_debit_live_holder: true
authority_supply_live_holder: true
authority_wrong_holder: true
authority_wrong_authenticated_domain: true
authority_unknown_capability: true
authority_empty_capability_request: true
authority_wrong_operation: true
authority_wrong_debit_owner: true
authority_wrong_debit_asset: true
authority_wrong_supply_asset: true
authority_right_kind_mismatch: true
authority_duplicates_preserve_success: true
authority_duplicates_add_no_right: true
authority_unauthorized_revoker: true
authority_revoker_wrong_authenticated_domain: true
authority_unknown_revocation: true
authority_same_request_before_revoke: true
authority_revoke_accepted: true
authority_same_request_after_revoke: true
authority_revoke_keeps_invoke_sibling: true
authority_revoke_keeps_supply_sibling: true
authority_revoke_is_idempotent: true
authority_reissue_receives_fresh_id_three: true
authority_reissued_right_usable_by_new_id: true
authority_old_revoked_id_remains_unusable: true
authority_foreign_grant_positive_sibling: true
authority_foreign_grant_cannot_authorize_local_context: true
authority_other_operation_positive_sibling: true
authority_other_operation_cannot_authorize_original: true
transition_transfer_exact: true
transition_issue_all_rights: true
transition_unknown_operation: true
transition_claimed_actor_ok: true
transition_claimed_actor_wrong: true
transition_wrong_cap_holder: true
transition_context_domain: true
transition_party_arity: true
transition_argument_count: true
transition_invoke_required: true
transition_guard_false: true
transition_guard_read_ok: true
transition_guard_read_missing: true
transition_effect_read_ok: true
transition_effect_read_missing: true
transition_inactive_read_ok: true
transition_inactive_read_missing: true
transition_supply_read_ok: true
transition_supply_only_read_ok: true
transition_supply_only_read_missing: true
transition_observed_ok: true
transition_env_read_missing: true
transition_observation_missing: true
transition_foreign_state_read: true
transition_foreign_effect: true
transition_debit_required: true
transition_revoked_debit: true
transition_mint_ok: true
transition_supply_required: true
transition_insufficient_funds: true
transition_unbalanced: true
transition_mismatched_supply: true
transition_wrong_asset_accounting: true
transition_missing_write: true
transition_repeated_effects_sum: true
transition_repeated_supply_sum: true
transition_duplicate_cap_ids: true
transition_positive_provisioning: true
transition_revoked_tombstone_exact: true
transition_clock_read_ok: true
transition_now_read_missing: true
transition_timestamp_read_missing: true
transition_foreign_supply: true
transition_foreign_observation_ok: true
transition_foreign_netzero_ok: true
reference_initial_all_cells: true
reference_provisioned_twelve_grants: true
reference_transfer_full_post: true
reference_deposit_full_post: true
reference_withdraw_full_post: true
reference_borrow_full_post: true
reference_collateral_boundary_accept: true
reference_fractional_deposit: true
reference_zero_transfer: true
reference_self_transfer: true
reference_zero_deposit: true
reference_zero_withdraw: true
reference_zero_borrow: true
reference_negative_transfer: true
reference_negative_deposit: true
reference_negative_withdraw: true
reference_negative_borrow: true
reference_transfer_capabilities_preserved: true
reference_deposit_capabilities_preserved: true
reference_withdraw_capabilities_preserved: true
reference_borrow_capabilities_preserved: true
reference_unknown_operation: true
reference_wrong_holder: true
reference_claimed_actor_mismatch: true
reference_claimed_actor_correct: true
reference_wrong_domain: true
reference_wrong_operation_capabilities: true
reference_unknown_capability: true
reference_missing_debit: true
reference_missing_share_supply: true
reference_missing_debt_supply: true
reference_duplicate_capabilities: true
reference_revoked_invocation: true
reference_live_repeat_same_request: true
reference_issue_use_revoke_same_request: true
reference_resource_revoked_same_request: true
reference_unrelated_revocation: true
reference_revocation_tombstone: true
reference_reissue_fresh_id: true
reference_reissued_new_id_works: true
reference_old_id_stays_revoked: true
reference_unauthorized_issue: true
reference_unauthorized_revoke: true
reference_oracle_age_boundary_accept: true
reference_oracle_stale: true
reference_oracle_zero: true
reference_oracle_negative: true
reference_oracle_positive_zero_exposure: true
reference_oracle_zero_independent: true
reference_oracle_negative_independent: true
reference_oracle_future: true
reference_oracle_wrong_feed: true
reference_oracle_missing: true
reference_oracle_wrong_dimension: true
reference_collateral_exceeded: true
reference_transfer_insufficient: true
reference_deposit_insufficient: true
reference_withdraw_insufficient: true
reference_pool_illiquid: true
reference_wrong_argument_dimension: true
reference_missing_argument: true
reference_missing_party: true
reference_missing_write: true
reference_missing_guard_state_read: true
reference_missing_guard_env_read: true
reference_declared_effect_read: true
reference_missing_effect_read: true
reference_unbalanced: true
reference_wrong_asset_accounting: true
reference_zero_divisor: true
⚠ [929/929] Built DefiKernel.Typed.Verify (3.3s)
warning: DefiKernel/Typed/Verify.lean:1:1: * '-/':
Copyright too short!


Note: This linter can be disabled with `set_option linter.style.header false`
info: DefiKernel/Typed/Verify.lean:7:0: AXIOM AUDIT scope: imported module prefix DefiKernel.Typed; modules=[DefiKernel.Typed.Types,
 DefiKernel.Typed.Expr,
 DefiKernel.Typed.ExprTests,
 DefiKernel.Typed.Authority,
 DefiKernel.Typed.AuthorityTests,
 DefiKernel.Typed.Transition,
 DefiKernel.Typed.TransitionTests,
 DefiKernel.Typed.Examples,
 DefiKernel.Typed.Acceptance,
 DefiKernel.Typed.Audit]
info: DefiKernel/Typed/Verify.lean:7:0: AXIOM AUDIT theorem: DefiKernel.Typed.applyEvaluated_accounting; module=DefiKernel.Typed.Transition; axioms=[propext,
 Classical.choice,
 Quot.sound]
info: DefiKernel/Typed/Verify.lean:7:0: AXIOM AUDIT theorem: DefiKernel.Typed.applyEvaluated_debit_authority; module=DefiKernel.Typed.Transition; axioms=[propext,
 Classical.choice,
 Quot.sound]
info: DefiKernel/Typed/Verify.lean:7:0: AXIOM AUDIT theorem: DefiKernel.Typed.applyEvaluated_locality; module=DefiKernel.Typed.Transition; axioms=[propext,
 Classical.choice,
 Quot.sound]
info: DefiKernel/Typed/Verify.lean:7:0: AXIOM AUDIT theorem: DefiKernel.Typed.applyEvaluated_ok_iff; module=DefiKernel.Typed.Transition; axioms=[propext,
 Classical.choice,
 Quot.sound]
info: DefiKernel/Typed/Verify.lean:7:0: AXIOM AUDIT theorem: DefiKernel.Typed.applyEvaluated_supply_authority; module=DefiKernel.Typed.Transition; axioms=[propext,
 Classical.choice,
 Quot.sound]
info: DefiKernel/Typed/Verify.lean:7:0: AXIOM AUDIT theorem: DefiKernel.Typed.authority_checks_pass; module=DefiKernel.Typed.AuthorityTests; axioms=[propext]
info: DefiKernel/Typed/Verify.lean:7:0: AXIOM AUDIT theorem: DefiKernel.Typed.authorizesId_iff; module=DefiKernel.Typed.Authority; axioms=[propext, Quot.sound]
info: DefiKernel/Typed/Verify.lean:7:0: AXIOM AUDIT theorem: DefiKernel.Typed.execute_accounting_and_locality; module=DefiKernel.Typed.Transition; axioms=[propext,
 Classical.choice,
 Quot.sound]
info: DefiKernel/Typed/Verify.lean:7:0: AXIOM AUDIT theorem: DefiKernel.Typed.execute_debit_authority; module=DefiKernel.Typed.Transition; axioms=[propext,
 Classical.choice,
 Quot.sound]
info: DefiKernel/Typed/Verify.lean:7:0: AXIOM AUDIT theorem: DefiKernel.Typed.execute_evaluated; module=DefiKernel.Typed.Transition; axioms=[propext,
 Classical.choice,
 Quot.sound]
info: DefiKernel/Typed/Verify.lean:7:0: AXIOM AUDIT theorem: DefiKernel.Typed.execute_invocation_authority; module=DefiKernel.Typed.Transition; axioms=[propext,
 Classical.choice,
 Quot.sound]
info: DefiKernel/Typed/Verify.lean:7:0: AXIOM AUDIT theorem: DefiKernel.Typed.execute_nonnegative; module=DefiKernel.Typed.Transition; axioms=[propext,
 Classical.choice,
 Quot.sound]
info: DefiKernel/Typed/Verify.lean:7:0: AXIOM AUDIT theorem: DefiKernel.Typed.execute_ok_iff; module=DefiKernel.Typed.Transition; axioms=[propext,
 Classical.choice,
 Quot.sound]
info: DefiKernel/Typed/Verify.lean:7:0: AXIOM AUDIT theorem: DefiKernel.Typed.execute_preserves_capabilities; module=DefiKernel.Typed.Transition; axioms=[propext,
 Classical.choice,
 Quot.sound]
info: DefiKernel/Typed/Verify.lean:7:0: AXIOM AUDIT theorem: DefiKernel.Typed.execute_reads_and_domain; module=DefiKernel.Typed.Transition; axioms=[propext,
 Classical.choice,
 Quot.sound]
info: DefiKernel/Typed/Verify.lean:7:0: AXIOM AUDIT theorem: DefiKernel.Typed.execute_supply_authority; module=DefiKernel.Typed.Transition; axioms=[propext,
 Classical.choice,
 Quot.sound]
info: DefiKernel/Typed/Verify.lean:7:0: AXIOM AUDIT theorem: DefiKernel.Typed.hasAuthority_duplicate; module=DefiKernel.Typed.Authority; axioms=[propext]
info: DefiKernel/Typed/Verify.lean:7:0: AXIOM AUDIT theorem: DefiKernel.Typed.hasAuthority_iff; module=DefiKernel.Typed.Authority; axioms=[propext, Quot.sound]
info: DefiKernel/Typed/Verify.lean:7:0: AXIOM AUDIT theorem: DefiKernel.Typed.issueCapability_admin; module=DefiKernel.Typed.Authority; axioms=[propext]
info: DefiKernel/Typed/Verify.lean:7:0: AXIOM AUDIT theorem: DefiKernel.Typed.issueCapability_fresh; module=DefiKernel.Typed.Authority; axioms=[propext]
info: DefiKernel/Typed/Verify.lean:7:0: AXIOM AUDIT theorem: DefiKernel.Typed.issueCapability_keeps_revoked; module=DefiKernel.Typed.Authority; axioms=[propext,
 Quot.sound]
info: DefiKernel/Typed/Verify.lean:7:0: AXIOM AUDIT theorem: DefiKernel.Typed.issueCapability_ne_existing; module=DefiKernel.Typed.Authority; axioms=[propext]
info: DefiKernel/Typed/Verify.lean:7:0: AXIOM AUDIT theorem: DefiKernel.Typed.issueCapability_ok_iff; module=DefiKernel.Typed.Authority; axioms=[propext]
info: DefiKernel/Typed/Verify.lean:7:0: AXIOM AUDIT theorem: DefiKernel.Typed.issueCapability_preserves_other; module=DefiKernel.Typed.Authority; axioms=[propext,
 Quot.sound]
info: DefiKernel/Typed/Verify.lean:7:0: AXIOM AUDIT theorem: DefiKernel.Typed.lookup_nextId; module=DefiKernel.Typed.Authority; axioms=[propext]
info: DefiKernel/Typed/Verify.lean:7:0: AXIOM AUDIT theorem: DefiKernel.Typed.numericRat_numericValue; module=DefiKernel.Typed.Types; axioms=[]
info: DefiKernel/Typed/Verify.lean:7:0: AXIOM AUDIT theorem: DefiKernel.Typed.numericValue_numericRat; module=DefiKernel.Typed.Types; axioms=[]
info: DefiKernel/Typed/Verify.lean:7:0: AXIOM AUDIT theorem: DefiKernel.Typed.readBalance_congr; module=DefiKernel.Typed.Expr; axioms=[propext, Quot.sound]
info: DefiKernel/Typed/Verify.lean:7:0: AXIOM AUDIT theorem: DefiKernel.Typed.revokeCapability_admin; module=DefiKernel.Typed.Authority; axioms=[propext,
 Quot.sound]
info: DefiKernel/Typed/Verify.lean:7:0: AXIOM AUDIT theorem: DefiKernel.Typed.revokeCapability_cannot_use; module=DefiKernel.Typed.Authority; axioms=[propext,
 Quot.sound]
info: DefiKernel/Typed/Verify.lean:7:0: AXIOM AUDIT theorem: DefiKernel.Typed.revokeCapability_ok_iff; module=DefiKernel.Typed.Authority; axioms=[propext,
 Quot.sound]
info: DefiKernel/Typed/Verify.lean:7:0: AXIOM AUDIT theorem: DefiKernel.Typed.revokeCapability_preserves_other; module=DefiKernel.Typed.Authority; axioms=[propext,
 Quot.sound]
info: DefiKernel/Typed/Verify.lean:7:0: AXIOM AUDIT theorem: DefiKernel.Typed.revokeCapability_tombstone; module=DefiKernel.Typed.Authority; axioms=[propext,
 Quot.sound]
info: DefiKernel/Typed/Verify.lean:7:0: AXIOM AUDIT theorem: DefiKernel.Typed.Acceptance.borrow_executed; module=DefiKernel.Typed.Acceptance; axioms=[propext,
 Classical.choice,
 Quot.sound]
info: DefiKernel/Typed/Verify.lean:7:0: AXIOM AUDIT theorem: DefiKernel.Typed.Acceptance.deposit_executed; module=DefiKernel.Typed.Acceptance; axioms=[propext,
 Classical.choice,
 Quot.sound]
info: DefiKernel/Typed/Verify.lean:7:0: AXIOM AUDIT theorem: DefiKernel.Typed.Acceptance.issued_used_revoked_refused; module=DefiKernel.Typed.Acceptance; axioms=[propext,
 Classical.choice,
 Quot.sound]
info: DefiKernel/Typed/Verify.lean:7:0: AXIOM AUDIT theorem: DefiKernel.Typed.Acceptance.reference_capabilities_preserved; module=DefiKernel.Typed.Acceptance; axioms=[propext,
 Classical.choice,
 Quot.sound]
info: DefiKernel/Typed/Verify.lean:7:0: AXIOM AUDIT theorem: DefiKernel.Typed.Acceptance.reference_invocation_authority; module=DefiKernel.Typed.Acceptance; axioms=[propext,
 Classical.choice,
 Quot.sound]
info: DefiKernel/Typed/Verify.lean:7:0: AXIOM AUDIT theorem: DefiKernel.Typed.Acceptance.revoked_request_refused; module=DefiKernel.Typed.Acceptance; axioms=[propext,
 Classical.choice,
 Quot.sound]
info: DefiKernel/Typed/Verify.lean:7:0: AXIOM AUDIT theorem: DefiKernel.Typed.Acceptance.stale_oracle_refused; module=DefiKernel.Typed.Acceptance; axioms=[propext,
 Classical.choice,
 Quot.sound]
info: DefiKernel/Typed/Verify.lean:7:0: AXIOM AUDIT theorem: DefiKernel.Typed.Acceptance.transfer_executed; module=DefiKernel.Typed.Acceptance; axioms=[propext,
 Classical.choice,
 Quot.sound]
info: DefiKernel/Typed/Verify.lean:7:0: AXIOM AUDIT theorem: DefiKernel.Typed.Acceptance.withdraw_executed; module=DefiKernel.Typed.Acceptance; axioms=[propext,
 Classical.choice,
 Quot.sound]
info: DefiKernel/Typed/Verify.lean:7:0: AXIOM AUDIT theorem: DefiKernel.Typed.AuthorityFailure.ofNat_ctorIdx; module=DefiKernel.Typed.Authority; axioms=[]
info: DefiKernel/Typed/Verify.lean:7:0: AXIOM AUDIT theorem: DefiKernel.Typed.EvalFailure.ofNat_ctorIdx; module=DefiKernel.Typed.Types; axioms=[]
info: DefiKernel/Typed/Verify.lean:7:0: AXIOM AUDIT theorem: DefiKernel.Typed.Evaluated.effect_cons; module=DefiKernel.Typed.Transition; axioms=[propext,
 Classical.choice,
 Quot.sound]
info: DefiKernel/Typed/Verify.lean:7:0: AXIOM AUDIT theorem: DefiKernel.Typed.Evaluated.supply_cons; module=DefiKernel.Typed.Transition; axioms=[propext,
 Classical.choice,
 Quot.sound]
info: DefiKernel/Typed/Verify.lean:7:0: AXIOM AUDIT theorem: DefiKernel.Typed.Examples.allCells_complete; module=DefiKernel.Typed.Examples; axioms=[propext]
info: DefiKernel/Typed/Verify.lean:7:0: AXIOM AUDIT theorem: DefiKernel.Typed.Examples.allCells_nodup; module=DefiKernel.Typed.Examples; axioms=[]
info: DefiKernel/Typed/Verify.lean:7:0: AXIOM AUDIT theorem: DefiKernel.Typed.Expr.eval_congr; module=DefiKernel.Typed.Expr; axioms=[propext,
 Classical.choice,
 Quot.sound]
info: DefiKernel/Typed/Verify.lean:7:0: AXIOM AUDIT theorem: DefiKernel.Typed.Expr.eval_congr_of_resolved; module=DefiKernel.Typed.Expr; axioms=[propext,
 Classical.choice,
 Quot.sound]
info: DefiKernel/Typed/Verify.lean:7:0: AXIOM AUDIT theorem: DefiKernel.Typed.ExprTests.inverse_price_exact; module=DefiKernel.Typed.ExprTests; axioms=[propext,
 Classical.choice,
 Quot.sound]
info: DefiKernel/Typed/Verify.lean:7:0: AXIOM AUDIT theorem: DefiKernel.Typed.ExprTests.price_conversion_exact; module=DefiKernel.Typed.ExprTests; axioms=[propext,
 Classical.choice,
 Quot.sound]
info: DefiKernel/Typed/Verify.lean:7:0: AXIOM AUDIT theorem: DefiKernel.Typed.ExprTests.unrelated_balance_preserved; module=DefiKernel.Typed.ExprTests; axioms=[propext,
 Classical.choice,
 Quot.sound]
info: DefiKernel/Typed/Verify.lean:7:0: AXIOM AUDIT theorem: DefiKernel.Typed.ExprTests.zero_division_refused; module=DefiKernel.Typed.ExprTests; axioms=[propext,
 Classical.choice,
 Quot.sound]
info: DefiKernel/Typed/Verify.lean:7:0: AXIOM AUDIT theorem: DefiKernel.Typed.Quantity.nonneg; module=DefiKernel.Typed.Types; axioms=[propext, Quot.sound]
info: DefiKernel/Typed/Verify.lean:7:0: AXIOM AUDIT theorem: DefiKernel.Typed.State.nonneg; module=DefiKernel.Typed.Types; axioms=[propext, Quot.sound]
info: DefiKernel/Typed/Verify.lean:7:0: AXIOM AUDIT theorem: DefiKernel.Typed.applyEvaluated_ok_iff._simp_1_12; module=DefiKernel.Typed.Transition; axioms=[propext,
 Quot.sound]
info: DefiKernel/Typed/Verify.lean:7:0: AXIOM AUDIT theorem: DefiKernel.Typed.authorizesId.congr_simp; module=DefiKernel.Typed.Authority; axioms=[propext,
 Quot.sound]
info: DefiKernel/Typed/Verify.lean:7:0: AXIOM AUDIT theorem: DefiKernel.Typed.authorizesId.eq_1; module=DefiKernel.Typed.Authority; axioms=[propext]
info: DefiKernel/Typed/Verify.lean:7:0: AXIOM AUDIT theorem: DefiKernel.Typed.execute_ok_iff._simp_1_4; module=DefiKernel.Typed.Transition; axioms=[propext,
 Quot.sound]
info: DefiKernel/Typed/Verify.lean:7:0: AXIOM AUDIT theorem: DefiKernel.Typed.execute_ok_iff._simp_1_6; module=DefiKernel.Typed.Transition; axioms=[propext,
 Classical.choice,
 Quot.sound]
info: DefiKernel/Typed/Verify.lean:7:0: AXIOM AUDIT theorem: DefiKernel.Typed.hasAuthority.congr_simp; module=DefiKernel.Typed.Transition; axioms=[propext,
 Quot.sound]
info: DefiKernel/Typed/Verify.lean:7:0: AXIOM AUDIT theorem: DefiKernel.Typed.hasAuthority.eq_1; module=DefiKernel.Typed.Authority; axioms=[propext]
info: DefiKernel/Typed/Verify.lean:7:0: AXIOM AUDIT theorem: DefiKernel.Typed.instDecidableEqAuthorityFailure._proof_1; module=DefiKernel.Typed.Authority; axioms=[]
info: DefiKernel/Typed/Verify.lean:7:0: AXIOM AUDIT theorem: DefiKernel.Typed.instDecidableEqAuthorityFailure._proof_2; module=DefiKernel.Typed.Authority; axioms=[]
info: DefiKernel/Typed/Verify.lean:7:0: AXIOM AUDIT theorem: DefiKernel.Typed.instDecidableEqEvalFailure._proof_1; module=DefiKernel.Typed.Types; axioms=[]
info: DefiKernel/Typed/Verify.lean:7:0: AXIOM AUDIT theorem: DefiKernel.Typed.instDecidableEqEvalFailure._proof_2; module=DefiKernel.Typed.Types; axioms=[]
info: DefiKernel/Typed/Verify.lean:7:0: AXIOM AUDIT theorem: DefiKernel.Typed.instDecidableEqValue._proof_1; module=DefiKernel.Typed.Types; axioms=[]
info: DefiKernel/Typed/Verify.lean:7:0: AXIOM AUDIT theorem: DefiKernel.Typed.instDecidableEqValue._proof_2; module=DefiKernel.Typed.Types; axioms=[]
info: DefiKernel/Typed/Verify.lean:7:0: AXIOM AUDIT theorem: DefiKernel.Typed.instDecidableEqValue._proof_3; module=DefiKernel.Typed.Types; axioms=[]
info: DefiKernel/Typed/Verify.lean:7:0: AXIOM AUDIT theorem: DefiKernel.Typed.instDecidableEqValue._proof_4; module=DefiKernel.Typed.Types; axioms=[]
info: DefiKernel/Typed/Verify.lean:7:0: AXIOM AUDIT theorem: DefiKernel.Typed.instDecidableEqValue._proof_5; module=DefiKernel.Typed.Types; axioms=[]
info: DefiKernel/Typed/Verify.lean:7:0: AXIOM AUDIT theorem: DefiKernel.Typed.isDomainAdmin.congr_simp; module=DefiKernel.Typed.Authority; axioms=[Quot.sound]
info: DefiKernel/Typed/Verify.lean:7:0: AXIOM AUDIT theorem: DefiKernel.Typed.isDomainAdmin.eq_1; module=DefiKernel.Typed.Authority; axioms=[]
info: DefiKernel/Typed/Verify.lean:7:0: AXIOM AUDIT theorem: DefiKernel.Typed.issueCapability_preserves_other._proof_1_5; module=DefiKernel.Typed.Authority; axioms=[propext,
 Quot.sound]
info: DefiKernel/Typed/Verify.lean:7:0: AXIOM AUDIT theorem: DefiKernel.Typed.issueCapability_preserves_other._proof_1_6; module=DefiKernel.Typed.Authority; axioms=[propext,
 Quot.sound]
info: DefiKernel/Typed/Verify.lean:7:0: AXIOM AUDIT theorem: DefiKernel.Typed.issueCapability_preserves_other._proof_1_7; module=DefiKernel.Typed.Authority; axioms=[propext,
 Quot.sound]
info: DefiKernel/Typed/Verify.lean:7:0: AXIOM AUDIT theorem: DefiKernel.Typed.readBalance.eq_1; module=DefiKernel.Typed.Expr; axioms=[propext, Quot.sound]
info: DefiKernel/Typed/Verify.lean:7:0: AXIOM AUDIT theorem: DefiKernel.Typed.readObservation.eq_1; module=DefiKernel.Typed.Expr; axioms=[]
info: DefiKernel/Typed/Verify.lean:7:0: AXIOM AUDIT theorem: DefiKernel.Typed.revokeCapability_tombstone._proof_1_1; module=DefiKernel.Typed.Authority; axioms=[propext,
 Quot.sound]
info: DefiKernel/Typed/Verify.lean:7:0: AXIOM AUDIT theorem: DefiKernel.Typed.total.eq_1; module=DefiKernel.Typed.Transition; axioms=[propext,
 Classical.choice,
 Quot.sound]
info: DefiKernel/Typed/Verify.lean:7:0: AXIOM AUDIT theorem: _private.DefiKernel.Typed.Transition.0.Except.map.match_1.eq_1; module=DefiKernel.Typed.Transition; axioms=[]
info: DefiKernel/Typed/Verify.lean:7:0: AXIOM AUDIT theorem: _private.DefiKernel.Typed.Transition.0.Except.map.match_1.eq_2; module=DefiKernel.Typed.Transition; axioms=[]
info: DefiKernel/Typed/Verify.lean:7:0: AXIOM AUDIT theorem: DefiKernel.Typed.Acceptance.borrow_executed._proof_1_1; module=DefiKernel.Typed.Acceptance; axioms=[propext,
 Classical.choice,
 Quot.sound]
info: DefiKernel/Typed/Verify.lean:7:0: AXIOM AUDIT theorem: DefiKernel.Typed.Acceptance.deposit_executed._proof_1_1; module=DefiKernel.Typed.Acceptance; axioms=[propext,
 Classical.choice,
 Quot.sound]
info: DefiKernel/Typed/Verify.lean:7:0: AXIOM AUDIT theorem: DefiKernel.Typed.Acceptance.illiquid._proof_1; module=DefiKernel.Typed.Acceptance; axioms=[propext,
 Quot.sound]
info: DefiKernel/Typed/Verify.lean:7:0: AXIOM AUDIT theorem: DefiKernel.Typed.Acceptance.issued_used_revoked_refused._proof_1_1; module=DefiKernel.Typed.Acceptance; axioms=[propext,
 Classical.choice,
 Quot.sound]
info: DefiKernel/Typed/Verify.lean:7:0: AXIOM AUDIT theorem: DefiKernel.Typed.Acceptance.revoked_request_refused._proof_1_1; module=DefiKernel.Typed.Acceptance; axioms=[propext,
 Classical.choice,
 Quot.sound]
info: DefiKernel/Typed/Verify.lean:7:0: AXIOM AUDIT theorem: DefiKernel.Typed.Acceptance.stale_oracle_refused._proof_1_1; module=DefiKernel.Typed.Acceptance; axioms=[propext,
 Classical.choice,
 Quot.sound]
info: DefiKernel/Typed/Verify.lean:7:0: AXIOM AUDIT theorem: DefiKernel.Typed.Acceptance.transfer_executed._proof_1_1; module=DefiKernel.Typed.Acceptance; axioms=[propext,
 Classical.choice,
 Quot.sound]
info: DefiKernel/Typed/Verify.lean:7:0: AXIOM AUDIT theorem: DefiKernel.Typed.Acceptance.withdraw_executed._proof_1_1; module=DefiKernel.Typed.Acceptance; axioms=[propext,
 Classical.choice,
 Quot.sound]
info: DefiKernel/Typed/Verify.lean:7:0: AXIOM AUDIT theorem: DefiKernel.Typed.Acceptance.zeroExposure._proof_1; module=DefiKernel.Typed.Acceptance; axioms=[propext,
 Quot.sound]
info: DefiKernel/Typed/Verify.lean:7:0: AXIOM AUDIT theorem: DefiKernel.Typed.Args.brecOn.eq; module=DefiKernel.Typed.Expr; axioms=[]
info: DefiKernel/Typed/Verify.lean:7:0: AXIOM AUDIT theorem: DefiKernel.Typed.Args.cons.inj; module=DefiKernel.Typed.Expr; axioms=[]
info: DefiKernel/Typed/Verify.lean:7:0: AXIOM AUDIT theorem: DefiKernel.Typed.Args.cons.injEq; module=DefiKernel.Typed.Expr; axioms=[propext]
info: DefiKernel/Typed/Verify.lean:7:0: AXIOM AUDIT theorem: DefiKernel.Typed.Args.cons.sizeOf_spec; module=DefiKernel.Typed.Expr; axioms=[]
info: DefiKernel/Typed/Verify.lean:7:0: AXIOM AUDIT theorem: DefiKernel.Typed.Args.nil.sizeOf_spec; module=DefiKernel.Typed.Expr; axioms=[]
info: DefiKernel/Typed/Verify.lean:7:0: AXIOM AUDIT theorem: DefiKernel.Typed.AuthorityConfig.mk.inj; module=DefiKernel.Typed.Authority; axioms=[]
info: DefiKernel/Typed/Verify.lean:7:0: AXIOM AUDIT theorem: DefiKernel.Typed.AuthorityConfig.mk.injEq; module=DefiKernel.Typed.Authority; axioms=[propext]
info: DefiKernel/Typed/Verify.lean:7:0: AXIOM AUDIT theorem: DefiKernel.Typed.AuthorityConfig.mk.sizeOf_spec; module=DefiKernel.Typed.Authority; axioms=[]
info: DefiKernel/Typed/Verify.lean:7:0: AXIOM AUDIT theorem: DefiKernel.Typed.AuthorityFailure.operationDomain.sizeOf_spec; module=DefiKernel.Typed.Authority; axioms=[]
info: DefiKernel/Typed/Verify.lean:7:0: AXIOM AUDIT theorem: DefiKernel.Typed.AuthorityFailure.resourceDomain.sizeOf_spec; module=DefiKernel.Typed.Authority; axioms=[]
info: DefiKernel/Typed/Verify.lean:7:0: AXIOM AUDIT theorem: DefiKernel.Typed.AuthorityFailure.unauthorizedAdmin.sizeOf_spec; module=DefiKernel.Typed.Authority; axioms=[]
info: DefiKernel/Typed/Verify.lean:7:0: AXIOM AUDIT theorem: DefiKernel.Typed.AuthorityFailure.unknownCapability.sizeOf_spec; module=DefiKernel.Typed.Authority; axioms=[]
info: DefiKernel/Typed/Verify.lean:7:0: AXIOM AUDIT theorem: DefiKernel.Typed.AuthorityTests.config._proof_1; module=DefiKernel.Typed.AuthorityTests; axioms=[propext]
info: DefiKernel/Typed/Verify.lean:7:0: AXIOM AUDIT theorem: DefiKernel.Typed.AuthorityTests.config._proof_2; module=DefiKernel.Typed.AuthorityTests; axioms=[propext]
info: DefiKernel/Typed/Verify.lean:7:0: AXIOM AUDIT theorem: DefiKernel.Typed.BinaryOp.add.sizeOf_spec; module=DefiKernel.Typed.Expr; axioms=[]
info: DefiKernel/Typed/Verify.lean:7:0: AXIOM AUDIT theorem: DefiKernel.Typed.BinaryOp.and.sizeOf_spec; module=DefiKernel.Typed.Expr; axioms=[]
info: DefiKernel/Typed/Verify.lean:7:0: AXIOM AUDIT theorem: DefiKernel.Typed.BinaryOp.convert.sizeOf_spec; module=DefiKernel.Typed.Expr; axioms=[]
info: DefiKernel/Typed/Verify.lean:7:0: AXIOM AUDIT theorem: DefiKernel.Typed.BinaryOp.divide.sizeOf_spec; module=DefiKernel.Typed.Expr; axioms=[]
info: DefiKernel/Typed/Verify.lean:7:0: AXIOM AUDIT theorem: DefiKernel.Typed.BinaryOp.eq.sizeOf_spec; module=DefiKernel.Typed.Expr; axioms=[]
info: DefiKernel/Typed/Verify.lean:7:0: AXIOM AUDIT theorem: DefiKernel.Typed.BinaryOp.eval.eq_1; module=DefiKernel.Typed.ExprTests; axioms=[propext,
 Classical.choice,
 Quot.sound]
info: DefiKernel/Typed/Verify.lean:7:0: AXIOM AUDIT theorem: DefiKernel.Typed.BinaryOp.eval.eq_10; module=DefiKernel.Typed.ExprTests; axioms=[propext,
 Classical.choice,
 Quot.sound]
info: DefiKernel/Typed/Verify.lean:7:0: AXIOM AUDIT theorem: DefiKernel.Typed.BinaryOp.eval.eq_11; module=DefiKernel.Typed.ExprTests; axioms=[propext,
 Classical.choice,
 Quot.sound]
info: DefiKernel/Typed/Verify.lean:7:0: AXIOM AUDIT theorem: DefiKernel.Typed.BinaryOp.eval.eq_12; module=DefiKernel.Typed.ExprTests; axioms=[propext,
 Classical.choice,
 Quot.sound]
info: DefiKernel/Typed/Verify.lean:7:0: AXIOM AUDIT theorem: DefiKernel.Typed.BinaryOp.eval.eq_2; module=DefiKernel.Typed.ExprTests; axioms=[propext,
 Classical.choice,
 Quot.sound]
info: DefiKernel/Typed/Verify.lean:7:0: AXIOM AUDIT theorem: DefiKernel.Typed.BinaryOp.eval.eq_3; module=DefiKernel.Typed.ExprTests; axioms=[propext,
 Classical.choice,
 Quot.sound]
info: DefiKernel/Typed/Verify.lean:7:0: AXIOM AUDIT theorem: DefiKernel.Typed.BinaryOp.eval.eq_4; module=DefiKernel.Typed.ExprTests; axioms=[propext,
 Classical.choice,
 Quot.sound]
info: DefiKernel/Typed/Verify.lean:7:0: AXIOM AUDIT theorem: DefiKernel.Typed.BinaryOp.eval.eq_5; module=DefiKernel.Typed.ExprTests; axioms=[propext,
 Classical.choice,
 Quot.sound]
info: DefiKernel/Typed/Verify.lean:7:0: AXIOM AUDIT theorem: DefiKernel.Typed.BinaryOp.eval.eq_6; module=DefiKernel.Typed.ExprTests; axioms=[propext,
 Classical.choice,
 Quot.sound]
info: DefiKernel/Typed/Verify.lean:7:0: AXIOM AUDIT theorem: DefiKernel.Typed.BinaryOp.eval.eq_7; module=DefiKernel.Typed.ExprTests; axioms=[propext,
 Classical.choice,
 Quot.sound]
info: DefiKernel/Typed/Verify.lean:7:0: AXIOM AUDIT theorem: DefiKernel.Typed.BinaryOp.eval.eq_8; module=DefiKernel.Typed.ExprTests; axioms=[propext,
 Classical.choice,
 Quot.sound]
info: DefiKernel/Typed/Verify.lean:7:0: AXIOM AUDIT theorem: DefiKernel.Typed.BinaryOp.eval.eq_9; module=DefiKernel.Typed.ExprTests; axioms=[propext,
 Classical.choice,
 Quot.sound]
info: DefiKernel/Typed/Verify.lean:7:0: AXIOM AUDIT theorem: DefiKernel.Typed.BinaryOp.le.sizeOf_spec; module=DefiKernel.Typed.Expr; axioms=[]
info: DefiKernel/Typed/Verify.lean:7:0: AXIOM AUDIT theorem: DefiKernel.Typed.BinaryOp.lt.sizeOf_spec; module=DefiKernel.Typed.Expr; axioms=[]
info: DefiKernel/Typed/Verify.lean:7:0: AXIOM AUDIT theorem: DefiKernel.Typed.BinaryOp.or.sizeOf_spec; module=DefiKernel.Typed.Expr; axioms=[]
info: DefiKernel/Typed/Verify.lean:7:0: AXIOM AUDIT theorem: DefiKernel.Typed.BinaryOp.ratio.sizeOf_spec; module=DefiKernel.Typed.Expr; axioms=[]
info: DefiKernel/Typed/Verify.lean:7:0: AXIOM AUDIT theorem: DefiKernel.Typed.BinaryOp.scale.sizeOf_spec; module=DefiKernel.Typed.Expr; axioms=[]
info: DefiKernel/Typed/Verify.lean:7:0: AXIOM AUDIT theorem: DefiKernel.Typed.BinaryOp.sub.sizeOf_spec; module=DefiKernel.Typed.Expr; axioms=[]
info: DefiKernel/Typed/Verify.lean:7:0: AXIOM AUDIT theorem: DefiKernel.Typed.BinaryOp.unconvert.sizeOf_spec; module=DefiKernel.Typed.Expr; axioms=[]
info: DefiKernel/Typed/Verify.lean:7:0: AXIOM AUDIT theorem: DefiKernel.Typed.Capability.mk.inj; module=DefiKernel.Typed.Authority; axioms=[]
info: DefiKernel/Typed/Verify.lean:7:0: AXIOM AUDIT theorem: DefiKernel.Typed.Capability.mk.injEq; module=DefiKernel.Typed.Authority; axioms=[propext]
info: DefiKernel/Typed/Verify.lean:7:0: AXIOM AUDIT theorem: DefiKernel.Typed.Capability.mk.sizeOf_spec; module=DefiKernel.Typed.Authority; axioms=[]
info: DefiKernel/Typed/Verify.lean:7:0: AXIOM AUDIT theorem: DefiKernel.Typed.CapabilityId.mk.inj; module=DefiKernel.Typed.Types; axioms=[]
info: DefiKernel/Typed/Verify.lean:7:0: AXIOM AUDIT theorem: DefiKernel.Typed.CapabilityId.mk.injEq; module=DefiKernel.Typed.Types; axioms=[propext]
info: DefiKernel/Typed/Verify.lean:7:0: AXIOM AUDIT theorem: DefiKernel.Typed.CapabilityId.mk.sizeOf_spec; module=DefiKernel.Typed.Types; axioms=[]
info: DefiKernel/Typed/Verify.lean:7:0: AXIOM AUDIT theorem: DefiKernel.Typed.CapabilityStore.lookup.eq_1; module=DefiKernel.Typed.Authority; axioms=[propext]
info: DefiKernel/Typed/Verify.lean:7:0: AXIOM AUDIT theorem: DefiKernel.Typed.CapabilityStore.mk.inj; module=DefiKernel.Typed.Authority; axioms=[]
info: DefiKernel/Typed/Verify.lean:7:0: AXIOM AUDIT theorem: DefiKernel.Typed.CapabilityStore.mk.injEq; module=DefiKernel.Typed.Authority; axioms=[propext]
info: DefiKernel/Typed/Verify.lean:7:0: AXIOM AUDIT theorem: DefiKernel.Typed.CapabilityStore.mk.sizeOf_spec; module=DefiKernel.Typed.Authority; axioms=[]
info: DefiKernel/Typed/Verify.lean:7:0: AXIOM AUDIT theorem: DefiKernel.Typed.CapabilityStore.nextId.eq_1; module=DefiKernel.Typed.Authority; axioms=[]
info: DefiKernel/Typed/Verify.lean:7:0: AXIOM AUDIT theorem: DefiKernel.Typed.CellDelta.mk.inj; module=DefiKernel.Typed.Transition; axioms=[]
info: DefiKernel/Typed/Verify.lean:7:0: AXIOM AUDIT theorem: DefiKernel.Typed.CellDelta.mk.injEq; module=DefiKernel.Typed.Transition; axioms=[propext]
info: DefiKernel/Typed/Verify.lean:7:0: AXIOM AUDIT theorem: DefiKernel.Typed.CellDelta.mk.sizeOf_spec; module=DefiKernel.Typed.Transition; axioms=[]
info: DefiKernel/Typed/Verify.lean:7:0: AXIOM AUDIT theorem: DefiKernel.Typed.CellRef.mk.inj; module=DefiKernel.Typed.Types; axioms=[]
info: DefiKernel/Typed/Verify.lean:7:0: AXIOM AUDIT theorem: DefiKernel.Typed.CellRef.mk.injEq; module=DefiKernel.Typed.Types; axioms=[propext]
info: DefiKernel/Typed/Verify.lean:7:0: AXIOM AUDIT theorem: DefiKernel.Typed.CellRef.mk.sizeOf_spec; module=DefiKernel.Typed.Types; axioms=[]
info: DefiKernel/Typed/Verify.lean:7:0: AXIOM AUDIT theorem: DefiKernel.Typed.ClaimId.mk.inj; module=DefiKernel.Typed.Types; axioms=[]
info: DefiKernel/Typed/Verify.lean:7:0: AXIOM AUDIT theorem: DefiKernel.Typed.ClaimId.mk.injEq; module=DefiKernel.Typed.Types; axioms=[propext]
info: DefiKernel/Typed/Verify.lean:7:0: AXIOM AUDIT theorem: DefiKernel.Typed.ClaimId.mk.sizeOf_spec; module=DefiKernel.Typed.Types; axioms=[]
info: DefiKernel/Typed/Verify.lean:7:0: AXIOM AUDIT theorem: DefiKernel.Typed.EnvRead.Agree.eq_1; module=DefiKernel.Typed.Expr; axioms=[propext, Quot.sound]
info: DefiKernel/Typed/Verify.lean:7:0: AXIOM AUDIT theorem: DefiKernel.Typed.EnvRead.Agree.eq_2; module=DefiKernel.Typed.Expr; axioms=[propext, Quot.sound]
info: DefiKernel/Typed/Verify.lean:7:0: AXIOM AUDIT theorem: DefiKernel.Typed.EnvRead.currentTime.sizeOf_spec; module=DefiKernel.Typed.Expr; axioms=[]
info: DefiKernel/Typed/Verify.lean:7:0: AXIOM AUDIT theorem: DefiKernel.Typed.EnvRead.observation.inj; module=DefiKernel.Typed.Expr; axioms=[]
info: DefiKernel/Typed/Verify.lean:7:0: AXIOM AUDIT theorem: DefiKernel.Typed.EnvRead.observation.injEq; module=DefiKernel.Typed.Expr; axioms=[propext]
info: DefiKernel/Typed/Verify.lean:7:0: AXIOM AUDIT theorem: DefiKernel.Typed.EnvRead.observation.sizeOf_spec; module=DefiKernel.Typed.Expr; axioms=[]
info: DefiKernel/Typed/Verify.lean:7:0: AXIOM AUDIT theorem: DefiKernel.Typed.EvalContext.mk.inj; module=DefiKernel.Typed.Expr; axioms=[propext, Quot.sound]
info: DefiKernel/Typed/Verify.lean:7:0: AXIOM AUDIT theorem: DefiKernel.Typed.EvalContext.mk.injEq; module=DefiKernel.Typed.Expr; axioms=[propext, Quot.sound]
info: DefiKernel/Typed/Verify.lean:7:0: AXIOM AUDIT theorem: DefiKernel.Typed.EvalContext.mk.sizeOf_spec; module=DefiKernel.Typed.Expr; axioms=[propext,
 Quot.sound]
info: DefiKernel/Typed/Verify.lean:7:0: AXIOM AUDIT theorem: DefiKernel.Typed.EvalFailure.argumentCount.sizeOf_spec; module=DefiKernel.Typed.Types; axioms=[]
info: DefiKernel/Typed/Verify.lean:7:0: AXIOM AUDIT theorem: DefiKernel.Typed.EvalFailure.argumentUnit.sizeOf_spec; module=DefiKernel.Typed.Types; axioms=[]
info: DefiKernel/Typed/Verify.lean:7:0: AXIOM AUDIT theorem: DefiKernel.Typed.EvalFailure.divisionByZero.sizeOf_spec; module=DefiKernel.Typed.Types; axioms=[]
info: DefiKernel/Typed/Verify.lean:7:0: AXIOM AUDIT theorem: DefiKernel.Typed.EvalFailure.missingObservation.sizeOf_spec; module=DefiKernel.Typed.Types; axioms=[]
info: DefiKernel/Typed/Verify.lean:7:0: AXIOM AUDIT theorem: DefiKernel.Typed.EvalFailure.observationUnit.sizeOf_spec; module=DefiKernel.Typed.Types; axioms=[]
info: DefiKernel/Typed/Verify.lean:7:0: AXIOM AUDIT theorem: DefiKernel.Typed.EvalFailure.partyArgument.sizeOf_spec; module=DefiKernel.Typed.Types; axioms=[]
info: DefiKernel/Typed/Verify.lean:7:0: AXIOM AUDIT theorem: DefiKernel.Typed.Evaluated.Valid.congr_simp; module=DefiKernel.Typed.Transition; axioms=[propext,
 Classical.choice,
 Quot.sound]
info: DefiKernel/Typed/Verify.lean:7:0: AXIOM AUDIT theorem: DefiKernel.Typed.Evaluated.Valid.eq_1; module=DefiKernel.Typed.Transition; axioms=[propext,
 Classical.choice,
 Quot.sound]
info: DefiKernel/Typed/Verify.lean:7:0: AXIOM AUDIT theorem: DefiKernel.Typed.Evaluated.accountingOK.congr_simp; module=DefiKernel.Typed.Transition; axioms=[propext,
 Classical.choice,
 Quot.sound]
info: DefiKernel/Typed/Verify.lean:7:0: AXIOM AUDIT theorem: DefiKernel.Typed.Evaluated.debitsOK.congr_simp; module=DefiKernel.Typed.Transition; axioms=[propext,
 Classical.choice,
 Quot.sound]
info: DefiKernel/Typed/Verify.lean:7:0: AXIOM AUDIT theorem: DefiKernel.Typed.Evaluated.domainOK.congr_simp; module=DefiKernel.Typed.Transition; axioms=[propext,
 Classical.choice,
 Quot.sound]
info: DefiKernel/Typed/Verify.lean:7:0: AXIOM AUDIT theorem: DefiKernel.Typed.Evaluated.effect.congr_simp; module=DefiKernel.Typed.Transition; axioms=[propext,
 Classical.choice,
 Quot.sound]
info: DefiKernel/Typed/Verify.lean:7:0: AXIOM AUDIT theorem: DefiKernel.Typed.Evaluated.effect.eq_1; module=DefiKernel.Typed.Transition; axioms=[propext,
 Classical.choice,
 Quot.sound]
info: DefiKernel/Typed/Verify.lean:7:0: AXIOM AUDIT theorem: DefiKernel.Typed.Evaluated.envReadsOK._proof_1; module=DefiKernel.Typed.Transition; axioms=[]
info: DefiKernel/Typed/Verify.lean:7:0: AXIOM AUDIT theorem: DefiKernel.Typed.Evaluated.envReadsOK.congr_simp; module=DefiKernel.Typed.Transition; axioms=[propext,
 Quot.sound]
info: DefiKernel/Typed/Verify.lean:7:0: AXIOM AUDIT theorem: DefiKernel.Typed.Evaluated.envReadsOK.eq_1; module=DefiKernel.Typed.Transition; axioms=[propext]
info: DefiKernel/Typed/Verify.lean:7:0: AXIOM AUDIT theorem: DefiKernel.Typed.Evaluated.mk.inj; module=DefiKernel.Typed.Transition; axioms=[]
info: DefiKernel/Typed/Verify.lean:7:0: AXIOM AUDIT theorem: DefiKernel.Typed.Evaluated.mk.injEq; module=DefiKernel.Typed.Transition; axioms=[propext]
info: DefiKernel/Typed/Verify.lean:7:0: AXIOM AUDIT theorem: DefiKernel.Typed.Evaluated.mk.sizeOf_spec; module=DefiKernel.Typed.Transition; axioms=[]
info: DefiKernel/Typed/Verify.lean:7:0: AXIOM AUDIT theorem: DefiKernel.Typed.Evaluated.stateReadsOK._proof_1; module=DefiKernel.Typed.Transition; axioms=[propext]
info: DefiKernel/Typed/Verify.lean:7:0: AXIOM AUDIT theorem: DefiKernel.Typed.Evaluated.stateReadsOK.congr_simp; module=DefiKernel.Typed.Transition; axioms=[propext,
 Quot.sound]
info: DefiKernel/Typed/Verify.lean:7:0: AXIOM AUDIT theorem: DefiKernel.Typed.Evaluated.stateReadsOK.eq_1; module=DefiKernel.Typed.Transition; axioms=[propext]
info: DefiKernel/Typed/Verify.lean:7:0: AXIOM AUDIT theorem: DefiKernel.Typed.Evaluated.suppliesOK.congr_simp; module=DefiKernel.Typed.Transition; axioms=[propext,
 Classical.choice,
 Quot.sound]
info: DefiKernel/Typed/Verify.lean:7:0: AXIOM AUDIT theorem: DefiKernel.Typed.Evaluated.supply.congr_simp; module=DefiKernel.Typed.Transition; axioms=[propext,
 Classical.choice,
 Quot.sound]
info: DefiKernel/Typed/Verify.lean:7:0: AXIOM AUDIT theorem: DefiKernel.Typed.Evaluated.supply.eq_1; module=DefiKernel.Typed.Transition; axioms=[propext,
 Classical.choice,
 Quot.sound]
info: DefiKernel/Typed/Verify.lean:7:0: AXIOM AUDIT theorem: DefiKernel.Typed.Evaluated.writesOK.congr_simp; module=DefiKernel.Typed.Transition; axioms=[propext,
 Classical.choice,
 Quot.sound]
info: DefiKernel/Typed/Verify.lean:7:0: AXIOM AUDIT theorem: DefiKernel.Typed.Examples.Asset.ofNat_ctorIdx; module=DefiKernel.Typed.Examples; axioms=[]
info: DefiKernel/Typed/Verify.lean:7:0: AXIOM AUDIT theorem: DefiKernel.Typed.Examples.Domain.ofNat_ctorIdx; module=DefiKernel.Typed.Examples; axioms=[]
info: DefiKernel/Typed/Verify.lean:7:0: AXIOM AUDIT theorem: DefiKernel.Typed.Examples.Party.ofNat_ctorIdx; module=DefiKernel.Typed.Examples; axioms=[]
info: DefiKernel/Typed/Verify.lean:7:0: AXIOM AUDIT theorem: DefiKernel.Typed.Examples.initial._proof_1; module=DefiKernel.Typed.Examples; axioms=[propext,
 Quot.sound]
info: DefiKernel/Typed/Verify.lean:7:0: AXIOM AUDIT theorem: DefiKernel.Typed.Examples.instDecidableEqAsset._proof_1; module=DefiKernel.Typed.Examples; axioms=[]
info: DefiKernel/Typed/Verify.lean:7:0: AXIOM AUDIT theorem: DefiKernel.Typed.Examples.instDecidableEqAsset._proof_2; module=DefiKernel.Typed.Examples; axioms=[]
info: DefiKernel/Typed/Verify.lean:7:0: AXIOM AUDIT theorem: DefiKernel.Typed.Examples.instDecidableEqDomain._proof_1; module=DefiKernel.Typed.Examples; axioms=[]
info: DefiKernel/Typed/Verify.lean:7:0: AXIOM AUDIT theorem: DefiKernel.Typed.Examples.instDecidableEqDomain._proof_2; module=DefiKernel.Typed.Examples; axioms=[]
info: DefiKernel/Typed/Verify.lean:7:0: AXIOM AUDIT theorem: DefiKernel.Typed.Examples.instDecidableEqParty._proof_1; module=DefiKernel.Typed.Examples; axioms=[]
info: DefiKernel/Typed/Verify.lean:7:0: AXIOM AUDIT theorem: DefiKernel.Typed.Examples.instDecidableEqParty._proof_2; module=DefiKernel.Typed.Examples; axioms=[]
info: DefiKernel/Typed/Verify.lean:7:0: AXIOM AUDIT theorem: DefiKernel.Typed.Examples.instFintypeAsset._proof_1; module=DefiKernel.Typed.Examples; axioms=[propext,
 Classical.choice,
 Quot.sound]
info: DefiKernel/Typed/Verify.lean:7:0: AXIOM AUDIT theorem: DefiKernel.Typed.Examples.instFintypeDomain._proof_1; module=DefiKernel.Typed.Examples; axioms=[propext,
 Classical.choice,
 Quot.sound]
info: DefiKernel/Typed/Verify.lean:7:0: AXIOM AUDIT theorem: DefiKernel.Typed.Examples.instFintypeParty._proof_1; module=DefiKernel.Typed.Examples; axioms=[propext,
 Classical.choice,
 Quot.sound]
info: DefiKernel/Typed/Verify.lean:7:0: AXIOM AUDIT theorem: DefiKernel.Typed.ExecutionResult.mk.inj; module=DefiKernel.Typed.Transition; axioms=[propext,
 Quot.sound]
info: DefiKernel/Typed/Verify.lean:7:0: AXIOM AUDIT theorem: DefiKernel.Typed.ExecutionResult.mk.injEq; module=DefiKernel.Typed.Transition; axioms=[propext,
 Quot.sound]
info: DefiKernel/Typed/Verify.lean:7:0: AXIOM AUDIT theorem: DefiKernel.Typed.ExecutionResult.mk.sizeOf_spec; module=DefiKernel.Typed.Transition; axioms=[propext,
 Quot.sound]
info: DefiKernel/Typed/Verify.lean:7:0: AXIOM AUDIT theorem: DefiKernel.Typed.Expr.arg.inj; module=DefiKernel.Typed.Expr; axioms=[]
info: DefiKernel/Typed/Verify.lean:7:0: AXIOM AUDIT theorem: DefiKernel.Typed.Expr.arg.injEq; module=DefiKernel.Typed.Expr; axioms=[propext]
info: DefiKernel/Typed/Verify.lean:7:0: AXIOM AUDIT theorem: DefiKernel.Typed.Expr.arg.sizeOf_spec; module=DefiKernel.Typed.Expr; axioms=[]
info: DefiKernel/Typed/Verify.lean:7:0: AXIOM AUDIT theorem: DefiKernel.Typed.Expr.balance.inj; module=DefiKernel.Typed.Expr; axioms=[]
info: DefiKernel/Typed/Verify.lean:7:0: AXIOM AUDIT theorem: DefiKernel.Typed.Expr.balance.injEq; module=DefiKernel.Typed.Expr; axioms=[propext]
info: DefiKernel/Typed/Verify.lean:7:0: AXIOM AUDIT theorem: DefiKernel.Typed.Expr.balance.sizeOf_spec; module=DefiKernel.Typed.Expr; axioms=[]
info: DefiKernel/Typed/Verify.lean:7:0: AXIOM AUDIT theorem: DefiKernel.Typed.Expr.binary.inj; module=DefiKernel.Typed.Expr; axioms=[]
info: DefiKernel/Typed/Verify.lean:7:0: AXIOM AUDIT theorem: DefiKernel.Typed.Expr.binary.injEq; module=DefiKernel.Typed.Expr; axioms=[propext]
info: DefiKernel/Typed/Verify.lean:7:0: AXIOM AUDIT theorem: DefiKernel.Typed.Expr.binary.sizeOf_spec; module=DefiKernel.Typed.Expr; axioms=[]
info: DefiKernel/Typed/Verify.lean:7:0: AXIOM AUDIT theorem: DefiKernel.Typed.Expr.brecOn.eq; module=DefiKernel.Typed.Expr; axioms=[]
info: DefiKernel/Typed/Verify.lean:7:0: AXIOM AUDIT theorem: DefiKernel.Typed.Expr.envReads.eq_1; module=DefiKernel.Typed.Expr; axioms=[]
info: DefiKernel/Typed/Verify.lean:7:0: AXIOM AUDIT theorem: DefiKernel.Typed.Expr.envReads.eq_2; module=DefiKernel.Typed.Expr; axioms=[]
info: DefiKernel/Typed/Verify.lean:7:0: AXIOM AUDIT theorem: DefiKernel.Typed.Expr.envReads.eq_3; module=DefiKernel.Typed.Expr; axioms=[]
info: DefiKernel/Typed/Verify.lean:7:0: AXIOM AUDIT theorem: DefiKernel.Typed.Expr.envReads.eq_4; module=DefiKernel.Typed.Expr; axioms=[]
info: DefiKernel/Typed/Verify.lean:7:0: AXIOM AUDIT theorem: DefiKernel.Typed.Expr.envReads.eq_5; module=DefiKernel.Typed.Expr; axioms=[]
info: DefiKernel/Typed/Verify.lean:7:0: AXIOM AUDIT theorem: DefiKernel.Typed.Expr.envReads.eq_6; module=DefiKernel.Typed.Expr; axioms=[]
info: DefiKernel/Typed/Verify.lean:7:0: AXIOM AUDIT theorem: DefiKernel.Typed.Expr.envReads.eq_7; module=DefiKernel.Typed.Expr; axioms=[]
info: DefiKernel/Typed/Verify.lean:7:0: AXIOM AUDIT theorem: DefiKernel.Typed.Expr.envReads.eq_8; module=DefiKernel.Typed.Expr; axioms=[]
info: DefiKernel/Typed/Verify.lean:7:0: AXIOM AUDIT theorem: DefiKernel.Typed.Expr.envReads.eq_9; module=DefiKernel.Typed.Expr; axioms=[]
info: DefiKernel/Typed/Verify.lean:7:0: AXIOM AUDIT theorem: DefiKernel.Typed.Expr.envReads.eq_def; module=DefiKernel.Typed.Expr; axioms=[]
info: DefiKernel/Typed/Verify.lean:7:0: AXIOM AUDIT theorem: DefiKernel.Typed.Expr.eval.eq_1; module=DefiKernel.Typed.Expr; axioms=[propext,
 Classical.choice,
 Quot.sound]
info: DefiKernel/Typed/Verify.lean:7:0: AXIOM AUDIT theorem: DefiKernel.Typed.Expr.eval.eq_2; module=DefiKernel.Typed.Expr; axioms=[propext,
 Classical.choice,
 Quot.sound]
info: DefiKernel/Typed/Verify.lean:7:0: AXIOM AUDIT theorem: DefiKernel.Typed.Expr.eval.eq_3; module=DefiKernel.Typed.Expr; axioms=[propext,
 Classical.choice,
 Quot.sound]
info: DefiKernel/Typed/Verify.lean:7:0: AXIOM AUDIT theorem: DefiKernel.Typed.Expr.eval.eq_4; module=DefiKernel.Typed.Expr; axioms=[propext,
 Classical.choice,
 Quot.sound]
info: DefiKernel/Typed/Verify.lean:7:0: AXIOM AUDIT theorem: DefiKernel.Typed.Expr.eval.eq_5; module=DefiKernel.Typed.Expr; axioms=[propext,
 Classical.choice,
 Quot.sound]
info: DefiKernel/Typed/Verify.lean:7:0: AXIOM AUDIT theorem: DefiKernel.Typed.Expr.eval.eq_6; module=DefiKernel.Typed.Expr; axioms=[propext,
 Classical.choice,
 Quot.sound]
info: DefiKernel/Typed/Verify.lean:7:0: AXIOM AUDIT theorem: DefiKernel.Typed.Expr.eval.eq_7; module=DefiKernel.Typed.Expr; axioms=[propext,
 Classical.choice,
 Quot.sound]
info: DefiKernel/Typed/Verify.lean:7:0: AXIOM AUDIT theorem: DefiKernel.Typed.Expr.eval.eq_8; module=DefiKernel.Typed.Expr; axioms=[propext,
 Classical.choice,
 Quot.sound]
info: DefiKernel/Typed/Verify.lean:7:0: AXIOM AUDIT theorem: DefiKernel.Typed.Expr.eval.eq_9; module=DefiKernel.Typed.Expr; axioms=[propext,
 Classical.choice,
 Quot.sound]
info: DefiKernel/Typed/Verify.lean:7:0: AXIOM AUDIT theorem: DefiKernel.Typed.Expr.eval.eq_def; module=DefiKernel.Typed.Expr; axioms=[propext,
 Classical.choice,
 Quot.sound]
info: DefiKernel/Typed/Verify.lean:7:0: AXIOM AUDIT theorem: DefiKernel.Typed.Expr.ite.inj; module=DefiKernel.Typed.Expr; axioms=[]
info: DefiKernel/Typed/Verify.lean:7:0: AXIOM AUDIT theorem: DefiKernel.Typed.Expr.ite.injEq; module=DefiKernel.Typed.Expr; axioms=[propext]
info: DefiKernel/Typed/Verify.lean:7:0: AXIOM AUDIT theorem: DefiKernel.Typed.Expr.ite.sizeOf_spec; module=DefiKernel.Typed.Expr; axioms=[]
info: DefiKernel/Typed/Verify.lean:7:0: AXIOM AUDIT theorem: DefiKernel.Typed.Expr.lit.inj; module=DefiKernel.Typed.Expr; axioms=[]
info: DefiKernel/Typed/Verify.lean:7:0: AXIOM AUDIT theorem: DefiKernel.Typed.Expr.lit.injEq; module=DefiKernel.Typed.Expr; axioms=[propext]
info: DefiKernel/Typed/Verify.lean:7:0: AXIOM AUDIT theorem: DefiKernel.Typed.Expr.lit.sizeOf_spec; module=DefiKernel.Typed.Expr; axioms=[]
info: DefiKernel/Typed/Verify.lean:7:0: AXIOM AUDIT theorem: DefiKernel.Typed.Expr.now.sizeOf_spec; module=DefiKernel.Typed.Expr; axioms=[]
info: DefiKernel/Typed/Verify.lean:7:0: AXIOM AUDIT theorem: DefiKernel.Typed.Expr.observe.inj; module=DefiKernel.Typed.Expr; axioms=[]
info: DefiKernel/Typed/Verify.lean:7:0: AXIOM AUDIT theorem: DefiKernel.Typed.Expr.observe.injEq; module=DefiKernel.Typed.Expr; axioms=[propext]
info: DefiKernel/Typed/Verify.lean:7:0: AXIOM AUDIT theorem: DefiKernel.Typed.Expr.observe.sizeOf_spec; module=DefiKernel.Typed.Expr; axioms=[]
info: DefiKernel/Typed/Verify.lean:7:0: AXIOM AUDIT theorem: DefiKernel.Typed.Expr.stateReads.eq_1; module=DefiKernel.Typed.Expr; axioms=[]
info: DefiKernel/Typed/Verify.lean:7:0: AXIOM AUDIT theorem: DefiKernel.Typed.Expr.stateReads.eq_2; module=DefiKernel.Typed.Expr; axioms=[]
info: DefiKernel/Typed/Verify.lean:7:0: AXIOM AUDIT theorem: DefiKernel.Typed.Expr.stateReads.eq_3; module=DefiKernel.Typed.Expr; axioms=[]
info: DefiKernel/Typed/Verify.lean:7:0: AXIOM AUDIT theorem: DefiKernel.Typed.Expr.stateReads.eq_4; module=DefiKernel.Typed.Expr; axioms=[]
info: DefiKernel/Typed/Verify.lean:7:0: AXIOM AUDIT theorem: DefiKernel.Typed.Expr.stateReads.eq_5; module=DefiKernel.Typed.Expr; axioms=[]
info: DefiKernel/Typed/Verify.lean:7:0: AXIOM AUDIT theorem: DefiKernel.Typed.Expr.stateReads.eq_6; module=DefiKernel.Typed.Expr; axioms=[]
info: DefiKernel/Typed/Verify.lean:7:0: AXIOM AUDIT theorem: DefiKernel.Typed.Expr.stateReads.eq_7; module=DefiKernel.Typed.Expr; axioms=[]
info: DefiKernel/Typed/Verify.lean:7:0: AXIOM AUDIT theorem: DefiKernel.Typed.Expr.stateReads.eq_8; module=DefiKernel.Typed.Expr; axioms=[]
info: DefiKernel/Typed/Verify.lean:7:0: AXIOM AUDIT theorem: DefiKernel.Typed.Expr.stateReads.eq_9; module=DefiKernel.Typed.Expr; axioms=[]
info: DefiKernel/Typed/Verify.lean:7:0: AXIOM AUDIT theorem: DefiKernel.Typed.Expr.stateReads.eq_def; module=DefiKernel.Typed.Expr; axioms=[]
info: DefiKernel/Typed/Verify.lean:7:0: AXIOM AUDIT theorem: DefiKernel.Typed.Expr.timestamp.inj; module=DefiKernel.Typed.Expr; axioms=[]
info: DefiKernel/Typed/Verify.lean:7:0: AXIOM AUDIT theorem: DefiKernel.Typed.Expr.timestamp.injEq; module=DefiKernel.Typed.Expr; axioms=[propext]
info: DefiKernel/Typed/Verify.lean:7:0: AXIOM AUDIT theorem: DefiKernel.Typed.Expr.timestamp.sizeOf_spec; module=DefiKernel.Typed.Expr; axioms=[]
info: DefiKernel/Typed/Verify.lean:7:0: AXIOM AUDIT theorem: DefiKernel.Typed.Expr.unary.inj; module=DefiKernel.Typed.Expr; axioms=[]
info: DefiKernel/Typed/Verify.lean:7:0: AXIOM AUDIT theorem: DefiKernel.Typed.Expr.unary.injEq; module=DefiKernel.Typed.Expr; axioms=[propext]
info: DefiKernel/Typed/Verify.lean:7:0: AXIOM AUDIT theorem: DefiKernel.Typed.Expr.unary.sizeOf_spec; module=DefiKernel.Typed.Expr; axioms=[]
info: DefiKernel/Typed/Verify.lean:7:0: AXIOM AUDIT theorem: DefiKernel.Typed.ExprTests.TestAsset.ofNat_ctorIdx; module=DefiKernel.Typed.ExprTests; axioms=[]
info: DefiKernel/Typed/Verify.lean:7:0: AXIOM AUDIT theorem: DefiKernel.Typed.ExprTests.changedState._proof_1; module=DefiKernel.Typed.ExprTests; axioms=[propext,
 Quot.sound]
info: DefiKernel/Typed/Verify.lean:7:0: AXIOM AUDIT theorem: DefiKernel.Typed.ExprTests.checks._proof_1; module=DefiKernel.Typed.ExprTests; axioms=[]
info: DefiKernel/Typed/Verify.lean:7:0: AXIOM AUDIT theorem: DefiKernel.Typed.ExprTests.context.eq_1; module=DefiKernel.Typed.ExprTests; axioms=[propext,
 Quot.sound]
info: DefiKernel/Typed/Verify.lean:7:0: AXIOM AUDIT theorem: DefiKernel.Typed.ExprTests.environment.eq_1; module=DefiKernel.Typed.ExprTests; axioms=[propext,
 Quot.sound]
info: DefiKernel/Typed/Verify.lean:7:0: AXIOM AUDIT theorem: DefiKernel.Typed.ExprTests.initialState._proof_1; module=DefiKernel.Typed.ExprTests; axioms=[propext,
 Quot.sound]
info: DefiKernel/Typed/Verify.lean:7:0: AXIOM AUDIT theorem: DefiKernel.Typed.ExprTests.instDecidableEqTestAsset._proof_1; module=DefiKernel.Typed.ExprTests; axioms=[]
info: DefiKernel/Typed/Verify.lean:7:0: AXIOM AUDIT theorem: DefiKernel.Typed.ExprTests.instDecidableEqTestAsset._proof_2; module=DefiKernel.Typed.ExprTests; axioms=[]
info: DefiKernel/Typed/Verify.lean:7:0: AXIOM AUDIT theorem: DefiKernel.Typed.ExprTests.instFintypeTestAsset._proof_1; module=DefiKernel.Typed.ExprTests; axioms=[propext,
 Classical.choice,
 Quot.sound]
info: DefiKernel/Typed/Verify.lean:7:0: AXIOM AUDIT theorem: DefiKernel.Typed.ExprTests.ledgerRead.eq_1; module=DefiKernel.Typed.ExprTests; axioms=[]
info: DefiKernel/Typed/Verify.lean:7:0: AXIOM AUDIT theorem: DefiKernel.Typed.ExprTests.priced.eq_1; module=DefiKernel.Typed.ExprTests; axioms=[propext,
 Quot.sound]
info: DefiKernel/Typed/Verify.lean:7:0: AXIOM AUDIT theorem: DefiKernel.Typed.ExprTests.shares.eq_1; module=DefiKernel.Typed.ExprTests; axioms=[propext,
 Quot.sound]
info: DefiKernel/Typed/Verify.lean:7:0: AXIOM AUDIT theorem: DefiKernel.Typed.ExprTests.unrelated_balance_preserved._simp_1_2; module=DefiKernel.Typed.ExprTests; axioms=[propext]
info: DefiKernel/Typed/Verify.lean:7:0: AXIOM AUDIT theorem: DefiKernel.Typed.Grant.mk.inj; module=DefiKernel.Typed.Authority; axioms=[]
info: DefiKernel/Typed/Verify.lean:7:0: AXIOM AUDIT theorem: DefiKernel.Typed.Grant.mk.injEq; module=DefiKernel.Typed.Authority; axioms=[propext]
info: DefiKernel/Typed/Verify.lean:7:0: AXIOM AUDIT theorem: DefiKernel.Typed.Grant.mk.sizeOf_spec; module=DefiKernel.Typed.Authority; axioms=[]
info: DefiKernel/Typed/Verify.lean:7:0: AXIOM AUDIT theorem: DefiKernel.Typed.InvocationContext.mk.inj; module=DefiKernel.Typed.Types; axioms=[]
info: DefiKernel/Typed/Verify.lean:7:0: AXIOM AUDIT theorem: DefiKernel.Typed.InvocationContext.mk.injEq; module=DefiKernel.Typed.Types; axioms=[propext]
info: DefiKernel/Typed/Verify.lean:7:0: AXIOM AUDIT theorem: DefiKernel.Typed.InvocationContext.mk.sizeOf_spec; module=DefiKernel.Typed.Types; axioms=[]
info: DefiKernel/Typed/Verify.lean:7:0: AXIOM AUDIT theorem: DefiKernel.Typed.NumericUnit.amount.inj; module=DefiKernel.Typed.Types; axioms=[]
info: DefiKernel/Typed/Verify.lean:7:0: AXIOM AUDIT theorem: DefiKernel.Typed.NumericUnit.amount.injEq; module=DefiKernel.Typed.Types; axioms=[propext]
info: DefiKernel/Typed/Verify.lean:7:0: AXIOM AUDIT theorem: DefiKernel.Typed.NumericUnit.amount.sizeOf_spec; module=DefiKernel.Typed.Types; axioms=[]
info: DefiKernel/Typed/Verify.lean:7:0: AXIOM AUDIT theorem: DefiKernel.Typed.NumericUnit.price.inj; module=DefiKernel.Typed.Types; axioms=[]
info: DefiKernel/Typed/Verify.lean:7:0: AXIOM AUDIT theorem: DefiKernel.Typed.NumericUnit.price.injEq; module=DefiKernel.Typed.Types; axioms=[propext]
info: DefiKernel/Typed/Verify.lean:7:0: AXIOM AUDIT theorem: DefiKernel.Typed.NumericUnit.price.sizeOf_spec; module=DefiKernel.Typed.Types; axioms=[]
info: DefiKernel/Typed/Verify.lean:7:0: AXIOM AUDIT theorem: DefiKernel.Typed.NumericUnit.scalar.sizeOf_spec; module=DefiKernel.Typed.Types; axioms=[]
info: DefiKernel/Typed/Verify.lean:7:0: AXIOM AUDIT theorem: DefiKernel.Typed.Observation.mk.inj; module=DefiKernel.Typed.Types; axioms=[]
info: DefiKernel/Typed/Verify.lean:7:0: AXIOM AUDIT theorem: DefiKernel.Typed.Observation.mk.injEq; module=DefiKernel.Typed.Types; axioms=[propext]
info: DefiKernel/Typed/Verify.lean:7:0: AXIOM AUDIT theorem: DefiKernel.Typed.Observation.mk.sizeOf_spec; module=DefiKernel.Typed.Types; axioms=[]
info: DefiKernel/Typed/Verify.lean:7:0: AXIOM AUDIT theorem: DefiKernel.Typed.ObservationId.mk.inj; module=DefiKernel.Typed.Types; axioms=[]
info: DefiKernel/Typed/Verify.lean:7:0: AXIOM AUDIT theorem: DefiKernel.Typed.ObservationId.mk.injEq; module=DefiKernel.Typed.Types; axioms=[propext]
info: DefiKernel/Typed/Verify.lean:7:0: AXIOM AUDIT theorem: DefiKernel.Typed.ObservationId.mk.sizeOf_spec; module=DefiKernel.Typed.Types; axioms=[]
info: DefiKernel/Typed/Verify.lean:7:0: AXIOM AUDIT theorem: DefiKernel.Typed.ObservationKey.mk.inj; module=DefiKernel.Typed.Types; axioms=[]
info: DefiKernel/Typed/Verify.lean:7:0: AXIOM AUDIT theorem: DefiKernel.Typed.ObservationKey.mk.injEq; module=DefiKernel.Typed.Types; axioms=[propext]
info: DefiKernel/Typed/Verify.lean:7:0: AXIOM AUDIT theorem: DefiKernel.Typed.ObservationKey.mk.sizeOf_spec; module=DefiKernel.Typed.Types; axioms=[]
info: DefiKernel/Typed/Verify.lean:7:0: AXIOM AUDIT theorem: DefiKernel.Typed.ObservationRef.mk.inj; module=DefiKernel.Typed.Types; axioms=[]
info: DefiKernel/Typed/Verify.lean:7:0: AXIOM AUDIT theorem: DefiKernel.Typed.ObservationRef.mk.injEq; module=DefiKernel.Typed.Types; axioms=[propext]
info: DefiKernel/Typed/Verify.lean:7:0: AXIOM AUDIT theorem: DefiKernel.Typed.ObservationRef.mk.sizeOf_spec; module=DefiKernel.Typed.Types; axioms=[]
info: DefiKernel/Typed/Verify.lean:7:0: AXIOM AUDIT theorem: DefiKernel.Typed.OperationId.mk.inj; module=DefiKernel.Typed.Types; axioms=[]
info: DefiKernel/Typed/Verify.lean:7:0: AXIOM AUDIT theorem: DefiKernel.Typed.OperationId.mk.injEq; module=DefiKernel.Typed.Types; axioms=[propext]
info: DefiKernel/Typed/Verify.lean:7:0: AXIOM AUDIT theorem: DefiKernel.Typed.OperationId.mk.sizeOf_spec; module=DefiKernel.Typed.Types; axioms=[]
info: DefiKernel/Typed/Verify.lean:7:0: AXIOM AUDIT theorem: DefiKernel.Typed.PartyRef.argument.inj; module=DefiKernel.Typed.Types; axioms=[]
info: DefiKernel/Typed/Verify.lean:7:0: AXIOM AUDIT theorem: DefiKernel.Typed.PartyRef.argument.injEq; module=DefiKernel.Typed.Types; axioms=[propext]
info: DefiKernel/Typed/Verify.lean:7:0: AXIOM AUDIT theorem: DefiKernel.Typed.PartyRef.argument.sizeOf_spec; module=DefiKernel.Typed.Types; axioms=[]
info: DefiKernel/Typed/Verify.lean:7:0: AXIOM AUDIT theorem: DefiKernel.Typed.PartyRef.caller.sizeOf_spec; module=DefiKernel.Typed.Types; axioms=[]
info: DefiKernel/Typed/Verify.lean:7:0: AXIOM AUDIT theorem: DefiKernel.Typed.PartyRef.literal.inj; module=DefiKernel.Typed.Types; axioms=[]
info: DefiKernel/Typed/Verify.lean:7:0: AXIOM AUDIT theorem: DefiKernel.Typed.PartyRef.literal.injEq; module=DefiKernel.Typed.Types; axioms=[propext]
info: DefiKernel/Typed/Verify.lean:7:0: AXIOM AUDIT theorem: DefiKernel.Typed.PartyRef.literal.sizeOf_spec; module=DefiKernel.Typed.Types; axioms=[]
info: DefiKernel/Typed/Verify.lean:7:0: AXIOM AUDIT theorem: DefiKernel.Typed.Quantity.mk.inj; module=DefiKernel.Typed.Types; axioms=[propext, Quot.sound]
info: DefiKernel/Typed/Verify.lean:7:0: AXIOM AUDIT theorem: DefiKernel.Typed.Quantity.mk.injEq; module=DefiKernel.Typed.Types; axioms=[propext, Quot.sound]
info: DefiKernel/Typed/Verify.lean:7:0: AXIOM AUDIT theorem: DefiKernel.Typed.Quantity.mk.sizeOf_spec; module=DefiKernel.Typed.Types; axioms=[propext,
 Quot.sound]
info: DefiKernel/Typed/Verify.lean:7:0: AXIOM AUDIT theorem: DefiKernel.Typed.Refusal.accounting.sizeOf_spec; module=DefiKernel.Typed.Transition; axioms=[]
info: DefiKernel/Typed/Verify.lean:7:0: AXIOM AUDIT theorem: DefiKernel.Typed.Refusal.actorMismatch.sizeOf_spec; module=DefiKernel.Typed.Transition; axioms=[]
info: DefiKernel/Typed/Verify.lean:7:0: AXIOM AUDIT theorem: DefiKernel.Typed.Refusal.crossDomain.sizeOf_spec; module=DefiKernel.Typed.Transition; axioms=[]
info: DefiKernel/Typed/Verify.lean:7:0: AXIOM AUDIT theorem: DefiKernel.Typed.Refusal.domainMismatch.sizeOf_spec; module=DefiKernel.Typed.Transition; axioms=[]
info: DefiKernel/Typed/Verify.lean:7:0: AXIOM AUDIT theorem: DefiKernel.Typed.Refusal.envReadFootprint.sizeOf_spec; module=DefiKernel.Typed.Transition; axioms=[]
info: DefiKernel/Typed/Verify.lean:7:0: AXIOM AUDIT theorem: DefiKernel.Typed.Refusal.evaluation.inj; module=DefiKernel.Typed.Transition; axioms=[]
info: DefiKernel/Typed/Verify.lean:7:0: AXIOM AUDIT theorem: DefiKernel.Typed.Refusal.evaluation.injEq; module=DefiKernel.Typed.Transition; axioms=[propext]
info: DefiKernel/Typed/Verify.lean:7:0: AXIOM AUDIT theorem: DefiKernel.Typed.Refusal.evaluation.sizeOf_spec; module=DefiKernel.Typed.Transition; axioms=[]
info: DefiKernel/Typed/Verify.lean:7:0: AXIOM AUDIT theorem: DefiKernel.Typed.Refusal.guard.sizeOf_spec; module=DefiKernel.Typed.Transition; axioms=[]
info: DefiKernel/Typed/Verify.lean:7:0: AXIOM AUDIT theorem: DefiKernel.Typed.Refusal.insufficientFunds.sizeOf_spec; module=DefiKernel.Typed.Transition; axioms=[]
info: DefiKernel/Typed/Verify.lean:7:0: AXIOM AUDIT theorem: DefiKernel.Typed.Refusal.partyArity.sizeOf_spec; module=DefiKernel.Typed.Transition; axioms=[]
info: DefiKernel/Typed/Verify.lean:7:0: AXIOM AUDIT theorem: DefiKernel.Typed.Refusal.stateReadFootprint.sizeOf_spec; module=DefiKernel.Typed.Transition; axioms=[]
info: DefiKernel/Typed/Verify.lean:7:0: AXIOM AUDIT theorem: DefiKernel.Typed.Refusal.unauthorizedDebit.sizeOf_spec; module=DefiKernel.Typed.Transition; axioms=[]
info: DefiKernel/Typed/Verify.lean:7:0: AXIOM AUDIT theorem: DefiKernel.Typed.Refusal.unauthorizedInvoke.sizeOf_spec; module=DefiKernel.Typed.Transition; axioms=[]
info: DefiKernel/Typed/Verify.lean:7:0: AXIOM AUDIT theorem: DefiKernel.Typed.Refusal.unauthorizedSupply.sizeOf_spec; module=DefiKernel.Typed.Transition; axioms=[]
info: DefiKernel/Typed/Verify.lean:7:0: AXIOM AUDIT theorem: DefiKernel.Typed.Refusal.unknownOperation.sizeOf_spec; module=DefiKernel.Typed.Transition; axioms=[]
info: DefiKernel/Typed/Verify.lean:7:0: AXIOM AUDIT theorem: DefiKernel.Typed.Refusal.writeFootprint.sizeOf_spec; module=DefiKernel.Typed.Transition; axioms=[]
info: DefiKernel/Typed/Verify.lean:7:0: AXIOM AUDIT theorem: DefiKernel.Typed.Request.mk.inj; module=DefiKernel.Typed.Transition; axioms=[]
info: DefiKernel/Typed/Verify.lean:7:0: AXIOM AUDIT theorem: DefiKernel.Typed.Request.mk.injEq; module=DefiKernel.Typed.Transition; axioms=[propext]
info: DefiKernel/Typed/Verify.lean:7:0: AXIOM AUDIT theorem: DefiKernel.Typed.Request.mk.sizeOf_spec; module=DefiKernel.Typed.Transition; axioms=[]
info: DefiKernel/Typed/Verify.lean:7:0: AXIOM AUDIT theorem: DefiKernel.Typed.Right.changeSupply.inj; module=DefiKernel.Typed.Authority; axioms=[]
info: DefiKernel/Typed/Verify.lean:7:0: AXIOM AUDIT theorem: DefiKernel.Typed.Right.changeSupply.injEq; module=DefiKernel.Typed.Authority; axioms=[propext]
info: DefiKernel/Typed/Verify.lean:7:0: AXIOM AUDIT theorem: DefiKernel.Typed.Right.changeSupply.sizeOf_spec; module=DefiKernel.Typed.Authority; axioms=[]
info: DefiKernel/Typed/Verify.lean:7:0: AXIOM AUDIT theorem: DefiKernel.Typed.Right.debit.inj; module=DefiKernel.Typed.Authority; axioms=[]
info: DefiKernel/Typed/Verify.lean:7:0: AXIOM AUDIT theorem: DefiKernel.Typed.Right.debit.injEq; module=DefiKernel.Typed.Authority; axioms=[propext]
info: DefiKernel/Typed/Verify.lean:7:0: AXIOM AUDIT theorem: DefiKernel.Typed.Right.debit.sizeOf_spec; module=DefiKernel.Typed.Authority; axioms=[]
info: DefiKernel/Typed/Verify.lean:7:0: AXIOM AUDIT theorem: DefiKernel.Typed.Right.inDomain.congr_simp; module=DefiKernel.Typed.Authority; axioms=[Quot.sound]
info: DefiKernel/Typed/Verify.lean:7:0: AXIOM AUDIT theorem: DefiKernel.Typed.Right.invoke.sizeOf_spec; module=DefiKernel.Typed.Authority; axioms=[]
info: DefiKernel/Typed/Verify.lean:7:0: AXIOM AUDIT theorem: DefiKernel.Typed.State.mk.congr_simp; module=DefiKernel.Typed.Transition; axioms=[propext,
 Quot.sound]
info: DefiKernel/Typed/Verify.lean:7:0: AXIOM AUDIT theorem: DefiKernel.Typed.State.mk.inj; module=DefiKernel.Typed.Types; axioms=[propext, Quot.sound]
info: DefiKernel/Typed/Verify.lean:7:0: AXIOM AUDIT theorem: DefiKernel.Typed.State.mk.injEq; module=DefiKernel.Typed.Types; axioms=[propext, Quot.sound]
info: DefiKernel/Typed/Verify.lean:7:0: AXIOM AUDIT theorem: DefiKernel.Typed.State.mk.sizeOf_spec; module=DefiKernel.Typed.Types; axioms=[propext, Quot.sound]
info: DefiKernel/Typed/Verify.lean:7:0: AXIOM AUDIT theorem: DefiKernel.Typed.SupplyDelta.mk.inj; module=DefiKernel.Typed.Transition; axioms=[]
info: DefiKernel/Typed/Verify.lean:7:0: AXIOM AUDIT theorem: DefiKernel.Typed.SupplyDelta.mk.injEq; module=DefiKernel.Typed.Transition; axioms=[propext]
info: DefiKernel/Typed/Verify.lean:7:0: AXIOM AUDIT theorem: DefiKernel.Typed.SupplyDelta.mk.sizeOf_spec; module=DefiKernel.Typed.Transition; axioms=[]
info: DefiKernel/Typed/Verify.lean:7:0: AXIOM AUDIT theorem: DefiKernel.Typed.Template.mk.inj; module=DefiKernel.Typed.Transition; axioms=[]
info: DefiKernel/Typed/Verify.lean:7:0: AXIOM AUDIT theorem: DefiKernel.Typed.Template.mk.injEq; module=DefiKernel.Typed.Transition; axioms=[propext]
info: DefiKernel/Typed/Verify.lean:7:0: AXIOM AUDIT theorem: DefiKernel.Typed.Template.mk.sizeOf_spec; module=DefiKernel.Typed.Transition; axioms=[]
info: DefiKernel/Typed/Verify.lean:7:0: AXIOM AUDIT theorem: DefiKernel.Typed.TransitionTests.state._proof_1; module=DefiKernel.Typed.TransitionTests; axioms=[propext,
 Quot.sound]
info: DefiKernel/Typed/Verify.lean:7:0: AXIOM AUDIT theorem: DefiKernel.Typed.UnaryOp.neg.sizeOf_spec; module=DefiKernel.Typed.Expr; axioms=[]
info: DefiKernel/Typed/Verify.lean:7:0: AXIOM AUDIT theorem: DefiKernel.Typed.UnaryOp.not.sizeOf_spec; module=DefiKernel.Typed.Expr; axioms=[]
info: DefiKernel/Typed/Verify.lean:7:0: AXIOM AUDIT theorem: DefiKernel.Typed.Unit.amount.inj; module=DefiKernel.Typed.Types; axioms=[]
info: DefiKernel/Typed/Verify.lean:7:0: AXIOM AUDIT theorem: DefiKernel.Typed.Unit.amount.injEq; module=DefiKernel.Typed.Types; axioms=[propext]
info: DefiKernel/Typed/Verify.lean:7:0: AXIOM AUDIT theorem: DefiKernel.Typed.Unit.amount.sizeOf_spec; module=DefiKernel.Typed.Types; axioms=[]
info: DefiKernel/Typed/Verify.lean:7:0: AXIOM AUDIT theorem: DefiKernel.Typed.Unit.bool.sizeOf_spec; module=DefiKernel.Typed.Types; axioms=[]
info: DefiKernel/Typed/Verify.lean:7:0: AXIOM AUDIT theorem: DefiKernel.Typed.Unit.price.inj; module=DefiKernel.Typed.Types; axioms=[]
info: DefiKernel/Typed/Verify.lean:7:0: AXIOM AUDIT theorem: DefiKernel.Typed.Unit.price.injEq; module=DefiKernel.Typed.Types; axioms=[propext]
info: DefiKernel/Typed/Verify.lean:7:0: AXIOM AUDIT theorem: DefiKernel.Typed.Unit.price.sizeOf_spec; module=DefiKernel.Typed.Types; axioms=[]
info: DefiKernel/Typed/Verify.lean:7:0: AXIOM AUDIT theorem: DefiKernel.Typed.Unit.scalar.sizeOf_spec; module=DefiKernel.Typed.Types; axioms=[]
info: DefiKernel/Typed/Verify.lean:7:0: AXIOM AUDIT theorem: DefiKernel.Typed.Var.brecOn.eq; module=DefiKernel.Typed.Expr; axioms=[]
info: DefiKernel/Typed/Verify.lean:7:0: AXIOM AUDIT theorem: DefiKernel.Typed.Var.here.sizeOf_spec; module=DefiKernel.Typed.Expr; axioms=[]
info: DefiKernel/Typed/Verify.lean:7:0: AXIOM AUDIT theorem: DefiKernel.Typed.Var.there.inj; module=DefiKernel.Typed.Expr; axioms=[]
info: DefiKernel/Typed/Verify.lean:7:0: AXIOM AUDIT theorem: DefiKernel.Typed.Var.there.injEq; module=DefiKernel.Typed.Expr; axioms=[propext]
info: DefiKernel/Typed/Verify.lean:7:0: AXIOM AUDIT theorem: DefiKernel.Typed.Var.there.sizeOf_spec; module=DefiKernel.Typed.Expr; axioms=[]
info: DefiKernel/Typed/Verify.lean:7:0: AXIOM AUDIT theorem: DefiKernel.Typed.instDecidableEqCapability.decEq._proof_1; module=DefiKernel.Typed.Authority; axioms=[]
info: DefiKernel/Typed/Verify.lean:7:0: AXIOM AUDIT theorem: DefiKernel.Typed.instDecidableEqCapability.decEq._proof_2; module=DefiKernel.Typed.Authority; axioms=[]
info: DefiKernel/Typed/Verify.lean:7:0: AXIOM AUDIT theorem: DefiKernel.Typed.instDecidableEqCapability.decEq._proof_3; module=DefiKernel.Typed.Authority; axioms=[]
info: DefiKernel/Typed/Verify.lean:7:0: AXIOM AUDIT theorem: DefiKernel.Typed.instDecidableEqCapabilityId.decEq._proof_1; module=DefiKernel.Typed.Types; axioms=[]
info: DefiKernel/Typed/Verify.lean:7:0: AXIOM AUDIT theorem: DefiKernel.Typed.instDecidableEqCapabilityId.decEq._proof_2; module=DefiKernel.Typed.Types; axioms=[]
info: DefiKernel/Typed/Verify.lean:7:0: AXIOM AUDIT theorem: DefiKernel.Typed.instDecidableEqCapabilityStore.decEq._proof_1; module=DefiKernel.Typed.Authority; axioms=[]
info: DefiKernel/Typed/Verify.lean:7:0: AXIOM AUDIT theorem: DefiKernel.Typed.instDecidableEqCapabilityStore.decEq._proof_2; module=DefiKernel.Typed.Authority; axioms=[]
info: DefiKernel/Typed/Verify.lean:7:0: AXIOM AUDIT theorem: DefiKernel.Typed.instDecidableEqCellRef.decEq._proof_1; module=DefiKernel.Typed.Types; axioms=[]
info: DefiKernel/Typed/Verify.lean:7:0: AXIOM AUDIT theorem: DefiKernel.Typed.instDecidableEqCellRef.decEq._proof_2; module=DefiKernel.Typed.Types; axioms=[]
info: DefiKernel/Typed/Verify.lean:7:0: AXIOM AUDIT theorem: DefiKernel.Typed.instDecidableEqCellRef.decEq._proof_3; module=DefiKernel.Typed.Types; axioms=[]
info: DefiKernel/Typed/Verify.lean:7:0: AXIOM AUDIT theorem: DefiKernel.Typed.instDecidableEqClaimId.decEq._proof_1; module=DefiKernel.Typed.Types; axioms=[]
info: DefiKernel/Typed/Verify.lean:7:0: AXIOM AUDIT theorem: DefiKernel.Typed.instDecidableEqClaimId.decEq._proof_2; module=DefiKernel.Typed.Types; axioms=[]
info: DefiKernel/Typed/Verify.lean:7:0: AXIOM AUDIT theorem: DefiKernel.Typed.instDecidableEqEnvRead.decEq._proof_1; module=DefiKernel.Typed.Expr; axioms=[]
info: DefiKernel/Typed/Verify.lean:7:0: AXIOM AUDIT theorem: DefiKernel.Typed.instDecidableEqEnvRead.decEq._proof_2; module=DefiKernel.Typed.Expr; axioms=[]
info: DefiKernel/Typed/Verify.lean:7:0: AXIOM AUDIT theorem: DefiKernel.Typed.instDecidableEqEnvRead.decEq._proof_3; module=DefiKernel.Typed.Expr; axioms=[]
info: DefiKernel/Typed/Verify.lean:7:0: AXIOM AUDIT theorem: DefiKernel.Typed.instDecidableEqEnvRead.decEq._proof_4; module=DefiKernel.Typed.Expr; axioms=[]
info: DefiKernel/Typed/Verify.lean:7:0: AXIOM AUDIT theorem: DefiKernel.Typed.instDecidableEqEnvRead.decEq._proof_5; module=DefiKernel.Typed.Expr; axioms=[]
info: DefiKernel/Typed/Verify.lean:7:0: AXIOM AUDIT theorem: DefiKernel.Typed.instDecidableEqGrant.decEq._proof_1; module=DefiKernel.Typed.Authority; axioms=[]
info: DefiKernel/Typed/Verify.lean:7:0: AXIOM AUDIT theorem: DefiKernel.Typed.instDecidableEqGrant.decEq._proof_2; module=DefiKernel.Typed.Authority; axioms=[]
info: DefiKernel/Typed/Verify.lean:7:0: AXIOM AUDIT theorem: DefiKernel.Typed.instDecidableEqGrant.decEq._proof_3; module=DefiKernel.Typed.Authority; axioms=[]
info: DefiKernel/Typed/Verify.lean:7:0: AXIOM AUDIT theorem: DefiKernel.Typed.instDecidableEqGrant.decEq._proof_4; module=DefiKernel.Typed.Authority; axioms=[]
info: DefiKernel/Typed/Verify.lean:7:0: AXIOM AUDIT theorem: DefiKernel.Typed.instDecidableEqGrant.decEq._proof_5; module=DefiKernel.Typed.Authority; axioms=[]
info: DefiKernel/Typed/Verify.lean:7:0: AXIOM AUDIT theorem: DefiKernel.Typed.instDecidableEqInvocationContext.decEq._proof_1; module=DefiKernel.Typed.Types; axioms=[]
info: DefiKernel/Typed/Verify.lean:7:0: AXIOM AUDIT theorem: DefiKernel.Typed.instDecidableEqInvocationContext.decEq._proof_2; module=DefiKernel.Typed.Types; axioms=[]
info: DefiKernel/Typed/Verify.lean:7:0: AXIOM AUDIT theorem: DefiKernel.Typed.instDecidableEqInvocationContext.decEq._proof_3; module=DefiKernel.Typed.Types; axioms=[]
info: DefiKernel/Typed/Verify.lean:7:0: AXIOM AUDIT theorem: DefiKernel.Typed.instDecidableEqNumericUnit.decEq._proof_1; module=DefiKernel.Typed.Types; axioms=[]
info: DefiKernel/Typed/Verify.lean:7:0: AXIOM AUDIT theorem: DefiKernel.Typed.instDecidableEqNumericUnit.decEq._proof_10; module=DefiKernel.Typed.Types; axioms=[]
info: DefiKernel/Typed/Verify.lean:7:0: AXIOM AUDIT theorem: DefiKernel.Typed.instDecidableEqNumericUnit.decEq._proof_11; module=DefiKernel.Typed.Types; axioms=[]
info: DefiKernel/Typed/Verify.lean:7:0: AXIOM AUDIT theorem: DefiKernel.Typed.instDecidableEqNumericUnit.decEq._proof_12; module=DefiKernel.Typed.Types; axioms=[]
info: DefiKernel/Typed/Verify.lean:7:0: AXIOM AUDIT theorem: DefiKernel.Typed.instDecidableEqNumericUnit.decEq._proof_2; module=DefiKernel.Typed.Types; axioms=[]
info: DefiKernel/Typed/Verify.lean:7:0: AXIOM AUDIT theorem: DefiKernel.Typed.instDecidableEqNumericUnit.decEq._proof_3; module=DefiKernel.Typed.Types; axioms=[]
info: DefiKernel/Typed/Verify.lean:7:0: AXIOM AUDIT theorem: DefiKernel.Typed.instDecidableEqNumericUnit.decEq._proof_4; module=DefiKernel.Typed.Types; axioms=[]
info: DefiKernel/Typed/Verify.lean:7:0: AXIOM AUDIT theorem: DefiKernel.Typed.instDecidableEqNumericUnit.decEq._proof_5; module=DefiKernel.Typed.Types; axioms=[]
info: DefiKernel/Typed/Verify.lean:7:0: AXIOM AUDIT theorem: DefiKernel.Typed.instDecidableEqNumericUnit.decEq._proof_6; module=DefiKernel.Typed.Types; axioms=[]
info: DefiKernel/Typed/Verify.lean:7:0: AXIOM AUDIT theorem: DefiKernel.Typed.instDecidableEqNumericUnit.decEq._proof_7; module=DefiKernel.Typed.Types; axioms=[]
info: DefiKernel/Typed/Verify.lean:7:0: AXIOM AUDIT theorem: DefiKernel.Typed.instDecidableEqNumericUnit.decEq._proof_8; module=DefiKernel.Typed.Types; axioms=[]
info: DefiKernel/Typed/Verify.lean:7:0: AXIOM AUDIT theorem: DefiKernel.Typed.instDecidableEqNumericUnit.decEq._proof_9; module=DefiKernel.Typed.Types; axioms=[]
info: DefiKernel/Typed/Verify.lean:7:0: AXIOM AUDIT theorem: DefiKernel.Typed.instDecidableEqObservationId.decEq._proof_1; module=DefiKernel.Typed.Types; axioms=[]
info: DefiKernel/Typed/Verify.lean:7:0: AXIOM AUDIT theorem: DefiKernel.Typed.instDecidableEqObservationId.decEq._proof_2; module=DefiKernel.Typed.Types; axioms=[]
info: DefiKernel/Typed/Verify.lean:7:0: AXIOM AUDIT theorem: DefiKernel.Typed.instDecidableEqObservationKey.decEq._proof_1; module=DefiKernel.Typed.Types; axioms=[]
info: DefiKernel/Typed/Verify.lean:7:0: AXIOM AUDIT theorem: DefiKernel.Typed.instDecidableEqObservationKey.decEq._proof_2; module=DefiKernel.Typed.Types; axioms=[]
info: DefiKernel/Typed/Verify.lean:7:0: AXIOM AUDIT theorem: DefiKernel.Typed.instDecidableEqObservationKey.decEq._proof_3; module=DefiKernel.Typed.Types; axioms=[]
info: DefiKernel/Typed/Verify.lean:7:0: AXIOM AUDIT theorem: DefiKernel.Typed.instDecidableEqObservationRef.decEq._proof_1; module=DefiKernel.Typed.Types; axioms=[]
info: DefiKernel/Typed/Verify.lean:7:0: AXIOM AUDIT theorem: DefiKernel.Typed.instDecidableEqObservationRef.decEq._proof_2; module=DefiKernel.Typed.Types; axioms=[]
info: DefiKernel/Typed/Verify.lean:7:0: AXIOM AUDIT theorem: DefiKernel.Typed.instDecidableEqOperationId.decEq._proof_1; module=DefiKernel.Typed.Types; axioms=[]
info: DefiKernel/Typed/Verify.lean:7:0: AXIOM AUDIT theorem: DefiKernel.Typed.instDecidableEqOperationId.decEq._proof_2; module=DefiKernel.Typed.Types; axioms=[]
info: DefiKernel/Typed/Verify.lean:7:0: AXIOM AUDIT theorem: DefiKernel.Typed.instDecidableEqPartyRef.decEq._proof_1; module=DefiKernel.Typed.Types; axioms=[]
info: DefiKernel/Typed/Verify.lean:7:0: AXIOM AUDIT theorem: DefiKernel.Typed.instDecidableEqPartyRef.decEq._proof_10; module=DefiKernel.Typed.Types; axioms=[]
info: DefiKernel/Typed/Verify.lean:7:0: AXIOM AUDIT theorem: DefiKernel.Typed.instDecidableEqPartyRef.decEq._proof_11; module=DefiKernel.Typed.Types; axioms=[]
info: DefiKernel/Typed/Verify.lean:7:0: AXIOM AUDIT theorem: DefiKernel.Typed.instDecidableEqPartyRef.decEq._proof_2; module=DefiKernel.Typed.Types; axioms=[]
info: DefiKernel/Typed/Verify.lean:7:0: AXIOM AUDIT theorem: DefiKernel.Typed.instDecidableEqPartyRef.decEq._proof_3; module=DefiKernel.Typed.Types; axioms=[]
info: DefiKernel/Typed/Verify.lean:7:0: AXIOM AUDIT theorem: DefiKernel.Typed.instDecidableEqPartyRef.decEq._proof_4; module=DefiKernel.Typed.Types; axioms=[]
info: DefiKernel/Typed/Verify.lean:7:0: AXIOM AUDIT theorem: DefiKernel.Typed.instDecidableEqPartyRef.decEq._proof_5; module=DefiKernel.Typed.Types; axioms=[]
info: DefiKernel/Typed/Verify.lean:7:0: AXIOM AUDIT theorem: DefiKernel.Typed.instDecidableEqPartyRef.decEq._proof_6; module=DefiKernel.Typed.Types; axioms=[]
info: DefiKernel/Typed/Verify.lean:7:0: AXIOM AUDIT theorem: DefiKernel.Typed.instDecidableEqPartyRef.decEq._proof_7; module=DefiKernel.Typed.Types; axioms=[]
info: DefiKernel/Typed/Verify.lean:7:0: AXIOM AUDIT theorem: DefiKernel.Typed.instDecidableEqPartyRef.decEq._proof_8; module=DefiKernel.Typed.Types; axioms=[]
info: DefiKernel/Typed/Verify.lean:7:0: AXIOM AUDIT theorem: DefiKernel.Typed.instDecidableEqPartyRef.decEq._proof_9; module=DefiKernel.Typed.Types; axioms=[]
info: DefiKernel/Typed/Verify.lean:7:0: AXIOM AUDIT theorem: DefiKernel.Typed.instDecidableEqRefusal.decEq._proof_1; module=DefiKernel.Typed.Transition; axioms=[]
info: DefiKernel/Typed/Verify.lean:7:0: AXIOM AUDIT theorem: DefiKernel.Typed.instDecidableEqRefusal.decEq._proof_2; module=DefiKernel.Typed.Transition; axioms=[]
info: DefiKernel/Typed/Verify.lean:7:0: AXIOM AUDIT theorem: DefiKernel.Typed.instDecidableEqRefusal.decEq._proof_3; module=DefiKernel.Typed.Transition; axioms=[]
info: DefiKernel/Typed/Verify.lean:7:0: AXIOM AUDIT theorem: DefiKernel.Typed.instDecidableEqRight.decEq._proof_1; module=DefiKernel.Typed.Authority; axioms=[]
info: DefiKernel/Typed/Verify.lean:7:0: AXIOM AUDIT theorem: DefiKernel.Typed.instDecidableEqRight.decEq._proof_10; module=DefiKernel.Typed.Authority; axioms=[]
info: DefiKernel/Typed/Verify.lean:7:0: AXIOM AUDIT theorem: DefiKernel.Typed.instDecidableEqRight.decEq._proof_11; module=DefiKernel.Typed.Authority; axioms=[]
info: DefiKernel/Typed/Verify.lean:7:0: AXIOM AUDIT theorem: DefiKernel.Typed.instDecidableEqRight.decEq._proof_12; module=DefiKernel.Typed.Authority; axioms=[]
info: DefiKernel/Typed/Verify.lean:7:0: AXIOM AUDIT theorem: DefiKernel.Typed.instDecidableEqRight.decEq._proof_2; module=DefiKernel.Typed.Authority; axioms=[]
info: DefiKernel/Typed/Verify.lean:7:0: AXIOM AUDIT theorem: DefiKernel.Typed.instDecidableEqRight.decEq._proof_3; module=DefiKernel.Typed.Authority; axioms=[]
info: DefiKernel/Typed/Verify.lean:7:0: AXIOM AUDIT theorem: DefiKernel.Typed.instDecidableEqRight.decEq._proof_4; module=DefiKernel.Typed.Authority; axioms=[]
info: DefiKernel/Typed/Verify.lean:7:0: AXIOM AUDIT theorem: DefiKernel.Typed.instDecidableEqRight.decEq._proof_5; module=DefiKernel.Typed.Authority; axioms=[]
info: DefiKernel/Typed/Verify.lean:7:0: AXIOM AUDIT theorem: DefiKernel.Typed.instDecidableEqRight.decEq._proof_6; module=DefiKernel.Typed.Authority; axioms=[]
info: DefiKernel/Typed/Verify.lean:7:0: AXIOM AUDIT theorem: DefiKernel.Typed.instDecidableEqRight.decEq._proof_7; module=DefiKernel.Typed.Authority; axioms=[]
info: DefiKernel/Typed/Verify.lean:7:0: AXIOM AUDIT theorem: DefiKernel.Typed.instDecidableEqRight.decEq._proof_8; module=DefiKernel.Typed.Authority; axioms=[]
info: DefiKernel/Typed/Verify.lean:7:0: AXIOM AUDIT theorem: DefiKernel.Typed.instDecidableEqRight.decEq._proof_9; module=DefiKernel.Typed.Authority; axioms=[]
info: DefiKernel/Typed/Verify.lean:7:0: AXIOM AUDIT theorem: DefiKernel.Typed.instDecidableEqUnit.decEq._proof_1; module=DefiKernel.Typed.Types; axioms=[]
info: DefiKernel/Typed/Verify.lean:7:0: AXIOM AUDIT theorem: DefiKernel.Typed.instDecidableEqUnit.decEq._proof_10; module=DefiKernel.Typed.Types; axioms=[]
info: DefiKernel/Typed/Verify.lean:7:0: AXIOM AUDIT theorem: DefiKernel.Typed.instDecidableEqUnit.decEq._proof_11; module=DefiKernel.Typed.Types; axioms=[]
info: DefiKernel/Typed/Verify.lean:7:0: AXIOM AUDIT theorem: DefiKernel.Typed.instDecidableEqUnit.decEq._proof_12; module=DefiKernel.Typed.Types; axioms=[]
info: DefiKernel/Typed/Verify.lean:7:0: AXIOM AUDIT theorem: DefiKernel.Typed.instDecidableEqUnit.decEq._proof_13; module=DefiKernel.Typed.Types; axioms=[]
info: DefiKernel/Typed/Verify.lean:7:0: AXIOM AUDIT theorem: DefiKernel.Typed.instDecidableEqUnit.decEq._proof_14; module=DefiKernel.Typed.Types; axioms=[]
info: DefiKernel/Typed/Verify.lean:7:0: AXIOM AUDIT theorem: DefiKernel.Typed.instDecidableEqUnit.decEq._proof_15; module=DefiKernel.Typed.Types; axioms=[]
info: DefiKernel/Typed/Verify.lean:7:0: AXIOM AUDIT theorem: DefiKernel.Typed.instDecidableEqUnit.decEq._proof_16; module=DefiKernel.Typed.Types; axioms=[]
info: DefiKernel/Typed/Verify.lean:7:0: AXIOM AUDIT theorem: DefiKernel.Typed.instDecidableEqUnit.decEq._proof_17; module=DefiKernel.Typed.Types; axioms=[]
info: DefiKernel/Typed/Verify.lean:7:0: AXIOM AUDIT theorem: DefiKernel.Typed.instDecidableEqUnit.decEq._proof_18; module=DefiKernel.Typed.Types; axioms=[]
info: DefiKernel/Typed/Verify.lean:7:0: AXIOM AUDIT theorem: DefiKernel.Typed.instDecidableEqUnit.decEq._proof_19; module=DefiKernel.Typed.Types; axioms=[]
info: DefiKernel/Typed/Verify.lean:7:0: AXIOM AUDIT theorem: DefiKernel.Typed.instDecidableEqUnit.decEq._proof_2; module=DefiKernel.Typed.Types; axioms=[]
info: DefiKernel/Typed/Verify.lean:7:0: AXIOM AUDIT theorem: DefiKernel.Typed.instDecidableEqUnit.decEq._proof_3; module=DefiKernel.Typed.Types; axioms=[]
info: DefiKernel/Typed/Verify.lean:7:0: AXIOM AUDIT theorem: DefiKernel.Typed.instDecidableEqUnit.decEq._proof_4; module=DefiKernel.Typed.Types; axioms=[]
info: DefiKernel/Typed/Verify.lean:7:0: AXIOM AUDIT theorem: DefiKernel.Typed.instDecidableEqUnit.decEq._proof_5; module=DefiKernel.Typed.Types; axioms=[]
info: DefiKernel/Typed/Verify.lean:7:0: AXIOM AUDIT theorem: DefiKernel.Typed.instDecidableEqUnit.decEq._proof_6; module=DefiKernel.Typed.Types; axioms=[]
info: DefiKernel/Typed/Verify.lean:7:0: AXIOM AUDIT theorem: DefiKernel.Typed.instDecidableEqUnit.decEq._proof_7; module=DefiKernel.Typed.Types; axioms=[]
info: DefiKernel/Typed/Verify.lean:7:0: AXIOM AUDIT theorem: DefiKernel.Typed.instDecidableEqUnit.decEq._proof_8; module=DefiKernel.Typed.Types; axioms=[]
info: DefiKernel/Typed/Verify.lean:7:0: AXIOM AUDIT theorem: DefiKernel.Typed.instDecidableEqUnit.decEq._proof_9; module=DefiKernel.Typed.Types; axioms=[]
info: DefiKernel/Typed/Verify.lean:7:0: AXIOM AUDIT theorem: _private.DefiKernel.Typed.Authority.0.DefiKernel.Typed.revokeCapability.match_1.eq_1; module=DefiKernel.Typed.Authority; axioms=[]
info: DefiKernel/Typed/Verify.lean:7:0: AXIOM AUDIT theorem: _private.DefiKernel.Typed.Authority.0.DefiKernel.Typed.revokeCapability.match_1.eq_2; module=DefiKernel.Typed.Authority; axioms=[]
info: DefiKernel/Typed/Verify.lean:7:0: AXIOM AUDIT theorem: _private.DefiKernel.Typed.Expr.0.DefiKernel.Typed.readObservation.match_1.eq_1; module=DefiKernel.Typed.Expr; axioms=[]
info: DefiKernel/Typed/Verify.lean:7:0: AXIOM AUDIT theorem: _private.DefiKernel.Typed.Expr.0.DefiKernel.Typed.readObservation.match_1.eq_2; module=DefiKernel.Typed.Expr; axioms=[]
info: DefiKernel/Typed/Verify.lean:7:0: AXIOM AUDIT theorem: DefiKernel.Typed.Examples.Asset.collateral.sizeOf_spec; module=DefiKernel.Typed.Examples; axioms=[]
info: DefiKernel/Typed/Verify.lean:7:0: AXIOM AUDIT theorem: DefiKernel.Typed.Examples.Asset.debt.sizeOf_spec; module=DefiKernel.Typed.Examples; axioms=[]
info: DefiKernel/Typed/Verify.lean:7:0: AXIOM AUDIT theorem: DefiKernel.Typed.Examples.Asset.share.sizeOf_spec; module=DefiKernel.Typed.Examples; axioms=[]
info: DefiKernel/Typed/Verify.lean:7:0: AXIOM AUDIT theorem: DefiKernel.Typed.Examples.Asset.usd.sizeOf_spec; module=DefiKernel.Typed.Examples; axioms=[]
info: DefiKernel/Typed/Verify.lean:7:0: AXIOM AUDIT theorem: DefiKernel.Typed.Examples.Domain.main.sizeOf_spec; module=DefiKernel.Typed.Examples; axioms=[]
info: DefiKernel/Typed/Verify.lean:7:0: AXIOM AUDIT theorem: DefiKernel.Typed.Examples.Domain.other.sizeOf_spec; module=DefiKernel.Typed.Examples; axioms=[]
info: DefiKernel/Typed/Verify.lean:7:0: AXIOM AUDIT theorem: DefiKernel.Typed.Examples.Party.alice.sizeOf_spec; module=DefiKernel.Typed.Examples; axioms=[]
info: DefiKernel/Typed/Verify.lean:7:0: AXIOM AUDIT theorem: DefiKernel.Typed.Examples.Party.bob.sizeOf_spec; module=DefiKernel.Typed.Examples; axioms=[]
info: DefiKernel/Typed/Verify.lean:7:0: AXIOM AUDIT theorem: DefiKernel.Typed.Examples.Party.pool.sizeOf_spec; module=DefiKernel.Typed.Examples; axioms=[]
info: DefiKernel/Typed/Verify.lean:7:0: AXIOM AUDIT theorem: DefiKernel.Typed.Examples.Party.vault.sizeOf_spec; module=DefiKernel.Typed.Examples; axioms=[]
info: DefiKernel/Typed/Verify.lean:7:0: AXIOM AUDIT theorem: DefiKernel.Typed.Examples.ReferenceFailure.authority.inj; module=DefiKernel.Typed.Examples; axioms=[]
info: DefiKernel/Typed/Verify.lean:7:0: AXIOM AUDIT theorem: DefiKernel.Typed.Examples.ReferenceFailure.authority.injEq; module=DefiKernel.Typed.Examples; axioms=[propext]
info: DefiKernel/Typed/Verify.lean:7:0: AXIOM AUDIT theorem: DefiKernel.Typed.Examples.ReferenceFailure.authority.sizeOf_spec; module=DefiKernel.Typed.Examples; axioms=[]
info: DefiKernel/Typed/Verify.lean:7:0: AXIOM AUDIT theorem: DefiKernel.Typed.Examples.ReferenceFailure.execution.inj; module=DefiKernel.Typed.Examples; axioms=[]
info: DefiKernel/Typed/Verify.lean:7:0: AXIOM AUDIT theorem: DefiKernel.Typed.Examples.ReferenceFailure.execution.injEq; module=DefiKernel.Typed.Examples; axioms=[propext]
info: DefiKernel/Typed/Verify.lean:7:0: AXIOM AUDIT theorem: DefiKernel.Typed.Examples.ReferenceFailure.execution.sizeOf_spec; module=DefiKernel.Typed.Examples; axioms=[]
info: DefiKernel/Typed/Verify.lean:7:0: AXIOM AUDIT theorem: DefiKernel.Typed.Examples.instDecidableEqReferenceFailure.decEq._proof_1; module=DefiKernel.Typed.Examples; axioms=[]
info: DefiKernel/Typed/Verify.lean:7:0: AXIOM AUDIT theorem: DefiKernel.Typed.Examples.instDecidableEqReferenceFailure.decEq._proof_2; module=DefiKernel.Typed.Examples; axioms=[]
info: DefiKernel/Typed/Verify.lean:7:0: AXIOM AUDIT theorem: DefiKernel.Typed.Examples.instDecidableEqReferenceFailure.decEq._proof_3; module=DefiKernel.Typed.Examples; axioms=[]
info: DefiKernel/Typed/Verify.lean:7:0: AXIOM AUDIT theorem: DefiKernel.Typed.Examples.instDecidableEqReferenceFailure.decEq._proof_4; module=DefiKernel.Typed.Examples; axioms=[]
info: DefiKernel/Typed/Verify.lean:7:0: AXIOM AUDIT theorem: DefiKernel.Typed.Examples.instDecidableEqReferenceFailure.decEq._proof_5; module=DefiKernel.Typed.Examples; axioms=[]
info: DefiKernel/Typed/Verify.lean:7:0: AXIOM AUDIT theorem: DefiKernel.Typed.Examples.instDecidableEqReferenceFailure.decEq._proof_6; module=DefiKernel.Typed.Examples; axioms=[]
info: DefiKernel/Typed/Verify.lean:7:0: AXIOM AUDIT theorem: DefiKernel.Typed.ExprTests.TestAsset.collateral.sizeOf_spec; module=DefiKernel.Typed.ExprTests; axioms=[]
info: DefiKernel/Typed/Verify.lean:7:0: AXIOM AUDIT theorem: DefiKernel.Typed.ExprTests.TestAsset.debt.sizeOf_spec; module=DefiKernel.Typed.ExprTests; axioms=[]
info: DefiKernel/Typed/Verify.lean:7:0: AXIOM AUDIT theorem: DefiKernel.Typed.ExprTests.TestAsset.share.sizeOf_spec; module=DefiKernel.Typed.ExprTests; axioms=[]
info: DefiKernel/Typed/Verify.lean:7:0: AXIOM AUDIT theorem: DefiKernel.Typed.ExprTests.TestAsset.usd.sizeOf_spec; module=DefiKernel.Typed.ExprTests; axioms=[]
info: DefiKernel/Typed/Verify.lean:7:0: AXIOM AUDIT theorem: _private.DefiKernel.Typed.Expr.0.DefiKernel.Typed.Expr.envReads.match_1.eq_1; module=DefiKernel.Typed.Expr; axioms=[]
info: DefiKernel/Typed/Verify.lean:7:0: AXIOM AUDIT theorem: _private.DefiKernel.Typed.Expr.0.DefiKernel.Typed.Expr.envReads.match_1.eq_2; module=DefiKernel.Typed.Expr; axioms=[]
info: DefiKernel/Typed/Verify.lean:7:0: AXIOM AUDIT theorem: _private.DefiKernel.Typed.Expr.0.DefiKernel.Typed.Expr.envReads.match_1.eq_3; module=DefiKernel.Typed.Expr; axioms=[]
info: DefiKernel/Typed/Verify.lean:7:0: AXIOM AUDIT theorem: _private.DefiKernel.Typed.Expr.0.DefiKernel.Typed.Expr.envReads.match_1.eq_4; module=DefiKernel.Typed.Expr; axioms=[]
info: DefiKernel/Typed/Verify.lean:7:0: AXIOM AUDIT theorem: _private.DefiKernel.Typed.Expr.0.DefiKernel.Typed.Expr.envReads.match_1.eq_5; module=DefiKernel.Typed.Expr; axioms=[]
info: DefiKernel/Typed/Verify.lean:7:0: AXIOM AUDIT theorem: _private.DefiKernel.Typed.Expr.0.DefiKernel.Typed.Expr.envReads.match_1.eq_6; module=DefiKernel.Typed.Expr; axioms=[]
info: DefiKernel/Typed/Verify.lean:7:0: AXIOM AUDIT theorem: _private.DefiKernel.Typed.Expr.0.DefiKernel.Typed.Expr.envReads.match_1.eq_7; module=DefiKernel.Typed.Expr; axioms=[]
info: DefiKernel/Typed/Verify.lean:7:0: AXIOM AUDIT theorem: _private.DefiKernel.Typed.Expr.0.DefiKernel.Typed.Expr.envReads.match_1.eq_8; module=DefiKernel.Typed.Expr; axioms=[]
info: DefiKernel/Typed/Verify.lean:7:0: AXIOM AUDIT theorem: _private.DefiKernel.Typed.Expr.0.DefiKernel.Typed.Expr.envReads.match_1.eq_9; module=DefiKernel.Typed.Expr; axioms=[]
info: DefiKernel/Typed/Verify.lean:7:0: AXIOM AUDIT theorem: _private.DefiKernel.Typed.Expr.0.DefiKernel.Typed.Expr.eval.match_1.eq_1; module=DefiKernel.Typed.Expr; axioms=[]
info: DefiKernel/Typed/Verify.lean:7:0: AXIOM AUDIT theorem: _private.DefiKernel.Typed.Expr.0.DefiKernel.Typed.Expr.eval.match_1.eq_2; module=DefiKernel.Typed.Expr; axioms=[]
info: DefiKernel/Typed/Verify.lean:7:0: AXIOM AUDIT theorem: _private.DefiKernel.Typed.Expr.0.DefiKernel.Typed.Expr.eval.match_1.eq_3; module=DefiKernel.Typed.Expr; axioms=[]
info: DefiKernel/Typed/Verify.lean:7:0: AXIOM AUDIT theorem: _private.DefiKernel.Typed.Expr.0.DefiKernel.Typed.Expr.eval.match_1.eq_4; module=DefiKernel.Typed.Expr; axioms=[]
info: DefiKernel/Typed/Verify.lean:7:0: AXIOM AUDIT theorem: _private.DefiKernel.Typed.Expr.0.DefiKernel.Typed.Expr.eval.match_1.eq_5; module=DefiKernel.Typed.Expr; axioms=[]
info: DefiKernel/Typed/Verify.lean:7:0: AXIOM AUDIT theorem: _private.DefiKernel.Typed.Expr.0.DefiKernel.Typed.Expr.eval.match_1.eq_6; module=DefiKernel.Typed.Expr; axioms=[]
info: DefiKernel/Typed/Verify.lean:7:0: AXIOM AUDIT theorem: _private.DefiKernel.Typed.Expr.0.DefiKernel.Typed.Expr.eval.match_1.eq_7; module=DefiKernel.Typed.Expr; axioms=[]
info: DefiKernel/Typed/Verify.lean:7:0: AXIOM AUDIT theorem: _private.DefiKernel.Typed.Expr.0.DefiKernel.Typed.Expr.eval.match_1.eq_8; module=DefiKernel.Typed.Expr; axioms=[]
info: DefiKernel/Typed/Verify.lean:7:0: AXIOM AUDIT theorem: _private.DefiKernel.Typed.Expr.0.DefiKernel.Typed.Expr.eval.match_1.eq_9; module=DefiKernel.Typed.Expr; axioms=[]
info: DefiKernel/Typed/Verify.lean:7:0: AXIOM AUDIT theorem: _private.DefiKernel.Typed.Expr.0.DefiKernel.Typed.Expr.stateReads.match_1.eq_1; module=DefiKernel.Typed.Expr; axioms=[]
info: DefiKernel/Typed/Verify.lean:7:0: AXIOM AUDIT theorem: _private.DefiKernel.Typed.Expr.0.DefiKernel.Typed.Expr.stateReads.match_1.eq_2; module=DefiKernel.Typed.Expr; axioms=[]
info: DefiKernel/Typed/Verify.lean:7:0: AXIOM AUDIT theorem: _private.DefiKernel.Typed.Expr.0.DefiKernel.Typed.Expr.stateReads.match_1.eq_3; module=DefiKernel.Typed.Expr; axioms=[]
info: DefiKernel/Typed/Verify.lean:7:0: AXIOM AUDIT theorem: _private.DefiKernel.Typed.Expr.0.DefiKernel.Typed.Expr.stateReads.match_1.eq_4; module=DefiKernel.Typed.Expr; axioms=[]
info: DefiKernel/Typed/Verify.lean:7:0: AXIOM AUDIT theorem: _private.DefiKernel.Typed.Expr.0.DefiKernel.Typed.Expr.stateReads.match_1.eq_5; module=DefiKernel.Typed.Expr; axioms=[]
info: DefiKernel/Typed/Verify.lean:7:0: AXIOM AUDIT theorem: _private.DefiKernel.Typed.Expr.0.DefiKernel.Typed.Expr.stateReads.match_1.eq_6; module=DefiKernel.Typed.Expr; axioms=[]
info: DefiKernel/Typed/Verify.lean:7:0: AXIOM AUDIT theorem: _private.DefiKernel.Typed.Expr.0.DefiKernel.Typed.Expr.stateReads.match_1.eq_7; module=DefiKernel.Typed.Expr; axioms=[]
info: DefiKernel/Typed/Verify.lean:7:0: AXIOM AUDIT theorem: _private.DefiKernel.Typed.Expr.0.DefiKernel.Typed.Expr.stateReads.match_1.eq_8; module=DefiKernel.Typed.Expr; axioms=[]
info: DefiKernel/Typed/Verify.lean:7:0: AXIOM AUDIT theorem: _private.DefiKernel.Typed.Expr.0.DefiKernel.Typed.Expr.stateReads.match_1.eq_9; module=DefiKernel.Typed.Expr; axioms=[]
info: DefiKernel/Typed/Verify.lean:7:0: AXIOM AUDIT theorem: _private.DefiKernel.Typed.Expr.0.DefiKernel.Typed.instReprEnvRead.repr.match_1.eq_1; module=DefiKernel.Typed.Expr; axioms=[]
info: DefiKernel/Typed/Verify.lean:7:0: AXIOM AUDIT theorem: _private.DefiKernel.Typed.Expr.0.DefiKernel.Typed.instReprEnvRead.repr.match_1.eq_2; module=DefiKernel.Typed.Expr; axioms=[]
info: DefiKernel/Typed/Verify.lean:7:0: AXIOM AUDIT theorem: _private.DefiKernel.Typed.ExprTests.0.DefiKernel.Typed.BinaryOp.eval.match_1.eq_1; module=DefiKernel.Typed.ExprTests; axioms=[]
info: DefiKernel/Typed/Verify.lean:7:0: AXIOM AUDIT theorem: _private.DefiKernel.Typed.ExprTests.0.DefiKernel.Typed.BinaryOp.eval.match_1.eq_10; module=DefiKernel.Typed.ExprTests; axioms=[]
info: DefiKernel/Typed/Verify.lean:7:0: AXIOM AUDIT theorem: _private.DefiKernel.Typed.ExprTests.0.DefiKernel.Typed.BinaryOp.eval.match_1.eq_11; module=DefiKernel.Typed.ExprTests; axioms=[]
info: DefiKernel/Typed/Verify.lean:7:0: AXIOM AUDIT theorem: _private.DefiKernel.Typed.ExprTests.0.DefiKernel.Typed.BinaryOp.eval.match_1.eq_12; module=DefiKernel.Typed.ExprTests; axioms=[]
info: DefiKernel/Typed/Verify.lean:7:0: AXIOM AUDIT theorem: _private.DefiKernel.Typed.ExprTests.0.DefiKernel.Typed.BinaryOp.eval.match_1.eq_2; module=DefiKernel.Typed.ExprTests; axioms=[]
info: DefiKernel/Typed/Verify.lean:7:0: AXIOM AUDIT theorem: _private.DefiKernel.Typed.ExprTests.0.DefiKernel.Typed.BinaryOp.eval.match_1.eq_3; module=DefiKernel.Typed.ExprTests; axioms=[]
info: DefiKernel/Typed/Verify.lean:7:0: AXIOM AUDIT theorem: _private.DefiKernel.Typed.ExprTests.0.DefiKernel.Typed.BinaryOp.eval.match_1.eq_4; module=DefiKernel.Typed.ExprTests; axioms=[]
info: DefiKernel/Typed/Verify.lean:7:0: AXIOM AUDIT theorem: _private.DefiKernel.Typed.ExprTests.0.DefiKernel.Typed.BinaryOp.eval.match_1.eq_5; module=DefiKernel.Typed.ExprTests; axioms=[]
info: DefiKernel/Typed/Verify.lean:7:0: AXIOM AUDIT theorem: _private.DefiKernel.Typed.ExprTests.0.DefiKernel.Typed.BinaryOp.eval.match_1.eq_6; module=DefiKernel.Typed.ExprTests; axioms=[]
info: DefiKernel/Typed/Verify.lean:7:0: AXIOM AUDIT theorem: _private.DefiKernel.Typed.ExprTests.0.DefiKernel.Typed.BinaryOp.eval.match_1.eq_7; module=DefiKernel.Typed.ExprTests; axioms=[]
info: DefiKernel/Typed/Verify.lean:7:0: AXIOM AUDIT theorem: _private.DefiKernel.Typed.ExprTests.0.DefiKernel.Typed.BinaryOp.eval.match_1.eq_8; module=DefiKernel.Typed.ExprTests; axioms=[]
info: DefiKernel/Typed/Verify.lean:7:0: AXIOM AUDIT theorem: _private.DefiKernel.Typed.ExprTests.0.DefiKernel.Typed.BinaryOp.eval.match_1.eq_9; module=DefiKernel.Typed.ExprTests; axioms=[]
info: DefiKernel/Typed/Verify.lean:7:0: AXIOM AUDIT declaration: DefiKernel.Typed.Refusal.match_on_same_ctor._@.DefiKernel.Typed.Transition.2646293153._hygCtx._hyg.27; module=DefiKernel.Typed.Transition; kind=definition; axioms=[]
info: DefiKernel/Typed/Verify.lean:7:0: AXIOM AUDIT declaration: DefiKernel.Typed.Refusal.match_on_same_ctor.het._@.DefiKernel.Typed.Transition.2646293153._hygCtx._hyg.27; module=DefiKernel.Typed.Transition; kind=definition; axioms=[]
info: DefiKernel/Typed/Verify.lean:7:0: AXIOM AUDIT declaration: DefiKernel.Typed.Cell; module=DefiKernel.Typed.Types; kind=definition; axioms=[]
info: DefiKernel/Typed/Verify.lean:7:0: AXIOM AUDIT declaration: DefiKernel.Typed.Environment; module=DefiKernel.Typed.Types; kind=definition; axioms=[]
info: DefiKernel/Typed/Verify.lean:7:0: AXIOM AUDIT declaration: DefiKernel.Typed.PackedCellRef; module=DefiKernel.Typed.Expr; kind=definition; axioms=[]
info: DefiKernel/Typed/Verify.lean:7:0: AXIOM AUDIT declaration: DefiKernel.Typed.PackedValue; module=DefiKernel.Typed.Types; kind=definition; axioms=[]
info: DefiKernel/Typed/Verify.lean:7:0: AXIOM AUDIT declaration: DefiKernel.Typed.Registry; module=DefiKernel.Typed.Transition; kind=definition; axioms=[]
info: DefiKernel/Typed/Verify.lean:7:0: AXIOM AUDIT declaration: DefiKernel.Typed.Value; module=DefiKernel.Typed.Types; kind=definition; axioms=[]
info: DefiKernel/Typed/Verify.lean:7:0: AXIOM AUDIT declaration: DefiKernel.Typed.applyEvaluated; module=DefiKernel.Typed.Transition; kind=definition; axioms=[propext,
 Classical.choice,
 Quot.sound]
info: DefiKernel/Typed/Verify.lean:7:0: AXIOM AUDIT declaration: DefiKernel.Typed.authorizesId; module=DefiKernel.Typed.Authority; kind=definition; axioms=[propext]
info: DefiKernel/Typed/Verify.lean:7:0: AXIOM AUDIT declaration: DefiKernel.Typed.execute; module=DefiKernel.Typed.Transition; kind=definition; axioms=[propext,
 Classical.choice,
 Quot.sound]
info: DefiKernel/Typed/Verify.lean:7:0: AXIOM AUDIT declaration: DefiKernel.Typed.hasAuthority; module=DefiKernel.Typed.Authority; kind=definition; axioms=[propext]
info: DefiKernel/Typed/Verify.lean:7:0: AXIOM AUDIT declaration: DefiKernel.Typed.instDecidableEqAuthorityFailure; module=DefiKernel.Typed.Authority; kind=definition; axioms=[]
info: DefiKernel/Typed/Verify.lean:7:0: AXIOM AUDIT declaration: DefiKernel.Typed.instDecidableEqCapability; module=DefiKernel.Typed.Authority; kind=definition; axioms=[]
info: DefiKernel/Typed/Verify.lean:7:0: AXIOM AUDIT declaration: DefiKernel.Typed.instDecidableEqCapabilityId; module=DefiKernel.Typed.Types; kind=definition; axioms=[]
info: DefiKernel/Typed/Verify.lean:7:0: AXIOM AUDIT declaration: DefiKernel.Typed.instDecidableEqCapabilityStore; module=DefiKernel.Typed.Authority; kind=definition; axioms=[]
info: DefiKernel/Typed/Verify.lean:7:0: AXIOM AUDIT declaration: DefiKernel.Typed.instDecidableEqCellRef; module=DefiKernel.Typed.Types; kind=definition; axioms=[]
info: DefiKernel/Typed/Verify.lean:7:0: AXIOM AUDIT declaration: DefiKernel.Typed.instDecidableEqClaimId; module=DefiKernel.Typed.Types; kind=definition; axioms=[]
info: DefiKernel/Typed/Verify.lean:7:0: AXIOM AUDIT declaration: DefiKernel.Typed.instDecidableEqEnvRead; module=DefiKernel.Typed.Expr; kind=definition; axioms=[]
info: DefiKernel/Typed/Verify.lean:7:0: AXIOM AUDIT declaration: DefiKernel.Typed.instDecidableEqEvalFailure; module=DefiKernel.Typed.Types; kind=definition; axioms=[]
info: DefiKernel/Typed/Verify.lean:7:0: AXIOM AUDIT declaration: DefiKernel.Typed.instDecidableEqGrant; module=DefiKernel.Typed.Authority; kind=definition; axioms=[]
info: DefiKernel/Typed/Verify.lean:7:0: AXIOM AUDIT declaration: DefiKernel.Typed.instDecidableEqInvocationContext; module=DefiKernel.Typed.Types; kind=definition; axioms=[]
info: DefiKernel/Typed/Verify.lean:7:0: AXIOM AUDIT declaration: DefiKernel.Typed.instDecidableEqNumericUnit; module=DefiKernel.Typed.Types; kind=definition; axioms=[]
info: DefiKernel/Typed/Verify.lean:7:0: AXIOM AUDIT declaration: DefiKernel.Typed.instDecidableEqObservationId; module=DefiKernel.Typed.Types; kind=definition; axioms=[]
info: DefiKernel/Typed/Verify.lean:7:0: AXIOM AUDIT declaration: DefiKernel.Typed.instDecidableEqObservationKey; module=DefiKernel.Typed.Types; kind=definition; axioms=[]
info: DefiKernel/Typed/Verify.lean:7:0: AXIOM AUDIT declaration: DefiKernel.Typed.instDecidableEqObservationRef; module=DefiKernel.Typed.Types; kind=definition; axioms=[]
info: DefiKernel/Typed/Verify.lean:7:0: AXIOM AUDIT declaration: DefiKernel.Typed.instDecidableEqOperationId; module=DefiKernel.Typed.Types; kind=definition; axioms=[]
info: DefiKernel/Typed/Verify.lean:7:0: AXIOM AUDIT declaration: DefiKernel.Typed.instDecidableEqPartyRef; module=DefiKernel.Typed.Types; kind=definition; axioms=[]
info: DefiKernel/Typed/Verify.lean:7:0: AXIOM AUDIT declaration: DefiKernel.Typed.instDecidableEqRefusal; module=DefiKernel.Typed.Transition; kind=definition; axioms=[]
info: DefiKernel/Typed/Verify.lean:7:0: AXIOM AUDIT declaration: DefiKernel.Typed.instDecidableEqRight; module=DefiKernel.Typed.Authority; kind=definition; axioms=[]
info: DefiKernel/Typed/Verify.lean:7:0: AXIOM AUDIT declaration: DefiKernel.Typed.instDecidableEqUnit; module=DefiKernel.Typed.Types; kind=definition; axioms=[]
info: DefiKernel/Typed/Verify.lean:7:0: AXIOM AUDIT declaration: DefiKernel.Typed.instDecidableEqValue; module=DefiKernel.Typed.Types; kind=definition; axioms=[]
info: DefiKernel/Typed/Verify.lean:7:0: AXIOM AUDIT declaration: DefiKernel.Typed.instReprAuthorityFailure; module=DefiKernel.Typed.Authority; kind=definition; axioms=[]
info: DefiKernel/Typed/Verify.lean:7:0: AXIOM AUDIT declaration: DefiKernel.Typed.instReprCapability; module=DefiKernel.Typed.Authority; kind=definition; axioms=[propext]
info: DefiKernel/Typed/Verify.lean:7:0: AXIOM AUDIT declaration: DefiKernel.Typed.instReprCapabilityId; module=DefiKernel.Typed.Types; kind=definition; axioms=[]
info: DefiKernel/Typed/Verify.lean:7:0: AXIOM AUDIT declaration: DefiKernel.Typed.instReprCapabilityStore; module=DefiKernel.Typed.Authority; kind=definition; axioms=[propext]
info: DefiKernel/Typed/Verify.lean:7:0: AXIOM AUDIT declaration: DefiKernel.Typed.instReprCellRef; module=DefiKernel.Typed.Types; kind=definition; axioms=[]
info: DefiKernel/Typed/Verify.lean:7:0: AXIOM AUDIT declaration: DefiKernel.Typed.instReprClaimId; module=DefiKernel.Typed.Types; kind=definition; axioms=[]
info: DefiKernel/Typed/Verify.lean:7:0: AXIOM AUDIT declaration: DefiKernel.Typed.instReprEnvRead; module=DefiKernel.Typed.Expr; kind=definition; axioms=[]
info: DefiKernel/Typed/Verify.lean:7:0: AXIOM AUDIT declaration: DefiKernel.Typed.instReprEvalFailure; module=DefiKernel.Typed.Types; kind=definition; axioms=[]
info: DefiKernel/Typed/Verify.lean:7:0: AXIOM AUDIT declaration: DefiKernel.Typed.instReprGrant; module=DefiKernel.Typed.Authority; kind=definition; axioms=[propext]
info: DefiKernel/Typed/Verify.lean:7:0: AXIOM AUDIT declaration: DefiKernel.Typed.instReprInvocationContext; module=DefiKernel.Typed.Types; kind=definition; axioms=[]
info: DefiKernel/Typed/Verify.lean:7:0: AXIOM AUDIT declaration: DefiKernel.Typed.instReprNumericUnit; module=DefiKernel.Typed.Types; kind=definition; axioms=[]
info: DefiKernel/Typed/Verify.lean:7:0: AXIOM AUDIT declaration: DefiKernel.Typed.instReprObservationId; module=DefiKernel.Typed.Types; kind=definition; axioms=[]
info: DefiKernel/Typed/Verify.lean:7:0: AXIOM AUDIT declaration: DefiKernel.Typed.instReprObservationKey; module=DefiKernel.Typed.Types; kind=definition; axioms=[]
info: DefiKernel/Typed/Verify.lean:7:0: AXIOM AUDIT declaration: DefiKernel.Typed.instReprObservationRef; module=DefiKernel.Typed.Types; kind=definition; axioms=[]
info: DefiKernel/Typed/Verify.lean:7:0: AXIOM AUDIT declaration: DefiKernel.Typed.instReprOperationId; module=DefiKernel.Typed.Types; kind=definition; axioms=[]
info: DefiKernel/Typed/Verify.lean:7:0: AXIOM AUDIT declaration: DefiKernel.Typed.instReprPartyRef; module=DefiKernel.Typed.Types; kind=definition; axioms=[]
info: DefiKernel/Typed/Verify.lean:7:0: AXIOM AUDIT declaration: DefiKernel.Typed.instReprRefusal; module=DefiKernel.Typed.Transition; kind=definition; axioms=[]
info: DefiKernel/Typed/Verify.lean:7:0: AXIOM AUDIT declaration: DefiKernel.Typed.instReprRight; module=DefiKernel.Typed.Authority; kind=definition; axioms=[propext]
info: DefiKernel/Typed/Verify.lean:7:0: AXIOM AUDIT declaration: DefiKernel.Typed.instReprUnit; module=DefiKernel.Typed.Types; kind=definition; axioms=[]
info: DefiKernel/Typed/Verify.lean:7:0: AXIOM AUDIT declaration: DefiKernel.Typed.instReprValue; module=DefiKernel.Typed.Types; kind=definition; axioms=[propext]
info: DefiKernel/Typed/Verify.lean:7:0: AXIOM AUDIT declaration: DefiKernel.Typed.isDomainAdmin; module=DefiKernel.Typed.Authority; kind=definition; axioms=[]
info: DefiKernel/Typed/Verify.lean:7:0: AXIOM AUDIT declaration: DefiKernel.Typed.issueCapability; module=DefiKernel.Typed.Authority; kind=definition; axioms=[]
info: DefiKernel/Typed/Verify.lean:7:0: AXIOM AUDIT declaration: DefiKernel.Typed.numericRat; module=DefiKernel.Typed.Types; kind=definition; axioms=[]
info: DefiKernel/Typed/Verify.lean:7:0: AXIOM AUDIT declaration: DefiKernel.Typed.numericValue; module=DefiKernel.Typed.Types; kind=definition; axioms=[]
info: DefiKernel/Typed/Verify.lean:7:0: AXIOM AUDIT declaration: DefiKernel.Typed.readBalance; module=DefiKernel.Typed.Expr; kind=definition; axioms=[propext,
 Quot.sound]
info: DefiKernel/Typed/Verify.lean:7:0: AXIOM AUDIT declaration: DefiKernel.Typed.readObservation; module=DefiKernel.Typed.Expr; kind=definition; axioms=[]
info: DefiKernel/Typed/Verify.lean:7:0: AXIOM AUDIT declaration: DefiKernel.Typed.registryAuthorityConfig; module=DefiKernel.Typed.Transition; kind=definition; axioms=[]
info: DefiKernel/Typed/Verify.lean:7:0: AXIOM AUDIT declaration: DefiKernel.Typed.resolveRefs; module=DefiKernel.Typed.Transition; kind=definition; axioms=[propext]
info: DefiKernel/Typed/Verify.lean:7:0: AXIOM AUDIT declaration: DefiKernel.Typed.revokeCapability; module=DefiKernel.Typed.Authority; kind=definition; axioms=[propext]
info: DefiKernel/Typed/Verify.lean:7:0: AXIOM AUDIT declaration: DefiKernel.Typed.runtimeChecks; module=DefiKernel.Typed.Audit; kind=definition; axioms=[propext,
 Classical.choice,
 Quot.sound]
info: DefiKernel/Typed/Verify.lean:7:0: AXIOM AUDIT declaration: DefiKernel.Typed.total; module=DefiKernel.Typed.Types; kind=definition; axioms=[propext,
 Classical.choice,
 Quot.sound]
info: DefiKernel/Typed/Verify.lean:7:0: AXIOM AUDIT declaration: DefiKernel.Typed.Acceptance.checks; module=DefiKernel.Typed.Acceptance; kind=definition; axioms=[propext,
 Classical.choice,
 Quot.sound]
info: DefiKernel/Typed/Verify.lean:7:0: AXIOM AUDIT declaration: DefiKernel.Typed.Acceptance.effectReadTransfer; module=DefiKernel.Typed.Acceptance; kind=definition; axioms=[propext,
 Quot.sound]
info: DefiKernel/Typed/Verify.lean:7:0: AXIOM AUDIT declaration: DefiKernel.Typed.Acceptance.expectedBorrow; module=DefiKernel.Typed.Acceptance; kind=definition; axioms=[propext,
 Quot.sound]
info: DefiKernel/Typed/Verify.lean:7:0: AXIOM AUDIT declaration: DefiKernel.Typed.Acceptance.expectedBoundaryBorrow; module=DefiKernel.Typed.Acceptance; kind=definition; axioms=[propext,
 Quot.sound]
info: DefiKernel/Typed/Verify.lean:7:0: AXIOM AUDIT declaration: DefiKernel.Typed.Acceptance.expectedDeposit; module=DefiKernel.Typed.Acceptance; kind=definition; axioms=[propext,
 Quot.sound]
info: DefiKernel/Typed/Verify.lean:7:0: AXIOM AUDIT declaration: DefiKernel.Typed.Acceptance.expectedFractionalDeposit; module=DefiKernel.Typed.Acceptance; kind=definition; axioms=[propext,
 Classical.choice,
 Quot.sound]
info: DefiKernel/Typed/Verify.lean:7:0: AXIOM AUDIT declaration: DefiKernel.Typed.Acceptance.expectedInitial; module=DefiKernel.Typed.Acceptance; kind=definition; axioms=[propext,
 Quot.sound]
info: DefiKernel/Typed/Verify.lean:7:0: AXIOM AUDIT declaration: DefiKernel.Typed.Acceptance.expectedRepeatedTransfer; module=DefiKernel.Typed.Acceptance; kind=definition; axioms=[propext,
 Quot.sound]
info: DefiKernel/Typed/Verify.lean:7:0: AXIOM AUDIT declaration: DefiKernel.Typed.Acceptance.expectedTransfer; module=DefiKernel.Typed.Acceptance; kind=definition; axioms=[propext,
 Quot.sound]
info: DefiKernel/Typed/Verify.lean:7:0: AXIOM AUDIT declaration: DefiKernel.Typed.Acceptance.expectedWithdraw; module=DefiKernel.Typed.Acceptance; kind=definition; axioms=[propext,
 Quot.sound]
info: DefiKernel/Typed/Verify.lean:7:0: AXIOM AUDIT declaration: DefiKernel.Typed.Acceptance.expectedZeroExposure; module=DefiKernel.Typed.Acceptance; kind=definition; axioms=[propext,
 Quot.sound]
info: DefiKernel/Typed/Verify.lean:7:0: AXIOM AUDIT declaration: DefiKernel.Typed.Acceptance.illiquid; module=DefiKernel.Typed.Acceptance; kind=definition; axioms=[propext,
 Quot.sound]
info: DefiKernel/Typed/Verify.lean:7:0: AXIOM AUDIT declaration: DefiKernel.Typed.Acceptance.illiquidBorrow; module=DefiKernel.Typed.Acceptance; kind=definition; axioms=[propext,
 Classical.choice,
 Quot.sound]
info: DefiKernel/Typed/Verify.lean:7:0: AXIOM AUDIT declaration: DefiKernel.Typed.Acceptance.issueAfterRevocation; module=DefiKernel.Typed.Acceptance; kind=definition; axioms=[propext,
 Quot.sound]
info: DefiKernel/Typed/Verify.lean:7:0: AXIOM AUDIT declaration: DefiKernel.Typed.Acceptance.missingBorrowStateReads; module=DefiKernel.Typed.Acceptance; kind=definition; axioms=[propext,
 Quot.sound]
info: DefiKernel/Typed/Verify.lean:7:0: AXIOM AUDIT declaration: DefiKernel.Typed.Acceptance.missingEffectRead; module=DefiKernel.Typed.Acceptance; kind=definition; axioms=[propext,
 Quot.sound]
info: DefiKernel/Typed/Verify.lean:7:0: AXIOM AUDIT declaration: DefiKernel.Typed.Acceptance.missingOracleReads; module=DefiKernel.Typed.Acceptance; kind=definition; axioms=[propext,
 Quot.sound]
info: DefiKernel/Typed/Verify.lean:7:0: AXIOM AUDIT declaration: DefiKernel.Typed.Acceptance.missingWrites; module=DefiKernel.Typed.Acceptance; kind=definition; axioms=[propext,
 Quot.sound]
info: DefiKernel/Typed/Verify.lean:7:0: AXIOM AUDIT declaration: DefiKernel.Typed.Acceptance.postMatches; module=DefiKernel.Typed.Acceptance; kind=definition; axioms=[propext,
 Quot.sound]
info: DefiKernel/Typed/Verify.lean:7:0: AXIOM AUDIT declaration: DefiKernel.Typed.Acceptance.preservesCapabilities; module=DefiKernel.Typed.Acceptance; kind=definition; axioms=[propext,
 Classical.choice,
 Quot.sound]
info: DefiKernel/Typed/Verify.lean:7:0: AXIOM AUDIT declaration: DefiKernel.Typed.Acceptance.provisionedIds; module=DefiKernel.Typed.Acceptance; kind=definition; axioms=[propext,
 Quot.sound]
info: DefiKernel/Typed/Verify.lean:7:0: AXIOM AUDIT declaration: DefiKernel.Typed.Acceptance.quantityWithRead; module=DefiKernel.Typed.Acceptance; kind=definition; axioms=[propext,
 Quot.sound]
info: DefiKernel/Typed/Verify.lean:7:0: AXIOM AUDIT declaration: DefiKernel.Typed.Acceptance.refused; module=DefiKernel.Typed.Acceptance; kind=definition; axioms=[propext,
 Quot.sound]
info: DefiKernel/Typed/Verify.lean:7:0: AXIOM AUDIT declaration: DefiKernel.Typed.Acceptance.repeatedTransfer; module=DefiKernel.Typed.Acceptance; kind=definition; axioms=[propext,
 Classical.choice,
 Quot.sound]
info: DefiKernel/Typed/Verify.lean:7:0: AXIOM AUDIT declaration: DefiKernel.Typed.Acceptance.revokedTransferInvoke; module=DefiKernel.Typed.Acceptance; kind=definition; axioms=[propext,
 Quot.sound]
info: DefiKernel/Typed/Verify.lean:7:0: AXIOM AUDIT declaration: DefiKernel.Typed.Acceptance.runDevelopmentTemplate; module=DefiKernel.Typed.Acceptance; kind=definition; axioms=[propext,
 Classical.choice,
 Quot.sound]
info: DefiKernel/Typed/Verify.lean:7:0: AXIOM AUDIT declaration: DefiKernel.Typed.Acceptance.runReissued; module=DefiKernel.Typed.Acceptance; kind=definition; axioms=[propext,
 Classical.choice,
 Quot.sound]
info: DefiKernel/Typed/Verify.lean:7:0: AXIOM AUDIT declaration: DefiKernel.Typed.Acceptance.transferLifecycle; module=DefiKernel.Typed.Acceptance; kind=definition; axioms=[propext,
 Classical.choice,
 Quot.sound]
info: DefiKernel/Typed/Verify.lean:7:0: AXIOM AUDIT declaration: DefiKernel.Typed.Acceptance.unauthorizedGrant; module=DefiKernel.Typed.Acceptance; kind=definition; axioms=[propext,
 Quot.sound]
info: DefiKernel/Typed/Verify.lean:7:0: AXIOM AUDIT declaration: DefiKernel.Typed.Acceptance.unauthorizedRevoke; module=DefiKernel.Typed.Acceptance; kind=definition; axioms=[propext,
 Quot.sound]
info: DefiKernel/Typed/Verify.lean:7:0: AXIOM AUDIT declaration: DefiKernel.Typed.Acceptance.unbalancedTransfer; module=DefiKernel.Typed.Acceptance; kind=definition; axioms=[propext,
 Quot.sound]
info: DefiKernel/Typed/Verify.lean:7:0: AXIOM AUDIT declaration: DefiKernel.Typed.Acceptance.wrongAssetTransfer; module=DefiKernel.Typed.Acceptance; kind=definition; axioms=[propext,
 Quot.sound]
info: DefiKernel/Typed/Verify.lean:7:0: AXIOM AUDIT declaration: DefiKernel.Typed.Acceptance.zeroExposure; module=DefiKernel.Typed.Acceptance; kind=definition; axioms=[propext,
 Quot.sound]
info: DefiKernel/Typed/Verify.lean:7:0: AXIOM AUDIT declaration: DefiKernel.Typed.Acceptance.zeroExposureBorrow; module=DefiKernel.Typed.Acceptance; kind=definition; axioms=[propext,
 Classical.choice,
 Quot.sound]
info: DefiKernel/Typed/Verify.lean:7:0: AXIOM AUDIT declaration: DefiKernel.Typed.Acceptance.zeroPriceDeposit; module=DefiKernel.Typed.Acceptance; kind=definition; axioms=[propext,
 Quot.sound]
info: DefiKernel/Typed/Verify.lean:7:0: AXIOM AUDIT declaration: DefiKernel.Typed.Args._sizeOf_1; module=DefiKernel.Typed.Expr; kind=definition; axioms=[]
info: DefiKernel/Typed/Verify.lean:7:0: AXIOM AUDIT declaration: DefiKernel.Typed.Args._sizeOf_inst; module=DefiKernel.Typed.Expr; kind=definition; axioms=[]
info: DefiKernel/Typed/Verify.lean:7:0: AXIOM AUDIT declaration: DefiKernel.Typed.Args.below; module=DefiKernel.Typed.Expr; kind=definition; axioms=[]
info: DefiKernel/Typed/Verify.lean:7:0: AXIOM AUDIT declaration: DefiKernel.Typed.Args.brecOn; module=DefiKernel.Typed.Expr; kind=definition; axioms=[]
info: DefiKernel/Typed/Verify.lean:7:0: AXIOM AUDIT declaration: DefiKernel.Typed.Args.casesOn; module=DefiKernel.Typed.Expr; kind=definition; axioms=[]
info: DefiKernel/Typed/Verify.lean:7:0: AXIOM AUDIT declaration: DefiKernel.Typed.Args.check; module=DefiKernel.Typed.Expr; kind=definition; axioms=[propext]
info: DefiKernel/Typed/Verify.lean:7:0: AXIOM AUDIT declaration: DefiKernel.Typed.Args.ctorElim; module=DefiKernel.Typed.Expr; kind=definition; axioms=[]
info: DefiKernel/Typed/Verify.lean:7:0: AXIOM AUDIT declaration: DefiKernel.Typed.Args.ctorElimType; module=DefiKernel.Typed.Expr; kind=definition; axioms=[]
info: DefiKernel/Typed/Verify.lean:7:0: AXIOM AUDIT declaration: DefiKernel.Typed.Args.ctorIdx; module=DefiKernel.Typed.Expr; kind=definition; axioms=[]
info: DefiKernel/Typed/Verify.lean:7:0: AXIOM AUDIT declaration: DefiKernel.Typed.Args.get; module=DefiKernel.Typed.Expr; kind=definition; axioms=[]
info: DefiKernel/Typed/Verify.lean:7:0: AXIOM AUDIT declaration: DefiKernel.Typed.Args.noConfusion; module=DefiKernel.Typed.Expr; kind=definition; axioms=[]
info: DefiKernel/Typed/Verify.lean:7:0: AXIOM AUDIT declaration: DefiKernel.Typed.Args.noConfusionType; module=DefiKernel.Typed.Expr; kind=definition; axioms=[]
info: DefiKernel/Typed/Verify.lean:7:0: AXIOM AUDIT declaration: DefiKernel.Typed.Args.recOn; module=DefiKernel.Typed.Expr; kind=definition; axioms=[]
info: DefiKernel/Typed/Verify.lean:7:0: AXIOM AUDIT declaration: DefiKernel.Typed.AuthorityConfig._sizeOf_1; module=DefiKernel.Typed.Authority; kind=definition; axioms=[]
info: DefiKernel/Typed/Verify.lean:7:0: AXIOM AUDIT declaration: DefiKernel.Typed.AuthorityConfig._sizeOf_inst; module=DefiKernel.Typed.Authority; kind=definition; axioms=[]
info: DefiKernel/Typed/Verify.lean:7:0: AXIOM AUDIT declaration: DefiKernel.Typed.AuthorityConfig.casesOn; module=DefiKernel.Typed.Authority; kind=definition; axioms=[]
info: DefiKernel/Typed/Verify.lean:7:0: AXIOM AUDIT declaration: DefiKernel.Typed.AuthorityConfig.ctorIdx; module=DefiKernel.Typed.Authority; kind=definition; axioms=[]
info: DefiKernel/Typed/Verify.lean:7:0: AXIOM AUDIT declaration: DefiKernel.Typed.AuthorityConfig.domainAdmin; module=DefiKernel.Typed.Authority; kind=definition; axioms=[]
info: DefiKernel/Typed/Verify.lean:7:0: AXIOM AUDIT declaration: DefiKernel.Typed.AuthorityConfig.noConfusion; module=DefiKernel.Typed.Authority; kind=definition; axioms=[]
info: DefiKernel/Typed/Verify.lean:7:0: AXIOM AUDIT declaration: DefiKernel.Typed.AuthorityConfig.noConfusionType; module=DefiKernel.Typed.Authority; kind=definition; axioms=[]
info: DefiKernel/Typed/Verify.lean:7:0: AXIOM AUDIT declaration: DefiKernel.Typed.AuthorityConfig.operationDomain; module=DefiKernel.Typed.Authority; kind=definition; axioms=[]
info: DefiKernel/Typed/Verify.lean:7:0: AXIOM AUDIT declaration: DefiKernel.Typed.AuthorityConfig.recOn; module=DefiKernel.Typed.Authority; kind=definition; axioms=[]
info: DefiKernel/Typed/Verify.lean:7:0: AXIOM AUDIT declaration: DefiKernel.Typed.AuthorityFailure._sizeOf_1; module=DefiKernel.Typed.Authority; kind=definition; axioms=[]
info: DefiKernel/Typed/Verify.lean:7:0: AXIOM AUDIT declaration: DefiKernel.Typed.AuthorityFailure._sizeOf_inst; module=DefiKernel.Typed.Authority; kind=definition; axioms=[]
info: DefiKernel/Typed/Verify.lean:7:0: AXIOM AUDIT declaration: DefiKernel.Typed.AuthorityFailure.casesOn; module=DefiKernel.Typed.Authority; kind=definition; axioms=[]
info: DefiKernel/Typed/Verify.lean:7:0: AXIOM AUDIT declaration: DefiKernel.Typed.AuthorityFailure.ctorElim; module=DefiKernel.Typed.Authority; kind=definition; axioms=[]
info: DefiKernel/Typed/Verify.lean:7:0: AXIOM AUDIT declaration: DefiKernel.Typed.AuthorityFailure.ctorElimType; module=DefiKernel.Typed.Authority; kind=definition; axioms=[]
info: DefiKernel/Typed/Verify.lean:7:0: AXIOM AUDIT declaration: DefiKernel.Typed.AuthorityFailure.ctorIdx; module=DefiKernel.Typed.Authority; kind=definition; axioms=[]
info: DefiKernel/Typed/Verify.lean:7:0: AXIOM AUDIT declaration: DefiKernel.Typed.AuthorityFailure.noConfusion; module=DefiKernel.Typed.Authority; kind=definition; axioms=[]
info: DefiKernel/Typed/Verify.lean:7:0: AXIOM AUDIT declaration: DefiKernel.Typed.AuthorityFailure.noConfusionType; module=DefiKernel.Typed.Authority; kind=definition; axioms=[]
info: DefiKernel/Typed/Verify.lean:7:0: AXIOM AUDIT declaration: DefiKernel.Typed.AuthorityFailure.ofNat; module=DefiKernel.Typed.Authority; kind=definition; axioms=[]
info: DefiKernel/Typed/Verify.lean:7:0: AXIOM AUDIT declaration: DefiKernel.Typed.AuthorityFailure.recOn; module=DefiKernel.Typed.Authority; kind=definition; axioms=[]
info: DefiKernel/Typed/Verify.lean:7:0: AXIOM AUDIT declaration: DefiKernel.Typed.AuthorityFailure.toCtorIdx; module=DefiKernel.Typed.Authority; kind=definition; axioms=[]
info: DefiKernel/Typed/Verify.lean:7:0: AXIOM AUDIT declaration: DefiKernel.Typed.AuthorityTests.A; module=DefiKernel.Typed.AuthorityTests; kind=definition; axioms=[]
info: DefiKernel/Typed/Verify.lean:7:0: AXIOM AUDIT declaration: DefiKernel.Typed.AuthorityTests.D; module=DefiKernel.Typed.AuthorityTests; kind=definition; axioms=[]
info: DefiKernel/Typed/Verify.lean:7:0: AXIOM AUDIT declaration: DefiKernel.Typed.AuthorityTests.P; module=DefiKernel.Typed.AuthorityTests; kind=definition; axioms=[]
info: DefiKernel/Typed/Verify.lean:7:0: AXIOM AUDIT declaration: DefiKernel.Typed.AuthorityTests.admin; module=DefiKernel.Typed.AuthorityTests; kind=definition; axioms=[propext]
info: DefiKernel/Typed/Verify.lean:7:0: AXIOM AUDIT declaration: DefiKernel.Typed.AuthorityTests.afterReissue; module=DefiKernel.Typed.AuthorityTests; kind=definition; axioms=[propext]
info: DefiKernel/Typed/Verify.lean:7:0: AXIOM AUDIT declaration: DefiKernel.Typed.AuthorityTests.afterRevoke; module=DefiKernel.Typed.AuthorityTests; kind=definition; axioms=[propext]
info: DefiKernel/Typed/Verify.lean:7:0: AXIOM AUDIT declaration: DefiKernel.Typed.AuthorityTests.checks; module=DefiKernel.Typed.AuthorityTests; kind=definition; axioms=[propext]
info: DefiKernel/Typed/Verify.lean:7:0: AXIOM AUDIT declaration: DefiKernel.Typed.AuthorityTests.config; module=DefiKernel.Typed.AuthorityTests; kind=definition; axioms=[propext]
info: DefiKernel/Typed/Verify.lean:7:0: AXIOM AUDIT declaration: DefiKernel.Typed.AuthorityTests.debit; module=DefiKernel.Typed.AuthorityTests; kind=definition; axioms=[propext]
info: DefiKernel/Typed/Verify.lean:7:0: AXIOM AUDIT declaration: DefiKernel.Typed.AuthorityTests.empty; module=DefiKernel.Typed.AuthorityTests; kind=definition; axioms=[]
info: DefiKernel/Typed/Verify.lean:7:0: AXIOM AUDIT declaration: DefiKernel.Typed.AuthorityTests.foreignAdmin; module=DefiKernel.Typed.AuthorityTests; kind=definition; axioms=[propext]
info: DefiKernel/Typed/Verify.lean:7:0: AXIOM AUDIT declaration: DefiKernel.Typed.AuthorityTests.foreignIssue; module=DefiKernel.Typed.AuthorityTests; kind=definition; axioms=[propext]
info: DefiKernel/Typed/Verify.lean:7:0: AXIOM AUDIT declaration: DefiKernel.Typed.AuthorityTests.full; module=DefiKernel.Typed.AuthorityTests; kind=definition; axioms=[propext]
info: DefiKernel/Typed/Verify.lean:7:0: AXIOM AUDIT declaration: DefiKernel.Typed.AuthorityTests.grant; module=DefiKernel.Typed.AuthorityTests; kind=definition; axioms=[propext]
info: DefiKernel/Typed/Verify.lean:7:0: AXIOM AUDIT declaration: DefiKernel.Typed.AuthorityTests.holder; module=DefiKernel.Typed.AuthorityTests; kind=definition; axioms=[propext]
info: DefiKernel/Typed/Verify.lean:7:0: AXIOM AUDIT declaration: DefiKernel.Typed.AuthorityTests.issueMore; module=DefiKernel.Typed.AuthorityTests; kind=definition; axioms=[propext]
info: DefiKernel/Typed/Verify.lean:7:0: AXIOM AUDIT declaration: DefiKernel.Typed.AuthorityTests.issueUse; module=DefiKernel.Typed.AuthorityTests; kind=definition; axioms=[propext]
info: DefiKernel/Typed/Verify.lean:7:0: AXIOM AUDIT declaration: DefiKernel.Typed.AuthorityTests.issued; module=DefiKernel.Typed.AuthorityTests; kind=definition; axioms=[propext]
info: DefiKernel/Typed/Verify.lean:7:0: AXIOM AUDIT declaration: DefiKernel.Typed.AuthorityTests.reissued; module=DefiKernel.Typed.AuthorityTests; kind=definition; axioms=[propext]
info: DefiKernel/Typed/Verify.lean:7:0: AXIOM AUDIT declaration: DefiKernel.Typed.AuthorityTests.revoked; module=DefiKernel.Typed.AuthorityTests; kind=definition; axioms=[propext]
info: DefiKernel/Typed/Verify.lean:7:0: AXIOM AUDIT declaration: DefiKernel.Typed.AuthorityTests.sameRequest; module=DefiKernel.Typed.AuthorityTests; kind=definition; axioms=[propext]
info: DefiKernel/Typed/Verify.lean:7:0: AXIOM AUDIT declaration: DefiKernel.Typed.AuthorityTests.store; module=DefiKernel.Typed.AuthorityTests; kind=definition; axioms=[propext]
info: DefiKernel/Typed/Verify.lean:7:0: AXIOM AUDIT declaration: DefiKernel.Typed.AuthorityTests.supply; module=DefiKernel.Typed.AuthorityTests; kind=definition; axioms=[propext]
info: DefiKernel/Typed/Verify.lean:7:0: AXIOM AUDIT declaration: DefiKernel.Typed.AuthorityTests.wrongOperationIssue; module=DefiKernel.Typed.AuthorityTests; kind=definition; axioms=[propext]
info: DefiKernel/Typed/Verify.lean:7:0: AXIOM AUDIT declaration: DefiKernel.Typed.BinaryOp._sizeOf_1; module=DefiKernel.Typed.Expr; kind=definition; axioms=[]
info: DefiKernel/Typed/Verify.lean:7:0: AXIOM AUDIT declaration: DefiKernel.Typed.BinaryOp._sizeOf_inst; module=DefiKernel.Typed.Expr; kind=definition; axioms=[]
info: DefiKernel/Typed/Verify.lean:7:0: AXIOM AUDIT declaration: DefiKernel.Typed.BinaryOp.casesOn; module=DefiKernel.Typed.Expr; kind=definition; axioms=[]
info: DefiKernel/Typed/Verify.lean:7:0: AXIOM AUDIT declaration: DefiKernel.Typed.BinaryOp.ctorElim; module=DefiKernel.Typed.Expr; kind=definition; axioms=[]
info: DefiKernel/Typed/Verify.lean:7:0: AXIOM AUDIT declaration: DefiKernel.Typed.BinaryOp.ctorElimType; module=DefiKernel.Typed.Expr; kind=definition; axioms=[]
info: DefiKernel/Typed/Verify.lean:7:0: AXIOM AUDIT declaration: DefiKernel.Typed.BinaryOp.ctorIdx; module=DefiKernel.Typed.Expr; kind=definition; axioms=[]
info: DefiKernel/Typed/Verify.lean:7:0: AXIOM AUDIT declaration: DefiKernel.Typed.BinaryOp.eval; module=DefiKernel.Typed.Expr; kind=definition; axioms=[propext,
 Classical.choice,
 Quot.sound]
info: DefiKernel/Typed/Verify.lean:7:0: AXIOM AUDIT declaration: DefiKernel.Typed.BinaryOp.noConfusion; module=DefiKernel.Typed.Expr; kind=definition; axioms=[]
info: DefiKernel/Typed/Verify.lean:7:0: AXIOM AUDIT declaration: DefiKernel.Typed.BinaryOp.noConfusionType; module=DefiKernel.Typed.Expr; kind=definition; axioms=[]
info: DefiKernel/Typed/Verify.lean:7:0: AXIOM AUDIT declaration: DefiKernel.Typed.BinaryOp.recOn; module=DefiKernel.Typed.Expr; kind=definition; axioms=[]
info: DefiKernel/Typed/Verify.lean:7:0: AXIOM AUDIT declaration: DefiKernel.Typed.Capability._sizeOf_1; module=DefiKernel.Typed.Authority; kind=definition; axioms=[]
info: DefiKernel/Typed/Verify.lean:7:0: AXIOM AUDIT declaration: DefiKernel.Typed.Capability._sizeOf_inst; module=DefiKernel.Typed.Authority; kind=definition; axioms=[]
info: DefiKernel/Typed/Verify.lean:7:0: AXIOM AUDIT declaration: DefiKernel.Typed.Capability.casesOn; module=DefiKernel.Typed.Authority; kind=definition; axioms=[]
info: DefiKernel/Typed/Verify.lean:7:0: AXIOM AUDIT declaration: DefiKernel.Typed.Capability.ctorIdx; module=DefiKernel.Typed.Authority; kind=definition; axioms=[]
info: DefiKernel/Typed/Verify.lean:7:0: AXIOM AUDIT declaration: DefiKernel.Typed.Capability.live; module=DefiKernel.Typed.Authority; kind=definition; axioms=[]
info: DefiKernel/Typed/Verify.lean:7:0: AXIOM AUDIT declaration: DefiKernel.Typed.Capability.noConfusion; module=DefiKernel.Typed.Authority; kind=definition; axioms=[]
info: DefiKernel/Typed/Verify.lean:7:0: AXIOM AUDIT declaration: DefiKernel.Typed.Capability.noConfusionType; module=DefiKernel.Typed.Authority; kind=definition; axioms=[]
info: DefiKernel/Typed/Verify.lean:7:0: AXIOM AUDIT declaration: DefiKernel.Typed.Capability.recOn; module=DefiKernel.Typed.Authority; kind=definition; axioms=[]
info: DefiKernel/Typed/Verify.lean:7:0: AXIOM AUDIT declaration: DefiKernel.Typed.Capability.toGrant; module=DefiKernel.Typed.Authority; kind=definition; axioms=[]
info: DefiKernel/Typed/Verify.lean:7:0: AXIOM AUDIT declaration: DefiKernel.Typed.CapabilityId._sizeOf_1; module=DefiKernel.Typed.Types; kind=definition; axioms=[]
info: DefiKernel/Typed/Verify.lean:7:0: AXIOM AUDIT declaration: DefiKernel.Typed.CapabilityId._sizeOf_inst; module=DefiKernel.Typed.Types; kind=definition; axioms=[]
info: DefiKernel/Typed/Verify.lean:7:0: AXIOM AUDIT declaration: DefiKernel.Typed.CapabilityId.casesOn; module=DefiKernel.Typed.Types; kind=definition; axioms=[]
info: DefiKernel/Typed/Verify.lean:7:0: AXIOM AUDIT declaration: DefiKernel.Typed.CapabilityId.ctorIdx; module=DefiKernel.Typed.Types; kind=definition; axioms=[]
info: DefiKernel/Typed/Verify.lean:7:0: AXIOM AUDIT declaration: DefiKernel.Typed.CapabilityId.noConfusion; module=DefiKernel.Typed.Types; kind=definition; axioms=[]
info: DefiKernel/Typed/Verify.lean:7:0: AXIOM AUDIT declaration: DefiKernel.Typed.CapabilityId.noConfusionType; module=DefiKernel.Typed.Types; kind=definition; axioms=[]
info: DefiKernel/Typed/Verify.lean:7:0: AXIOM AUDIT declaration: DefiKernel.Typed.CapabilityId.recOn; module=DefiKernel.Typed.Types; kind=definition; axioms=[]
info: DefiKernel/Typed/Verify.lean:7:0: AXIOM AUDIT declaration: DefiKernel.Typed.CapabilityId.value; module=DefiKernel.Typed.Types; kind=definition; axioms=[]
info: DefiKernel/Typed/Verify.lean:7:0: AXIOM AUDIT declaration: DefiKernel.Typed.CapabilityStore._sizeOf_1; module=DefiKernel.Typed.Authority; kind=definition; axioms=[]
info: DefiKernel/Typed/Verify.lean:7:0: AXIOM AUDIT declaration: DefiKernel.Typed.CapabilityStore._sizeOf_inst; module=DefiKernel.Typed.Authority; kind=definition; axioms=[]
info: DefiKernel/Typed/Verify.lean:7:0: AXIOM AUDIT declaration: DefiKernel.Typed.CapabilityStore.casesOn; module=DefiKernel.Typed.Authority; kind=definition; axioms=[]
info: DefiKernel/Typed/Verify.lean:7:0: AXIOM AUDIT declaration: DefiKernel.Typed.CapabilityStore.ctorIdx; module=DefiKernel.Typed.Authority; kind=definition; axioms=[]
info: DefiKernel/Typed/Verify.lean:7:0: AXIOM AUDIT declaration: DefiKernel.Typed.CapabilityStore.empty; module=DefiKernel.Typed.Authority; kind=definition; axioms=[]
info: DefiKernel/Typed/Verify.lean:7:0: AXIOM AUDIT declaration: DefiKernel.Typed.CapabilityStore.entries; module=DefiKernel.Typed.Authority; kind=definition; axioms=[]
info: DefiKernel/Typed/Verify.lean:7:0: AXIOM AUDIT declaration: DefiKernel.Typed.CapabilityStore.lookup; module=DefiKernel.Typed.Authority; kind=definition; axioms=[propext]
info: DefiKernel/Typed/Verify.lean:7:0: AXIOM AUDIT declaration: DefiKernel.Typed.CapabilityStore.nextId; module=DefiKernel.Typed.Authority; kind=definition; axioms=[]
info: DefiKernel/Typed/Verify.lean:7:0: AXIOM AUDIT declaration: DefiKernel.Typed.CapabilityStore.noConfusion; module=DefiKernel.Typed.Authority; kind=definition; axioms=[]
info: DefiKernel/Typed/Verify.lean:7:0: AXIOM AUDIT declaration: DefiKernel.Typed.CapabilityStore.noConfusionType; module=DefiKernel.Typed.Authority; kind=definition; axioms=[]
info: DefiKernel/Typed/Verify.lean:7:0: AXIOM AUDIT declaration: DefiKernel.Typed.CapabilityStore.recOn; module=DefiKernel.Typed.Authority; kind=definition; axioms=[]
info: DefiKernel/Typed/Verify.lean:7:0: AXIOM AUDIT declaration: DefiKernel.Typed.CellDelta._sizeOf_1; module=DefiKernel.Typed.Transition; kind=definition; axioms=[]
info: DefiKernel/Typed/Verify.lean:7:0: AXIOM AUDIT declaration: DefiKernel.Typed.CellDelta._sizeOf_inst; module=DefiKernel.Typed.Transition; kind=definition; axioms=[]
info: DefiKernel/Typed/Verify.lean:7:0: AXIOM AUDIT declaration: DefiKernel.Typed.CellDelta.amount; module=DefiKernel.Typed.Transition; kind=definition; axioms=[]
info: DefiKernel/Typed/Verify.lean:7:0: AXIOM AUDIT declaration: DefiKernel.Typed.CellDelta.asset; module=DefiKernel.Typed.Transition; kind=definition; axioms=[]
info: DefiKernel/Typed/Verify.lean:7:0: AXIOM AUDIT declaration: DefiKernel.Typed.CellDelta.casesOn; module=DefiKernel.Typed.Transition; kind=definition; axioms=[]
info: DefiKernel/Typed/Verify.lean:7:0: AXIOM AUDIT declaration: DefiKernel.Typed.CellDelta.ctorIdx; module=DefiKernel.Typed.Transition; kind=definition; axioms=[]
info: DefiKernel/Typed/Verify.lean:7:0: AXIOM AUDIT declaration: DefiKernel.Typed.CellDelta.noConfusion; module=DefiKernel.Typed.Transition; kind=definition; axioms=[]
info: DefiKernel/Typed/Verify.lean:7:0: AXIOM AUDIT declaration: DefiKernel.Typed.CellDelta.noConfusionType; module=DefiKernel.Typed.Transition; kind=definition; axioms=[]
info: DefiKernel/Typed/Verify.lean:7:0: AXIOM AUDIT declaration: DefiKernel.Typed.CellDelta.recOn; module=DefiKernel.Typed.Transition; kind=definition; axioms=[]
info: DefiKernel/Typed/Verify.lean:7:0: AXIOM AUDIT declaration: DefiKernel.Typed.CellDelta.target; module=DefiKernel.Typed.Transition; kind=definition; axioms=[]
info: DefiKernel/Typed/Verify.lean:7:0: AXIOM AUDIT declaration: DefiKernel.Typed.CellRef._sizeOf_1; module=DefiKernel.Typed.Types; kind=definition; axioms=[]
info: DefiKernel/Typed/Verify.lean:7:0: AXIOM AUDIT declaration: DefiKernel.Typed.CellRef._sizeOf_inst; module=DefiKernel.Typed.Types; kind=definition; axioms=[]
info: DefiKernel/Typed/Verify.lean:7:0: AXIOM AUDIT declaration: DefiKernel.Typed.CellRef.casesOn; module=DefiKernel.Typed.Types; kind=definition; axioms=[]
info: DefiKernel/Typed/Verify.lean:7:0: AXIOM AUDIT declaration: DefiKernel.Typed.CellRef.ctorIdx; module=DefiKernel.Typed.Types; kind=definition; axioms=[]
info: DefiKernel/Typed/Verify.lean:7:0: AXIOM AUDIT declaration: DefiKernel.Typed.CellRef.domain; module=DefiKernel.Typed.Types; kind=definition; axioms=[]
info: DefiKernel/Typed/Verify.lean:7:0: AXIOM AUDIT declaration: DefiKernel.Typed.CellRef.noConfusion; module=DefiKernel.Typed.Types; kind=definition; axioms=[]
info: DefiKernel/Typed/Verify.lean:7:0: AXIOM AUDIT declaration: DefiKernel.Typed.CellRef.noConfusionType; module=DefiKernel.Typed.Types; kind=definition; axioms=[]
info: DefiKernel/Typed/Verify.lean:7:0: AXIOM AUDIT declaration: DefiKernel.Typed.CellRef.owner; module=DefiKernel.Typed.Types; kind=definition; axioms=[]
info: DefiKernel/Typed/Verify.lean:7:0: AXIOM AUDIT declaration: DefiKernel.Typed.CellRef.recOn; module=DefiKernel.Typed.Types; kind=definition; axioms=[]
info: DefiKernel/Typed/Verify.lean:7:0: AXIOM AUDIT declaration: DefiKernel.Typed.CellRef.resolve; module=DefiKernel.Typed.Types; kind=definition; axioms=[propext]
info: DefiKernel/Typed/Verify.lean:7:0: AXIOM AUDIT declaration: DefiKernel.Typed.ClaimId._sizeOf_1; module=DefiKernel.Typed.Types; kind=definition; axioms=[]
info: DefiKernel/Typed/Verify.lean:7:0: AXIOM AUDIT declaration: DefiKernel.Typed.ClaimId._sizeOf_inst; module=DefiKernel.Typed.Types; kind=definition; axioms=[]
info: DefiKernel/Typed/Verify.lean:7:0: AXIOM AUDIT declaration: DefiKernel.Typed.ClaimId.casesOn; module=DefiKernel.Typed.Types; kind=definition; axioms=[]
info: DefiKernel/Typed/Verify.lean:7:0: AXIOM AUDIT declaration: DefiKernel.Typed.ClaimId.ctorIdx; module=DefiKernel.Typed.Types; kind=definition; axioms=[]
info: DefiKernel/Typed/Verify.lean:7:0: AXIOM AUDIT declaration: DefiKernel.Typed.ClaimId.noConfusion; module=DefiKernel.Typed.Types; kind=definition; axioms=[]
info: DefiKernel/Typed/Verify.lean:7:0: AXIOM AUDIT declaration: DefiKernel.Typed.ClaimId.noConfusionType; module=DefiKernel.Typed.Types; kind=definition; axioms=[]
info: DefiKernel/Typed/Verify.lean:7:0: AXIOM AUDIT declaration: DefiKernel.Typed.ClaimId.recOn; module=DefiKernel.Typed.Types; kind=definition; axioms=[]
info: DefiKernel/Typed/Verify.lean:7:0: AXIOM AUDIT declaration: DefiKernel.Typed.ClaimId.value; module=DefiKernel.Typed.Types; kind=definition; axioms=[]
info: DefiKernel/Typed/Verify.lean:7:0: AXIOM AUDIT declaration: DefiKernel.Typed.EnvRead.Agree; module=DefiKernel.Typed.Expr; kind=definition; axioms=[propext,
 Quot.sound]
info: DefiKernel/Typed/Verify.lean:7:0: AXIOM AUDIT declaration: DefiKernel.Typed.EnvRead._sizeOf_1; module=DefiKernel.Typed.Expr; kind=definition; axioms=[]
info: DefiKernel/Typed/Verify.lean:7:0: AXIOM AUDIT declaration: DefiKernel.Typed.EnvRead._sizeOf_inst; module=DefiKernel.Typed.Expr; kind=definition; axioms=[]
info: DefiKernel/Typed/Verify.lean:7:0: AXIOM AUDIT declaration: DefiKernel.Typed.EnvRead.casesOn; module=DefiKernel.Typed.Expr; kind=definition; axioms=[]
info: DefiKernel/Typed/Verify.lean:7:0: AXIOM AUDIT declaration: DefiKernel.Typed.EnvRead.ctorElim; module=DefiKernel.Typed.Expr; kind=definition; axioms=[]
info: DefiKernel/Typed/Verify.lean:7:0: AXIOM AUDIT declaration: DefiKernel.Typed.EnvRead.ctorElimType; module=DefiKernel.Typed.Expr; kind=definition; axioms=[]
info: DefiKernel/Typed/Verify.lean:7:0: AXIOM AUDIT declaration: DefiKernel.Typed.EnvRead.ctorIdx; module=DefiKernel.Typed.Expr; kind=definition; axioms=[]
info: DefiKernel/Typed/Verify.lean:7:0: AXIOM AUDIT declaration: DefiKernel.Typed.EnvRead.noConfusion; module=DefiKernel.Typed.Expr; kind=definition; axioms=[]
info: DefiKernel/Typed/Verify.lean:7:0: AXIOM AUDIT declaration: DefiKernel.Typed.EnvRead.noConfusionType; module=DefiKernel.Typed.Expr; kind=definition; axioms=[]
info: DefiKernel/Typed/Verify.lean:7:0: AXIOM AUDIT declaration: DefiKernel.Typed.EnvRead.recOn; module=DefiKernel.Typed.Expr; kind=definition; axioms=[]
info: DefiKernel/Typed/Verify.lean:7:0: AXIOM AUDIT declaration: DefiKernel.Typed.EvalContext._sizeOf_1; module=DefiKernel.Typed.Expr; kind=definition; axioms=[propext,
 Quot.sound]
info: DefiKernel/Typed/Verify.lean:7:0: AXIOM AUDIT declaration: DefiKernel.Typed.EvalContext._sizeOf_inst; module=DefiKernel.Typed.Expr; kind=definition; axioms=[propext,
 Quot.sound]
info: DefiKernel/Typed/Verify.lean:7:0: AXIOM AUDIT declaration: DefiKernel.Typed.EvalContext.args; module=DefiKernel.Typed.Expr; kind=definition; axioms=[propext,
 Quot.sound]
info: DefiKernel/Typed/Verify.lean:7:0: AXIOM AUDIT declaration: DefiKernel.Typed.EvalContext.caller; module=DefiKernel.Typed.Expr; kind=definition; axioms=[propext,
 Quot.sound]
info: DefiKernel/Typed/Verify.lean:7:0: AXIOM AUDIT declaration: DefiKernel.Typed.EvalContext.casesOn; module=DefiKernel.Typed.Expr; kind=definition; axioms=[propext,
 Quot.sound]
info: DefiKernel/Typed/Verify.lean:7:0: AXIOM AUDIT declaration: DefiKernel.Typed.EvalContext.ctorIdx; module=DefiKernel.Typed.Expr; kind=definition; axioms=[propext,
 Quot.sound]
info: DefiKernel/Typed/Verify.lean:7:0: AXIOM AUDIT declaration: DefiKernel.Typed.EvalContext.env; module=DefiKernel.Typed.Expr; kind=definition; axioms=[propext,
 Quot.sound]
info: DefiKernel/Typed/Verify.lean:7:0: AXIOM AUDIT declaration: DefiKernel.Typed.EvalContext.noConfusion; module=DefiKernel.Typed.Expr; kind=definition; axioms=[propext,
 Quot.sound]
info: DefiKernel/Typed/Verify.lean:7:0: AXIOM AUDIT declaration: DefiKernel.Typed.EvalContext.noConfusionType; module=DefiKernel.Typed.Expr; kind=definition; axioms=[propext,
 Quot.sound]
info: DefiKernel/Typed/Verify.lean:7:0: AXIOM AUDIT declaration: DefiKernel.Typed.EvalContext.now; module=DefiKernel.Typed.Expr; kind=definition; axioms=[propext,
 Quot.sound]
info: DefiKernel/Typed/Verify.lean:7:0: AXIOM AUDIT declaration: DefiKernel.Typed.EvalContext.parties; module=DefiKernel.Typed.Expr; kind=definition; axioms=[propext,
 Quot.sound]
info: DefiKernel/Typed/Verify.lean:7:0: AXIOM AUDIT declaration: DefiKernel.Typed.EvalContext.recOn; module=DefiKernel.Typed.Expr; kind=definition; axioms=[propext,
 Quot.sound]
info: DefiKernel/Typed/Verify.lean:7:0: AXIOM AUDIT declaration: DefiKernel.Typed.EvalContext.state; module=DefiKernel.Typed.Expr; kind=definition; axioms=[propext,
 Quot.sound]
info: DefiKernel/Typed/Verify.lean:7:0: AXIOM AUDIT declaration: DefiKernel.Typed.EvalFailure._sizeOf_1; module=DefiKernel.Typed.Types; kind=definition; axioms=[]
info: DefiKernel/Typed/Verify.lean:7:0: AXIOM AUDIT declaration: DefiKernel.Typed.EvalFailure._sizeOf_inst; module=DefiKernel.Typed.Types; kind=definition; axioms=[]
info: DefiKernel/Typed/Verify.lean:7:0: AXIOM AUDIT declaration: DefiKernel.Typed.EvalFailure.casesOn; module=DefiKernel.Typed.Types; kind=definition; axioms=[]
info: DefiKernel/Typed/Verify.lean:7:0: AXIOM AUDIT declaration: DefiKernel.Typed.EvalFailure.ctorElim; module=DefiKernel.Typed.Types; kind=definition; axioms=[]
info: DefiKernel/Typed/Verify.lean:7:0: AXIOM AUDIT declaration: DefiKernel.Typed.EvalFailure.ctorElimType; module=DefiKernel.Typed.Types; kind=definition; axioms=[]
info: DefiKernel/Typed/Verify.lean:7:0: AXIOM AUDIT declaration: DefiKernel.Typed.EvalFailure.ctorIdx; module=DefiKernel.Typed.Types; kind=definition; axioms=[]
info: DefiKernel/Typed/Verify.lean:7:0: AXIOM AUDIT declaration: DefiKernel.Typed.EvalFailure.noConfusion; module=DefiKernel.Typed.Types; kind=definition; axioms=[]
info: DefiKernel/Typed/Verify.lean:7:0: AXIOM AUDIT declaration: DefiKernel.Typed.EvalFailure.noConfusionType; module=DefiKernel.Typed.Types; kind=definition; axioms=[]
info: DefiKernel/Typed/Verify.lean:7:0: AXIOM AUDIT declaration: DefiKernel.Typed.EvalFailure.ofNat; module=DefiKernel.Typed.Types; kind=definition; axioms=[]
info: DefiKernel/Typed/Verify.lean:7:0: AXIOM AUDIT declaration: DefiKernel.Typed.EvalFailure.recOn; module=DefiKernel.Typed.Types; kind=definition; axioms=[]
info: DefiKernel/Typed/Verify.lean:7:0: AXIOM AUDIT declaration: DefiKernel.Typed.EvalFailure.toCtorIdx; module=DefiKernel.Typed.Types; kind=definition; axioms=[]
info: DefiKernel/Typed/Verify.lean:7:0: AXIOM AUDIT declaration: DefiKernel.Typed.Evaluated.Valid; module=DefiKernel.Typed.Transition; kind=definition; axioms=[propext,
 Classical.choice,
 Quot.sound]
info: DefiKernel/Typed/Verify.lean:7:0: AXIOM AUDIT declaration: DefiKernel.Typed.Evaluated._sizeOf_1; module=DefiKernel.Typed.Transition; kind=definition; axioms=[]
info: DefiKernel/Typed/Verify.lean:7:0: AXIOM AUDIT declaration: DefiKernel.Typed.Evaluated._sizeOf_inst; module=DefiKernel.Typed.Transition; kind=definition; axioms=[]
info: DefiKernel/Typed/Verify.lean:7:0: AXIOM AUDIT declaration: DefiKernel.Typed.Evaluated.accountingOK; module=DefiKernel.Typed.Transition; kind=definition; axioms=[propext,
 Classical.choice,
 Quot.sound]
info: DefiKernel/Typed/Verify.lean:7:0: AXIOM AUDIT declaration: DefiKernel.Typed.Evaluated.casesOn; module=DefiKernel.Typed.Transition; kind=definition; axioms=[]
info: DefiKernel/Typed/Verify.lean:7:0: AXIOM AUDIT declaration: DefiKernel.Typed.Evaluated.ctorIdx; module=DefiKernel.Typed.Transition; kind=definition; axioms=[]
info: DefiKernel/Typed/Verify.lean:7:0: AXIOM AUDIT declaration: DefiKernel.Typed.Evaluated.debitsOK; module=DefiKernel.Typed.Transition; kind=definition; axioms=[propext,
 Classical.choice,
 Quot.sound]
info: DefiKernel/Typed/Verify.lean:7:0: AXIOM AUDIT declaration: DefiKernel.Typed.Evaluated.declaredEnvReads; module=DefiKernel.Typed.Transition; kind=definition; axioms=[]
info: DefiKernel/Typed/Verify.lean:7:0: AXIOM AUDIT declaration: DefiKernel.Typed.Evaluated.declaredStateReads; module=DefiKernel.Typed.Transition; kind=definition; axioms=[]
info: DefiKernel/Typed/Verify.lean:7:0: AXIOM AUDIT declaration: DefiKernel.Typed.Evaluated.deltas; module=DefiKernel.Typed.Transition; kind=definition; axioms=[]
info: DefiKernel/Typed/Verify.lean:7:0: AXIOM AUDIT declaration: DefiKernel.Typed.Evaluated.domainOK; module=DefiKernel.Typed.Transition; kind=definition; axioms=[propext,
 Classical.choice,
 Quot.sound]
info: DefiKernel/Typed/Verify.lean:7:0: AXIOM AUDIT declaration: DefiKernel.Typed.Evaluated.effect; module=DefiKernel.Typed.Transition; kind=definition; axioms=[propext,
 Classical.choice,
 Quot.sound]
info: DefiKernel/Typed/Verify.lean:7:0: AXIOM AUDIT declaration: DefiKernel.Typed.Evaluated.envReadsOK; module=DefiKernel.Typed.Transition; kind=definition; axioms=[propext]
info: DefiKernel/Typed/Verify.lean:7:0: AXIOM AUDIT declaration: DefiKernel.Typed.Evaluated.guard; module=DefiKernel.Typed.Transition; kind=definition; axioms=[]
info: DefiKernel/Typed/Verify.lean:7:0: AXIOM AUDIT declaration: DefiKernel.Typed.Evaluated.noConfusion; module=DefiKernel.Typed.Transition; kind=definition; axioms=[]
info: DefiKernel/Typed/Verify.lean:7:0: AXIOM AUDIT declaration: DefiKernel.Typed.Evaluated.noConfusionType; module=DefiKernel.Typed.Transition; kind=definition; axioms=[]
info: DefiKernel/Typed/Verify.lean:7:0: AXIOM AUDIT declaration: DefiKernel.Typed.Evaluated.recOn; module=DefiKernel.Typed.Transition; kind=definition; axioms=[]
info: DefiKernel/Typed/Verify.lean:7:0: AXIOM AUDIT declaration: DefiKernel.Typed.Evaluated.requiredEnvReads; module=DefiKernel.Typed.Transition; kind=definition; axioms=[]
info: DefiKernel/Typed/Verify.lean:7:0: AXIOM AUDIT declaration: DefiKernel.Typed.Evaluated.requiredStateReads; module=DefiKernel.Typed.Transition; kind=definition; axioms=[]
info: DefiKernel/Typed/Verify.lean:7:0: AXIOM AUDIT declaration: DefiKernel.Typed.Evaluated.stateReadsOK; module=DefiKernel.Typed.Transition; kind=definition; axioms=[propext]
info: DefiKernel/Typed/Verify.lean:7:0: AXIOM AUDIT declaration: DefiKernel.Typed.Evaluated.supplies; module=DefiKernel.Typed.Transition; kind=definition; axioms=[]
info: DefiKernel/Typed/Verify.lean:7:0: AXIOM AUDIT declaration: DefiKernel.Typed.Evaluated.suppliesOK; module=DefiKernel.Typed.Transition; kind=definition; axioms=[propext,
 Classical.choice,
 Quot.sound]
info: DefiKernel/Typed/Verify.lean:7:0: AXIOM AUDIT declaration: DefiKernel.Typed.Evaluated.supply; module=DefiKernel.Typed.Transition; kind=definition; axioms=[propext,
 Classical.choice,
 Quot.sound]
info: DefiKernel/Typed/Verify.lean:7:0: AXIOM AUDIT declaration: DefiKernel.Typed.Evaluated.writes; module=DefiKernel.Typed.Transition; kind=definition; axioms=[]
info: DefiKernel/Typed/Verify.lean:7:0: AXIOM AUDIT declaration: DefiKernel.Typed.Evaluated.writesOK; module=DefiKernel.Typed.Transition; kind=definition; axioms=[propext,
 Classical.choice,
 Quot.sound]
info: DefiKernel/Typed/Verify.lean:7:0: AXIOM AUDIT declaration: DefiKernel.Typed.Examples.Call; module=DefiKernel.Typed.Examples; kind=definition; axioms=[]
info: DefiKernel/Typed/Verify.lean:7:0: AXIOM AUDIT declaration: DefiKernel.Typed.Examples.E; module=DefiKernel.Typed.Examples; kind=definition; axioms=[]
info: DefiKernel/Typed/Verify.lean:7:0: AXIOM AUDIT declaration: DefiKernel.Typed.Examples.Ledger; module=DefiKernel.Typed.Examples; kind=definition; axioms=[propext,
 Quot.sound]
info: DefiKernel/Typed/Verify.lean:7:0: AXIOM AUDIT declaration: DefiKernel.Typed.Examples.Op; module=DefiKernel.Typed.Examples; kind=definition; axioms=[]
info: DefiKernel/Typed/Verify.lean:7:0: AXIOM AUDIT declaration: DefiKernel.Typed.Examples.Result; module=DefiKernel.Typed.Examples; kind=definition; axioms=[propext,
 Quot.sound]
info: DefiKernel/Typed/Verify.lean:7:0: AXIOM AUDIT declaration: DefiKernel.Typed.Examples.Store; module=DefiKernel.Typed.Examples; kind=definition; axioms=[]
info: DefiKernel/Typed/Verify.lean:7:0: AXIOM AUDIT declaration: DefiKernel.Typed.Examples.adminContext; module=DefiKernel.Typed.Examples; kind=definition; axioms=[]
info: DefiKernel/Typed/Verify.lean:7:0: AXIOM AUDIT declaration: DefiKernel.Typed.Examples.aliceContext; module=DefiKernel.Typed.Examples; kind=definition; axioms=[]
info: DefiKernel/Typed/Verify.lean:7:0: AXIOM AUDIT declaration: DefiKernel.Typed.Examples.allCapabilityIds; module=DefiKernel.Typed.Examples; kind=definition; axioms=[]
info: DefiKernel/Typed/Verify.lean:7:0: AXIOM AUDIT declaration: DefiKernel.Typed.Examples.allCells; module=DefiKernel.Typed.Examples; kind=definition; axioms=[]
info: DefiKernel/Typed/Verify.lean:7:0: AXIOM AUDIT declaration: DefiKernel.Typed.Examples.allGuards; module=DefiKernel.Typed.Examples; kind=definition; axioms=[]
info: DefiKernel/Typed/Verify.lean:7:0: AXIOM AUDIT declaration: DefiKernel.Typed.Examples.authorityConfig; module=DefiKernel.Typed.Examples; kind=definition; axioms=[propext,
 Quot.sound]
info: DefiKernel/Typed/Verify.lean:7:0: AXIOM AUDIT declaration: DefiKernel.Typed.Examples.bobContext; module=DefiKernel.Typed.Examples; kind=definition; axioms=[]
info: DefiKernel/Typed/Verify.lean:7:0: AXIOM AUDIT declaration: DefiKernel.Typed.Examples.borrow; module=DefiKernel.Typed.Examples; kind=definition; axioms=[propext,
 Quot.sound]
info: DefiKernel/Typed/Verify.lean:7:0: AXIOM AUDIT declaration: DefiKernel.Typed.Examples.borrowGuard; module=DefiKernel.Typed.Examples; kind=definition; axioms=[propext,
 Quot.sound]
info: DefiKernel/Typed/Verify.lean:7:0: AXIOM AUDIT declaration: DefiKernel.Typed.Examples.borrowId; module=DefiKernel.Typed.Examples; kind=definition; axioms=[]
info: DefiKernel/Typed/Verify.lean:7:0: AXIOM AUDIT declaration: DefiKernel.Typed.Examples.borrowRequest; module=DefiKernel.Typed.Examples; kind=definition; axioms=[]
info: DefiKernel/Typed/Verify.lean:7:0: AXIOM AUDIT declaration: DefiKernel.Typed.Examples.collateralPrice; module=DefiKernel.Typed.Examples; kind=definition; axioms=[]
info: DefiKernel/Typed/Verify.lean:7:0: AXIOM AUDIT declaration: DefiKernel.Typed.Examples.collateralValue; module=DefiKernel.Typed.Examples; kind=definition; axioms=[]
info: DefiKernel/Typed/Verify.lean:7:0: AXIOM AUDIT declaration: DefiKernel.Typed.Examples.debtValue; module=DefiKernel.Typed.Examples; kind=definition; axioms=[propext,
 Quot.sound]
info: DefiKernel/Typed/Verify.lean:7:0: AXIOM AUDIT declaration: DefiKernel.Typed.Examples.deposit; module=DefiKernel.Typed.Examples; kind=definition; axioms=[propext,
 Quot.sound]
info: DefiKernel/Typed/Verify.lean:7:0: AXIOM AUDIT declaration: DefiKernel.Typed.Examples.depositId; module=DefiKernel.Typed.Examples; kind=definition; axioms=[]
info: DefiKernel/Typed/Verify.lean:7:0: AXIOM AUDIT declaration: DefiKernel.Typed.Examples.depositRequest; module=DefiKernel.Typed.Examples; kind=definition; axioms=[]
info: DefiKernel/Typed/Verify.lean:7:0: AXIOM AUDIT declaration: DefiKernel.Typed.Examples.domainAdmin; module=DefiKernel.Typed.Examples; kind=definition; axioms=[]
info: DefiKernel/Typed/Verify.lean:7:0: AXIOM AUDIT declaration: DefiKernel.Typed.Examples.fresh; module=DefiKernel.Typed.Examples; kind=definition; axioms=[propext,
 Quot.sound]
info: DefiKernel/Typed/Verify.lean:7:0: AXIOM AUDIT declaration: DefiKernel.Typed.Examples.grant; module=DefiKernel.Typed.Examples; kind=definition; axioms=[]
info: DefiKernel/Typed/Verify.lean:7:0: AXIOM AUDIT declaration: DefiKernel.Typed.Examples.grants; module=DefiKernel.Typed.Examples; kind=definition; axioms=[]
info: DefiKernel/Typed/Verify.lean:7:0: AXIOM AUDIT declaration: DefiKernel.Typed.Examples.initial; module=DefiKernel.Typed.Examples; kind=definition; axioms=[propext,
 Quot.sound]
info: DefiKernel/Typed/Verify.lean:7:0: AXIOM AUDIT declaration: DefiKernel.Typed.Examples.instDecidableEqAsset; module=DefiKernel.Typed.Examples; kind=definition; axioms=[]
info: DefiKernel/Typed/Verify.lean:7:0: AXIOM AUDIT declaration: DefiKernel.Typed.Examples.instDecidableEqDomain; module=DefiKernel.Typed.Examples; kind=definition; axioms=[]
info: DefiKernel/Typed/Verify.lean:7:0: AXIOM AUDIT declaration: DefiKernel.Typed.Examples.instDecidableEqParty; module=DefiKernel.Typed.Examples; kind=definition; axioms=[]
info: DefiKernel/Typed/Verify.lean:7:0: AXIOM AUDIT declaration: DefiKernel.Typed.Examples.instDecidableEqReferenceFailure; module=DefiKernel.Typed.Examples; kind=definition; axioms=[]
info: DefiKernel/Typed/Verify.lean:7:0: AXIOM AUDIT declaration: DefiKernel.Typed.Examples.instFintypeAsset; module=DefiKernel.Typed.Examples; kind=definition; axioms=[propext,
 Classical.choice,
 Quot.sound]
info: DefiKernel/Typed/Verify.lean:7:0: AXIOM AUDIT declaration: DefiKernel.Typed.Examples.instFintypeDomain; module=DefiKernel.Typed.Examples; kind=definition; axioms=[propext,
 Classical.choice,
 Quot.sound]
info: DefiKernel/Typed/Verify.lean:7:0: AXIOM AUDIT declaration: DefiKernel.Typed.Examples.instFintypeParty; module=DefiKernel.Typed.Examples; kind=definition; axioms=[propext,
 Classical.choice,
 Quot.sound]
info: DefiKernel/Typed/Verify.lean:7:0: AXIOM AUDIT declaration: DefiKernel.Typed.Examples.instReprAsset; module=DefiKernel.Typed.Examples; kind=definition; axioms=[]
info: DefiKernel/Typed/Verify.lean:7:0: AXIOM AUDIT declaration: DefiKernel.Typed.Examples.instReprDomain; module=DefiKernel.Typed.Examples; kind=definition; axioms=[]
info: DefiKernel/Typed/Verify.lean:7:0: AXIOM AUDIT declaration: DefiKernel.Typed.Examples.instReprParty; module=DefiKernel.Typed.Examples; kind=definition; axioms=[]
info: DefiKernel/Typed/Verify.lean:7:0: AXIOM AUDIT declaration: DefiKernel.Typed.Examples.instReprReferenceFailure; module=DefiKernel.Typed.Examples; kind=definition; axioms=[]
info: DefiKernel/Typed/Verify.lean:7:0: AXIOM AUDIT declaration: DefiKernel.Typed.Examples.issueGrants; module=DefiKernel.Typed.Examples; kind=definition; axioms=[propext,
 Quot.sound]
info: DefiKernel/Typed/Verify.lean:7:0: AXIOM AUDIT declaration: DefiKernel.Typed.Examples.mintedDebt; module=DefiKernel.Typed.Examples; kind=definition; axioms=[propext,
 Quot.sound]
info: DefiKernel/Typed/Verify.lean:7:0: AXIOM AUDIT declaration: DefiKernel.Typed.Examples.mintedShares; module=DefiKernel.Typed.Examples; kind=definition; axioms=[propext,
 Quot.sound]
info: DefiKernel/Typed/Verify.lean:7:0: AXIOM AUDIT declaration: DefiKernel.Typed.Examples.negate; module=DefiKernel.Typed.Examples; kind=definition; axioms=[]
info: DefiKernel/Typed/Verify.lean:7:0: AXIOM AUDIT declaration: DefiKernel.Typed.Examples.nonnegative; module=DefiKernel.Typed.Examples; kind=definition; axioms=[propext,
 Quot.sound]
info: DefiKernel/Typed/Verify.lean:7:0: AXIOM AUDIT declaration: DefiKernel.Typed.Examples.observe; module=DefiKernel.Typed.Examples; kind=definition; axioms=[propext,
 Quot.sound]
info: DefiKernel/Typed/Verify.lean:7:0: AXIOM AUDIT declaration: DefiKernel.Typed.Examples.oracle; module=DefiKernel.Typed.Examples; kind=definition; axioms=[]
info: DefiKernel/Typed/Verify.lean:7:0: AXIOM AUDIT declaration: DefiKernel.Typed.Examples.packedRef; module=DefiKernel.Typed.Examples; kind=definition; axioms=[]
info: DefiKernel/Typed/Verify.lean:7:0: AXIOM AUDIT declaration: DefiKernel.Typed.Examples.priceKey; module=DefiKernel.Typed.Examples; kind=definition; axioms=[]
info: DefiKernel/Typed/Verify.lean:7:0: AXIOM AUDIT declaration: DefiKernel.Typed.Examples.provisioned; module=DefiKernel.Typed.Examples; kind=definition; axioms=[propext,
 Quot.sound]
info: DefiKernel/Typed/Verify.lean:7:0: AXIOM AUDIT declaration: DefiKernel.Typed.Examples.redeemedUsd; module=DefiKernel.Typed.Examples; kind=definition; axioms=[propext,
 Quot.sound]
info: DefiKernel/Typed/Verify.lean:7:0: AXIOM AUDIT declaration: DefiKernel.Typed.Examples.ref; module=DefiKernel.Typed.Examples; kind=definition; axioms=[]
info: DefiKernel/Typed/Verify.lean:7:0: AXIOM AUDIT declaration: DefiKernel.Typed.Examples.registry; module=DefiKernel.Typed.Examples; kind=definition; axioms=[propext,
 Quot.sound]
info: DefiKernel/Typed/Verify.lean:7:0: AXIOM AUDIT declaration: DefiKernel.Typed.Examples.run; module=DefiKernel.Typed.Examples; kind=definition; axioms=[propext,
 Classical.choice,
 Quot.sound]
info: DefiKernel/Typed/Verify.lean:7:0: AXIOM AUDIT declaration: DefiKernel.Typed.Examples.runContext; module=DefiKernel.Typed.Examples; kind=definition; axioms=[propext,
 Classical.choice,
 Quot.sound]
info: DefiKernel/Typed/Verify.lean:7:0: AXIOM AUDIT declaration: DefiKernel.Typed.Examples.runOracle; module=DefiKernel.Typed.Examples; kind=definition; axioms=[propext,
 Classical.choice,
 Quot.sound]
info: DefiKernel/Typed/Verify.lean:7:0: AXIOM AUDIT declaration: DefiKernel.Typed.Examples.runRevoked; module=DefiKernel.Typed.Examples; kind=definition; axioms=[propext,
 Classical.choice,
 Quot.sound]
info: DefiKernel/Typed/Verify.lean:7:0: AXIOM AUDIT declaration: DefiKernel.Typed.Examples.runWith; module=DefiKernel.Typed.Examples; kind=definition; axioms=[propext,
 Classical.choice,
 Quot.sound]
info: DefiKernel/Typed/Verify.lean:7:0: AXIOM AUDIT declaration: DefiKernel.Typed.Examples.shareQuantity; module=DefiKernel.Typed.Examples; kind=definition; axioms=[]
info: DefiKernel/Typed/Verify.lean:7:0: AXIOM AUDIT declaration: DefiKernel.Typed.Examples.shareSignature; module=DefiKernel.Typed.Examples; kind=definition; axioms=[]
info: DefiKernel/Typed/Verify.lean:7:0: AXIOM AUDIT declaration: DefiKernel.Typed.Examples.transfer; module=DefiKernel.Typed.Examples; kind=definition; axioms=[propext,
 Quot.sound]
info: DefiKernel/Typed/Verify.lean:7:0: AXIOM AUDIT declaration: DefiKernel.Typed.Examples.transferId; module=DefiKernel.Typed.Examples; kind=definition; axioms=[]
info: DefiKernel/Typed/Verify.lean:7:0: AXIOM AUDIT declaration: DefiKernel.Typed.Examples.transferRequest; module=DefiKernel.Typed.Examples; kind=definition; axioms=[]
info: DefiKernel/Typed/Verify.lean:7:0: AXIOM AUDIT declaration: DefiKernel.Typed.Examples.usdQuantity; module=DefiKernel.Typed.Examples; kind=definition; axioms=[]
info: DefiKernel/Typed/Verify.lean:7:0: AXIOM AUDIT declaration: DefiKernel.Typed.Examples.usdSignature; module=DefiKernel.Typed.Examples; kind=definition; axioms=[]
info: DefiKernel/Typed/Verify.lean:7:0: AXIOM AUDIT declaration: DefiKernel.Typed.Examples.withdraw; module=DefiKernel.Typed.Examples; kind=definition; axioms=[propext,
 Quot.sound]
info: DefiKernel/Typed/Verify.lean:7:0: AXIOM AUDIT declaration: DefiKernel.Typed.Examples.withdrawId; module=DefiKernel.Typed.Examples; kind=definition; axioms=[]
info: DefiKernel/Typed/Verify.lean:7:0: AXIOM AUDIT declaration: DefiKernel.Typed.Examples.withdrawRequest; module=DefiKernel.Typed.Examples; kind=definition; axioms=[]
info: DefiKernel/Typed/Verify.lean:7:0: AXIOM AUDIT declaration: DefiKernel.Typed.ExecutionResult._sizeOf_1; module=DefiKernel.Typed.Transition; kind=definition; axioms=[propext,
 Quot.sound]
info: DefiKernel/Typed/Verify.lean:7:0: AXIOM AUDIT declaration: DefiKernel.Typed.ExecutionResult._sizeOf_inst; module=DefiKernel.Typed.Transition; kind=definition; axioms=[propext,
 Quot.sound]
info: DefiKernel/Typed/Verify.lean:7:0: AXIOM AUDIT declaration: DefiKernel.Typed.ExecutionResult.capabilities; module=DefiKernel.Typed.Transition; kind=definition; axioms=[propext,
 Quot.sound]
info: DefiKernel/Typed/Verify.lean:7:0: AXIOM AUDIT declaration: DefiKernel.Typed.ExecutionResult.casesOn; module=DefiKernel.Typed.Transition; kind=definition; axioms=[propext,
 Quot.sound]
info: DefiKernel/Typed/Verify.lean:7:0: AXIOM AUDIT declaration: DefiKernel.Typed.ExecutionResult.ctorIdx; module=DefiKernel.Typed.Transition; kind=definition; axioms=[propext,
 Quot.sound]
info: DefiKernel/Typed/Verify.lean:7:0: AXIOM AUDIT declaration: DefiKernel.Typed.ExecutionResult.noConfusion; module=DefiKernel.Typed.Transition; kind=definition; axioms=[propext,
 Quot.sound]
info: DefiKernel/Typed/Verify.lean:7:0: AXIOM AUDIT declaration: DefiKernel.Typed.ExecutionResult.noConfusionType; module=DefiKernel.Typed.Transition; kind=definition; axioms=[propext,
 Quot.sound]
info: DefiKernel/Typed/Verify.lean:7:0: AXIOM AUDIT declaration: DefiKernel.Typed.ExecutionResult.recOn; module=DefiKernel.Typed.Transition; kind=definition; axioms=[propext,
 Quot.sound]
info: DefiKernel/Typed/Verify.lean:7:0: AXIOM AUDIT declaration: DefiKernel.Typed.ExecutionResult.state; module=DefiKernel.Typed.Transition; kind=definition; axioms=[propext,
 Quot.sound]
info: DefiKernel/Typed/Verify.lean:7:0: AXIOM AUDIT declaration: DefiKernel.Typed.Expr._sizeOf_1; module=DefiKernel.Typed.Expr; kind=definition; axioms=[]
info: DefiKernel/Typed/Verify.lean:7:0: AXIOM AUDIT declaration: DefiKernel.Typed.Expr._sizeOf_inst; module=DefiKernel.Typed.Expr; kind=definition; axioms=[]
info: DefiKernel/Typed/Verify.lean:7:0: AXIOM AUDIT declaration: DefiKernel.Typed.Expr.below; module=DefiKernel.Typed.Expr; kind=definition; axioms=[]
info: DefiKernel/Typed/Verify.lean:7:0: AXIOM AUDIT declaration: DefiKernel.Typed.Expr.brecOn; module=DefiKernel.Typed.Expr; kind=definition; axioms=[]
info: DefiKernel/Typed/Verify.lean:7:0: AXIOM AUDIT declaration: DefiKernel.Typed.Expr.casesOn; module=DefiKernel.Typed.Expr; kind=definition; axioms=[]
info: DefiKernel/Typed/Verify.lean:7:0: AXIOM AUDIT declaration: DefiKernel.Typed.Expr.ctorElim; module=DefiKernel.Typed.Expr; kind=definition; axioms=[]
info: DefiKernel/Typed/Verify.lean:7:0: AXIOM AUDIT declaration: DefiKernel.Typed.Expr.ctorElimType; module=DefiKernel.Typed.Expr; kind=definition; axioms=[]
info: DefiKernel/Typed/Verify.lean:7:0: AXIOM AUDIT declaration: DefiKernel.Typed.Expr.ctorIdx; module=DefiKernel.Typed.Expr; kind=definition; axioms=[]
info: DefiKernel/Typed/Verify.lean:7:0: AXIOM AUDIT declaration: DefiKernel.Typed.Expr.envReads; module=DefiKernel.Typed.Expr; kind=definition; axioms=[]
info: DefiKernel/Typed/Verify.lean:7:0: AXIOM AUDIT declaration: DefiKernel.Typed.Expr.eval; module=DefiKernel.Typed.Expr; kind=definition; axioms=[propext,
 Classical.choice,
 Quot.sound]
info: DefiKernel/Typed/Verify.lean:7:0: AXIOM AUDIT declaration: DefiKernel.Typed.Expr.noConfusion; module=DefiKernel.Typed.Expr; kind=definition; axioms=[]
info: DefiKernel/Typed/Verify.lean:7:0: AXIOM AUDIT declaration: DefiKernel.Typed.Expr.noConfusionType; module=DefiKernel.Typed.Expr; kind=definition; axioms=[]
info: DefiKernel/Typed/Verify.lean:7:0: AXIOM AUDIT declaration: DefiKernel.Typed.Expr.recOn; module=DefiKernel.Typed.Expr; kind=definition; axioms=[]
info: DefiKernel/Typed/Verify.lean:7:0: AXIOM AUDIT declaration: DefiKernel.Typed.Expr.resolveStateReads; module=DefiKernel.Typed.Expr; kind=definition; axioms=[propext]
info: DefiKernel/Typed/Verify.lean:7:0: AXIOM AUDIT declaration: DefiKernel.Typed.Expr.stateReads; module=DefiKernel.Typed.Expr; kind=definition; axioms=[]
info: DefiKernel/Typed/Verify.lean:7:0: AXIOM AUDIT declaration: DefiKernel.Typed.ExprTests.Context; module=DefiKernel.Typed.ExprTests; kind=definition; axioms=[propext,
 Quot.sound]
info: DefiKernel/Typed/Verify.lean:7:0: AXIOM AUDIT declaration: DefiKernel.Typed.ExprTests.E; module=DefiKernel.Typed.ExprTests; kind=definition; axioms=[]
info: DefiKernel/Typed/Verify.lean:7:0: AXIOM AUDIT declaration: DefiKernel.Typed.ExprTests.argumentValue; module=DefiKernel.Typed.ExprTests; kind=definition; axioms=[propext]
info: DefiKernel/Typed/Verify.lean:7:0: AXIOM AUDIT declaration: DefiKernel.Typed.ExprTests.badParty; module=DefiKernel.Typed.ExprTests; kind=definition; axioms=[]
info: DefiKernel/Typed/Verify.lean:7:0: AXIOM AUDIT declaration: DefiKernel.Typed.ExprTests.changedContext; module=DefiKernel.Typed.ExprTests; kind=definition; axioms=[propext,
 Quot.sound]
info: DefiKernel/Typed/Verify.lean:7:0: AXIOM AUDIT declaration: DefiKernel.Typed.ExprTests.changedState; module=DefiKernel.Typed.ExprTests; kind=definition; axioms=[propext,
 Quot.sound]
info: DefiKernel/Typed/Verify.lean:7:0: AXIOM AUDIT declaration: DefiKernel.Typed.ExprTests.checks; module=DefiKernel.Typed.ExprTests; kind=definition; axioms=[propext,
 Classical.choice,
 Quot.sound]
info: DefiKernel/Typed/Verify.lean:7:0: AXIOM AUDIT declaration: DefiKernel.Typed.ExprTests.context; module=DefiKernel.Typed.ExprTests; kind=definition; axioms=[propext,
 Quot.sound]
info: DefiKernel/Typed/Verify.lean:7:0: AXIOM AUDIT declaration: DefiKernel.Typed.ExprTests.debtValued; module=DefiKernel.Typed.ExprTests; kind=definition; axioms=[propext,
 Quot.sound]
info: DefiKernel/Typed/Verify.lean:7:0: AXIOM AUDIT declaration: DefiKernel.Typed.ExprTests.environment; module=DefiKernel.Typed.ExprTests; kind=definition; axioms=[propext,
 Quot.sound]
info: DefiKernel/Typed/Verify.lean:7:0: AXIOM AUDIT declaration: DefiKernel.Typed.ExprTests.freshness; module=DefiKernel.Typed.ExprTests; kind=definition; axioms=[propext,
 Quot.sound]
info: DefiKernel/Typed/Verify.lean:7:0: AXIOM AUDIT declaration: DefiKernel.Typed.ExprTests.initialState; module=DefiKernel.Typed.ExprTests; kind=definition; axioms=[propext,
 Quot.sound]
info: DefiKernel/Typed/Verify.lean:7:0: AXIOM AUDIT declaration: DefiKernel.Typed.ExprTests.instDecidableEqTestAsset; module=DefiKernel.Typed.ExprTests; kind=definition; axioms=[]
info: DefiKernel/Typed/Verify.lean:7:0: AXIOM AUDIT declaration: DefiKernel.Typed.ExprTests.instFintypeTestAsset; module=DefiKernel.Typed.ExprTests; kind=definition; axioms=[propext,
 Classical.choice,
 Quot.sound]
info: DefiKernel/Typed/Verify.lean:7:0: AXIOM AUDIT declaration: DefiKernel.Typed.ExprTests.instReprTestAsset; module=DefiKernel.Typed.ExprTests; kind=definition; axioms=[]
info: DefiKernel/Typed/Verify.lean:7:0: AXIOM AUDIT declaration: DefiKernel.Typed.ExprTests.ledgerRead; module=DefiKernel.Typed.ExprTests; kind=definition; axioms=[]
info: DefiKernel/Typed/Verify.lean:7:0: AXIOM AUDIT declaration: DefiKernel.Typed.ExprTests.missingContext; module=DefiKernel.Typed.ExprTests; kind=definition; axioms=[propext,
 Quot.sound]
info: DefiKernel/Typed/Verify.lean:7:0: AXIOM AUDIT declaration: DefiKernel.Typed.ExprTests.otherKey; module=DefiKernel.Typed.ExprTests; kind=definition; axioms=[]
info: DefiKernel/Typed/Verify.lean:7:0: AXIOM AUDIT declaration: DefiKernel.Typed.ExprTests.priceKey; module=DefiKernel.Typed.ExprTests; kind=definition; axioms=[]
info: DefiKernel/Typed/Verify.lean:7:0: AXIOM AUDIT declaration: DefiKernel.Typed.ExprTests.priced; module=DefiKernel.Typed.ExprTests; kind=definition; axioms=[propext,
 Quot.sound]
info: DefiKernel/Typed/Verify.lean:7:0: AXIOM AUDIT declaration: DefiKernel.Typed.ExprTests.shares; module=DefiKernel.Typed.ExprTests; kind=definition; axioms=[propext,
 Quot.sound]
info: DefiKernel/Typed/Verify.lean:7:0: AXIOM AUDIT declaration: DefiKernel.Typed.ExprTests.usdCell; module=DefiKernel.Typed.ExprTests; kind=definition; axioms=[]
info: DefiKernel/Typed/Verify.lean:7:0: AXIOM AUDIT declaration: DefiKernel.Typed.ExprTests.validParty; module=DefiKernel.Typed.ExprTests; kind=definition; axioms=[]
info: DefiKernel/Typed/Verify.lean:7:0: AXIOM AUDIT declaration: DefiKernel.Typed.ExprTests.withInactiveRead; module=DefiKernel.Typed.ExprTests; kind=definition; axioms=[]
info: DefiKernel/Typed/Verify.lean:7:0: AXIOM AUDIT declaration: DefiKernel.Typed.ExprTests.withInactiveStateRead; module=DefiKernel.Typed.ExprTests; kind=definition; axioms=[]
info: DefiKernel/Typed/Verify.lean:7:0: AXIOM AUDIT declaration: DefiKernel.Typed.ExprTests.wrongUnitContext; module=DefiKernel.Typed.ExprTests; kind=definition; axioms=[propext,
 Quot.sound]
info: DefiKernel/Typed/Verify.lean:7:0: AXIOM AUDIT declaration: DefiKernel.Typed.Grant._sizeOf_1; module=DefiKernel.Typed.Authority; kind=definition; axioms=[]
info: DefiKernel/Typed/Verify.lean:7:0: AXIOM AUDIT declaration: DefiKernel.Typed.Grant._sizeOf_inst; module=DefiKernel.Typed.Authority; kind=definition; axioms=[]
info: DefiKernel/Typed/Verify.lean:7:0: AXIOM AUDIT declaration: DefiKernel.Typed.Grant.casesOn; module=DefiKernel.Typed.Authority; kind=definition; axioms=[]
info: DefiKernel/Typed/Verify.lean:7:0: AXIOM AUDIT declaration: DefiKernel.Typed.Grant.ctorIdx; module=DefiKernel.Typed.Authority; kind=definition; axioms=[]
info: DefiKernel/Typed/Verify.lean:7:0: AXIOM AUDIT declaration: DefiKernel.Typed.Grant.domain; module=DefiKernel.Typed.Authority; kind=definition; axioms=[]
info: DefiKernel/Typed/Verify.lean:7:0: AXIOM AUDIT declaration: DefiKernel.Typed.Grant.holder; module=DefiKernel.Typed.Authority; kind=definition; axioms=[]
info: DefiKernel/Typed/Verify.lean:7:0: AXIOM AUDIT declaration: DefiKernel.Typed.Grant.noConfusion; module=DefiKernel.Typed.Authority; kind=definition; axioms=[]
info: DefiKernel/Typed/Verify.lean:7:0: AXIOM AUDIT declaration: DefiKernel.Typed.Grant.noConfusionType; module=DefiKernel.Typed.Authority; kind=definition; axioms=[]
info: DefiKernel/Typed/Verify.lean:7:0: AXIOM AUDIT declaration: DefiKernel.Typed.Grant.operation; module=DefiKernel.Typed.Authority; kind=definition; axioms=[]
info: DefiKernel/Typed/Verify.lean:7:0: AXIOM AUDIT declaration: DefiKernel.Typed.Grant.recOn; module=DefiKernel.Typed.Authority; kind=definition; axioms=[]
info: DefiKernel/Typed/Verify.lean:7:0: AXIOM AUDIT declaration: DefiKernel.Typed.Grant.right; module=DefiKernel.Typed.Authority; kind=definition; axioms=[]
info: DefiKernel/Typed/Verify.lean:7:0: AXIOM AUDIT declaration: DefiKernel.Typed.InvocationContext._sizeOf_1; module=DefiKernel.Typed.Types; kind=definition; axioms=[]
info: DefiKernel/Typed/Verify.lean:7:0: AXIOM AUDIT declaration: DefiKernel.Typed.InvocationContext._sizeOf_inst; module=DefiKernel.Typed.Types; kind=definition; axioms=[]
info: DefiKernel/Typed/Verify.lean:7:0: AXIOM AUDIT declaration: DefiKernel.Typed.InvocationContext.casesOn; module=DefiKernel.Typed.Types; kind=definition; axioms=[]
info: DefiKernel/Typed/Verify.lean:7:0: AXIOM AUDIT declaration: DefiKernel.Typed.InvocationContext.ctorIdx; module=DefiKernel.Typed.Types; kind=definition; axioms=[]
info: DefiKernel/Typed/Verify.lean:7:0: AXIOM AUDIT declaration: DefiKernel.Typed.InvocationContext.domain; module=DefiKernel.Typed.Types; kind=definition; axioms=[]
info: DefiKernel/Typed/Verify.lean:7:0: AXIOM AUDIT declaration: DefiKernel.Typed.InvocationContext.noConfusion; module=DefiKernel.Typed.Types; kind=definition; axioms=[]
info: DefiKernel/Typed/Verify.lean:7:0: AXIOM AUDIT declaration: DefiKernel.Typed.InvocationContext.noConfusionType; module=DefiKernel.Typed.Types; kind=definition; axioms=[]
info: DefiKernel/Typed/Verify.lean:7:0: AXIOM AUDIT declaration: DefiKernel.Typed.InvocationContext.principal; module=DefiKernel.Typed.Types; kind=definition; axioms=[]
info: DefiKernel/Typed/Verify.lean:7:0: AXIOM AUDIT declaration: DefiKernel.Typed.InvocationContext.recOn; module=DefiKernel.Typed.Types; kind=definition; axioms=[]
info: DefiKernel/Typed/Verify.lean:7:0: AXIOM AUDIT declaration: DefiKernel.Typed.NumericUnit._sizeOf_1; module=DefiKernel.Typed.Types; kind=definition; axioms=[]
info: DefiKernel/Typed/Verify.lean:7:0: AXIOM AUDIT declaration: DefiKernel.Typed.NumericUnit._sizeOf_inst; module=DefiKernel.Typed.Types; kind=definition; axioms=[]
info: DefiKernel/Typed/Verify.lean:7:0: AXIOM AUDIT declaration: DefiKernel.Typed.NumericUnit.casesOn; module=DefiKernel.Typed.Types; kind=definition; axioms=[]
info: DefiKernel/Typed/Verify.lean:7:0: AXIOM AUDIT declaration: DefiKernel.Typed.NumericUnit.ctorElim; module=DefiKernel.Typed.Types; kind=definition; axioms=[]
info: DefiKernel/Typed/Verify.lean:7:0: AXIOM AUDIT declaration: DefiKernel.Typed.NumericUnit.ctorElimType; module=DefiKernel.Typed.Types; kind=definition; axioms=[]
info: DefiKernel/Typed/Verify.lean:7:0: AXIOM AUDIT declaration: DefiKernel.Typed.NumericUnit.ctorIdx; module=DefiKernel.Typed.Types; kind=definition; axioms=[]
info: DefiKernel/Typed/Verify.lean:7:0: AXIOM AUDIT declaration: DefiKernel.Typed.NumericUnit.noConfusion; module=DefiKernel.Typed.Types; kind=definition; axioms=[]
info: DefiKernel/Typed/Verify.lean:7:0: AXIOM AUDIT declaration: DefiKernel.Typed.NumericUnit.noConfusionType; module=DefiKernel.Typed.Types; kind=definition; axioms=[]
info: DefiKernel/Typed/Verify.lean:7:0: AXIOM AUDIT declaration: DefiKernel.Typed.NumericUnit.recOn; module=DefiKernel.Typed.Types; kind=definition; axioms=[]
info: DefiKernel/Typed/Verify.lean:7:0: AXIOM AUDIT declaration: DefiKernel.Typed.NumericUnit.toUnit; module=DefiKernel.Typed.Types; kind=definition; axioms=[]
info: DefiKernel/Typed/Verify.lean:7:0: AXIOM AUDIT declaration: DefiKernel.Typed.Observation._sizeOf_1; module=DefiKernel.Typed.Types; kind=definition; axioms=[]
info: DefiKernel/Typed/Verify.lean:7:0: AXIOM AUDIT declaration: DefiKernel.Typed.Observation._sizeOf_inst; module=DefiKernel.Typed.Types; kind=definition; axioms=[]
info: DefiKernel/Typed/Verify.lean:7:0: AXIOM AUDIT declaration: DefiKernel.Typed.Observation.casesOn; module=DefiKernel.Typed.Types; kind=definition; axioms=[]
info: DefiKernel/Typed/Verify.lean:7:0: AXIOM AUDIT declaration: DefiKernel.Typed.Observation.ctorIdx; module=DefiKernel.Typed.Types; kind=definition; axioms=[]
info: DefiKernel/Typed/Verify.lean:7:0: AXIOM AUDIT declaration: DefiKernel.Typed.Observation.noConfusion; module=DefiKernel.Typed.Types; kind=definition; axioms=[]
info: DefiKernel/Typed/Verify.lean:7:0: AXIOM AUDIT declaration: DefiKernel.Typed.Observation.noConfusionType; module=DefiKernel.Typed.Types; kind=definition; axioms=[]
info: DefiKernel/Typed/Verify.lean:7:0: AXIOM AUDIT declaration: DefiKernel.Typed.Observation.recOn; module=DefiKernel.Typed.Types; kind=definition; axioms=[]
info: DefiKernel/Typed/Verify.lean:7:0: AXIOM AUDIT declaration: DefiKernel.Typed.Observation.timestamp; module=DefiKernel.Typed.Types; kind=definition; axioms=[]
info: DefiKernel/Typed/Verify.lean:7:0: AXIOM AUDIT declaration: DefiKernel.Typed.Observation.value; module=DefiKernel.Typed.Types; kind=definition; axioms=[]
info: DefiKernel/Typed/Verify.lean:7:0: AXIOM AUDIT declaration: DefiKernel.Typed.ObservationId._sizeOf_1; module=DefiKernel.Typed.Types; kind=definition; axioms=[]
info: DefiKernel/Typed/Verify.lean:7:0: AXIOM AUDIT declaration: DefiKernel.Typed.ObservationId._sizeOf_inst; module=DefiKernel.Typed.Types; kind=definition; axioms=[]
info: DefiKernel/Typed/Verify.lean:7:0: AXIOM AUDIT declaration: DefiKernel.Typed.ObservationId.casesOn; module=DefiKernel.Typed.Types; kind=definition; axioms=[]
info: DefiKernel/Typed/Verify.lean:7:0: AXIOM AUDIT declaration: DefiKernel.Typed.ObservationId.ctorIdx; module=DefiKernel.Typed.Types; kind=definition; axioms=[]
info: DefiKernel/Typed/Verify.lean:7:0: AXIOM AUDIT declaration: DefiKernel.Typed.ObservationId.noConfusion; module=DefiKernel.Typed.Types; kind=definition; axioms=[]
info: DefiKernel/Typed/Verify.lean:7:0: AXIOM AUDIT declaration: DefiKernel.Typed.ObservationId.noConfusionType; module=DefiKernel.Typed.Types; kind=definition; axioms=[]
info: DefiKernel/Typed/Verify.lean:7:0: AXIOM AUDIT declaration: DefiKernel.Typed.ObservationId.recOn; module=DefiKernel.Typed.Types; kind=definition; axioms=[]
info: DefiKernel/Typed/Verify.lean:7:0: AXIOM AUDIT declaration: DefiKernel.Typed.ObservationId.value; module=DefiKernel.Typed.Types; kind=definition; axioms=[]
info: DefiKernel/Typed/Verify.lean:7:0: AXIOM AUDIT declaration: DefiKernel.Typed.ObservationKey._sizeOf_1; module=DefiKernel.Typed.Types; kind=definition; axioms=[]
info: DefiKernel/Typed/Verify.lean:7:0: AXIOM AUDIT declaration: DefiKernel.Typed.ObservationKey._sizeOf_inst; module=DefiKernel.Typed.Types; kind=definition; axioms=[]
info: DefiKernel/Typed/Verify.lean:7:0: AXIOM AUDIT declaration: DefiKernel.Typed.ObservationKey.casesOn; module=DefiKernel.Typed.Types; kind=definition; axioms=[]
info: DefiKernel/Typed/Verify.lean:7:0: AXIOM AUDIT declaration: DefiKernel.Typed.ObservationKey.ctorIdx; module=DefiKernel.Typed.Types; kind=definition; axioms=[]
info: DefiKernel/Typed/Verify.lean:7:0: AXIOM AUDIT declaration: DefiKernel.Typed.ObservationKey.domain; module=DefiKernel.Typed.Types; kind=definition; axioms=[]
info: DefiKernel/Typed/Verify.lean:7:0: AXIOM AUDIT declaration: DefiKernel.Typed.ObservationKey.id; module=DefiKernel.Typed.Types; kind=definition; axioms=[]
info: DefiKernel/Typed/Verify.lean:7:0: AXIOM AUDIT declaration: DefiKernel.Typed.ObservationKey.noConfusion; module=DefiKernel.Typed.Types; kind=definition; axioms=[]
info: DefiKernel/Typed/Verify.lean:7:0: AXIOM AUDIT declaration: DefiKernel.Typed.ObservationKey.noConfusionType; module=DefiKernel.Typed.Types; kind=definition; axioms=[]
info: DefiKernel/Typed/Verify.lean:7:0: AXIOM AUDIT declaration: DefiKernel.Typed.ObservationKey.recOn; module=DefiKernel.Typed.Types; kind=definition; axioms=[]
info: DefiKernel/Typed/Verify.lean:7:0: AXIOM AUDIT declaration: DefiKernel.Typed.ObservationRef._sizeOf_1; module=DefiKernel.Typed.Types; kind=definition; axioms=[]
info: DefiKernel/Typed/Verify.lean:7:0: AXIOM AUDIT declaration: DefiKernel.Typed.ObservationRef._sizeOf_inst; module=DefiKernel.Typed.Types; kind=definition; axioms=[]
info: DefiKernel/Typed/Verify.lean:7:0: AXIOM AUDIT declaration: DefiKernel.Typed.ObservationRef.casesOn; module=DefiKernel.Typed.Types; kind=definition; axioms=[]
info: DefiKernel/Typed/Verify.lean:7:0: AXIOM AUDIT declaration: DefiKernel.Typed.ObservationRef.ctorIdx; module=DefiKernel.Typed.Types; kind=definition; axioms=[]
info: DefiKernel/Typed/Verify.lean:7:0: AXIOM AUDIT declaration: DefiKernel.Typed.ObservationRef.key; module=DefiKernel.Typed.Types; kind=definition; axioms=[]
info: DefiKernel/Typed/Verify.lean:7:0: AXIOM AUDIT declaration: DefiKernel.Typed.ObservationRef.noConfusion; module=DefiKernel.Typed.Types; kind=definition; axioms=[]
info: DefiKernel/Typed/Verify.lean:7:0: AXIOM AUDIT declaration: DefiKernel.Typed.ObservationRef.noConfusionType; module=DefiKernel.Typed.Types; kind=definition; axioms=[]
info: DefiKernel/Typed/Verify.lean:7:0: AXIOM AUDIT declaration: DefiKernel.Typed.ObservationRef.recOn; module=DefiKernel.Typed.Types; kind=definition; axioms=[]
info: DefiKernel/Typed/Verify.lean:7:0: AXIOM AUDIT declaration: DefiKernel.Typed.OperationId._sizeOf_1; module=DefiKernel.Typed.Types; kind=definition; axioms=[]
info: DefiKernel/Typed/Verify.lean:7:0: AXIOM AUDIT declaration: DefiKernel.Typed.OperationId._sizeOf_inst; module=DefiKernel.Typed.Types; kind=definition; axioms=[]
info: DefiKernel/Typed/Verify.lean:7:0: AXIOM AUDIT declaration: DefiKernel.Typed.OperationId.casesOn; module=DefiKernel.Typed.Types; kind=definition; axioms=[]
info: DefiKernel/Typed/Verify.lean:7:0: AXIOM AUDIT declaration: DefiKernel.Typed.OperationId.ctorIdx; module=DefiKernel.Typed.Types; kind=definition; axioms=[]
info: DefiKernel/Typed/Verify.lean:7:0: AXIOM AUDIT declaration: DefiKernel.Typed.OperationId.noConfusion; module=DefiKernel.Typed.Types; kind=definition; axioms=[]
info: DefiKernel/Typed/Verify.lean:7:0: AXIOM AUDIT declaration: DefiKernel.Typed.OperationId.noConfusionType; module=DefiKernel.Typed.Types; kind=definition; axioms=[]
info: DefiKernel/Typed/Verify.lean:7:0: AXIOM AUDIT declaration: DefiKernel.Typed.OperationId.recOn; module=DefiKernel.Typed.Types; kind=definition; axioms=[]
info: DefiKernel/Typed/Verify.lean:7:0: AXIOM AUDIT declaration: DefiKernel.Typed.OperationId.value; module=DefiKernel.Typed.Types; kind=definition; axioms=[]
info: DefiKernel/Typed/Verify.lean:7:0: AXIOM AUDIT declaration: DefiKernel.Typed.PartyRef._sizeOf_1; module=DefiKernel.Typed.Types; kind=definition; axioms=[]
info: DefiKernel/Typed/Verify.lean:7:0: AXIOM AUDIT declaration: DefiKernel.Typed.PartyRef._sizeOf_inst; module=DefiKernel.Typed.Types; kind=definition; axioms=[]
info: DefiKernel/Typed/Verify.lean:7:0: AXIOM AUDIT declaration: DefiKernel.Typed.PartyRef.casesOn; module=DefiKernel.Typed.Types; kind=definition; axioms=[]
info: DefiKernel/Typed/Verify.lean:7:0: AXIOM AUDIT declaration: DefiKernel.Typed.PartyRef.ctorElim; module=DefiKernel.Typed.Types; kind=definition; axioms=[]
info: DefiKernel/Typed/Verify.lean:7:0: AXIOM AUDIT declaration: DefiKernel.Typed.PartyRef.ctorElimType; module=DefiKernel.Typed.Types; kind=definition; axioms=[]
info: DefiKernel/Typed/Verify.lean:7:0: AXIOM AUDIT declaration: DefiKernel.Typed.PartyRef.ctorIdx; module=DefiKernel.Typed.Types; kind=definition; axioms=[]
info: DefiKernel/Typed/Verify.lean:7:0: AXIOM AUDIT declaration: DefiKernel.Typed.PartyRef.noConfusion; module=DefiKernel.Typed.Types; kind=definition; axioms=[]
info: DefiKernel/Typed/Verify.lean:7:0: AXIOM AUDIT declaration: DefiKernel.Typed.PartyRef.noConfusionType; module=DefiKernel.Typed.Types; kind=definition; axioms=[]
info: DefiKernel/Typed/Verify.lean:7:0: AXIOM AUDIT declaration: DefiKernel.Typed.PartyRef.recOn; module=DefiKernel.Typed.Types; kind=definition; axioms=[]
info: DefiKernel/Typed/Verify.lean:7:0: AXIOM AUDIT declaration: DefiKernel.Typed.PartyRef.resolve; module=DefiKernel.Typed.Types; kind=definition; axioms=[propext]
info: DefiKernel/Typed/Verify.lean:7:0: AXIOM AUDIT declaration: DefiKernel.Typed.Quantity._sizeOf_1; module=DefiKernel.Typed.Types; kind=definition; axioms=[propext,
 Quot.sound]
info: DefiKernel/Typed/Verify.lean:7:0: AXIOM AUDIT declaration: DefiKernel.Typed.Quantity._sizeOf_inst; module=DefiKernel.Typed.Types; kind=definition; axioms=[propext,
 Quot.sound]
info: DefiKernel/Typed/Verify.lean:7:0: AXIOM AUDIT declaration: DefiKernel.Typed.Quantity.amount; module=DefiKernel.Typed.Types; kind=definition; axioms=[propext,
 Quot.sound]
info: DefiKernel/Typed/Verify.lean:7:0: AXIOM AUDIT declaration: DefiKernel.Typed.Quantity.casesOn; module=DefiKernel.Typed.Types; kind=definition; axioms=[propext,
 Quot.sound]
info: DefiKernel/Typed/Verify.lean:7:0: AXIOM AUDIT declaration: DefiKernel.Typed.Quantity.ctorIdx; module=DefiKernel.Typed.Types; kind=definition; axioms=[propext,
 Quot.sound]
info: DefiKernel/Typed/Verify.lean:7:0: AXIOM AUDIT declaration: DefiKernel.Typed.Quantity.noConfusion; module=DefiKernel.Typed.Types; kind=definition; axioms=[propext,
 Quot.sound]
info: DefiKernel/Typed/Verify.lean:7:0: AXIOM AUDIT declaration: DefiKernel.Typed.Quantity.noConfusionType; module=DefiKernel.Typed.Types; kind=definition; axioms=[propext,
 Quot.sound]
info: DefiKernel/Typed/Verify.lean:7:0: AXIOM AUDIT declaration: DefiKernel.Typed.Quantity.recOn; module=DefiKernel.Typed.Types; kind=definition; axioms=[propext,
 Quot.sound]
info: DefiKernel/Typed/Verify.lean:7:0: AXIOM AUDIT declaration: DefiKernel.Typed.Refusal._sizeOf_1; module=DefiKernel.Typed.Transition; kind=definition; axioms=[]
info: DefiKernel/Typed/Verify.lean:7:0: AXIOM AUDIT declaration: DefiKernel.Typed.Refusal._sizeOf_inst; module=DefiKernel.Typed.Transition; kind=definition; axioms=[]
info: DefiKernel/Typed/Verify.lean:7:0: AXIOM AUDIT declaration: DefiKernel.Typed.Refusal.casesOn; module=DefiKernel.Typed.Transition; kind=definition; axioms=[]
info: DefiKernel/Typed/Verify.lean:7:0: AXIOM AUDIT declaration: DefiKernel.Typed.Refusal.ctorElim; module=DefiKernel.Typed.Transition; kind=definition; axioms=[]
info: DefiKernel/Typed/Verify.lean:7:0: AXIOM AUDIT declaration: DefiKernel.Typed.Refusal.ctorElimType; module=DefiKernel.Typed.Transition; kind=definition; axioms=[]
info: DefiKernel/Typed/Verify.lean:7:0: AXIOM AUDIT declaration: DefiKernel.Typed.Refusal.ctorIdx; module=DefiKernel.Typed.Transition; kind=definition; axioms=[]
info: DefiKernel/Typed/Verify.lean:7:0: AXIOM AUDIT declaration: DefiKernel.Typed.Refusal.noConfusion; module=DefiKernel.Typed.Transition; kind=definition; axioms=[]
info: DefiKernel/Typed/Verify.lean:7:0: AXIOM AUDIT declaration: DefiKernel.Typed.Refusal.noConfusionType; module=DefiKernel.Typed.Transition; kind=definition; axioms=[]
info: DefiKernel/Typed/Verify.lean:7:0: AXIOM AUDIT declaration: DefiKernel.Typed.Refusal.recOn; module=DefiKernel.Typed.Transition; kind=definition; axioms=[]
info: DefiKernel/Typed/Verify.lean:7:0: AXIOM AUDIT declaration: DefiKernel.Typed.Request._sizeOf_1; module=DefiKernel.Typed.Transition; kind=definition; axioms=[]
info: DefiKernel/Typed/Verify.lean:7:0: AXIOM AUDIT declaration: DefiKernel.Typed.Request._sizeOf_inst; module=DefiKernel.Typed.Transition; kind=definition; axioms=[]
info: DefiKernel/Typed/Verify.lean:7:0: AXIOM AUDIT declaration: DefiKernel.Typed.Request.arguments; module=DefiKernel.Typed.Transition; kind=definition; axioms=[]
info: DefiKernel/Typed/Verify.lean:7:0: AXIOM AUDIT declaration: DefiKernel.Typed.Request.capabilityIds; module=DefiKernel.Typed.Transition; kind=definition; axioms=[]
info: DefiKernel/Typed/Verify.lean:7:0: AXIOM AUDIT declaration: DefiKernel.Typed.Request.casesOn; module=DefiKernel.Typed.Transition; kind=definition; axioms=[]
info: DefiKernel/Typed/Verify.lean:7:0: AXIOM AUDIT declaration: DefiKernel.Typed.Request.claimedActor; module=DefiKernel.Typed.Transition; kind=definition; axioms=[]
info: DefiKernel/Typed/Verify.lean:7:0: AXIOM AUDIT declaration: DefiKernel.Typed.Request.ctorIdx; module=DefiKernel.Typed.Transition; kind=definition; axioms=[]
info: DefiKernel/Typed/Verify.lean:7:0: AXIOM AUDIT declaration: DefiKernel.Typed.Request.noConfusion; module=DefiKernel.Typed.Transition; kind=definition; axioms=[]
info: DefiKernel/Typed/Verify.lean:7:0: AXIOM AUDIT declaration: DefiKernel.Typed.Request.noConfusionType; module=DefiKernel.Typed.Transition; kind=definition; axioms=[]
info: DefiKernel/Typed/Verify.lean:7:0: AXIOM AUDIT declaration: DefiKernel.Typed.Request.operation; module=DefiKernel.Typed.Transition; kind=definition; axioms=[]
info: DefiKernel/Typed/Verify.lean:7:0: AXIOM AUDIT declaration: DefiKernel.Typed.Request.parties; module=DefiKernel.Typed.Transition; kind=definition; axioms=[]
info: DefiKernel/Typed/Verify.lean:7:0: AXIOM AUDIT declaration: DefiKernel.Typed.Request.recOn; module=DefiKernel.Typed.Transition; kind=definition; axioms=[]
info: DefiKernel/Typed/Verify.lean:7:0: AXIOM AUDIT declaration: DefiKernel.Typed.Right._sizeOf_1; module=DefiKernel.Typed.Authority; kind=definition; axioms=[]
info: DefiKernel/Typed/Verify.lean:7:0: AXIOM AUDIT declaration: DefiKernel.Typed.Right._sizeOf_inst; module=DefiKernel.Typed.Authority; kind=definition; axioms=[]
info: DefiKernel/Typed/Verify.lean:7:0: AXIOM AUDIT declaration: DefiKernel.Typed.Right.casesOn; module=DefiKernel.Typed.Authority; kind=definition; axioms=[]
info: DefiKernel/Typed/Verify.lean:7:0: AXIOM AUDIT declaration: DefiKernel.Typed.Right.ctorElim; module=DefiKernel.Typed.Authority; kind=definition; axioms=[]
info: DefiKernel/Typed/Verify.lean:7:0: AXIOM AUDIT declaration: DefiKernel.Typed.Right.ctorElimType; module=DefiKernel.Typed.Authority; kind=definition; axioms=[]
info: DefiKernel/Typed/Verify.lean:7:0: AXIOM AUDIT declaration: DefiKernel.Typed.Right.ctorIdx; module=DefiKernel.Typed.Authority; kind=definition; axioms=[]
info: DefiKernel/Typed/Verify.lean:7:0: AXIOM AUDIT declaration: DefiKernel.Typed.Right.inDomain; module=DefiKernel.Typed.Authority; kind=definition; axioms=[]
info: DefiKernel/Typed/Verify.lean:7:0: AXIOM AUDIT declaration: DefiKernel.Typed.Right.noConfusion; module=DefiKernel.Typed.Authority; kind=definition; axioms=[]
info: DefiKernel/Typed/Verify.lean:7:0: AXIOM AUDIT declaration: DefiKernel.Typed.Right.noConfusionType; module=DefiKernel.Typed.Authority; kind=definition; axioms=[]
info: DefiKernel/Typed/Verify.lean:7:0: AXIOM AUDIT declaration: DefiKernel.Typed.Right.recOn; module=DefiKernel.Typed.Authority; kind=definition; axioms=[]
info: DefiKernel/Typed/Verify.lean:7:0: AXIOM AUDIT declaration: DefiKernel.Typed.State._sizeOf_1; module=DefiKernel.Typed.Types; kind=definition; axioms=[propext,
 Quot.sound]
info: DefiKernel/Typed/Verify.lean:7:0: AXIOM AUDIT declaration: DefiKernel.Typed.State._sizeOf_inst; module=DefiKernel.Typed.Types; kind=definition; axioms=[propext,
 Quot.sound]
info: DefiKernel/Typed/Verify.lean:7:0: AXIOM AUDIT declaration: DefiKernel.Typed.State.balance; module=DefiKernel.Typed.Types; kind=definition; axioms=[propext,
 Quot.sound]
info: DefiKernel/Typed/Verify.lean:7:0: AXIOM AUDIT declaration: DefiKernel.Typed.State.casesOn; module=DefiKernel.Typed.Types; kind=definition; axioms=[propext,
 Quot.sound]
info: DefiKernel/Typed/Verify.lean:7:0: AXIOM AUDIT declaration: DefiKernel.Typed.State.ctorIdx; module=DefiKernel.Typed.Types; kind=definition; axioms=[propext,
 Quot.sound]
info: DefiKernel/Typed/Verify.lean:7:0: AXIOM AUDIT declaration: DefiKernel.Typed.State.noConfusion; module=DefiKernel.Typed.Types; kind=definition; axioms=[propext,
 Quot.sound]
info: DefiKernel/Typed/Verify.lean:7:0: AXIOM AUDIT declaration: DefiKernel.Typed.State.noConfusionType; module=DefiKernel.Typed.Types; kind=definition; axioms=[propext,
 Quot.sound]
info: DefiKernel/Typed/Verify.lean:7:0: AXIOM AUDIT declaration: DefiKernel.Typed.State.recOn; module=DefiKernel.Typed.Types; kind=definition; axioms=[propext,
 Quot.sound]
info: DefiKernel/Typed/Verify.lean:7:0: AXIOM AUDIT declaration: DefiKernel.Typed.SupplyDelta._sizeOf_1; module=DefiKernel.Typed.Transition; kind=definition; axioms=[]
info: DefiKernel/Typed/Verify.lean:7:0: AXIOM AUDIT declaration: DefiKernel.Typed.SupplyDelta._sizeOf_inst; module=DefiKernel.Typed.Transition; kind=definition; axioms=[]
info: DefiKernel/Typed/Verify.lean:7:0: AXIOM AUDIT declaration: DefiKernel.Typed.SupplyDelta.amount; module=DefiKernel.Typed.Transition; kind=definition; axioms=[]
info: DefiKernel/Typed/Verify.lean:7:0: AXIOM AUDIT declaration: DefiKernel.Typed.SupplyDelta.asset; module=DefiKernel.Typed.Transition; kind=definition; axioms=[]
info: DefiKernel/Typed/Verify.lean:7:0: AXIOM AUDIT declaration: DefiKernel.Typed.SupplyDelta.casesOn; module=DefiKernel.Typed.Transition; kind=definition; axioms=[]
info: DefiKernel/Typed/Verify.lean:7:0: AXIOM AUDIT declaration: DefiKernel.Typed.SupplyDelta.ctorIdx; module=DefiKernel.Typed.Transition; kind=definition; axioms=[]
info: DefiKernel/Typed/Verify.lean:7:0: AXIOM AUDIT declaration: DefiKernel.Typed.SupplyDelta.domain; module=DefiKernel.Typed.Transition; kind=definition; axioms=[]
info: DefiKernel/Typed/Verify.lean:7:0: AXIOM AUDIT declaration: DefiKernel.Typed.SupplyDelta.noConfusion; module=DefiKernel.Typed.Transition; kind=definition; axioms=[]
info: DefiKernel/Typed/Verify.lean:7:0: AXIOM AUDIT declaration: DefiKernel.Typed.SupplyDelta.noConfusionType; module=DefiKernel.Typed.Transition; kind=definition; axioms=[]
info: DefiKernel/Typed/Verify.lean:7:0: AXIOM AUDIT declaration: DefiKernel.Typed.SupplyDelta.recOn; module=DefiKernel.Typed.Transition; kind=definition; axioms=[]
info: DefiKernel/Typed/Verify.lean:7:0: AXIOM AUDIT declaration: DefiKernel.Typed.Template._sizeOf_1; module=DefiKernel.Typed.Transition; kind=definition; axioms=[]
info: DefiKernel/Typed/Verify.lean:7:0: AXIOM AUDIT declaration: DefiKernel.Typed.Template._sizeOf_inst; module=DefiKernel.Typed.Transition; kind=definition; axioms=[]
info: DefiKernel/Typed/Verify.lean:7:0: AXIOM AUDIT declaration: DefiKernel.Typed.Template.casesOn; module=DefiKernel.Typed.Transition; kind=definition; axioms=[]
info: DefiKernel/Typed/Verify.lean:7:0: AXIOM AUDIT declaration: DefiKernel.Typed.Template.ctorIdx; module=DefiKernel.Typed.Transition; kind=definition; axioms=[]
info: DefiKernel/Typed/Verify.lean:7:0: AXIOM AUDIT declaration: DefiKernel.Typed.Template.deltas; module=DefiKernel.Typed.Transition; kind=definition; axioms=[]
info: DefiKernel/Typed/Verify.lean:7:0: AXIOM AUDIT declaration: DefiKernel.Typed.Template.domain; module=DefiKernel.Typed.Transition; kind=definition; axioms=[]
info: DefiKernel/Typed/Verify.lean:7:0: AXIOM AUDIT declaration: DefiKernel.Typed.Template.envReads; module=DefiKernel.Typed.Transition; kind=definition; axioms=[]
info: DefiKernel/Typed/Verify.lean:7:0: AXIOM AUDIT declaration: DefiKernel.Typed.Template.evaluate; module=DefiKernel.Typed.Transition; kind=definition; axioms=[propext,
 Classical.choice,
 Quot.sound]
info: DefiKernel/Typed/Verify.lean:7:0: AXIOM AUDIT declaration: DefiKernel.Typed.Template.guard; module=DefiKernel.Typed.Transition; kind=definition; axioms=[]
info: DefiKernel/Typed/Verify.lean:7:0: AXIOM AUDIT declaration: DefiKernel.Typed.Template.noConfusion; module=DefiKernel.Typed.Transition; kind=definition; axioms=[]
info: DefiKernel/Typed/Verify.lean:7:0: AXIOM AUDIT declaration: DefiKernel.Typed.Template.noConfusionType; module=DefiKernel.Typed.Transition; kind=definition; axioms=[]
info: DefiKernel/Typed/Verify.lean:7:0: AXIOM AUDIT declaration: DefiKernel.Typed.Template.partyArity; module=DefiKernel.Typed.Transition; kind=definition; axioms=[]
info: DefiKernel/Typed/Verify.lean:7:0: AXIOM AUDIT declaration: DefiKernel.Typed.Template.recOn; module=DefiKernel.Typed.Transition; kind=definition; axioms=[]
info: DefiKernel/Typed/Verify.lean:7:0: AXIOM AUDIT declaration: DefiKernel.Typed.Template.requiredEnvReads; module=DefiKernel.Typed.Transition; kind=definition; axioms=[]
info: DefiKernel/Typed/Verify.lean:7:0: AXIOM AUDIT declaration: DefiKernel.Typed.Template.requiredStateReads; module=DefiKernel.Typed.Transition; kind=definition; axioms=[]
info: DefiKernel/Typed/Verify.lean:7:0: AXIOM AUDIT declaration: DefiKernel.Typed.Template.signature; module=DefiKernel.Typed.Transition; kind=definition; axioms=[]
info: DefiKernel/Typed/Verify.lean:7:0: AXIOM AUDIT declaration: DefiKernel.Typed.Template.stateReads; module=DefiKernel.Typed.Transition; kind=definition; axioms=[]
info: DefiKernel/Typed/Verify.lean:7:0: AXIOM AUDIT declaration: DefiKernel.Typed.Template.supplyDeltas; module=DefiKernel.Typed.Transition; kind=definition; axioms=[]
info: DefiKernel/Typed/Verify.lean:7:0: AXIOM AUDIT declaration: DefiKernel.Typed.Template.writes; module=DefiKernel.Typed.Transition; kind=definition; axioms=[]
info: DefiKernel/Typed/Verify.lean:7:0: AXIOM AUDIT declaration: DefiKernel.Typed.TransitionTests.C; module=DefiKernel.Typed.TransitionTests; kind=definition; axioms=[]
info: DefiKernel/Typed/Verify.lean:7:0: AXIOM AUDIT declaration: DefiKernel.Typed.TransitionTests.R; module=DefiKernel.Typed.TransitionTests; kind=definition; axioms=[]
info: DefiKernel/Typed/Verify.lean:7:0: AXIOM AUDIT declaration: DefiKernel.Typed.TransitionTests.Result; module=DefiKernel.Typed.TransitionTests; kind=definition; axioms=[propext,
 Quot.sound]
info: DefiKernel/Typed/Verify.lean:7:0: AXIOM AUDIT declaration: DefiKernel.Typed.TransitionTests.S; module=DefiKernel.Typed.TransitionTests; kind=definition; axioms=[propext,
 Quot.sound]
info: DefiKernel/Typed/Verify.lean:7:0: AXIOM AUDIT declaration: DefiKernel.Typed.TransitionTests.T; module=DefiKernel.Typed.TransitionTests; kind=definition; axioms=[]
info: DefiKernel/Typed/Verify.lean:7:0: AXIOM AUDIT declaration: DefiKernel.Typed.TransitionTests.accepted; module=DefiKernel.Typed.TransitionTests; kind=definition; axioms=[propext,
 Quot.sound]
info: DefiKernel/Typed/Verify.lean:7:0: AXIOM AUDIT declaration: DefiKernel.Typed.TransitionTests.alice; module=DefiKernel.Typed.TransitionTests; kind=definition; axioms=[]
info: DefiKernel/Typed/Verify.lean:7:0: AXIOM AUDIT declaration: DefiKernel.Typed.TransitionTests.allBalances; module=DefiKernel.Typed.TransitionTests; kind=definition; axioms=[propext,
 Quot.sound]
info: DefiKernel/Typed/Verify.lean:7:0: AXIOM AUDIT declaration: DefiKernel.Typed.TransitionTests.bob; module=DefiKernel.Typed.TransitionTests; kind=definition; axioms=[]
info: DefiKernel/Typed/Verify.lean:7:0: AXIOM AUDIT declaration: DefiKernel.Typed.TransitionTests.capabilities; module=DefiKernel.Typed.TransitionTests; kind=definition; axioms=[]
info: DefiKernel/Typed/Verify.lean:7:0: AXIOM AUDIT declaration: DefiKernel.Typed.TransitionTests.checks; module=DefiKernel.Typed.TransitionTests; kind=definition; axioms=[propext,
 Classical.choice,
 Quot.sound]
info: DefiKernel/Typed/Verify.lean:7:0: AXIOM AUDIT declaration: DefiKernel.Typed.TransitionTests.clockRead; module=DefiKernel.Typed.TransitionTests; kind=definition; axioms=[propext,
 Quot.sound]
info: DefiKernel/Typed/Verify.lean:7:0: AXIOM AUDIT declaration: DefiKernel.Typed.TransitionTests.context; module=DefiKernel.Typed.TransitionTests; kind=definition; axioms=[]
info: DefiKernel/Typed/Verify.lean:7:0: AXIOM AUDIT declaration: DefiKernel.Typed.TransitionTests.effectRead; module=DefiKernel.Typed.TransitionTests; kind=definition; axioms=[propext,
 Quot.sound]
info: DefiKernel/Typed/Verify.lean:7:0: AXIOM AUDIT declaration: DefiKernel.Typed.TransitionTests.environment; module=DefiKernel.Typed.TransitionTests; kind=definition; axioms=[propext,
 Quot.sound]
info: DefiKernel/Typed/Verify.lean:7:0: AXIOM AUDIT declaration: DefiKernel.Typed.TransitionTests.foreignNetZero; module=DefiKernel.Typed.TransitionTests; kind=definition; axioms=[propext,
 Quot.sound]
info: DefiKernel/Typed/Verify.lean:7:0: AXIOM AUDIT declaration: DefiKernel.Typed.TransitionTests.foreignObserved; module=DefiKernel.Typed.TransitionTests; kind=definition; axioms=[propext,
 Quot.sound]
info: DefiKernel/Typed/Verify.lean:7:0: AXIOM AUDIT declaration: DefiKernel.Typed.TransitionTests.foreignRead; module=DefiKernel.Typed.TransitionTests; kind=definition; axioms=[propext,
 Quot.sound]
info: DefiKernel/Typed/Verify.lean:7:0: AXIOM AUDIT declaration: DefiKernel.Typed.TransitionTests.guardRead; module=DefiKernel.Typed.TransitionTests; kind=definition; axioms=[propext,
 Quot.sound]
info: DefiKernel/Typed/Verify.lean:7:0: AXIOM AUDIT declaration: DefiKernel.Typed.TransitionTests.inactiveRead; module=DefiKernel.Typed.TransitionTests; kind=definition; axioms=[propext,
 Quot.sound]
info: DefiKernel/Typed/Verify.lean:7:0: AXIOM AUDIT declaration: DefiKernel.Typed.TransitionTests.key; module=DefiKernel.Typed.TransitionTests; kind=definition; axioms=[]
info: DefiKernel/Typed/Verify.lean:7:0: AXIOM AUDIT declaration: DefiKernel.Typed.TransitionTests.mint; module=DefiKernel.Typed.TransitionTests; kind=definition; axioms=[propext,
 Quot.sound]
info: DefiKernel/Typed/Verify.lean:7:0: AXIOM AUDIT declaration: DefiKernel.Typed.TransitionTests.mintExact; module=DefiKernel.Typed.TransitionTests; kind=definition; axioms=[propext,
 Classical.choice,
 Quot.sound]
info: DefiKernel/Typed/Verify.lean:7:0: AXIOM AUDIT declaration: DefiKernel.Typed.TransitionTests.observed; module=DefiKernel.Typed.TransitionTests; kind=definition; axioms=[propext,
 Quot.sound]
info: DefiKernel/Typed/Verify.lean:7:0: AXIOM AUDIT declaration: DefiKernel.Typed.TransitionTests.positiveProvisioning; module=DefiKernel.Typed.TransitionTests; kind=definition; axioms=[propext,
 Quot.sound]
info: DefiKernel/Typed/Verify.lean:7:0: AXIOM AUDIT declaration: DefiKernel.Typed.TransitionTests.refused; module=DefiKernel.Typed.TransitionTests; kind=definition; axioms=[propext,
 Quot.sound]
info: DefiKernel/Typed/Verify.lean:7:0: AXIOM AUDIT declaration: DefiKernel.Typed.TransitionTests.registry; module=DefiKernel.Typed.TransitionTests; kind=definition; axioms=[]
info: DefiKernel/Typed/Verify.lean:7:0: AXIOM AUDIT declaration: DefiKernel.Typed.TransitionTests.repeated; module=DefiKernel.Typed.TransitionTests; kind=definition; axioms=[propext,
 Quot.sound]
info: DefiKernel/Typed/Verify.lean:7:0: AXIOM AUDIT declaration: DefiKernel.Typed.TransitionTests.repeatedSupply; module=DefiKernel.Typed.TransitionTests; kind=definition; axioms=[propext,
 Quot.sound]
info: DefiKernel/Typed/Verify.lean:7:0: AXIOM AUDIT declaration: DefiKernel.Typed.TransitionTests.request; module=DefiKernel.Typed.TransitionTests; kind=definition; axioms=[]
info: DefiKernel/Typed/Verify.lean:7:0: AXIOM AUDIT declaration: DefiKernel.Typed.TransitionTests.revoked; module=DefiKernel.Typed.TransitionTests; kind=definition; axioms=[propext,
 Quot.sound]
info: DefiKernel/Typed/Verify.lean:7:0: AXIOM AUDIT declaration: DefiKernel.Typed.TransitionTests.revokedExact; module=DefiKernel.Typed.TransitionTests; kind=definition; axioms=[propext,
 Quot.sound]
info: DefiKernel/Typed/Verify.lean:7:0: AXIOM AUDIT declaration: DefiKernel.Typed.TransitionTests.run; module=DefiKernel.Typed.TransitionTests; kind=definition; axioms=[propext,
 Classical.choice,
 Quot.sound]
info: DefiKernel/Typed/Verify.lean:7:0: AXIOM AUDIT declaration: DefiKernel.Typed.TransitionTests.runWith; module=DefiKernel.Typed.TransitionTests; kind=definition; axioms=[propext,
 Classical.choice,
 Quot.sound]
info: DefiKernel/Typed/Verify.lean:7:0: AXIOM AUDIT declaration: DefiKernel.Typed.TransitionTests.state; module=DefiKernel.Typed.TransitionTests; kind=definition; axioms=[propext,
 Quot.sound]
info: DefiKernel/Typed/Verify.lean:7:0: AXIOM AUDIT declaration: DefiKernel.Typed.TransitionTests.supplyOnlyRead; module=DefiKernel.Typed.TransitionTests; kind=definition; axioms=[propext,
 Quot.sound]
info: DefiKernel/Typed/Verify.lean:7:0: AXIOM AUDIT declaration: DefiKernel.Typed.TransitionTests.supplyRead; module=DefiKernel.Typed.TransitionTests; kind=definition; axioms=[propext,
 Quot.sound]
info: DefiKernel/Typed/Verify.lean:7:0: AXIOM AUDIT declaration: DefiKernel.Typed.TransitionTests.transfer; module=DefiKernel.Typed.TransitionTests; kind=definition; axioms=[propext,
 Quot.sound]
info: DefiKernel/Typed/Verify.lean:7:0: AXIOM AUDIT declaration: DefiKernel.Typed.TransitionTests.transferExact; module=DefiKernel.Typed.TransitionTests; kind=definition; axioms=[propext,
 Quot.sound]
info: DefiKernel/Typed/Verify.lean:7:0: AXIOM AUDIT declaration: DefiKernel.Typed.UnaryOp._sizeOf_1; module=DefiKernel.Typed.Expr; kind=definition; axioms=[]
info: DefiKernel/Typed/Verify.lean:7:0: AXIOM AUDIT declaration: DefiKernel.Typed.UnaryOp._sizeOf_inst; module=DefiKernel.Typed.Expr; kind=definition; axioms=[]
info: DefiKernel/Typed/Verify.lean:7:0: AXIOM AUDIT declaration: DefiKernel.Typed.UnaryOp.casesOn; module=DefiKernel.Typed.Expr; kind=definition; axioms=[]
info: DefiKernel/Typed/Verify.lean:7:0: AXIOM AUDIT declaration: DefiKernel.Typed.UnaryOp.ctorElim; module=DefiKernel.Typed.Expr; kind=definition; axioms=[]
info: DefiKernel/Typed/Verify.lean:7:0: AXIOM AUDIT declaration: DefiKernel.Typed.UnaryOp.ctorElimType; module=DefiKernel.Typed.Expr; kind=definition; axioms=[]
info: DefiKernel/Typed/Verify.lean:7:0: AXIOM AUDIT declaration: DefiKernel.Typed.UnaryOp.ctorIdx; module=DefiKernel.Typed.Expr; kind=definition; axioms=[]
info: DefiKernel/Typed/Verify.lean:7:0: AXIOM AUDIT declaration: DefiKernel.Typed.UnaryOp.eval; module=DefiKernel.Typed.Expr; kind=definition; axioms=[]
info: DefiKernel/Typed/Verify.lean:7:0: AXIOM AUDIT declaration: DefiKernel.Typed.UnaryOp.noConfusion; module=DefiKernel.Typed.Expr; kind=definition; axioms=[]
info: DefiKernel/Typed/Verify.lean:7:0: AXIOM AUDIT declaration: DefiKernel.Typed.UnaryOp.noConfusionType; module=DefiKernel.Typed.Expr; kind=definition; axioms=[]
info: DefiKernel/Typed/Verify.lean:7:0: AXIOM AUDIT declaration: DefiKernel.Typed.UnaryOp.recOn; module=DefiKernel.Typed.Expr; kind=definition; axioms=[]
info: DefiKernel/Typed/Verify.lean:7:0: AXIOM AUDIT declaration: DefiKernel.Typed.Unit._sizeOf_1; module=DefiKernel.Typed.Types; kind=definition; axioms=[]
info: DefiKernel/Typed/Verify.lean:7:0: AXIOM AUDIT declaration: DefiKernel.Typed.Unit._sizeOf_inst; module=DefiKernel.Typed.Types; kind=definition; axioms=[]
info: DefiKernel/Typed/Verify.lean:7:0: AXIOM AUDIT declaration: DefiKernel.Typed.Unit.casesOn; module=DefiKernel.Typed.Types; kind=definition; axioms=[]
info: DefiKernel/Typed/Verify.lean:7:0: AXIOM AUDIT declaration: DefiKernel.Typed.Unit.ctorElim; module=DefiKernel.Typed.Types; kind=definition; axioms=[]
info: DefiKernel/Typed/Verify.lean:7:0: AXIOM AUDIT declaration: DefiKernel.Typed.Unit.ctorElimType; module=DefiKernel.Typed.Types; kind=definition; axioms=[]
info: DefiKernel/Typed/Verify.lean:7:0: AXIOM AUDIT declaration: DefiKernel.Typed.Unit.ctorIdx; module=DefiKernel.Typed.Types; kind=definition; axioms=[]
info: DefiKernel/Typed/Verify.lean:7:0: AXIOM AUDIT declaration: DefiKernel.Typed.Unit.noConfusion; module=DefiKernel.Typed.Types; kind=definition; axioms=[]
info: DefiKernel/Typed/Verify.lean:7:0: AXIOM AUDIT declaration: DefiKernel.Typed.Unit.noConfusionType; module=DefiKernel.Typed.Types; kind=definition; axioms=[]
info: DefiKernel/Typed/Verify.lean:7:0: AXIOM AUDIT declaration: DefiKernel.Typed.Unit.recOn; module=DefiKernel.Typed.Types; kind=definition; axioms=[]
info: DefiKernel/Typed/Verify.lean:7:0: AXIOM AUDIT declaration: DefiKernel.Typed.Value.match_1; module=DefiKernel.Typed.Types; kind=definition; axioms=[]
info: DefiKernel/Typed/Verify.lean:7:0: AXIOM AUDIT declaration: DefiKernel.Typed.Var._sizeOf_1; module=DefiKernel.Typed.Expr; kind=definition; axioms=[]
info: DefiKernel/Typed/Verify.lean:7:0: AXIOM AUDIT declaration: DefiKernel.Typed.Var._sizeOf_inst; module=DefiKernel.Typed.Expr; kind=definition; axioms=[]
info: DefiKernel/Typed/Verify.lean:7:0: AXIOM AUDIT declaration: DefiKernel.Typed.Var.below; module=DefiKernel.Typed.Expr; kind=definition; axioms=[]
info: DefiKernel/Typed/Verify.lean:7:0: AXIOM AUDIT declaration: DefiKernel.Typed.Var.brecOn; module=DefiKernel.Typed.Expr; kind=definition; axioms=[]
info: DefiKernel/Typed/Verify.lean:7:0: AXIOM AUDIT declaration: DefiKernel.Typed.Var.casesOn; module=DefiKernel.Typed.Expr; kind=definition; axioms=[]
info: DefiKernel/Typed/Verify.lean:7:0: AXIOM AUDIT declaration: DefiKernel.Typed.Var.ctorElim; module=DefiKernel.Typed.Expr; kind=definition; axioms=[]
info: DefiKernel/Typed/Verify.lean:7:0: AXIOM AUDIT declaration: DefiKernel.Typed.Var.ctorElimType; module=DefiKernel.Typed.Expr; kind=definition; axioms=[]
info: DefiKernel/Typed/Verify.lean:7:0: AXIOM AUDIT declaration: DefiKernel.Typed.Var.ctorIdx; module=DefiKernel.Typed.Expr; kind=definition; axioms=[]
info: DefiKernel/Typed/Verify.lean:7:0: AXIOM AUDIT declaration: DefiKernel.Typed.Var.noConfusion; module=DefiKernel.Typed.Expr; kind=definition; axioms=[]
info: DefiKernel/Typed/Verify.lean:7:0: AXIOM AUDIT declaration: DefiKernel.Typed.Var.noConfusionType; module=DefiKernel.Typed.Expr; kind=definition; axioms=[]
info: DefiKernel/Typed/Verify.lean:7:0: AXIOM AUDIT declaration: DefiKernel.Typed.Var.recOn; module=DefiKernel.Typed.Expr; kind=definition; axioms=[]
info: DefiKernel/Typed/Verify.lean:7:0: AXIOM AUDIT declaration: DefiKernel.Typed.execute.match_1; module=DefiKernel.Typed.Transition; kind=definition; axioms=[]
info: DefiKernel/Typed/Verify.lean:7:0: AXIOM AUDIT declaration: DefiKernel.Typed.instDecidableEqCapability.decEq; module=DefiKernel.Typed.Authority; kind=definition; axioms=[]
info: DefiKernel/Typed/Verify.lean:7:0: AXIOM AUDIT declaration: DefiKernel.Typed.instDecidableEqCapabilityId.decEq; module=DefiKernel.Typed.Types; kind=definition; axioms=[]
info: DefiKernel/Typed/Verify.lean:7:0: AXIOM AUDIT declaration: DefiKernel.Typed.instDecidableEqCapabilityStore.decEq; module=DefiKernel.Typed.Authority; kind=definition; axioms=[]
info: DefiKernel/Typed/Verify.lean:7:0: AXIOM AUDIT declaration: DefiKernel.Typed.instDecidableEqCellRef.decEq; module=DefiKernel.Typed.Types; kind=definition; axioms=[]
info: DefiKernel/Typed/Verify.lean:7:0: AXIOM AUDIT declaration: DefiKernel.Typed.instDecidableEqClaimId.decEq; module=DefiKernel.Typed.Types; kind=definition; axioms=[]
info: DefiKernel/Typed/Verify.lean:7:0: AXIOM AUDIT declaration: DefiKernel.Typed.instDecidableEqEnvRead.decEq; module=DefiKernel.Typed.Expr; kind=definition; axioms=[]
info: DefiKernel/Typed/Verify.lean:7:0: AXIOM AUDIT declaration: DefiKernel.Typed.instDecidableEqGrant.decEq; module=DefiKernel.Typed.Authority; kind=definition; axioms=[]
info: DefiKernel/Typed/Verify.lean:7:0: AXIOM AUDIT declaration: DefiKernel.Typed.instDecidableEqInvocationContext.decEq; module=DefiKernel.Typed.Types; kind=definition; axioms=[]
info: DefiKernel/Typed/Verify.lean:7:0: AXIOM AUDIT declaration: DefiKernel.Typed.instDecidableEqNumericUnit.decEq; module=DefiKernel.Typed.Types; kind=definition; axioms=[]
info: DefiKernel/Typed/Verify.lean:7:0: AXIOM AUDIT declaration: DefiKernel.Typed.instDecidableEqObservationId.decEq; module=DefiKernel.Typed.Types; kind=definition; axioms=[]
info: DefiKernel/Typed/Verify.lean:7:0: AXIOM AUDIT declaration: DefiKernel.Typed.instDecidableEqObservationKey.decEq; module=DefiKernel.Typed.Types; kind=definition; axioms=[]
info: DefiKernel/Typed/Verify.lean:7:0: AXIOM AUDIT declaration: DefiKernel.Typed.instDecidableEqObservationRef.decEq; module=DefiKernel.Typed.Types; kind=definition; axioms=[]
info: DefiKernel/Typed/Verify.lean:7:0: AXIOM AUDIT declaration: DefiKernel.Typed.instDecidableEqOperationId.decEq; module=DefiKernel.Typed.Types; kind=definition; axioms=[]
info: DefiKernel/Typed/Verify.lean:7:0: AXIOM AUDIT declaration: DefiKernel.Typed.instDecidableEqPartyRef.decEq; module=DefiKernel.Typed.Types; kind=definition; axioms=[]
info: DefiKernel/Typed/Verify.lean:7:0: AXIOM AUDIT declaration: DefiKernel.Typed.instDecidableEqRefusal.decEq; module=DefiKernel.Typed.Transition; kind=definition; axioms=[]
info: DefiKernel/Typed/Verify.lean:7:0: AXIOM AUDIT declaration: DefiKernel.Typed.instDecidableEqRight.decEq; module=DefiKernel.Typed.Authority; kind=definition; axioms=[]
info: DefiKernel/Typed/Verify.lean:7:0: AXIOM AUDIT declaration: DefiKernel.Typed.instDecidableEqUnit.decEq; module=DefiKernel.Typed.Types; kind=definition; axioms=[]
info: DefiKernel/Typed/Verify.lean:7:0: AXIOM AUDIT declaration: DefiKernel.Typed.instReprAuthorityFailure.repr; module=DefiKernel.Typed.Authority; kind=definition; axioms=[]
info: DefiKernel/Typed/Verify.lean:7:0: AXIOM AUDIT declaration: DefiKernel.Typed.instReprCapability.repr; module=DefiKernel.Typed.Authority; kind=definition; axioms=[propext]
info: DefiKernel/Typed/Verify.lean:7:0: AXIOM AUDIT declaration: DefiKernel.Typed.instReprCapabilityId.repr; module=DefiKernel.Typed.Types; kind=definition; axioms=[]
info: DefiKernel/Typed/Verify.lean:7:0: AXIOM AUDIT declaration: DefiKernel.Typed.instReprCapabilityStore.repr; module=DefiKernel.Typed.Authority; kind=definition; axioms=[propext]
info: DefiKernel/Typed/Verify.lean:7:0: AXIOM AUDIT declaration: DefiKernel.Typed.instReprCellRef.repr; module=DefiKernel.Typed.Types; kind=definition; axioms=[]
info: DefiKernel/Typed/Verify.lean:7:0: AXIOM AUDIT declaration: DefiKernel.Typed.instReprClaimId.repr; module=DefiKernel.Typed.Types; kind=definition; axioms=[]
info: DefiKernel/Typed/Verify.lean:7:0: AXIOM AUDIT declaration: DefiKernel.Typed.instReprEnvRead.repr; module=DefiKernel.Typed.Expr; kind=definition; axioms=[]
info: DefiKernel/Typed/Verify.lean:7:0: AXIOM AUDIT declaration: DefiKernel.Typed.instReprEvalFailure.repr; module=DefiKernel.Typed.Types; kind=definition; axioms=[]
info: DefiKernel/Typed/Verify.lean:7:0: AXIOM AUDIT declaration: DefiKernel.Typed.instReprGrant.repr; module=DefiKernel.Typed.Authority; kind=definition; axioms=[propext]
info: DefiKernel/Typed/Verify.lean:7:0: AXIOM AUDIT declaration: DefiKernel.Typed.instReprInvocationContext.repr; module=DefiKernel.Typed.Types; kind=definition; axioms=[]
info: DefiKernel/Typed/Verify.lean:7:0: AXIOM AUDIT declaration: DefiKernel.Typed.instReprNumericUnit.repr; module=DefiKernel.Typed.Types; kind=definition; axioms=[]
info: DefiKernel/Typed/Verify.lean:7:0: AXIOM AUDIT declaration: DefiKernel.Typed.instReprObservationId.repr; module=DefiKernel.Typed.Types; kind=definition; axioms=[]
info: DefiKernel/Typed/Verify.lean:7:0: AXIOM AUDIT declaration: DefiKernel.Typed.instReprObservationKey.repr; module=DefiKernel.Typed.Types; kind=definition; axioms=[]
info: DefiKernel/Typed/Verify.lean:7:0: AXIOM AUDIT declaration: DefiKernel.Typed.instReprObservationRef.repr; module=DefiKernel.Typed.Types; kind=definition; axioms=[]
info: DefiKernel/Typed/Verify.lean:7:0: AXIOM AUDIT declaration: DefiKernel.Typed.instReprOperationId.repr; module=DefiKernel.Typed.Types; kind=definition; axioms=[]
info: DefiKernel/Typed/Verify.lean:7:0: AXIOM AUDIT declaration: DefiKernel.Typed.instReprPartyRef.repr; module=DefiKernel.Typed.Types; kind=definition; axioms=[]
info: DefiKernel/Typed/Verify.lean:7:0: AXIOM AUDIT declaration: DefiKernel.Typed.instReprRefusal.repr; module=DefiKernel.Typed.Transition; kind=definition; axioms=[]
info: DefiKernel/Typed/Verify.lean:7:0: AXIOM AUDIT declaration: DefiKernel.Typed.instReprRight.repr; module=DefiKernel.Typed.Authority; kind=definition; axioms=[propext]
info: DefiKernel/Typed/Verify.lean:7:0: AXIOM AUDIT declaration: DefiKernel.Typed.instReprUnit.repr; module=DefiKernel.Typed.Types; kind=definition; axioms=[]
info: DefiKernel/Typed/Verify.lean:7:0: AXIOM AUDIT declaration: DefiKernel.Typed.numericRat.match_1; module=DefiKernel.Typed.Types; kind=definition; axioms=[]
info: DefiKernel/Typed/Verify.lean:7:0: AXIOM AUDIT declaration: DefiKernel.Typed.readObservation.match_1; module=DefiKernel.Typed.Expr; kind=definition; axioms=[]
info: DefiKernel/Typed/Verify.lean:7:0: AXIOM AUDIT declaration: DefiKernel.Typed.revokeCapability.match_1; module=DefiKernel.Typed.Authority; kind=definition; axioms=[]
info: DefiKernel/Typed/Verify.lean:7:0: AXIOM AUDIT declaration: _private.DefiKernel.Typed.Transition.0.Except.map.match_1.splitter; module=DefiKernel.Typed.Transition; kind=definition; axioms=[]
info: DefiKernel/Typed/Verify.lean:7:0: AXIOM AUDIT declaration: DefiKernel.Typed.Acceptance.preservesCapabilities._sparseCasesOn_1; module=DefiKernel.Typed.Acceptance; kind=definition; axioms=[propext]
info: DefiKernel/Typed/Verify.lean:7:0: AXIOM AUDIT declaration: DefiKernel.Typed.Acceptance.preservesCapabilities.match_1; module=DefiKernel.Typed.Acceptance; kind=definition; axioms=[propext,
 Quot.sound]
info: DefiKernel/Typed/Verify.lean:7:0: AXIOM AUDIT declaration: DefiKernel.Typed.Acceptance.refused.match_1; module=DefiKernel.Typed.Acceptance; kind=definition; axioms=[propext,
 Quot.sound]
info: DefiKernel/Typed/Verify.lean:7:0: AXIOM AUDIT declaration: DefiKernel.Typed.Acceptance.runReissued.match_1; module=DefiKernel.Typed.Acceptance; kind=definition; axioms=[]
info: DefiKernel/Typed/Verify.lean:7:0: AXIOM AUDIT declaration: DefiKernel.Typed.Args.brecOn.go; module=DefiKernel.Typed.Expr; kind=definition; axioms=[]
info: DefiKernel/Typed/Verify.lean:7:0: AXIOM AUDIT declaration: DefiKernel.Typed.Args.check._f; module=DefiKernel.Typed.Expr; kind=definition; axioms=[propext]
info: DefiKernel/Typed/Verify.lean:7:0: AXIOM AUDIT declaration: DefiKernel.Typed.Args.check._sparseCasesOn_1; module=DefiKernel.Typed.Expr; kind=definition; axioms=[propext]
info: DefiKernel/Typed/Verify.lean:7:0: AXIOM AUDIT declaration: DefiKernel.Typed.Args.check._sparseCasesOn_2; module=DefiKernel.Typed.Expr; kind=definition; axioms=[propext]
info: DefiKernel/Typed/Verify.lean:7:0: AXIOM AUDIT declaration: DefiKernel.Typed.Args.check._sunfold; module=DefiKernel.Typed.Expr; kind=definition; axioms=[propext]
info: DefiKernel/Typed/Verify.lean:7:0: AXIOM AUDIT declaration: DefiKernel.Typed.Args.check._unsafe_rec; module=DefiKernel.Typed.Expr; kind=definition; axioms=[propext]
info: DefiKernel/Typed/Verify.lean:7:0: AXIOM AUDIT declaration: DefiKernel.Typed.Args.check.match_1; module=DefiKernel.Typed.Expr; kind=definition; axioms=[propext]
info: DefiKernel/Typed/Verify.lean:7:0: AXIOM AUDIT declaration: DefiKernel.Typed.Args.cons.elim; module=DefiKernel.Typed.Expr; kind=definition; axioms=[]
info: DefiKernel/Typed/Verify.lean:7:0: AXIOM AUDIT declaration: DefiKernel.Typed.Args.cons.noConfusion; module=DefiKernel.Typed.Expr; kind=definition; axioms=[]
info: DefiKernel/Typed/Verify.lean:7:0: AXIOM AUDIT declaration: DefiKernel.Typed.Args.get._f; module=DefiKernel.Typed.Expr; kind=definition; axioms=[]
info: DefiKernel/Typed/Verify.lean:7:0: AXIOM AUDIT declaration: DefiKernel.Typed.Args.get._sunfold; module=DefiKernel.Typed.Expr; kind=definition; axioms=[]
info: DefiKernel/Typed/Verify.lean:7:0: AXIOM AUDIT declaration: DefiKernel.Typed.Args.get._unsafe_rec; module=DefiKernel.Typed.Expr; kind=definition; axioms=[]
info: DefiKernel/Typed/Verify.lean:7:0: AXIOM AUDIT declaration: DefiKernel.Typed.Args.get.match_1; module=DefiKernel.Typed.Expr; kind=definition; axioms=[]
info: DefiKernel/Typed/Verify.lean:7:0: AXIOM AUDIT declaration: DefiKernel.Typed.Args.nil.elim; module=DefiKernel.Typed.Expr; kind=definition; axioms=[]
info: DefiKernel/Typed/Verify.lean:7:0: AXIOM AUDIT declaration: DefiKernel.Typed.AuthorityConfig.mk._flat_ctor; module=DefiKernel.Typed.Authority; kind=definition; axioms=[]
info: DefiKernel/Typed/Verify.lean:7:0: AXIOM AUDIT declaration: DefiKernel.Typed.AuthorityConfig.mk.noConfusion; module=DefiKernel.Typed.Authority; kind=definition; axioms=[]
info: DefiKernel/Typed/Verify.lean:7:0: AXIOM AUDIT declaration: DefiKernel.Typed.AuthorityFailure.operationDomain.elim; module=DefiKernel.Typed.Authority; kind=definition; axioms=[]
info: DefiKernel/Typed/Verify.lean:7:0: AXIOM AUDIT declaration: DefiKernel.Typed.AuthorityFailure.resourceDomain.elim; module=DefiKernel.Typed.Authority; kind=definition; axioms=[]
info: DefiKernel/Typed/Verify.lean:7:0: AXIOM AUDIT declaration: DefiKernel.Typed.AuthorityFailure.unauthorizedAdmin.elim; module=DefiKernel.Typed.Authority; kind=definition; axioms=[]
info: DefiKernel/Typed/Verify.lean:7:0: AXIOM AUDIT declaration: DefiKernel.Typed.AuthorityFailure.unknownCapability.elim; module=DefiKernel.Typed.Authority; kind=definition; axioms=[]
info: DefiKernel/Typed/Verify.lean:7:0: AXIOM AUDIT declaration: DefiKernel.Typed.AuthorityTests.issueMore.match_1; module=DefiKernel.Typed.AuthorityTests; kind=definition; axioms=[]
info: DefiKernel/Typed/Verify.lean:7:0: AXIOM AUDIT declaration: DefiKernel.Typed.AuthorityTests.issueUse.match_1; module=DefiKernel.Typed.AuthorityTests; kind=definition; axioms=[]
info: DefiKernel/Typed/Verify.lean:7:0: AXIOM AUDIT declaration: DefiKernel.Typed.AuthorityTests.store.match_1; module=DefiKernel.Typed.AuthorityTests; kind=definition; axioms=[]
info: DefiKernel/Typed/Verify.lean:7:0: AXIOM AUDIT declaration: DefiKernel.Typed.BinaryOp.add.elim; module=DefiKernel.Typed.Expr; kind=definition; axioms=[]
info: DefiKernel/Typed/Verify.lean:7:0: AXIOM AUDIT declaration: DefiKernel.Typed.BinaryOp.add.noConfusion; module=DefiKernel.Typed.Expr; kind=definition; axioms=[]
info: DefiKernel/Typed/Verify.lean:7:0: AXIOM AUDIT declaration: DefiKernel.Typed.BinaryOp.and.elim; module=DefiKernel.Typed.Expr; kind=definition; axioms=[]
info: DefiKernel/Typed/Verify.lean:7:0: AXIOM AUDIT declaration: DefiKernel.Typed.BinaryOp.convert.elim; module=DefiKernel.Typed.Expr; kind=definition; axioms=[]
info: DefiKernel/Typed/Verify.lean:7:0: AXIOM AUDIT declaration: DefiKernel.Typed.BinaryOp.convert.noConfusion; module=DefiKernel.Typed.Expr; kind=definition; axioms=[]
info: DefiKernel/Typed/Verify.lean:7:0: AXIOM AUDIT declaration: DefiKernel.Typed.BinaryOp.divide.elim; module=DefiKernel.Typed.Expr; kind=definition; axioms=[]
info: DefiKernel/Typed/Verify.lean:7:0: AXIOM AUDIT declaration: DefiKernel.Typed.BinaryOp.divide.noConfusion; module=DefiKernel.Typed.Expr; kind=definition; axioms=[]
info: DefiKernel/Typed/Verify.lean:7:0: AXIOM AUDIT declaration: DefiKernel.Typed.BinaryOp.eq.elim; module=DefiKernel.Typed.Expr; kind=definition; axioms=[]
info: DefiKernel/Typed/Verify.lean:7:0: AXIOM AUDIT declaration: DefiKernel.Typed.BinaryOp.eq.noConfusion; module=DefiKernel.Typed.Expr; kind=definition; axioms=[]
info: DefiKernel/Typed/Verify.lean:7:0: AXIOM AUDIT declaration: DefiKernel.Typed.BinaryOp.eval.match_1; module=DefiKernel.Typed.Expr; kind=definition; axioms=[]
info: DefiKernel/Typed/Verify.lean:7:0: AXIOM AUDIT declaration: DefiKernel.Typed.BinaryOp.le.elim; module=DefiKernel.Typed.Expr; kind=definition; axioms=[]
info: DefiKernel/Typed/Verify.lean:7:0: AXIOM AUDIT declaration: DefiKernel.Typed.BinaryOp.le.noConfusion; module=DefiKernel.Typed.Expr; kind=definition; axioms=[]
info: DefiKernel/Typed/Verify.lean:7:0: AXIOM AUDIT declaration: DefiKernel.Typed.BinaryOp.lt.elim; module=DefiKernel.Typed.Expr; kind=definition; axioms=[]
info: DefiKernel/Typed/Verify.lean:7:0: AXIOM AUDIT declaration: DefiKernel.Typed.BinaryOp.lt.noConfusion; module=DefiKernel.Typed.Expr; kind=definition; axioms=[]
info: DefiKernel/Typed/Verify.lean:7:0: AXIOM AUDIT declaration: DefiKernel.Typed.BinaryOp.or.elim; module=DefiKernel.Typed.Expr; kind=definition; axioms=[]
info: DefiKernel/Typed/Verify.lean:7:0: AXIOM AUDIT declaration: DefiKernel.Typed.BinaryOp.ratio.elim; module=DefiKernel.Typed.Expr; kind=definition; axioms=[]
info: DefiKernel/Typed/Verify.lean:7:0: AXIOM AUDIT declaration: DefiKernel.Typed.BinaryOp.ratio.noConfusion; module=DefiKernel.Typed.Expr; kind=definition; axioms=[]
info: DefiKernel/Typed/Verify.lean:7:0: AXIOM AUDIT declaration: DefiKernel.Typed.BinaryOp.scale.elim; module=DefiKernel.Typed.Expr; kind=definition; axioms=[]
info: DefiKernel/Typed/Verify.lean:7:0: AXIOM AUDIT declaration: DefiKernel.Typed.BinaryOp.scale.noConfusion; module=DefiKernel.Typed.Expr; kind=definition; axioms=[]
info: DefiKernel/Typed/Verify.lean:7:0: AXIOM AUDIT declaration: DefiKernel.Typed.BinaryOp.sub.elim; module=DefiKernel.Typed.Expr; kind=definition; axioms=[]
info: DefiKernel/Typed/Verify.lean:7:0: AXIOM AUDIT declaration: DefiKernel.Typed.BinaryOp.sub.noConfusion; module=DefiKernel.Typed.Expr; kind=definition; axioms=[]
info: DefiKernel/Typed/Verify.lean:7:0: AXIOM AUDIT declaration: DefiKernel.Typed.BinaryOp.unconvert.elim; module=DefiKernel.Typed.Expr; kind=definition; axioms=[]
info: DefiKernel/Typed/Verify.lean:7:0: AXIOM AUDIT declaration: DefiKernel.Typed.BinaryOp.unconvert.noConfusion; module=DefiKernel.Typed.Expr; kind=definition; axioms=[]
info: DefiKernel/Typed/Verify.lean:7:0: AXIOM AUDIT declaration: DefiKernel.Typed.Capability.mk._flat_ctor; module=DefiKernel.Typed.Authority; kind=definition; axioms=[]
info: DefiKernel/Typed/Verify.lean:7:0: AXIOM AUDIT declaration: DefiKernel.Typed.Capability.mk.noConfusion; module=DefiKernel.Typed.Authority; kind=definition; axioms=[]
info: DefiKernel/Typed/Verify.lean:7:0: AXIOM AUDIT declaration: DefiKernel.Typed.CapabilityId.mk._flat_ctor; module=DefiKernel.Typed.Types; kind=definition; axioms=[]
info: DefiKernel/Typed/Verify.lean:7:0: AXIOM AUDIT declaration: DefiKernel.Typed.CapabilityId.mk.noConfusion; module=DefiKernel.Typed.Types; kind=definition; axioms=[]
info: DefiKernel/Typed/Verify.lean:7:0: AXIOM AUDIT declaration: DefiKernel.Typed.CapabilityStore.mk._flat_ctor; module=DefiKernel.Typed.Authority; kind=definition; axioms=[]
info: DefiKernel/Typed/Verify.lean:7:0: AXIOM AUDIT declaration: DefiKernel.Typed.CapabilityStore.mk.noConfusion; module=DefiKernel.Typed.Authority; kind=definition; axioms=[]
info: DefiKernel/Typed/Verify.lean:7:0: AXIOM AUDIT declaration: DefiKernel.Typed.CellDelta.mk._flat_ctor; module=DefiKernel.Typed.Transition; kind=definition; axioms=[]
info: DefiKernel/Typed/Verify.lean:7:0: AXIOM AUDIT declaration: DefiKernel.Typed.CellDelta.mk.noConfusion; module=DefiKernel.Typed.Transition; kind=definition; axioms=[]
info: DefiKernel/Typed/Verify.lean:7:0: AXIOM AUDIT declaration: DefiKernel.Typed.CellRef.mk._flat_ctor; module=DefiKernel.Typed.Types; kind=definition; axioms=[]
info: DefiKernel/Typed/Verify.lean:7:0: AXIOM AUDIT declaration: DefiKernel.Typed.CellRef.mk.noConfusion; module=DefiKernel.Typed.Types; kind=definition; axioms=[]
info: DefiKernel/Typed/Verify.lean:7:0: AXIOM AUDIT declaration: DefiKernel.Typed.ClaimId.mk._flat_ctor; module=DefiKernel.Typed.Types; kind=definition; axioms=[]
info: DefiKernel/Typed/Verify.lean:7:0: AXIOM AUDIT declaration: DefiKernel.Typed.ClaimId.mk.noConfusion; module=DefiKernel.Typed.Types; kind=definition; axioms=[]
info: DefiKernel/Typed/Verify.lean:7:0: AXIOM AUDIT declaration: DefiKernel.Typed.EnvRead.currentTime.elim; module=DefiKernel.Typed.Expr; kind=definition; axioms=[]
info: DefiKernel/Typed/Verify.lean:7:0: AXIOM AUDIT declaration: DefiKernel.Typed.EnvRead.observation.elim; module=DefiKernel.Typed.Expr; kind=definition; axioms=[]
info: DefiKernel/Typed/Verify.lean:7:0: AXIOM AUDIT declaration: DefiKernel.Typed.EnvRead.observation.noConfusion; module=DefiKernel.Typed.Expr; kind=definition; axioms=[]
info: DefiKernel/Typed/Verify.lean:7:0: AXIOM AUDIT declaration: DefiKernel.Typed.EvalContext.mk._flat_ctor; module=DefiKernel.Typed.Expr; kind=definition; axioms=[propext,
 Quot.sound]
info: DefiKernel/Typed/Verify.lean:7:0: AXIOM AUDIT declaration: DefiKernel.Typed.EvalContext.mk.noConfusion; module=DefiKernel.Typed.Expr; kind=definition; axioms=[propext,
 Quot.sound]
info: DefiKernel/Typed/Verify.lean:7:0: AXIOM AUDIT declaration: DefiKernel.Typed.EvalFailure.argumentCount.elim; module=DefiKernel.Typed.Types; kind=definition; axioms=[]
info: DefiKernel/Typed/Verify.lean:7:0: AXIOM AUDIT declaration: DefiKernel.Typed.EvalFailure.argumentUnit.elim; module=DefiKernel.Typed.Types; kind=definition; axioms=[]
info: DefiKernel/Typed/Verify.lean:7:0: AXIOM AUDIT declaration: DefiKernel.Typed.EvalFailure.divisionByZero.elim; module=DefiKernel.Typed.Types; kind=definition; axioms=[]
info: DefiKernel/Typed/Verify.lean:7:0: AXIOM AUDIT declaration: DefiKernel.Typed.EvalFailure.missingObservation.elim; module=DefiKernel.Typed.Types; kind=definition; axioms=[]
info: DefiKernel/Typed/Verify.lean:7:0: AXIOM AUDIT declaration: DefiKernel.Typed.EvalFailure.observationUnit.elim; module=DefiKernel.Typed.Types; kind=definition; axioms=[]
info: DefiKernel/Typed/Verify.lean:7:0: AXIOM AUDIT declaration: DefiKernel.Typed.EvalFailure.partyArgument.elim; module=DefiKernel.Typed.Types; kind=definition; axioms=[]
info: DefiKernel/Typed/Verify.lean:7:0: AXIOM AUDIT declaration: DefiKernel.Typed.Evaluated.mk._flat_ctor; module=DefiKernel.Typed.Transition; kind=definition; axioms=[]
info: DefiKernel/Typed/Verify.lean:7:0: AXIOM AUDIT declaration: DefiKernel.Typed.Evaluated.mk.noConfusion; module=DefiKernel.Typed.Transition; kind=definition; axioms=[]
info: DefiKernel/Typed/Verify.lean:7:0: AXIOM AUDIT declaration: DefiKernel.Typed.Examples.Asset._sizeOf_1; module=DefiKernel.Typed.Examples; kind=definition; axioms=[]
info: DefiKernel/Typed/Verify.lean:7:0: AXIOM AUDIT declaration: DefiKernel.Typed.Examples.Asset._sizeOf_inst; module=DefiKernel.Typed.Examples; kind=definition; axioms=[]
info: DefiKernel/Typed/Verify.lean:7:0: AXIOM AUDIT declaration: DefiKernel.Typed.Examples.Asset.casesOn; module=DefiKernel.Typed.Examples; kind=definition; axioms=[]
info: DefiKernel/Typed/Verify.lean:7:0: AXIOM AUDIT declaration: DefiKernel.Typed.Examples.Asset.ctorElim; module=DefiKernel.Typed.Examples; kind=definition; axioms=[]
info: DefiKernel/Typed/Verify.lean:7:0: AXIOM AUDIT declaration: DefiKernel.Typed.Examples.Asset.ctorElimType; module=DefiKernel.Typed.Examples; kind=definition; axioms=[]
info: DefiKernel/Typed/Verify.lean:7:0: AXIOM AUDIT declaration: DefiKernel.Typed.Examples.Asset.ctorIdx; module=DefiKernel.Typed.Examples; kind=definition; axioms=[]
info: DefiKernel/Typed/Verify.lean:7:0: AXIOM AUDIT declaration: DefiKernel.Typed.Examples.Asset.noConfusion; module=DefiKernel.Typed.Examples; kind=definition; axioms=[]
info: DefiKernel/Typed/Verify.lean:7:0: AXIOM AUDIT declaration: DefiKernel.Typed.Examples.Asset.noConfusionType; module=DefiKernel.Typed.Examples; kind=definition; axioms=[]
info: DefiKernel/Typed/Verify.lean:7:0: AXIOM AUDIT declaration: DefiKernel.Typed.Examples.Asset.ofNat; module=DefiKernel.Typed.Examples; kind=definition; axioms=[]
info: DefiKernel/Typed/Verify.lean:7:0: AXIOM AUDIT declaration: DefiKernel.Typed.Examples.Asset.recOn; module=DefiKernel.Typed.Examples; kind=definition; axioms=[]
info: DefiKernel/Typed/Verify.lean:7:0: AXIOM AUDIT declaration: DefiKernel.Typed.Examples.Asset.toCtorIdx; module=DefiKernel.Typed.Examples; kind=definition; axioms=[]
info: DefiKernel/Typed/Verify.lean:7:0: AXIOM AUDIT declaration: DefiKernel.Typed.Examples.Domain._sizeOf_1; module=DefiKernel.Typed.Examples; kind=definition; axioms=[]
info: DefiKernel/Typed/Verify.lean:7:0: AXIOM AUDIT declaration: DefiKernel.Typed.Examples.Domain._sizeOf_inst; module=DefiKernel.Typed.Examples; kind=definition; axioms=[]
info: DefiKernel/Typed/Verify.lean:7:0: AXIOM AUDIT declaration: DefiKernel.Typed.Examples.Domain.casesOn; module=DefiKernel.Typed.Examples; kind=definition; axioms=[]
info: DefiKernel/Typed/Verify.lean:7:0: AXIOM AUDIT declaration: DefiKernel.Typed.Examples.Domain.ctorElim; module=DefiKernel.Typed.Examples; kind=definition; axioms=[]
info: DefiKernel/Typed/Verify.lean:7:0: AXIOM AUDIT declaration: DefiKernel.Typed.Examples.Domain.ctorElimType; module=DefiKernel.Typed.Examples; kind=definition; axioms=[]
info: DefiKernel/Typed/Verify.lean:7:0: AXIOM AUDIT declaration: DefiKernel.Typed.Examples.Domain.ctorIdx; module=DefiKernel.Typed.Examples; kind=definition; axioms=[]
info: DefiKernel/Typed/Verify.lean:7:0: AXIOM AUDIT declaration: DefiKernel.Typed.Examples.Domain.noConfusion; module=DefiKernel.Typed.Examples; kind=definition; axioms=[]
info: DefiKernel/Typed/Verify.lean:7:0: AXIOM AUDIT declaration: DefiKernel.Typed.Examples.Domain.noConfusionType; module=DefiKernel.Typed.Examples; kind=definition; axioms=[]
info: DefiKernel/Typed/Verify.lean:7:0: AXIOM AUDIT declaration: DefiKernel.Typed.Examples.Domain.ofNat; module=DefiKernel.Typed.Examples; kind=definition; axioms=[]
info: DefiKernel/Typed/Verify.lean:7:0: AXIOM AUDIT declaration: DefiKernel.Typed.Examples.Domain.recOn; module=DefiKernel.Typed.Examples; kind=definition; axioms=[]
info: DefiKernel/Typed/Verify.lean:7:0: AXIOM AUDIT declaration: DefiKernel.Typed.Examples.Domain.toCtorIdx; module=DefiKernel.Typed.Examples; kind=definition; axioms=[]
info: DefiKernel/Typed/Verify.lean:7:0: AXIOM AUDIT declaration: DefiKernel.Typed.Examples.Party._sizeOf_1; module=DefiKernel.Typed.Examples; kind=definition; axioms=[]
info: DefiKernel/Typed/Verify.lean:7:0: AXIOM AUDIT declaration: DefiKernel.Typed.Examples.Party._sizeOf_inst; module=DefiKernel.Typed.Examples; kind=definition; axioms=[]
info: DefiKernel/Typed/Verify.lean:7:0: AXIOM AUDIT declaration: DefiKernel.Typed.Examples.Party.casesOn; module=DefiKernel.Typed.Examples; kind=definition; axioms=[]
info: DefiKernel/Typed/Verify.lean:7:0: AXIOM AUDIT declaration: DefiKernel.Typed.Examples.Party.ctorElim; module=DefiKernel.Typed.Examples; kind=definition; axioms=[]
info: DefiKernel/Typed/Verify.lean:7:0: AXIOM AUDIT declaration: DefiKernel.Typed.Examples.Party.ctorElimType; module=DefiKernel.Typed.Examples; kind=definition; axioms=[]
info: DefiKernel/Typed/Verify.lean:7:0: AXIOM AUDIT declaration: DefiKernel.Typed.Examples.Party.ctorIdx; module=DefiKernel.Typed.Examples; kind=definition; axioms=[]
info: DefiKernel/Typed/Verify.lean:7:0: AXIOM AUDIT declaration: DefiKernel.Typed.Examples.Party.noConfusion; module=DefiKernel.Typed.Examples; kind=definition; axioms=[]
info: DefiKernel/Typed/Verify.lean:7:0: AXIOM AUDIT declaration: DefiKernel.Typed.Examples.Party.noConfusionType; module=DefiKernel.Typed.Examples; kind=definition; axioms=[]
info: DefiKernel/Typed/Verify.lean:7:0: AXIOM AUDIT declaration: DefiKernel.Typed.Examples.Party.ofNat; module=DefiKernel.Typed.Examples; kind=definition; axioms=[]
info: DefiKernel/Typed/Verify.lean:7:0: AXIOM AUDIT declaration: DefiKernel.Typed.Examples.Party.recOn; module=DefiKernel.Typed.Examples; kind=definition; axioms=[]
info: DefiKernel/Typed/Verify.lean:7:0: AXIOM AUDIT declaration: DefiKernel.Typed.Examples.Party.toCtorIdx; module=DefiKernel.Typed.Examples; kind=definition; axioms=[]
info: DefiKernel/Typed/Verify.lean:7:0: AXIOM AUDIT declaration: DefiKernel.Typed.Examples.ReferenceFailure._sizeOf_1; module=DefiKernel.Typed.Examples; kind=definition; axioms=[]
info: DefiKernel/Typed/Verify.lean:7:0: AXIOM AUDIT declaration: DefiKernel.Typed.Examples.ReferenceFailure._sizeOf_inst; module=DefiKernel.Typed.Examples; kind=definition; axioms=[]
info: DefiKernel/Typed/Verify.lean:7:0: AXIOM AUDIT declaration: DefiKernel.Typed.Examples.ReferenceFailure.casesOn; module=DefiKernel.Typed.Examples; kind=definition; axioms=[]
info: DefiKernel/Typed/Verify.lean:7:0: AXIOM AUDIT declaration: DefiKernel.Typed.Examples.ReferenceFailure.ctorElim; module=DefiKernel.Typed.Examples; kind=definition; axioms=[]
info: DefiKernel/Typed/Verify.lean:7:0: AXIOM AUDIT declaration: DefiKernel.Typed.Examples.ReferenceFailure.ctorElimType; module=DefiKernel.Typed.Examples; kind=definition; axioms=[]
info: DefiKernel/Typed/Verify.lean:7:0: AXIOM AUDIT declaration: DefiKernel.Typed.Examples.ReferenceFailure.ctorIdx; module=DefiKernel.Typed.Examples; kind=definition; axioms=[]
info: DefiKernel/Typed/Verify.lean:7:0: AXIOM AUDIT declaration: DefiKernel.Typed.Examples.ReferenceFailure.noConfusion; module=DefiKernel.Typed.Examples; kind=definition; axioms=[]
info: DefiKernel/Typed/Verify.lean:7:0: AXIOM AUDIT declaration: DefiKernel.Typed.Examples.ReferenceFailure.noConfusionType; module=DefiKernel.Typed.Examples; kind=definition; axioms=[]
info: DefiKernel/Typed/Verify.lean:7:0: AXIOM AUDIT declaration: DefiKernel.Typed.Examples.ReferenceFailure.recOn; module=DefiKernel.Typed.Examples; kind=definition; axioms=[]
info: DefiKernel/Typed/Verify.lean:7:0: AXIOM AUDIT declaration: DefiKernel.Typed.Examples.allGuards._f; module=DefiKernel.Typed.Examples; kind=definition; axioms=[]
info: DefiKernel/Typed/Verify.lean:7:0: AXIOM AUDIT declaration: DefiKernel.Typed.Examples.allGuards._sunfold; module=DefiKernel.Typed.Examples; kind=definition; axioms=[]
info: DefiKernel/Typed/Verify.lean:7:0: AXIOM AUDIT declaration: DefiKernel.Typed.Examples.allGuards._unsafe_rec; module=DefiKernel.Typed.Examples; kind=definition; axioms=[]
info: DefiKernel/Typed/Verify.lean:7:0: AXIOM AUDIT declaration: DefiKernel.Typed.Examples.allGuards.match_1; module=DefiKernel.Typed.Examples; kind=definition; axioms=[]
info: DefiKernel/Typed/Verify.lean:7:0: AXIOM AUDIT declaration: DefiKernel.Typed.Examples.initial._sparseCasesOn_1; module=DefiKernel.Typed.Examples; kind=definition; axioms=[propext]
info: DefiKernel/Typed/Verify.lean:7:0: AXIOM AUDIT declaration: DefiKernel.Typed.Examples.initial._sparseCasesOn_2; module=DefiKernel.Typed.Examples; kind=definition; axioms=[propext]
info: DefiKernel/Typed/Verify.lean:7:0: AXIOM AUDIT declaration: DefiKernel.Typed.Examples.initial._sparseCasesOn_3; module=DefiKernel.Typed.Examples; kind=definition; axioms=[propext]
info: DefiKernel/Typed/Verify.lean:7:0: AXIOM AUDIT declaration: DefiKernel.Typed.Examples.initial.match_1; module=DefiKernel.Typed.Examples; kind=definition; axioms=[propext]
info: DefiKernel/Typed/Verify.lean:7:0: AXIOM AUDIT declaration: DefiKernel.Typed.Examples.instDecidableEqReferenceFailure.decEq; module=DefiKernel.Typed.Examples; kind=definition; axioms=[]
info: DefiKernel/Typed/Verify.lean:7:0: AXIOM AUDIT declaration: DefiKernel.Typed.Examples.instReprAsset.repr; module=DefiKernel.Typed.Examples; kind=definition; axioms=[]
info: DefiKernel/Typed/Verify.lean:7:0: AXIOM AUDIT declaration: DefiKernel.Typed.Examples.instReprDomain.repr; module=DefiKernel.Typed.Examples; kind=definition; axioms=[]
info: DefiKernel/Typed/Verify.lean:7:0: AXIOM AUDIT declaration: DefiKernel.Typed.Examples.instReprParty.repr; module=DefiKernel.Typed.Examples; kind=definition; axioms=[]
info: DefiKernel/Typed/Verify.lean:7:0: AXIOM AUDIT declaration: DefiKernel.Typed.Examples.instReprReferenceFailure.repr; module=DefiKernel.Typed.Examples; kind=definition; axioms=[]
info: DefiKernel/Typed/Verify.lean:7:0: AXIOM AUDIT declaration: DefiKernel.Typed.Examples.issueGrants._f; module=DefiKernel.Typed.Examples; kind=definition; axioms=[propext,
 Quot.sound]
info: DefiKernel/Typed/Verify.lean:7:0: AXIOM AUDIT declaration: DefiKernel.Typed.Examples.issueGrants._sunfold; module=DefiKernel.Typed.Examples; kind=definition; axioms=[propext,
 Quot.sound]
info: DefiKernel/Typed/Verify.lean:7:0: AXIOM AUDIT declaration: DefiKernel.Typed.Examples.issueGrants._unsafe_rec; module=DefiKernel.Typed.Examples; kind=definition; axioms=[propext,
 Quot.sound]
info: DefiKernel/Typed/Verify.lean:7:0: AXIOM AUDIT declaration: DefiKernel.Typed.Examples.issueGrants.match_1; module=DefiKernel.Typed.Examples; kind=definition; axioms=[]
info: DefiKernel/Typed/Verify.lean:7:0: AXIOM AUDIT declaration: DefiKernel.Typed.Examples.issueGrants.match_3; module=DefiKernel.Typed.Examples; kind=definition; axioms=[]
info: DefiKernel/Typed/Verify.lean:7:0: AXIOM AUDIT declaration: DefiKernel.Typed.Examples.registry.match_1; module=DefiKernel.Typed.Examples; kind=definition; axioms=[]
info: DefiKernel/Typed/Verify.lean:7:0: AXIOM AUDIT declaration: DefiKernel.Typed.ExecutionResult.mk._flat_ctor; module=DefiKernel.Typed.Transition; kind=definition; axioms=[propext,
 Quot.sound]
info: DefiKernel/Typed/Verify.lean:7:0: AXIOM AUDIT declaration: DefiKernel.Typed.ExecutionResult.mk.noConfusion; module=DefiKernel.Typed.Transition; kind=definition; axioms=[propext,
 Quot.sound]
info: DefiKernel/Typed/Verify.lean:7:0: AXIOM AUDIT declaration: DefiKernel.Typed.Expr.arg.elim; module=DefiKernel.Typed.Expr; kind=definition; axioms=[]
info: DefiKernel/Typed/Verify.lean:7:0: AXIOM AUDIT declaration: DefiKernel.Typed.Expr.arg.noConfusion; module=DefiKernel.Typed.Expr; kind=definition; axioms=[]
info: DefiKernel/Typed/Verify.lean:7:0: AXIOM AUDIT declaration: DefiKernel.Typed.Expr.balance.elim; module=DefiKernel.Typed.Expr; kind=definition; axioms=[]
info: DefiKernel/Typed/Verify.lean:7:0: AXIOM AUDIT declaration: DefiKernel.Typed.Expr.balance.noConfusion; module=DefiKernel.Typed.Expr; kind=definition; axioms=[]
info: DefiKernel/Typed/Verify.lean:7:0: AXIOM AUDIT declaration: DefiKernel.Typed.Expr.binary.elim; module=DefiKernel.Typed.Expr; kind=definition; axioms=[]
info: DefiKernel/Typed/Verify.lean:7:0: AXIOM AUDIT declaration: DefiKernel.Typed.Expr.binary.noConfusion; module=DefiKernel.Typed.Expr; kind=definition; axioms=[]
info: DefiKernel/Typed/Verify.lean:7:0: AXIOM AUDIT declaration: DefiKernel.Typed.Expr.brecOn.go; module=DefiKernel.Typed.Expr; kind=definition; axioms=[]
info: DefiKernel/Typed/Verify.lean:7:0: AXIOM AUDIT declaration: DefiKernel.Typed.Expr.envReads._f; module=DefiKernel.Typed.Expr; kind=definition; axioms=[]
info: DefiKernel/Typed/Verify.lean:7:0: AXIOM AUDIT declaration: DefiKernel.Typed.Expr.envReads._sunfold; module=DefiKernel.Typed.Expr; kind=definition; axioms=[]
info: DefiKernel/Typed/Verify.lean:7:0: AXIOM AUDIT declaration: DefiKernel.Typed.Expr.envReads._unsafe_rec; module=DefiKernel.Typed.Expr; kind=definition; axioms=[]
info: DefiKernel/Typed/Verify.lean:7:0: AXIOM AUDIT declaration: DefiKernel.Typed.Expr.envReads.match_1; module=DefiKernel.Typed.Expr; kind=definition; axioms=[]
info: DefiKernel/Typed/Verify.lean:7:0: AXIOM AUDIT declaration: DefiKernel.Typed.Expr.eval._f; module=DefiKernel.Typed.Expr; kind=definition; axioms=[propext,
 Classical.choice,
 Quot.sound]
info: DefiKernel/Typed/Verify.lean:7:0: AXIOM AUDIT declaration: DefiKernel.Typed.Expr.eval._sunfold; module=DefiKernel.Typed.Expr; kind=definition; axioms=[propext,
 Classical.choice,
 Quot.sound]
info: DefiKernel/Typed/Verify.lean:7:0: AXIOM AUDIT declaration: DefiKernel.Typed.Expr.eval._unsafe_rec; module=DefiKernel.Typed.Expr; kind=definition; axioms=[propext,
 Classical.choice,
 Quot.sound]
info: DefiKernel/Typed/Verify.lean:7:0: AXIOM AUDIT declaration: DefiKernel.Typed.Expr.eval.match_1; module=DefiKernel.Typed.Expr; kind=definition; axioms=[]
info: DefiKernel/Typed/Verify.lean:7:0: AXIOM AUDIT declaration: DefiKernel.Typed.Expr.ite.elim; module=DefiKernel.Typed.Expr; kind=definition; axioms=[]
info: DefiKernel/Typed/Verify.lean:7:0: AXIOM AUDIT declaration: DefiKernel.Typed.Expr.ite.noConfusion; module=DefiKernel.Typed.Expr; kind=definition; axioms=[]
info: DefiKernel/Typed/Verify.lean:7:0: AXIOM AUDIT declaration: DefiKernel.Typed.Expr.lit.elim; module=DefiKernel.Typed.Expr; kind=definition; axioms=[]
info: DefiKernel/Typed/Verify.lean:7:0: AXIOM AUDIT declaration: DefiKernel.Typed.Expr.lit.noConfusion; module=DefiKernel.Typed.Expr; kind=definition; axioms=[]
info: DefiKernel/Typed/Verify.lean:7:0: AXIOM AUDIT declaration: DefiKernel.Typed.Expr.now.elim; module=DefiKernel.Typed.Expr; kind=definition; axioms=[]
info: DefiKernel/Typed/Verify.lean:7:0: AXIOM AUDIT declaration: DefiKernel.Typed.Expr.observe.elim; module=DefiKernel.Typed.Expr; kind=definition; axioms=[]
info: DefiKernel/Typed/Verify.lean:7:0: AXIOM AUDIT declaration: DefiKernel.Typed.Expr.observe.noConfusion; module=DefiKernel.Typed.Expr; kind=definition; axioms=[]
info: DefiKernel/Typed/Verify.lean:7:0: AXIOM AUDIT declaration: DefiKernel.Typed.Expr.stateReads._f; module=DefiKernel.Typed.Expr; kind=definition; axioms=[]
info: DefiKernel/Typed/Verify.lean:7:0: AXIOM AUDIT declaration: DefiKernel.Typed.Expr.stateReads._sunfold; module=DefiKernel.Typed.Expr; kind=definition; axioms=[]
info: DefiKernel/Typed/Verify.lean:7:0: AXIOM AUDIT declaration: DefiKernel.Typed.Expr.stateReads._unsafe_rec; module=DefiKernel.Typed.Expr; kind=definition; axioms=[]
info: DefiKernel/Typed/Verify.lean:7:0: AXIOM AUDIT declaration: DefiKernel.Typed.Expr.stateReads.match_1; module=DefiKernel.Typed.Expr; kind=definition; axioms=[]
info: DefiKernel/Typed/Verify.lean:7:0: AXIOM AUDIT declaration: DefiKernel.Typed.Expr.timestamp.elim; module=DefiKernel.Typed.Expr; kind=definition; axioms=[]
info: DefiKernel/Typed/Verify.lean:7:0: AXIOM AUDIT declaration: DefiKernel.Typed.Expr.timestamp.noConfusion; module=DefiKernel.Typed.Expr; kind=definition; axioms=[]
info: DefiKernel/Typed/Verify.lean:7:0: AXIOM AUDIT declaration: DefiKernel.Typed.Expr.unary.elim; module=DefiKernel.Typed.Expr; kind=definition; axioms=[]
info: DefiKernel/Typed/Verify.lean:7:0: AXIOM AUDIT declaration: DefiKernel.Typed.Expr.unary.noConfusion; module=DefiKernel.Typed.Expr; kind=definition; axioms=[]
info: DefiKernel/Typed/Verify.lean:7:0: AXIOM AUDIT declaration: DefiKernel.Typed.ExprTests.TestAsset._sizeOf_1; module=DefiKernel.Typed.ExprTests; kind=definition; axioms=[]
info: DefiKernel/Typed/Verify.lean:7:0: AXIOM AUDIT declaration: DefiKernel.Typed.ExprTests.TestAsset._sizeOf_inst; module=DefiKernel.Typed.ExprTests; kind=definition; axioms=[]
info: DefiKernel/Typed/Verify.lean:7:0: AXIOM AUDIT declaration: DefiKernel.Typed.ExprTests.TestAsset.casesOn; module=DefiKernel.Typed.ExprTests; kind=definition; axioms=[]
info: DefiKernel/Typed/Verify.lean:7:0: AXIOM AUDIT declaration: DefiKernel.Typed.ExprTests.TestAsset.ctorElim; module=DefiKernel.Typed.ExprTests; kind=definition; axioms=[]
info: DefiKernel/Typed/Verify.lean:7:0: AXIOM AUDIT declaration: DefiKernel.Typed.ExprTests.TestAsset.ctorElimType; module=DefiKernel.Typed.ExprTests; kind=definition; axioms=[]
info: DefiKernel/Typed/Verify.lean:7:0: AXIOM AUDIT declaration: DefiKernel.Typed.ExprTests.TestAsset.ctorIdx; module=DefiKernel.Typed.ExprTests; kind=definition; axioms=[]
info: DefiKernel/Typed/Verify.lean:7:0: AXIOM AUDIT declaration: DefiKernel.Typed.ExprTests.TestAsset.noConfusion; module=DefiKernel.Typed.ExprTests; kind=definition; axioms=[]
info: DefiKernel/Typed/Verify.lean:7:0: AXIOM AUDIT declaration: DefiKernel.Typed.ExprTests.TestAsset.noConfusionType; module=DefiKernel.Typed.ExprTests; kind=definition; axioms=[]
info: DefiKernel/Typed/Verify.lean:7:0: AXIOM AUDIT declaration: DefiKernel.Typed.ExprTests.TestAsset.ofNat; module=DefiKernel.Typed.ExprTests; kind=definition; axioms=[]
info: DefiKernel/Typed/Verify.lean:7:0: AXIOM AUDIT declaration: DefiKernel.Typed.ExprTests.TestAsset.recOn; module=DefiKernel.Typed.ExprTests; kind=definition; axioms=[]
info: DefiKernel/Typed/Verify.lean:7:0: AXIOM AUDIT declaration: DefiKernel.Typed.ExprTests.TestAsset.toCtorIdx; module=DefiKernel.Typed.ExprTests; kind=definition; axioms=[]
info: DefiKernel/Typed/Verify.lean:7:0: AXIOM AUDIT declaration: DefiKernel.Typed.ExprTests.instReprTestAsset.repr; module=DefiKernel.Typed.ExprTests; kind=definition; axioms=[]
info: DefiKernel/Typed/Verify.lean:7:0: AXIOM AUDIT declaration: DefiKernel.Typed.Grant.mk._flat_ctor; module=DefiKernel.Typed.Authority; kind=definition; axioms=[]
info: DefiKernel/Typed/Verify.lean:7:0: AXIOM AUDIT declaration: DefiKernel.Typed.Grant.mk.noConfusion; module=DefiKernel.Typed.Authority; kind=definition; axioms=[]
info: DefiKernel/Typed/Verify.lean:7:0: AXIOM AUDIT declaration: DefiKernel.Typed.InvocationContext.mk._flat_ctor; module=DefiKernel.Typed.Types; kind=definition; axioms=[]
info: DefiKernel/Typed/Verify.lean:7:0: AXIOM AUDIT declaration: DefiKernel.Typed.InvocationContext.mk.noConfusion; module=DefiKernel.Typed.Types; kind=definition; axioms=[]
info: DefiKernel/Typed/Verify.lean:7:0: AXIOM AUDIT declaration: DefiKernel.Typed.NumericUnit.amount.elim; module=DefiKernel.Typed.Types; kind=definition; axioms=[]
info: DefiKernel/Typed/Verify.lean:7:0: AXIOM AUDIT declaration: DefiKernel.Typed.NumericUnit.amount.noConfusion; module=DefiKernel.Typed.Types; kind=definition; axioms=[]
info: DefiKernel/Typed/Verify.lean:7:0: AXIOM AUDIT declaration: DefiKernel.Typed.NumericUnit.price.elim; module=DefiKernel.Typed.Types; kind=definition; axioms=[]
info: DefiKernel/Typed/Verify.lean:7:0: AXIOM AUDIT declaration: DefiKernel.Typed.NumericUnit.price.noConfusion; module=DefiKernel.Typed.Types; kind=definition; axioms=[]
info: DefiKernel/Typed/Verify.lean:7:0: AXIOM AUDIT declaration: DefiKernel.Typed.NumericUnit.scalar.elim; module=DefiKernel.Typed.Types; kind=definition; axioms=[]
info: DefiKernel/Typed/Verify.lean:7:0: AXIOM AUDIT declaration: DefiKernel.Typed.Observation.mk._flat_ctor; module=DefiKernel.Typed.Types; kind=definition; axioms=[]
info: DefiKernel/Typed/Verify.lean:7:0: AXIOM AUDIT declaration: DefiKernel.Typed.Observation.mk.noConfusion; module=DefiKernel.Typed.Types; kind=definition; axioms=[]
info: DefiKernel/Typed/Verify.lean:7:0: AXIOM AUDIT declaration: DefiKernel.Typed.ObservationId.mk._flat_ctor; module=DefiKernel.Typed.Types; kind=definition; axioms=[]
info: DefiKernel/Typed/Verify.lean:7:0: AXIOM AUDIT declaration: DefiKernel.Typed.ObservationId.mk.noConfusion; module=DefiKernel.Typed.Types; kind=definition; axioms=[]
info: DefiKernel/Typed/Verify.lean:7:0: AXIOM AUDIT declaration: DefiKernel.Typed.ObservationKey.mk._flat_ctor; module=DefiKernel.Typed.Types; kind=definition; axioms=[]
info: DefiKernel/Typed/Verify.lean:7:0: AXIOM AUDIT declaration: DefiKernel.Typed.ObservationKey.mk.noConfusion; module=DefiKernel.Typed.Types; kind=definition; axioms=[]
info: DefiKernel/Typed/Verify.lean:7:0: AXIOM AUDIT declaration: DefiKernel.Typed.ObservationRef.mk._flat_ctor; module=DefiKernel.Typed.Types; kind=definition; axioms=[]
info: DefiKernel/Typed/Verify.lean:7:0: AXIOM AUDIT declaration: DefiKernel.Typed.ObservationRef.mk.noConfusion; module=DefiKernel.Typed.Types; kind=definition; axioms=[]
info: DefiKernel/Typed/Verify.lean:7:0: AXIOM AUDIT declaration: DefiKernel.Typed.OperationId.mk._flat_ctor; module=DefiKernel.Typed.Types; kind=definition; axioms=[]
info: DefiKernel/Typed/Verify.lean:7:0: AXIOM AUDIT declaration: DefiKernel.Typed.OperationId.mk.noConfusion; module=DefiKernel.Typed.Types; kind=definition; axioms=[]
info: DefiKernel/Typed/Verify.lean:7:0: AXIOM AUDIT declaration: DefiKernel.Typed.PartyRef.argument.elim; module=DefiKernel.Typed.Types; kind=definition; axioms=[]
info: DefiKernel/Typed/Verify.lean:7:0: AXIOM AUDIT declaration: DefiKernel.Typed.PartyRef.argument.noConfusion; module=DefiKernel.Typed.Types; kind=definition; axioms=[]
info: DefiKernel/Typed/Verify.lean:7:0: AXIOM AUDIT declaration: DefiKernel.Typed.PartyRef.caller.elim; module=DefiKernel.Typed.Types; kind=definition; axioms=[]
info: DefiKernel/Typed/Verify.lean:7:0: AXIOM AUDIT declaration: DefiKernel.Typed.PartyRef.literal.elim; module=DefiKernel.Typed.Types; kind=definition; axioms=[]
info: DefiKernel/Typed/Verify.lean:7:0: AXIOM AUDIT declaration: DefiKernel.Typed.PartyRef.literal.noConfusion; module=DefiKernel.Typed.Types; kind=definition; axioms=[]
info: DefiKernel/Typed/Verify.lean:7:0: AXIOM AUDIT declaration: DefiKernel.Typed.PartyRef.resolve.match_1; module=DefiKernel.Typed.Types; kind=definition; axioms=[]
info: DefiKernel/Typed/Verify.lean:7:0: AXIOM AUDIT declaration: DefiKernel.Typed.Quantity.mk._flat_ctor; module=DefiKernel.Typed.Types; kind=definition; axioms=[propext,
 Quot.sound]
info: DefiKernel/Typed/Verify.lean:7:0: AXIOM AUDIT declaration: DefiKernel.Typed.Quantity.mk.noConfusion; module=DefiKernel.Typed.Types; kind=definition; axioms=[propext,
 Quot.sound]
info: DefiKernel/Typed/Verify.lean:7:0: AXIOM AUDIT declaration: DefiKernel.Typed.Refusal.accounting.elim; module=DefiKernel.Typed.Transition; kind=definition; axioms=[]
info: DefiKernel/Typed/Verify.lean:7:0: AXIOM AUDIT declaration: DefiKernel.Typed.Refusal.actorMismatch.elim; module=DefiKernel.Typed.Transition; kind=definition; axioms=[]
info: DefiKernel/Typed/Verify.lean:7:0: AXIOM AUDIT declaration: DefiKernel.Typed.Refusal.crossDomain.elim; module=DefiKernel.Typed.Transition; kind=definition; axioms=[]
info: DefiKernel/Typed/Verify.lean:7:0: AXIOM AUDIT declaration: DefiKernel.Typed.Refusal.domainMismatch.elim; module=DefiKernel.Typed.Transition; kind=definition; axioms=[]
info: DefiKernel/Typed/Verify.lean:7:0: AXIOM AUDIT declaration: DefiKernel.Typed.Refusal.envReadFootprint.elim; module=DefiKernel.Typed.Transition; kind=definition; axioms=[]
info: DefiKernel/Typed/Verify.lean:7:0: AXIOM AUDIT declaration: DefiKernel.Typed.Refusal.evaluation.elim; module=DefiKernel.Typed.Transition; kind=definition; axioms=[]
info: DefiKernel/Typed/Verify.lean:7:0: AXIOM AUDIT declaration: DefiKernel.Typed.Refusal.evaluation.noConfusion; module=DefiKernel.Typed.Transition; kind=definition; axioms=[]
info: DefiKernel/Typed/Verify.lean:7:0: AXIOM AUDIT declaration: DefiKernel.Typed.Refusal.guard.elim; module=DefiKernel.Typed.Transition; kind=definition; axioms=[]
info: DefiKernel/Typed/Verify.lean:7:0: AXIOM AUDIT declaration: DefiKernel.Typed.Refusal.insufficientFunds.elim; module=DefiKernel.Typed.Transition; kind=definition; axioms=[]
info: DefiKernel/Typed/Verify.lean:7:0: AXIOM AUDIT declaration: DefiKernel.Typed.Refusal.partyArity.elim; module=DefiKernel.Typed.Transition; kind=definition; axioms=[]
info: DefiKernel/Typed/Verify.lean:7:0: AXIOM AUDIT declaration: DefiKernel.Typed.Refusal.stateReadFootprint.elim; module=DefiKernel.Typed.Transition; kind=definition; axioms=[]
info: DefiKernel/Typed/Verify.lean:7:0: AXIOM AUDIT declaration: DefiKernel.Typed.Refusal.unauthorizedDebit.elim; module=DefiKernel.Typed.Transition; kind=definition; axioms=[]
info: DefiKernel/Typed/Verify.lean:7:0: AXIOM AUDIT declaration: DefiKernel.Typed.Refusal.unauthorizedInvoke.elim; module=DefiKernel.Typed.Transition; kind=definition; axioms=[]
info: DefiKernel/Typed/Verify.lean:7:0: AXIOM AUDIT declaration: DefiKernel.Typed.Refusal.unauthorizedSupply.elim; module=DefiKernel.Typed.Transition; kind=definition; axioms=[]
info: DefiKernel/Typed/Verify.lean:7:0: AXIOM AUDIT declaration: DefiKernel.Typed.Refusal.unknownOperation.elim; module=DefiKernel.Typed.Transition; kind=definition; axioms=[]
info: DefiKernel/Typed/Verify.lean:7:0: AXIOM AUDIT declaration: DefiKernel.Typed.Refusal.writeFootprint.elim; module=DefiKernel.Typed.Transition; kind=definition; axioms=[]
info: DefiKernel/Typed/Verify.lean:7:0: AXIOM AUDIT declaration: DefiKernel.Typed.Request.claimedActor._default; module=DefiKernel.Typed.Transition; kind=definition; axioms=[]
info: DefiKernel/Typed/Verify.lean:7:0: AXIOM AUDIT declaration: DefiKernel.Typed.Request.mk._flat_ctor; module=DefiKernel.Typed.Transition; kind=definition; axioms=[]
info: DefiKernel/Typed/Verify.lean:7:0: AXIOM AUDIT declaration: DefiKernel.Typed.Request.mk.noConfusion; module=DefiKernel.Typed.Transition; kind=definition; axioms=[]
info: DefiKernel/Typed/Verify.lean:7:0: AXIOM AUDIT declaration: DefiKernel.Typed.Right.changeSupply.elim; module=DefiKernel.Typed.Authority; kind=definition; axioms=[]
info: DefiKernel/Typed/Verify.lean:7:0: AXIOM AUDIT declaration: DefiKernel.Typed.Right.changeSupply.noConfusion; module=DefiKernel.Typed.Authority; kind=definition; axioms=[]
info: DefiKernel/Typed/Verify.lean:7:0: AXIOM AUDIT declaration: DefiKernel.Typed.Right.debit.elim; module=DefiKernel.Typed.Authority; kind=definition; axioms=[]
info: DefiKernel/Typed/Verify.lean:7:0: AXIOM AUDIT declaration: DefiKernel.Typed.Right.debit.noConfusion; module=DefiKernel.Typed.Authority; kind=definition; axioms=[]
info: DefiKernel/Typed/Verify.lean:7:0: AXIOM AUDIT declaration: DefiKernel.Typed.Right.invoke.elim; module=DefiKernel.Typed.Authority; kind=definition; axioms=[]
info: DefiKernel/Typed/Verify.lean:7:0: AXIOM AUDIT declaration: DefiKernel.Typed.State.mk._flat_ctor; module=DefiKernel.Typed.Types; kind=definition; axioms=[propext,
 Quot.sound]
info: DefiKernel/Typed/Verify.lean:7:0: AXIOM AUDIT declaration: DefiKernel.Typed.State.mk.noConfusion; module=DefiKernel.Typed.Types; kind=definition; axioms=[propext,
 Quot.sound]
info: DefiKernel/Typed/Verify.lean:7:0: AXIOM AUDIT declaration: DefiKernel.Typed.SupplyDelta.mk._flat_ctor; module=DefiKernel.Typed.Transition; kind=definition; axioms=[]
info: DefiKernel/Typed/Verify.lean:7:0: AXIOM AUDIT declaration: DefiKernel.Typed.SupplyDelta.mk.noConfusion; module=DefiKernel.Typed.Transition; kind=definition; axioms=[]
info: DefiKernel/Typed/Verify.lean:7:0: AXIOM AUDIT declaration: DefiKernel.Typed.Template.mk._flat_ctor; module=DefiKernel.Typed.Transition; kind=definition; axioms=[]
info: DefiKernel/Typed/Verify.lean:7:0: AXIOM AUDIT declaration: DefiKernel.Typed.Template.mk.noConfusion; module=DefiKernel.Typed.Transition; kind=definition; axioms=[]
info: DefiKernel/Typed/Verify.lean:7:0: AXIOM AUDIT declaration: DefiKernel.Typed.TransitionTests.accepted.match_1; module=DefiKernel.Typed.TransitionTests; kind=definition; axioms=[propext,
 Quot.sound]
info: DefiKernel/Typed/Verify.lean:7:0: AXIOM AUDIT declaration: DefiKernel.Typed.TransitionTests.capabilities.match_1; module=DefiKernel.Typed.TransitionTests; kind=definition; axioms=[]
info: DefiKernel/Typed/Verify.lean:7:0: AXIOM AUDIT declaration: DefiKernel.Typed.TransitionTests.refused.match_1; module=DefiKernel.Typed.TransitionTests; kind=definition; axioms=[propext,
 Quot.sound]
info: DefiKernel/Typed/Verify.lean:7:0: AXIOM AUDIT declaration: DefiKernel.Typed.TransitionTests.revoked.match_1; module=DefiKernel.Typed.TransitionTests; kind=definition; axioms=[]
info: DefiKernel/Typed/Verify.lean:7:0: AXIOM AUDIT declaration: DefiKernel.Typed.UnaryOp.eval.match_1; module=DefiKernel.Typed.Expr; kind=definition; axioms=[]
info: DefiKernel/Typed/Verify.lean:7:0: AXIOM AUDIT declaration: DefiKernel.Typed.UnaryOp.neg.elim; module=DefiKernel.Typed.Expr; kind=definition; axioms=[]
info: DefiKernel/Typed/Verify.lean:7:0: AXIOM AUDIT declaration: DefiKernel.Typed.UnaryOp.neg.noConfusion; module=DefiKernel.Typed.Expr; kind=definition; axioms=[]
info: DefiKernel/Typed/Verify.lean:7:0: AXIOM AUDIT declaration: DefiKernel.Typed.UnaryOp.not.elim; module=DefiKernel.Typed.Expr; kind=definition; axioms=[]
info: DefiKernel/Typed/Verify.lean:7:0: AXIOM AUDIT declaration: DefiKernel.Typed.Unit.amount.elim; module=DefiKernel.Typed.Types; kind=definition; axioms=[]
info: DefiKernel/Typed/Verify.lean:7:0: AXIOM AUDIT declaration: DefiKernel.Typed.Unit.amount.noConfusion; module=DefiKernel.Typed.Types; kind=definition; axioms=[]
info: DefiKernel/Typed/Verify.lean:7:0: AXIOM AUDIT declaration: DefiKernel.Typed.Unit.bool.elim; module=DefiKernel.Typed.Types; kind=definition; axioms=[]
info: DefiKernel/Typed/Verify.lean:7:0: AXIOM AUDIT declaration: DefiKernel.Typed.Unit.price.elim; module=DefiKernel.Typed.Types; kind=definition; axioms=[]
info: DefiKernel/Typed/Verify.lean:7:0: AXIOM AUDIT declaration: DefiKernel.Typed.Unit.price.noConfusion; module=DefiKernel.Typed.Types; kind=definition; axioms=[]
info: DefiKernel/Typed/Verify.lean:7:0: AXIOM AUDIT declaration: DefiKernel.Typed.Unit.scalar.elim; module=DefiKernel.Typed.Types; kind=definition; axioms=[]
info: DefiKernel/Typed/Verify.lean:7:0: AXIOM AUDIT declaration: DefiKernel.Typed.Var.brecOn.go; module=DefiKernel.Typed.Expr; kind=definition; axioms=[]
info: DefiKernel/Typed/Verify.lean:7:0: AXIOM AUDIT declaration: DefiKernel.Typed.Var.here.elim; module=DefiKernel.Typed.Expr; kind=definition; axioms=[]
info: DefiKernel/Typed/Verify.lean:7:0: AXIOM AUDIT declaration: DefiKernel.Typed.Var.here.noConfusion; module=DefiKernel.Typed.Expr; kind=definition; axioms=[]
info: DefiKernel/Typed/Verify.lean:7:0: AXIOM AUDIT declaration: DefiKernel.Typed.Var.there.elim; module=DefiKernel.Typed.Expr; kind=definition; axioms=[]
info: DefiKernel/Typed/Verify.lean:7:0: AXIOM AUDIT declaration: DefiKernel.Typed.Var.there.noConfusion; module=DefiKernel.Typed.Expr; kind=definition; axioms=[]
info: DefiKernel/Typed/Verify.lean:7:0: AXIOM AUDIT declaration: DefiKernel.Typed.instDecidableEqCapability.decEq.match_1; module=DefiKernel.Typed.Authority; kind=definition; axioms=[]
info: DefiKernel/Typed/Verify.lean:7:0: AXIOM AUDIT declaration: DefiKernel.Typed.instDecidableEqCapabilityId.decEq.match_1; module=DefiKernel.Typed.Types; kind=definition; axioms=[]
info: DefiKernel/Typed/Verify.lean:7:0: AXIOM AUDIT declaration: DefiKernel.Typed.instDecidableEqCapabilityStore.decEq.match_1; module=DefiKernel.Typed.Authority; kind=definition; axioms=[]
info: DefiKernel/Typed/Verify.lean:7:0: AXIOM AUDIT declaration: DefiKernel.Typed.instDecidableEqCellRef.decEq.match_1; module=DefiKernel.Typed.Types; kind=definition; axioms=[]
info: DefiKernel/Typed/Verify.lean:7:0: AXIOM AUDIT declaration: DefiKernel.Typed.instDecidableEqClaimId.decEq.match_1; module=DefiKernel.Typed.Types; kind=definition; axioms=[]
info: DefiKernel/Typed/Verify.lean:7:0: AXIOM AUDIT declaration: DefiKernel.Typed.instDecidableEqEnvRead.decEq.match_1; module=DefiKernel.Typed.Expr; kind=definition; axioms=[]
info: DefiKernel/Typed/Verify.lean:7:0: AXIOM AUDIT declaration: DefiKernel.Typed.instDecidableEqGrant.decEq.match_1; module=DefiKernel.Typed.Authority; kind=definition; axioms=[]
info: DefiKernel/Typed/Verify.lean:7:0: AXIOM AUDIT declaration: DefiKernel.Typed.instDecidableEqInvocationContext.decEq.match_1; module=DefiKernel.Typed.Types; kind=definition; axioms=[]
info: DefiKernel/Typed/Verify.lean:7:0: AXIOM AUDIT declaration: DefiKernel.Typed.instDecidableEqNumericUnit.decEq.match_1; module=DefiKernel.Typed.Types; kind=definition; axioms=[]
info: DefiKernel/Typed/Verify.lean:7:0: AXIOM AUDIT declaration: DefiKernel.Typed.instDecidableEqObservationId.decEq.match_1; module=DefiKernel.Typed.Types; kind=definition; axioms=[]
info: DefiKernel/Typed/Verify.lean:7:0: AXIOM AUDIT declaration: DefiKernel.Typed.instDecidableEqObservationKey.decEq.match_1; module=DefiKernel.Typed.Types; kind=definition; axioms=[]
info: DefiKernel/Typed/Verify.lean:7:0: AXIOM AUDIT declaration: DefiKernel.Typed.instDecidableEqObservationRef.decEq.match_1; module=DefiKernel.Typed.Types; kind=definition; axioms=[]
info: DefiKernel/Typed/Verify.lean:7:0: AXIOM AUDIT declaration: DefiKernel.Typed.instDecidableEqOperationId.decEq.match_1; module=DefiKernel.Typed.Types; kind=definition; axioms=[]
info: DefiKernel/Typed/Verify.lean:7:0: AXIOM AUDIT declaration: DefiKernel.Typed.instDecidableEqPartyRef.decEq.match_1; module=DefiKernel.Typed.Types; kind=definition; axioms=[]
info: DefiKernel/Typed/Verify.lean:7:0: AXIOM AUDIT declaration: DefiKernel.Typed.instDecidableEqRefusal.decEq.match_1; module=DefiKernel.Typed.Transition; kind=definition; axioms=[]
info: DefiKernel/Typed/Verify.lean:7:0: AXIOM AUDIT declaration: DefiKernel.Typed.instDecidableEqRight.decEq.match_1; module=DefiKernel.Typed.Authority; kind=definition; axioms=[]
info: DefiKernel/Typed/Verify.lean:7:0: AXIOM AUDIT declaration: DefiKernel.Typed.instDecidableEqUnit.decEq.match_1; module=DefiKernel.Typed.Types; kind=definition; axioms=[]
info: DefiKernel/Typed/Verify.lean:7:0: AXIOM AUDIT declaration: DefiKernel.Typed.instReprAuthorityFailure.repr.match_1; module=DefiKernel.Typed.Authority; kind=definition; axioms=[]
info: DefiKernel/Typed/Verify.lean:7:0: AXIOM AUDIT declaration: DefiKernel.Typed.instReprEnvRead.repr.match_1; module=DefiKernel.Typed.Expr; kind=definition; axioms=[]
info: DefiKernel/Typed/Verify.lean:7:0: AXIOM AUDIT declaration: DefiKernel.Typed.instReprEvalFailure.repr.match_1; module=DefiKernel.Typed.Types; kind=definition; axioms=[]
info: DefiKernel/Typed/Verify.lean:7:0: AXIOM AUDIT declaration: DefiKernel.Typed.instReprNumericUnit.repr.match_1; module=DefiKernel.Typed.Types; kind=definition; axioms=[]
info: DefiKernel/Typed/Verify.lean:7:0: AXIOM AUDIT declaration: DefiKernel.Typed.instReprPartyRef.repr.match_1; module=DefiKernel.Typed.Types; kind=definition; axioms=[]
info: DefiKernel/Typed/Verify.lean:7:0: AXIOM AUDIT declaration: DefiKernel.Typed.instReprRefusal.repr.match_1; module=DefiKernel.Typed.Transition; kind=definition; axioms=[]
info: DefiKernel/Typed/Verify.lean:7:0: AXIOM AUDIT declaration: DefiKernel.Typed.instReprRight.repr.match_1; module=DefiKernel.Typed.Authority; kind=definition; axioms=[]
info: DefiKernel/Typed/Verify.lean:7:0: AXIOM AUDIT declaration: DefiKernel.Typed.instReprUnit.repr.match_1; module=DefiKernel.Typed.Types; kind=definition; axioms=[]
info: DefiKernel/Typed/Verify.lean:7:0: AXIOM AUDIT declaration: _private.DefiKernel.Typed.Authority.0.DefiKernel.Typed.revokeCapability.match_1.splitter; module=DefiKernel.Typed.Authority; kind=definition; axioms=[]
info: DefiKernel/Typed/Verify.lean:7:0: AXIOM AUDIT declaration: _private.DefiKernel.Typed.Expr.0.DefiKernel.Typed.readObservation.match_1.splitter; module=DefiKernel.Typed.Expr; kind=definition; axioms=[]
info: DefiKernel/Typed/Verify.lean:7:0: AXIOM AUDIT declaration: DefiKernel.Typed.Examples.Asset.collateral.elim; module=DefiKernel.Typed.Examples; kind=definition; axioms=[]
info: DefiKernel/Typed/Verify.lean:7:0: AXIOM AUDIT declaration: DefiKernel.Typed.Examples.Asset.debt.elim; module=DefiKernel.Typed.Examples; kind=definition; axioms=[]
info: DefiKernel/Typed/Verify.lean:7:0: AXIOM AUDIT declaration: DefiKernel.Typed.Examples.Asset.share.elim; module=DefiKernel.Typed.Examples; kind=definition; axioms=[]
info: DefiKernel/Typed/Verify.lean:7:0: AXIOM AUDIT declaration: DefiKernel.Typed.Examples.Asset.usd.elim; module=DefiKernel.Typed.Examples; kind=definition; axioms=[]
info: DefiKernel/Typed/Verify.lean:7:0: AXIOM AUDIT declaration: DefiKernel.Typed.Examples.Domain.main.elim; module=DefiKernel.Typed.Examples; kind=definition; axioms=[]
info: DefiKernel/Typed/Verify.lean:7:0: AXIOM AUDIT declaration: DefiKernel.Typed.Examples.Domain.other.elim; module=DefiKernel.Typed.Examples; kind=definition; axioms=[]
info: DefiKernel/Typed/Verify.lean:7:0: AXIOM AUDIT declaration: DefiKernel.Typed.Examples.Party.alice.elim; module=DefiKernel.Typed.Examples; kind=definition; axioms=[]
info: DefiKernel/Typed/Verify.lean:7:0: AXIOM AUDIT declaration: DefiKernel.Typed.Examples.Party.bob.elim; module=DefiKernel.Typed.Examples; kind=definition; axioms=[]
info: DefiKernel/Typed/Verify.lean:7:0: AXIOM AUDIT declaration: DefiKernel.Typed.Examples.Party.pool.elim; module=DefiKernel.Typed.Examples; kind=definition; axioms=[]
info: DefiKernel/Typed/Verify.lean:7:0: AXIOM AUDIT declaration: DefiKernel.Typed.Examples.Party.vault.elim; module=DefiKernel.Typed.Examples; kind=definition; axioms=[]
info: DefiKernel/Typed/Verify.lean:7:0: AXIOM AUDIT declaration: DefiKernel.Typed.Examples.ReferenceFailure.authority.elim; module=DefiKernel.Typed.Examples; kind=definition; axioms=[]
info: DefiKernel/Typed/Verify.lean:7:0: AXIOM AUDIT declaration: DefiKernel.Typed.Examples.ReferenceFailure.authority.noConfusion; module=DefiKernel.Typed.Examples; kind=definition; axioms=[]
info: DefiKernel/Typed/Verify.lean:7:0: AXIOM AUDIT declaration: DefiKernel.Typed.Examples.ReferenceFailure.execution.elim; module=DefiKernel.Typed.Examples; kind=definition; axioms=[]
info: DefiKernel/Typed/Verify.lean:7:0: AXIOM AUDIT declaration: DefiKernel.Typed.Examples.ReferenceFailure.execution.noConfusion; module=DefiKernel.Typed.Examples; kind=definition; axioms=[]
info: DefiKernel/Typed/Verify.lean:7:0: AXIOM AUDIT declaration: DefiKernel.Typed.Examples.instDecidableEqReferenceFailure.decEq.match_1; module=DefiKernel.Typed.Examples; kind=definition; axioms=[]
info: DefiKernel/Typed/Verify.lean:7:0: AXIOM AUDIT declaration: DefiKernel.Typed.Examples.instReprAsset.repr.match_1; module=DefiKernel.Typed.Examples; kind=definition; axioms=[]
info: DefiKernel/Typed/Verify.lean:7:0: AXIOM AUDIT declaration: DefiKernel.Typed.Examples.instReprDomain.repr.match_1; module=DefiKernel.Typed.Examples; kind=definition; axioms=[]
info: DefiKernel/Typed/Verify.lean:7:0: AXIOM AUDIT declaration: DefiKernel.Typed.Examples.instReprParty.repr.match_1; module=DefiKernel.Typed.Examples; kind=definition; axioms=[]
info: DefiKernel/Typed/Verify.lean:7:0: AXIOM AUDIT declaration: DefiKernel.Typed.Examples.instReprReferenceFailure.repr.match_1; module=DefiKernel.Typed.Examples; kind=definition; axioms=[]
info: DefiKernel/Typed/Verify.lean:7:0: AXIOM AUDIT declaration: DefiKernel.Typed.ExprTests.TestAsset.collateral.elim; module=DefiKernel.Typed.ExprTests; kind=definition; axioms=[]
info: DefiKernel/Typed/Verify.lean:7:0: AXIOM AUDIT declaration: DefiKernel.Typed.ExprTests.TestAsset.debt.elim; module=DefiKernel.Typed.ExprTests; kind=definition; axioms=[]
info: DefiKernel/Typed/Verify.lean:7:0: AXIOM AUDIT declaration: DefiKernel.Typed.ExprTests.TestAsset.share.elim; module=DefiKernel.Typed.ExprTests; kind=definition; axioms=[]
info: DefiKernel/Typed/Verify.lean:7:0: AXIOM AUDIT declaration: DefiKernel.Typed.ExprTests.TestAsset.usd.elim; module=DefiKernel.Typed.ExprTests; kind=definition; axioms=[]
info: DefiKernel/Typed/Verify.lean:7:0: AXIOM AUDIT declaration: DefiKernel.Typed.ExprTests.instReprTestAsset.repr.match_1; module=DefiKernel.Typed.ExprTests; kind=definition; axioms=[]
info: DefiKernel/Typed/Verify.lean:7:0: AXIOM AUDIT declaration: _private.DefiKernel.Typed.Expr.0.DefiKernel.Typed.Expr.envReads.match_1.splitter; module=DefiKernel.Typed.Expr; kind=definition; axioms=[]
info: DefiKernel/Typed/Verify.lean:7:0: AXIOM AUDIT declaration: _private.DefiKernel.Typed.Expr.0.DefiKernel.Typed.Expr.eval.match_1.splitter; module=DefiKernel.Typed.Expr; kind=definition; axioms=[]
info: DefiKernel/Typed/Verify.lean:7:0: AXIOM AUDIT declaration: _private.DefiKernel.Typed.Expr.0.DefiKernel.Typed.Expr.stateReads.match_1.splitter; module=DefiKernel.Typed.Expr; kind=definition; axioms=[]
info: DefiKernel/Typed/Verify.lean:7:0: AXIOM AUDIT declaration: _private.DefiKernel.Typed.Expr.0.DefiKernel.Typed.instReprEnvRead.repr.match_1.splitter; module=DefiKernel.Typed.Expr; kind=definition; axioms=[]
info: DefiKernel/Typed/Verify.lean:7:0: AXIOM AUDIT declaration: _private.DefiKernel.Typed.ExprTests.0.DefiKernel.Typed.BinaryOp.eval.match_1.splitter; module=DefiKernel.Typed.ExprTests; kind=definition; axioms=[]
info: DefiKernel/Typed/Verify.lean:7:0: AXIOM AUDIT DECLARATIONS PASSED: 978/978 supplemental declarations; forbidden=0
info: DefiKernel/Typed/Verify.lean:7:0: AXIOM AUDIT PASSED: 524/524 theorems; forbidden=0
Build completed successfully (929 jobs).
